run,machine,source,md5_results,rows,md5_args,has_args,mtime
_PARTIAL_b2_smoke2sf_lr005_200ep_s44n_052324,A,A_runs_20260929,bd588355719809260933e8a426394a2b,154,b2985e0c491a80a65e37fde5168d667f,1,1790468855.0
_PARTIAL_b2_smoke2sf_lr005_200ep_s44n_052324,A,A_small2_20260927,bd588355719809260933e8a426394a2b,154,b2985e0c491a80a65e37fde5168d667f,1,1790468855.0
_PARTIAL_b2_smoke2sf_lr005_200ep_s47n_052324,A,A_runs_20260929,bf0428913e6d6916aae61d12a5de234f,130,9bf526adedaf296c1b0c38bda8c17773,1,1790468868.0
_PARTIAL_b2_smoke2sf_lr005_200ep_s47n_052324,A,A_small2_20260927,bf0428913e6d6916aae61d12a5de234f,130,9bf526adedaf296c1b0c38bda8c17773,1,1790468868.0
_PARTIAL_cal_noss_20260926,A,A_runs_20260929,fc91fa3aba40903ace9852823c6f32ed,5,0eae4a180f0245402a888dd53ec9ff4a,1,1790438927.0
_PARTIAL_cal_noss_20260926,A,A_small2_20260927,fc91fa3aba40903ace9852823c6f32ed,5,0eae4a180f0245402a888dd53ec9ff4a,1,1790438927.0
_PARTIAL_dv_10p_lr005_s48n_052324,A,A_runs_20260929,fb309cdbbbfb1b738ded985bffd93f9b,56,6d1298fc9def049cfd3f194e9747d487,1,1790486577.0
_PARTIAL_dv_10p_lr005_s48n_052324,A,A_small2_20260927,fb309cdbbbfb1b738ded985bffd93f9b,56,6d1298fc9def049cfd3f194e9747d487,1,1790486577.0
_PARTIAL_dv_50p_lr005_s45n_052324,A,A_runs_20260929,a3991842925c84585f588c9daa25e280,76,cf881d84c63aaf3166c3854d3d6ac9bc,1,1790486576.0
_PARTIAL_dv_50p_lr005_s45n_052324,A,A_small2_20260927,a3991842925c84585f588c9daa25e280,76,cf881d84c63aaf3166c3854d3d6ac9bc,1,1790486576.0
_PARTIAL_la_10p_base_s42n_054923,A,A_runs_20260929,a1c919848573546d33bb9fe25b7a71b5,2,ee65f6b762c423137d5755626340a7df,1,1790488147.0
_PARTIAL_la_10p_base_s42n_054923,A,A_small2_20260927,a1c919848573546d33bb9fe25b7a71b5,2,ee65f6b762c423137d5755626340a7df,1,1790488147.0
_PARTIAL_la_10p_lr005_s45n_052324,A,A_runs_20260929,f0a19b957b0c45dd88270ed5624225d2,18,634ac35356dc719ef5881089854fb16a,1,1790486553.0
_PARTIAL_la_10p_lr005_s45n_052324,A,A_small2_20260927,f0a19b957b0c45dd88270ed5624225d2,18,634ac35356dc719ef5881089854fb16a,1,1790486553.0
_PARTIAL_la_50p_base_s42n_153645,A,A_runs_20260929,fb5fc7022e90fa37ba59c210e96d37e1,70,60062605c7f413cf831d0781267684e2,1,1790523362.0
_PARTIAL_la_50p_base_s44n_052324,A,A_runs_20260929,13ff6b8d95f3cb4ec25ad58e8f2ce30d,26,8fc2c942456ddfb783d173d2ddd13668,1,1790486544.0
_PARTIAL_la_50p_base_s44n_052324,A,A_small2_20260927,13ff6b8d95f3cb4ec25ad58e8f2ce30d,26,8fc2c942456ddfb783d173d2ddd13668,1,1790486544.0
_PARTIAL_y26_shwd_pretrain_054939,A,A_runs_20260929,1de88af570758ce7ed02e9d92de793fd,4,b471589a82871a8afea29711543021ff,1,1790488124.0
_PARTIAL_y26_shwd_pretrain_054939,A,A_small2_20260927,1de88af570758ce7ed02e9d92de793fd,4,b471589a82871a8afea29711543021ff,1,1790488124.0
a0_100_10p_100ep_base_s42n,A,A_runs_20260929,0df797026d2ac8372993ec366588681a,100,4beb231d123cc4fc48e1428c5ce5718a,1,1790630117.0
a0_100_10p_100ep_base_s43n,A,A_part2,cdd04ad2d1f74bf9a33948c66fae6d1e,100,23d268847f40402e0c40bfb70bda7f0d,1,1790682570.0
a0_100_10p_100ep_base_s43n,A,A_runs_20260929,cdd04ad2d1f74bf9a33948c66fae6d1e,100,23d268847f40402e0c40bfb70bda7f0d,1,1790682570.0
a0_100_10p_100ep_base_s44n,A,A_runs_20260929,74e363ea317927a57fbb19ed6f36c1e3,100,99520f5c66405c175ea2bf62ab5fa27c,1,1790632208.0
a0_100_10p_100ep_lr005_s42n,A,A_part2,d476655ce8002d6dd54d7b32e296fb0e,100,83359063a755b0a6cf836b24053b5a0b,1,1790683980.0
a0_100_10p_100ep_lr005_s42n,A,A_runs_20260929,d476655ce8002d6dd54d7b32e296fb0e,100,83359063a755b0a6cf836b24053b5a0b,1,1790683980.0
a0_100_10p_100ep_lr005_s43n,A,A_runs_20260929,4247274f1c5c2ddcdee6d788bbec3e9f,100,6230e9a13deabe666b66c621d67c9f4c,1,1790634338.0
a0_100_10p_100ep_lr005_s44n,A,A_part2,c731649e052119b081e1e6b9d7e5596e,100,e10954e621f8a21597f59d4f497e0e07,1,1790684758.0
a0_100_10p_100ep_lr005_s44n,A,A_runs_20260929,c731649e052119b081e1e6b9d7e5596e,100,e10954e621f8a21597f59d4f497e0e07,1,1790684758.0
a0_100_10p_30ep_base_s42n,A,A_runs_20260929,22be0f9956affc14db847a28560fad39,30,39ffeccb74e56cd9a7109e2df688b911,1,1790633949.0
a0_100_10p_30ep_base_s43n,A,A_part2,908ed66828503445b745c6b600e66ac1,30,a03fa8044957b268d5cc606dcbecb7e4,1,1790681030.0
a0_100_10p_30ep_base_s43n,A,A_runs_20260929,908ed66828503445b745c6b600e66ac1,30,a03fa8044957b268d5cc606dcbecb7e4,1,1790681030.0
a0_100_10p_30ep_base_s44n,A,A_runs_20260929,0829d61bbd9068b058466665e62cb5e5,30,66ff2c6c45d3af7f8af593c4fa93355d,1,1790627245.0
a0_100_10p_30ep_lr005_s42n,A,A_part2,c285bed3c741d4e0668024f91ea363d4,30,c3e642ec24808123e4c75149c6ddd8a8,1,1790680344.0
a0_100_10p_30ep_lr005_s42n,A,A_runs_20260929,c285bed3c741d4e0668024f91ea363d4,30,c3e642ec24808123e4c75149c6ddd8a8,1,1790680344.0
a0_100_10p_30ep_lr005_s43n,A,A_runs_20260929,efa1490d91e36d2f807bb5d2e9748e2a,30,96b9b1ba8ae59d5b24f10ea85cea8ed5,1,1790627946.0
a0_100_10p_30ep_lr005_s44n,A,A_part2,ceae83ceea253f097e30eb00dbbb5793,30,2970f6f16f04dfc3fe0c13170af48040,1,1790681750.0
a0_100_10p_30ep_lr005_s44n,A,A_runs_20260929,ceae83ceea253f097e30eb00dbbb5793,30,2970f6f16f04dfc3fe0c13170af48040,1,1790681750.0
a0_100_20p_100ep_base_s42n,A,A_runs_20260929,c33d7424465fae03378ed8b31974cb73,100,77c6239e305111aadf3b250466dd05a9,1,1790637893.0
a0_100_20p_100ep_base_s43n,A,A_part2,9bc383a0ca6847c5c723111f1e0ac626,100,f1deeb42dbc3d6360ba060c4c9576c32,1,1790688368.0
a0_100_20p_100ep_base_s43n,A,A_runs_20260929,9bc383a0ca6847c5c723111f1e0ac626,100,f1deeb42dbc3d6360ba060c4c9576c32,1,1790688368.0
a0_100_20p_100ep_base_s44n,A,A_runs_20260929,59597f061bf2074339fe77e9b9cc6dcc,100,eb977235dde5ed5bab5ee0e525345e8c,1,1790638401.0
a0_100_20p_100ep_lr005_s42n,A,A_part2,e649797933e47f55d2ee509f5ad4da7c,100,e840545ade90c92a784dfc583706c383,1,1790688592.0
a0_100_20p_100ep_lr005_s42n,A,A_runs_20260929,e649797933e47f55d2ee509f5ad4da7c,100,e840545ade90c92a784dfc583706c383,1,1790688592.0
a0_100_20p_100ep_lr005_s43n,A,A_runs_20260929,c77e2d78db53f63050a4ffbe1cfe2e2f,100,3aca46f6d433d49cdf38c034653d78e7,1,1790640589.0
a0_100_20p_100ep_lr005_s44n,A,A_part2,0e6e517f6a291b4ac375a3824ddb7d4e,100,e82a9e579b6bb96bfa456b0cbe816c0e,1,1790691194.0
a0_100_20p_100ep_lr005_s44n,A,A_runs_20260929,0e6e517f6a291b4ac375a3824ddb7d4e,100,e82a9e579b6bb96bfa456b0cbe816c0e,1,1790691194.0
a0_100_20p_30ep_base_s42n,A,A_runs_20260929,2048cfce7d4bb48dcaf43a6867a60847,30,215df78982fdd76ac62120f50e0d254e,1,1790634827.0
a0_100_20p_30ep_base_s43n,A,A_part2,0f62f816770be642df91456f21beb16a,30,70359041d33d025354da684e6b237966,1,1790684875.0
a0_100_20p_30ep_base_s43n,A,A_runs_20260929,0f62f816770be642df91456f21beb16a,30,70359041d33d025354da684e6b237966,1,1790684875.0
a0_100_20p_30ep_base_s44n,A,A_runs_20260929,172f7e8cecb8eff7a06daff85ea2ccca,30,80b320763d4755699e1f99a254a5469f,1,1790635205.0
a0_100_20p_30ep_lr005_s42n,A,A_part2,11172464136b77828dbdcba597b6e133,30,62acd9b80242267a85fa9500ee024eeb,1,1790685650.0
a0_100_20p_30ep_lr005_s42n,A,A_runs_20260929,11172464136b77828dbdcba597b6e133,30,62acd9b80242267a85fa9500ee024eeb,1,1790685650.0
a0_100_20p_30ep_lr005_s43n,A,A_runs_20260929,87bd04a1278dc66827097ac356a2ae7c,30,b54ee06286cc5a84e7fe47b2669a5da5,1,1790635699.0
a0_100_20p_30ep_lr005_s44n,A,A_part2,ec1c8d17174f07f4f40cfb707cc13869,30,1e915b83479cf60165291923a3c74acc,1,1790685780.0
a0_100_20p_30ep_lr005_s44n,A,A_runs_20260929,ec1c8d17174f07f4f40cfb707cc13869,30,1e915b83479cf60165291923a3c74acc,1,1790685780.0
a0_100_30p_100ep_base_s42n,A,A_runs_20260929,23481a5ab3212c200f96aa3963075a0f,100,762b49e29bae941c2f4bc75f0d911d0c,1,1790643817.0
a0_100_30p_100ep_base_s43n,A,A_part2,b3c128e41537f5bab56b60c146f0c1d3,100,37fc92574b9c408aef3995842bdbcc1f,1,1790695572.0
a0_100_30p_100ep_base_s43n,A,A_runs_20260929,b3c128e41537f5bab56b60c146f0c1d3,100,37fc92574b9c408aef3995842bdbcc1f,1,1790695572.0
a0_100_30p_100ep_base_s44n,A,A_runs_20260929,d515249dd4ecb60848f72e64405d844c,100,60809e55efa5a46510537e6a1b546610,1,1790644665.0
a0_100_30p_100ep_lr005_s42n,A,A_part2,6560f5c7704c67c20a56641357f3c665,100,0cb8e898fedede7a1b5bc83c89ca91c4,1,1790693948.0
a0_100_30p_100ep_lr005_s42n,A,A_runs_20260929,6560f5c7704c67c20a56641357f3c665,100,0cb8e898fedede7a1b5bc83c89ca91c4,1,1790693948.0
a0_100_30p_100ep_lr005_s43n,A,A_runs_20260929,2ba9b9a5e33aba3cefbb15a9f91bd996,100,365e99c628f43370936c53f20ed1eef4,1,1790647042.0
a0_100_30p_100ep_lr005_s44n,A,A_part2,8d373ab0a7c743301541ae0065077b5a,100,c5f842f059584a533b46fc79daebe07a,1,1790698983.0
a0_100_30p_100ep_lr005_s44n,A,A_runs_20260929,8d373ab0a7c743301541ae0065077b5a,100,c5f842f059584a533b46fc79daebe07a,1,1790698983.0
a0_100_30p_30ep_base_s42n,A,A_runs_20260929,cbbf325e6720f54b6027aabf91ea1e7f,30,e8e9d2e7c64fd3d3d2eab481a8eddd85,1,1790639433.0
a0_100_30p_30ep_base_s43n,A,A_part2,bcd1f4976dc0f4e97ddbd0428a0dcea3,30,327e96ef514e28acf0b3e20e25daa998,1,1790689643.0
a0_100_30p_30ep_base_s43n,A,A_runs_20260929,bcd1f4976dc0f4e97ddbd0428a0dcea3,30,327e96ef514e28acf0b3e20e25daa998,1,1790689643.0
a0_100_30p_30ep_base_s44n,A,A_runs_20260929,764c336117ee50d2004b00d0a278bccd,30,bde8ffe8d3e7bb8c308f465d7dc6ed5d,1,1790640442.0
a0_100_30p_30ep_lr005_s42n,A,A_part2,c00927673824c026fd7f850bdd0e5b81,30,f9214f1a9ddb4829a52818335feb5b57,1,1790692214.0
a0_100_30p_30ep_lr005_s42n,A,A_runs_20260929,c00927673824c026fd7f850bdd0e5b81,30,f9214f1a9ddb4829a52818335feb5b57,1,1790692214.0
a0_100_30p_30ep_lr005_s43n,A,A_runs_20260929,91d4cee7532ffed5a57e3b06e00eb237,30,504eba051a8e66dd5ea6512106a3b2f6,1,1790641490.0
a0_100_30p_30ep_lr005_s44n,A,A_part2,cd2c9673a9cb39e031fdf3ef70e7e1f9,30,a856a14d7f9e6b5ba6639f209db6e129,1,1790690695.0
a0_100_30p_30ep_lr005_s44n,A,A_runs_20260929,cd2c9673a9cb39e031fdf3ef70e7e1f9,30,a856a14d7f9e6b5ba6639f209db6e129,1,1790690695.0
a0_100_40p_100ep_base_s42n,A,A_runs_20260929,8290cc68bcfefdbb771d632196776486,100,8c4413e75c6816839e7946a7d5bdf465,1,1790650817.0
a0_100_40p_100ep_base_s43n,A,A_part2,4cc8ec4b378a26399286d962423eb5c1,100,dec494818b5bdaae843d70ec26cfbdb2,1,1790704135.0
a0_100_40p_100ep_base_s43n,A,A_runs_20260929,4cc8ec4b378a26399286d962423eb5c1,100,dec494818b5bdaae843d70ec26cfbdb2,1,1790704135.0
a0_100_40p_100ep_base_s44n,A,A_runs_20260929,73ed5a39bc9a25efcbdb0869bebb3063,100,019f643367c56c77ad643756fbff3fb9,1,1790651978.0
a0_100_40p_100ep_lr005_s42n,A,A_part2,0bb2e96d7b80e1d758ba24174dcdccff,100,fb7c01f4694f3f1868f328fe84acfb82,1,1790700268.0
a0_100_40p_100ep_lr005_s42n,A,A_runs_20260929,0bb2e96d7b80e1d758ba24174dcdccff,100,fb7c01f4694f3f1868f328fe84acfb82,1,1790700268.0
a0_100_40p_100ep_lr005_s43n,A,A_runs_20260929,241c7a930ec9e4892eb64055befc1398,100,085a02d862269a56ab8d25c84261da5a,1,1790654555.0
a0_100_40p_100ep_lr005_s44n,A,A_part2,7ba9eac7573a004f6575d1271a8a6468,100,9bb587269a3d0f3c5a0f481569c1d027,1,1790708037.0
a0_100_40p_100ep_lr005_s44n,A,A_runs_20260929,7ba9eac7573a004f6575d1271a8a6468,100,9bb587269a3d0f3c5a0f481569c1d027,1,1790708037.0
a0_100_40p_30ep_base_s42n,A,A_runs_20260929,2d8a3f6b775856add515d76dcedff39f,30,3c7058eb826cf90581dbe9097110e8a2,1,1790645819.0
a0_100_40p_30ep_base_s43n,A,A_part2,46041bd768ce20d2bbc5b7ffc941cf2d,30,3de7735001a6f3dce00c3047b3f64012,1,1790695214.0
a0_100_40p_30ep_base_s43n,A,A_runs_20260929,46041bd768ce20d2bbc5b7ffc941cf2d,30,3de7735001a6f3dce00c3047b3f64012,1,1790695214.0
a0_100_40p_30ep_base_s44n,A,A_runs_20260929,54a7ba28e8addda447f6c744f92cfe2f,30,fe0e88e52406ab91186f78fe0fbdf11e,1,1790647014.0
a0_100_40p_30ep_lr005_s42n,A,A_part2,88fe4626e47d290f7bcfc4e08306dee2,30,624d92a780311a63ab7a22cee1d89be1,1,1790700209.0
a0_100_40p_30ep_lr005_s42n,A,A_runs_20260929,88fe4626e47d290f7bcfc4e08306dee2,30,624d92a780311a63ab7a22cee1d89be1,1,1790700209.0
a0_100_40p_30ep_lr005_s43n,A,A_runs_20260929,71169e035ce8ab2f6a2cf9811bc39e62,30,fcc6389fe0ff1a8e1c31d1b5e27968c5,1,1790648246.0
a0_100_40p_30ep_lr005_s44n,A,A_part2,2a9c802ff8bda2998124b2b1f5b996f9,30,edb64d7735949a5167b2e8b5f9792e37,1,1790696430.0
a0_100_40p_30ep_lr005_s44n,A,A_runs_20260929,2a9c802ff8bda2998124b2b1f5b996f9,30,edb64d7735949a5167b2e8b5f9792e37,1,1790696430.0
a0_100_50p_100ep_base_s42n,A,A_runs_20260929,5635f50454c80071bfdd0fbaa5b9326b,100,234ead2b29d9624de6fe6ebf13dd1758,1,1790659017.0
a0_100_50p_100ep_base_s43n,A,A_part2,9d2455649107a1da4fb11bb11d29d4fb,100,0ff9a97626a654cc79064723f892d764,1,1790713897.0
a0_100_50p_100ep_base_s43n,A,A_runs_20260929,9d2455649107a1da4fb11bb11d29d4fb,100,0ff9a97626a654cc79064723f892d764,1,1790713897.0
a0_100_50p_100ep_base_s44n,A,A_runs_20260929,431ee92b4adf4759163c837b99231725,100,c1b926f90cc2591bf5767fb1fc31ff6b,1,1790660267.0
a0_100_50p_100ep_lr005_s42n,A,A_part2,0bda50ad1515389e49f215485101f274,100,954b303930dc7083059c1aea210d5859,1,1790707507.0
a0_100_50p_100ep_lr005_s42n,A,A_runs_20260929,0bda50ad1515389e49f215485101f274,100,954b303930dc7083059c1aea210d5859,1,1790707507.0
a0_100_50p_100ep_lr005_s43n,A,A_runs_20260929,1395ec330c9d239c22bedff053a67e04,100,561625d00927332d49134a90fdad4e1b,1,1790664079.0
a0_100_50p_100ep_lr005_s44n,A,A_runs_20260929,87e8fca9bc24e68cca9a93546c25a6d0,100,91b1fbffc416af47b8bcb9cc75ebaf5d,1,1790718783.0
a0_100_50p_30ep_base_s42n,A,A_runs_20260929,d283bdeca8bb4201a7adaba60fb3fd32,30,9ffcacb8e3a9aa7624c855500349c534,1,1790653289.0
a0_100_50p_30ep_base_s43n,A,A_part2,28fdc54bc9b7920327c98333a7948b1e,30,e625cabe649b4df6fdcc78efcbbc0dd2,1,1790701652.0
a0_100_50p_30ep_base_s43n,A,A_runs_20260929,28fdc54bc9b7920327c98333a7948b1e,30,e625cabe649b4df6fdcc78efcbbc0dd2,1,1790701652.0
a0_100_50p_30ep_base_s44n,A,A_runs_20260929,a2c6d0839864ea1bbc41dd3c91441bd3,30,e6d745baed9e4133695339a23b62ff87,1,1790654602.0
a0_100_50p_30ep_lr005_s42n,A,A_part2,5b042a954522750e15a77c64741de4cb,30,932068ec58cc8ed802d788bb5ff7b992,1,1790709591.0
a0_100_50p_30ep_lr005_s42n,A,A_runs_20260929,5b042a954522750e15a77c64741de4cb,30,932068ec58cc8ed802d788bb5ff7b992,1,1790709591.0
a0_100_50p_30ep_lr005_s43n,A,A_runs_20260929,f4eef714a4a2106bd64626174357e50f,30,6e50f72f214778869b6d273d24d59eb0,1,1790655911.0
a0_100_50p_30ep_lr005_s44n,A,A_part2,839ae89d90e91d6be634746e0de84433,30,16d4938751b9c3231fa8efee823d8ebd,1,1790703003.0
a0_100_50p_30ep_lr005_s44n,A,A_runs_20260929,839ae89d90e91d6be634746e0de84433,30,16d4938751b9c3231fa8efee823d8ebd,1,1790703003.0
a0_30_10p_100ep_base_s43n,A,A_runs_20260929,6f54018f5b85b2e97209556c61d16e5c,100,7447f07f22e1c9c79950c6b6da969979,1,1790496041.0
a0_30_10p_100ep_base_s43n,A,A_small2_20260927,6f54018f5b85b2e97209556c61d16e5c,100,7447f07f22e1c9c79950c6b6da969979,1,1790496041.0
a0_30_10p_100ep_lr005_s42n,A,A_runs_20260929,e335cdeb9a898f92fd3c98478d309ff4,100,0d7fd33d89cb944a27ec280d131b09b9,1,1790498190.0
a0_30_10p_100ep_lr005_s42n,A,A_small2_20260927,e335cdeb9a898f92fd3c98478d309ff4,100,0d7fd33d89cb944a27ec280d131b09b9,1,1790498190.0
a0_30_10p_100ep_lr005_s44n,A,A_runs_20260929,b648c51632b0754762283fbc437d7906,100,7942042f516801fa833f2b8ef721e76c,1,1790500303.0
a0_30_10p_100ep_lr005_s44n,A,A_small2_20260927,b648c51632b0754762283fbc437d7906,100,7942042f516801fa833f2b8ef721e76c,1,1790500303.0
a0_30_10p_30ep_base_s42n,A,A_runs_20260929,698565cf3bae2829c5b951e07b4c0d45,30,c09279f139d384ffba0cc9fad13dec96,1,1790491874.0
a0_30_10p_30ep_base_s42n,A,A_small2_20260927,698565cf3bae2829c5b951e07b4c0d45,30,c09279f139d384ffba0cc9fad13dec96,1,1790491874.0
a0_30_10p_30ep_base_s43n,A,A_runs_20260929,05a5105e646905e7592e12cb12356579,30,767a90ec5f690c43a197bfe0414f0aa1,1,1790492569.0
a0_30_10p_30ep_base_s43n,A,A_small2_20260927,05a5105e646905e7592e12cb12356579,30,767a90ec5f690c43a197bfe0414f0aa1,1,1790492569.0
a0_30_10p_30ep_base_s44n,A,A_runs_20260929,3eeed0570408f7a0fbed2a97d7134301,30,78461a4503fa9be3b85996dfff249b3d,1,1790580022.0
a0_30_10p_30ep_lr005_s42n,A,A_runs_20260929,17c82a4d313e4e1375c0b8826f1711c5,30,6b34923ef79ce35ee5c43aeca48f7928,1,1790493232.0
a0_30_10p_30ep_lr005_s42n,A,A_small2_20260927,17c82a4d313e4e1375c0b8826f1711c5,30,6b34923ef79ce35ee5c43aeca48f7928,1,1790493232.0
a0_30_10p_30ep_lr005_s43n,A,A_part2,5ea3822271451fabf6e5c6fda95dc7c9,30,c94b87dcd3b2969b254c24556191f57d,1,1790676996.0
a0_30_10p_30ep_lr005_s43n,A,A_runs_20260929,5ea3822271451fabf6e5c6fda95dc7c9,30,c94b87dcd3b2969b254c24556191f57d,1,1790676996.0
a0_30_10p_30ep_lr005_s44n,A,A_runs_20260929,81a679079bb031c24a404f9dfb9b180d,30,1c5f2b5f4f9889db0a71ab9d530831d0,1,1790493894.0
a0_30_10p_30ep_lr005_s44n,A,A_small2_20260927,81a679079bb031c24a404f9dfb9b180d,30,1c5f2b5f4f9889db0a71ab9d530831d0,1,1790493894.0
a0_30_20p_100ep_base_s42n,A,A_runs_20260929,7e072d4db357e75ce6ee18f22c149717,100,75df29c1984900702ce64b9715c50571,1,1790618652.0
a0_30_20p_100ep_base_s43n,A,A_runs_20260929,253ef6140f74fe7586380f19bc8d0751,100,e8c6f270c35005ea3842167bee7277d2,1,1790585404.0
a0_30_20p_100ep_base_s44n,A,A_part2,607a007501171a96e0e25f0e714c6270,100,9fd06d383c0ef741972dc3fc9c3079b8,1,1790678924.0
a0_30_20p_100ep_base_s44n,A,A_runs_20260929,607a007501171a96e0e25f0e714c6270,100,9fd06d383c0ef741972dc3fc9c3079b8,1,1790678924.0
a0_30_20p_100ep_lr005_s42n,A,A_runs_20260929,88657f348f8a63d02fe4df9c590617ec,100,e01dc559071431246e4bdc5989175b7e,1,1790588069.0
a0_30_20p_100ep_lr005_s43n,A,A_runs_20260929,9306d588e229074d0250822889749194,100,f0954a24c4b1a69aa0acc5d3363e9dba,1,1790621598.0
a0_30_20p_100ep_lr005_s44n,A,A_runs_20260929,29d67b3a36202f4daad99361ab03bd78,100,f1c1cc52fc6ad93af354263744317d84,1,1790590903.0
a0_30_20p_30ep_base_s42n,A,A_runs_20260929,e849cb3825a2f0e40ec980a5b16df8e6,30,7881af00a85d41c3cdd66b6b727d1f83,1,1790580945.0
a0_30_20p_30ep_base_s43n,A,A_runs_20260929,8e12f447febc19a3e1eb76a05d024dc4,30,7a8e222100743c2b804dfe81771c021c,1,1790501159.0
a0_30_20p_30ep_base_s43n,A,A_small2_20260927,8e12f447febc19a3e1eb76a05d024dc4,30,7a8e222100743c2b804dfe81771c021c,1,1790501159.0
a0_30_20p_30ep_base_s44n,A,A_runs_20260929,42b0360978594b6841355b596bc17c27,30,8f3865508131707e3694fcb7beda57cd,1,1790615514.0
a0_30_20p_30ep_lr005_s42n,A,A_runs_20260929,bb58c3a49c6a46b09fa160f680b62856,30,fee4c9347ed602e03d8a120c636246ec,1,1790581789.0
a0_30_20p_30ep_lr005_s43n,A,A_runs_20260929,95d973a801089266a1c928a03aa7f232,30,0130a05e38529270d6218e9e2e249fcf,1,1790627115.0
a0_30_20p_30ep_lr005_s44n,A,A_runs_20260929,23a0fe4e5b3faa014d5f980e59f5459d,30,a9dcc807f7c310ab9394ad52bfb63de6,1,1790582661.0
a0_30_30p_30ep_base_s42n,A,A_runs_20260929,35a1da8a6d66ba0993072d15e02a77a3,30,11db7d2cdd3e6812f05f028da42e166b,1,1790628154.0
a0_30_30p_30ep_base_s43n,A,A_runs_20260929,350c443945ef48135d229497fed5f667,30,36740a01a4f33a1e2c9988d8d57e19bc,1,1790502179.0
a0_30_30p_30ep_base_s43n,A,A_small2_20260927,350c443945ef48135d229497fed5f667,30,36740a01a4f33a1e2c9988d8d57e19bc,1,1790502179.0
a0_30_30p_30ep_base_s44n,A,A_runs_20260929,ec26ad4837b743f4724fd6790c45d32f,30,6b07a8451e5633f0add4ec18012bcb62,1,1790592146.0
a0_30_30p_30ep_lr005_s42n,A,A_runs_20260929,4d8413ad837a842d892cdf7887ee8ed2,30,2bbc73e927e15f64e073334a15b89c0e,1,1790503175.0
a0_30_30p_30ep_lr005_s42n,A,A_small2_20260927,4d8413ad837a842d892cdf7887ee8ed2,30,2bbc73e927e15f64e073334a15b89c0e,1,1790503175.0
a0_30_30p_30ep_lr005_s43n,A,A_runs_20260929,8c10658f554affa76fd85788ddcf901d,30,c81117e6016cd9b9449660da6afea042,1,1790622655.0
a0_30_30p_30ep_lr005_s44n,A,A_runs_20260929,c0eadc138dd294b75359f8c26c9829a8,30,052942429d6bc23d054c070087aca20d,1,1790504173.0
a0_30_30p_30ep_lr005_s44n,A,A_small2_20260927,c0eadc138dd294b75359f8c26c9829a8,30,052942429d6bc23d054c070087aca20d,1,1790504173.0
a0_30_40p_100ep_base_s42n,A,A_runs_20260929,0f0633caedb72dccf392b377e1fd9ab8,100,3246a0ec1a680e5872805e0ca9d5632b,1,1790626532.0
a0_30_40p_100ep_base_s43n,A,A_runs_20260929,12db3889314ddc088f77552988ce6741,100,c361e578657bce7aab7852a8599d21c9,1,1790511168.0
a0_30_40p_100ep_base_s43n,A,A_small2_20260927,12db3889314ddc088f77552988ce6741,100,c361e578657bce7aab7852a8599d21c9,1,1790511168.0
a0_30_40p_100ep_base_s44n,A,A_runs_20260929,a44c9d1ba177fa50466aee616e0ec6c4,100,7b30f0f43dc9b464a855dcb7e32dd8d9,1,1790598657.0
a0_30_40p_100ep_lr005_s42n,A,A_runs_20260929,73c715120188f6b1a64017a5893ed036,100,962748235b529c48028a421a8f57232a,1,1790514743.0
a0_30_40p_100ep_lr005_s42n,A,A_small2_20260927,73c715120188f6b1a64017a5893ed036,100,962748235b529c48028a421a8f57232a,1,1790514743.0
a0_30_40p_100ep_lr005_s43n,A,A_runs_20260929,a3e8e76d9ef62c5d4b0996d61714e29d,100,715b2e4372fb36f40fd74dc1387f30f7,1,1790631893.0
a0_30_40p_100ep_lr005_s44n,A,A_runs_20260929,b6b005fa43b892ebcae72c873d2ab942,100,d6f627218f9ffc123e3ec7f18453af8c,1,1790518267.0
a0_30_40p_100ep_lr005_s44n,A,A_small2_20260927,b6b005fa43b892ebcae72c873d2ab942,100,d6f627218f9ffc123e3ec7f18453af8c,1,1790518267.0
a0_30_40p_30ep_base_s42n,A,A_runs_20260929,df7f77ba0be150ca5f801f4d2c209816,30,c2b9b1e08f203ccf4c7068c6853fcb9a,1,1790593493.0
a0_30_40p_30ep_base_s43n,A,A_runs_20260929,9e558ee49d6c3403c778e35fbd25feed,30,87a205fbc0f6e993eda4a0acab3c1a3a,1,1790505316.0
a0_30_40p_30ep_base_s43n,A,A_small2_20260927,9e558ee49d6c3403c778e35fbd25feed,30,87a205fbc0f6e993eda4a0acab3c1a3a,1,1790505316.0
a0_30_40p_30ep_base_s44n,A,A_part2,52fd88634332610d92422260dfb01854,30,355d36528f42da95fa27c81754e1bd72,1,1790678207.0
a0_30_40p_30ep_base_s44n,A,A_runs_20260929,52fd88634332610d92422260dfb01854,30,355d36528f42da95fa27c81754e1bd72,1,1790678207.0
a0_30_40p_30ep_lr005_s42n,A,A_runs_20260929,f08058c528d69dc23d1c1d179eaa2011,30,c1813ccc44cd83d6a1dcd50b752dfe05,1,1790506446.0
a0_30_40p_30ep_lr005_s42n,A,A_small2_20260927,f08058c528d69dc23d1c1d179eaa2011,30,c1813ccc44cd83d6a1dcd50b752dfe05,1,1790506446.0
a0_30_40p_30ep_lr005_s43n,A,A_runs_20260929,dbfd645fbb3245a68e33b42dad11cbb3,30,1334c093200ffe0e6fbd31dfcbda3909,1,1790594679.0
a0_30_40p_30ep_lr005_s44n,A,A_runs_20260929,c1a31af5cf86ceaa53aeeb32573ba7b1,30,849e6be547d156456c567395ecb8bdc1,1,1790507603.0
a0_30_40p_30ep_lr005_s44n,A,A_small2_20260927,c1a31af5cf86ceaa53aeeb32573ba7b1,30,849e6be547d156456c567395ecb8bdc1,1,1790507603.0
a0_30_50p_30ep_base_s42n,A,A_runs_20260929,97ca65cde99c7d99f6468670bf83f5d9,30,3912b2c33a65ef1e996f1f31f70b93c8,1,1790600075.0
a0_30_50p_30ep_base_s43n,A,A_part2,05e2bf2b75461921954eb72e20ac3f3b,30,2f702eadc160615390afc4a541b4df55,1,1790680294.0
a0_30_50p_30ep_base_s43n,A,A_runs_20260929,05e2bf2b75461921954eb72e20ac3f3b,30,2f702eadc160615390afc4a541b4df55,1,1790680294.0
a0_30_50p_30ep_base_s44n,A,A_runs_20260929,d87387759ed43bc5aca0b633f6a44e66,30,03889579495d279fa48f886c04a2cde7,1,1790601426.0
a0_30_50p_30ep_lr005_s42n,A,A_runs_20260929,8ac1daa59b47d72974e46b93646bce13,30,7b48c65360431dff839556b7bd6e7178,1,1790633256.0
a0_30_50p_30ep_lr005_s43n,A,A_runs_20260929,74606b5180b49b2e624c481d813ca372,30,82cfefcdc2bb478182fc1412700a8e81,1,1790602823.0
a0_30_50p_30ep_lr005_s44n,A,A_part2,f3682dc3262198863974f0bc6b88f22f,30,64c6c1c732c47a39b36f186d7f241afc,1,1790679599.0
a0_30_50p_30ep_lr005_s44n,A,A_runs_20260929,f3682dc3262198863974f0bc6b88f22f,30,64c6c1c732c47a39b36f186d7f241afc,1,1790679599.0
a5a_lr005_aug101_s42n,A,A_runs_20260929,604e8b449069bed2d0a8631207fe319c,100,06ba2daa9f050164bae6b785cf046326,1,1789228642.0
a5a_lr005_aug101_s42n,A,A_small2_20260927,604e8b449069bed2d0a8631207fe319c,100,06ba2daa9f050164bae6b785cf046326,1,1789228642.0
a5a_lr005_aug202_s42n,A,A_runs_20260929,57e86230d400da1e87978126e9c474be,100,0a48b9a404edefc0a934e23c26e35fe8,1,1789231200.0
a5a_lr005_aug202_s42n,A,A_small2_20260927,57e86230d400da1e87978126e9c474be,100,0a48b9a404edefc0a934e23c26e35fe8,1,1789231200.0
a5a_lr005_aug303_s42n,A,A_runs_20260929,c004dbc3673dc1f6520fd700134df259,100,42731bb525c15d570cd593efb680f10a,1,1789228656.0
a5a_lr005_aug303_s42n,A,A_small2_20260927,c004dbc3673dc1f6520fd700134df259,100,42731bb525c15d570cd593efb680f10a,1,1789228656.0
a5s_base_aug101_s42n,A,A_runs_20260929,d6587edb25866cb97d8737bf60e67b4e,100,7e818a3cddabaf4e2c04b566d6d9a40f,1,1789767320.0
a5s_base_aug101_s42n,A,A_small2_20260927,d6587edb25866cb97d8737bf60e67b4e,100,7e818a3cddabaf4e2c04b566d6d9a40f,1,1789767320.0
a5s_base_aug202_s42n,A,A_runs_20260929,6190c086d985c1c01757d1c126b8c301,100,1642a41538660fe815398117f0b24dbe,1,1789772293.0
a5s_base_aug202_s42n,A,A_small2_20260927,6190c086d985c1c01757d1c126b8c301,100,1642a41538660fe815398117f0b24dbe,1,1789772293.0
a5s_base_aug303_s42n,A,A_runs_20260929,fde9a3bec9da0605f0a1f97a326db9bc,100,1df5212010dc2b1d4025d173e66cf251,1,1789777256.0
a5s_base_aug303_s42n,A,A_small2_20260927,fde9a3bec9da0605f0a1f97a326db9bc,100,1df5212010dc2b1d4025d173e66cf251,1,1789777256.0
a5s_lr005_aug101_s42n,A,A_runs_20260929,7f5c281cc118ac9d22e30741c2130cc2,100,3a1e6940c4ff8440e4ec02ae8c8f41ad,1,1789769810.0
a5s_lr005_aug101_s42n,A,A_small2_20260927,7f5c281cc118ac9d22e30741c2130cc2,100,3a1e6940c4ff8440e4ec02ae8c8f41ad,1,1789769810.0
a5s_lr005_aug202_s42n,A,A_runs_20260929,7e91b88bce457ea48637e9b018439113,100,5b0824f3eb7fcb55aaf112a24e4cc5f5,1,1789774761.0
a5s_lr005_aug202_s42n,A,A_small2_20260927,7e91b88bce457ea48637e9b018439113,100,5b0824f3eb7fcb55aaf112a24e4cc5f5,1,1789774761.0
a5s_lr005_aug303_s42n,A,A_runs_20260929,34977e3797bc9167ad70748cad94454e,100,cc1d861dcb6bba2269835c8ce8869da5,1,1789779740.0
a5s_lr005_aug303_s42n,A,A_small2_20260927,34977e3797bc9167ad70748cad94454e,100,cc1d861dcb6bba2269835c8ce8869da5,1,1789779740.0
aitod_vis_base100_s52n,A,A_runs_20260929,419999970d7ee3bc4dc2663bccfb4994,100,32e28ac9d34e996e3512d0852d9e514e,1,1790329714.0
aitod_vis_base100_s52n,A,A_small2_20260927,419999970d7ee3bc4dc2663bccfb4994,100,32e28ac9d34e996e3512d0852d9e514e,1,1790329714.0
aitod_vis_base100_s53n,A,A_runs_20260929,9ba9081e3370f13e2f055f046d93f9af,100,4e4c25a851fc1284b33e42fa6235d2e3,1,1790331263.0
aitod_vis_base100_s53n,A,A_small2_20260927,9ba9081e3370f13e2f055f046d93f9af,100,4e4c25a851fc1284b33e42fa6235d2e3,1,1790331263.0
aitod_vis_base100_s54n,A,A_runs_20260929,2697394e88e44f9e912c7424ab7351d1,100,430eb50ab006093014aa7a02e393aa5b,1,1790332875.0
aitod_vis_base100_s54n,A,A_small2_20260927,2697394e88e44f9e912c7424ab7351d1,100,430eb50ab006093014aa7a02e393aa5b,1,1790332875.0
aitod_vis_lr005_100ep_s52n,A,A_runs_20260929,9c73565993663937aabc0890810fd034,100,322acdd2eed0ad65325f25c3302617fc,1,1790334417.0
aitod_vis_lr005_100ep_s52n,A,A_small2_20260927,9c73565993663937aabc0890810fd034,100,322acdd2eed0ad65325f25c3302617fc,1,1790334417.0
aitod_vis_lr005_100ep_s53n,A,A_runs_20260929,ff94b552da61d1df9b5815007c30a41f,100,4fed0b1832eea5a3860119c8166b0059,1,1790339589.0
aitod_vis_lr005_100ep_s53n,A,A_small2_20260927,ff94b552da61d1df9b5815007c30a41f,100,4fed0b1832eea5a3860119c8166b0059,1,1790339589.0
aitod_vis_lr005_100ep_s54n,A,A_runs_20260929,13db8aba26b59ad2260db27c8bf775ce,100,5657fed26fabbd9a63fcf0f6b457b4ed,1,1790328150.0
aitod_vis_lr005_100ep_s54n,A,A_small2_20260927,13db8aba26b59ad2260db27c8bf775ce,100,5657fed26fabbd9a63fcf0f6b457b4ed,1,1790328150.0
b2_shwd2sf_base100_s42n,A,A_runs_20260929,b3b0cab4b89e79b9d2c443241490fec3,100,cef91c60f57f9e9a7325c9553e38c3c6,1,1790115188.0
b2_shwd2sf_base100_s42n,A,A_small2_20260927,b3b0cab4b89e79b9d2c443241490fec3,100,cef91c60f57f9e9a7325c9553e38c3c6,1,1790115188.0
b2_shwd2sf_base100_s43n,A,A_runs_20260929,d1808a1bed11c2dd57971561ea3ae8da,100,849a4f72734aeeb990c2972f565d2816,1,1790115151.0
b2_shwd2sf_base100_s43n,A,A_small2_20260927,d1808a1bed11c2dd57971561ea3ae8da,100,849a4f72734aeeb990c2972f565d2816,1,1790115151.0
b2_shwd2sf_base100_s44n,A,A_runs_20260929,311f715bd49abc29067a590317b40f29,100,16a6500d54ee100664894ff4e0422c00,1,1790116892.0
b2_shwd2sf_base100_s44n,A,A_small2_20260927,311f715bd49abc29067a590317b40f29,100,16a6500d54ee100664894ff4e0422c00,1,1790116892.0
b2_shwd2sf_base100_s45n,A,A_runs_20260929,db5f185d5b369bd4bb7e26a4e83d3a78,100,dba572232376c7ab5877f68ddaeccea4,1,1790116973.0
b2_shwd2sf_base100_s45n,A,A_small2_20260927,db5f185d5b369bd4bb7e26a4e83d3a78,100,dba572232376c7ab5877f68ddaeccea4,1,1790116973.0
b2_shwd2sf_base100_s46n,A,A_runs_20260929,534518cb0076087b91ad88e73e684bd4,100,83f79864b5c490ac19d45639e10f5b4f,1,1790128275.0
b2_shwd2sf_base100_s46n,A,A_small2_20260927,534518cb0076087b91ad88e73e684bd4,100,83f79864b5c490ac19d45639e10f5b4f,1,1790128275.0
b2_shwd2sf_base100_s46n.incomplete_20260923_003042,A,A_runs_20260929,fce2ee544496bc805157a3001df3ef08,44,83f79864b5c490ac19d45639e10f5b4f,1,1790122542.0
b2_shwd2sf_base100_s46n.incomplete_20260923_003042,A,A_small2_20260927,fce2ee544496bc805157a3001df3ef08,44,83f79864b5c490ac19d45639e10f5b4f,1,1790122542.0
b2_shwd2sf_base100_s47n,A,A_runs_20260929,e87e955cf7dc9e2bd14aa5f5b77aa034,100,6427c6a8333dfd00112e5f9aea45cdea,1,1790128371.0
b2_shwd2sf_base100_s47n,A,A_small2_20260927,e87e955cf7dc9e2bd14aa5f5b77aa034,100,6427c6a8333dfd00112e5f9aea45cdea,1,1790128371.0
b2_shwd2sf_base100_s47n.incomplete_20260923_003042,A,A_runs_20260929,0b22c45d7b3c3997c7ce801bbd3701ed,46,6427c6a8333dfd00112e5f9aea45cdea,1,1790122541.0
b2_shwd2sf_base100_s47n.incomplete_20260923_003042,A,A_small2_20260927,0b22c45d7b3c3997c7ce801bbd3701ed,46,6427c6a8333dfd00112e5f9aea45cdea,1,1790122541.0
b2_shwd2sf_base100_s48n,A,A_runs_20260929,9afab5d43dab87d940c5a4c4d1d85aee,100,90218f1ee1f3cb9ec150af0b64053f81,1,1790128358.0
b2_shwd2sf_base100_s48n,A,A_small2_20260927,9afab5d43dab87d940c5a4c4d1d85aee,100,90218f1ee1f3cb9ec150af0b64053f81,1,1790128358.0
b2_shwd2sf_base100_s48n.incomplete_20260923_003042,A,A_runs_20260929,03bc757ce139f367829b955a737d7d61,9,90218f1ee1f3cb9ec150af0b64053f81,1,1790122541.0
b2_shwd2sf_base100_s48n.incomplete_20260923_003042,A,A_small2_20260927,03bc757ce139f367829b955a737d7d61,9,90218f1ee1f3cb9ec150af0b64053f81,1,1790122541.0
b2_shwd2sf_base100_s49n,A,A_runs_20260929,ae25a25525936f0c842c94545227cec8,100,22c5fd7753fc23c4c1d179d4f0fb4d0d,1,1790128322.0
b2_shwd2sf_base100_s49n,A,A_small2_20260927,ae25a25525936f0c842c94545227cec8,100,22c5fd7753fc23c4c1d179d4f0fb4d0d,1,1790128322.0
b2_shwd2sf_base100_s49n.incomplete_20260923_003042,A,A_runs_20260929,44ab3167944d84463893592ca42ac3cd,8,22c5fd7753fc23c4c1d179d4f0fb4d0d,1,1790122552.0
b2_shwd2sf_base100_s49n.incomplete_20260923_003042,A,A_small2_20260927,44ab3167944d84463893592ca42ac3cd,8,22c5fd7753fc23c4c1d179d4f0fb4d0d,1,1790122552.0
b2_shwd2sf_base100_s50n,A,A_runs_20260929,b9269b6d8c390724bd5e38618d81afbe,100,0e2529491e2b2e0b764effa54323316e,1,1790137587.0
b2_shwd2sf_base100_s50n,A,A_small2_20260927,b9269b6d8c390724bd5e38618d81afbe,100,0e2529491e2b2e0b764effa54323316e,1,1790137587.0
b2_shwd2sf_base100_s51n,A,A_runs_20260929,1870446a9a958243816701f2b4f81564,100,8d0839eb2140860208ef282ba01bb0e1,1,1790137416.0
b2_shwd2sf_base100_s51n,A,A_small2_20260927,1870446a9a958243816701f2b4f81564,100,8d0839eb2140860208ef282ba01bb0e1,1,1790137416.0
b2_shwd2sf_base200_s42n,A,A_runs_20260929,ee3ca482d03347c806b354e4a53e7bfe,187,6be4609a7d75136a3b0032656fe0deb8,1,1790151932.0
b2_shwd2sf_base200_s42n,A,A_small2_20260927,ee3ca482d03347c806b354e4a53e7bfe,187,6be4609a7d75136a3b0032656fe0deb8,1,1790151932.0
b2_shwd2sf_base200_s43n,A,A_runs_20260929,f31f08fe307be4bf5231e00a10ddc17c,200,1891b53d5b6296bc28a0f80274658444,1,1790152558.0
b2_shwd2sf_base200_s43n,A,A_small2_20260927,f31f08fe307be4bf5231e00a10ddc17c,200,1891b53d5b6296bc28a0f80274658444,1,1790152558.0
b2_shwd2sf_base200_s44n,A,A_runs_20260929,159c65de727fc52b96efbb8d024af579,200,22e076de6b34a02fff45da09aa86edd2,1,1790152468.0
b2_shwd2sf_base200_s44n,A,A_small2_20260927,159c65de727fc52b96efbb8d024af579,200,22e076de6b34a02fff45da09aa86edd2,1,1790152468.0
b2_shwd2sf_base200_s45n,A,A_runs_20260929,5ab959c61684962af9005ab0c26586ab,193,d5ee1d11768f77a9016d431721c3bd9a,1,1790152160.0
b2_shwd2sf_base200_s45n,A,A_small2_20260927,5ab959c61684962af9005ab0c26586ab,193,d5ee1d11768f77a9016d431721c3bd9a,1,1790152160.0
b2_shwd2sf_base200_s46n,A,A_runs_20260929,3bd41b7cc6625171de78d91fc7882d4f,182,d8004fc36f31c520e80e811d6b0415d6,1,1790177008.0
b2_shwd2sf_base200_s46n,A,A_small2_20260927,3bd41b7cc6625171de78d91fc7882d4f,182,d8004fc36f31c520e80e811d6b0415d6,1,1790177008.0
b2_shwd2sf_base200_s46n.incomplete_20260923_125622,A,A_runs_20260929,927323a22ac4f461d9422b7eb9549308,108,d8004fc36f31c520e80e811d6b0415d6,1,1790166842.0
b2_shwd2sf_base200_s46n.incomplete_20260923_125622,A,A_small2_20260927,927323a22ac4f461d9422b7eb9549308,108,d8004fc36f31c520e80e811d6b0415d6,1,1790166842.0
b2_shwd2sf_base200_s47n,A,A_runs_20260929,eca02970959522072cf923dfc24ee375,200,b985a9162d5afa782ab5284c8f9b7bd8,1,1790177977.0
b2_shwd2sf_base200_s47n,A,A_small2_20260927,eca02970959522072cf923dfc24ee375,200,b985a9162d5afa782ab5284c8f9b7bd8,1,1790177977.0
b2_shwd2sf_base200_s47n.incomplete_20260923_125622,A,A_runs_20260929,e4e6a16f7f00185bdd1ae0b3089398b6,100,b985a9162d5afa782ab5284c8f9b7bd8,1,1790166842.0
b2_shwd2sf_base200_s47n.incomplete_20260923_125622,A,A_small2_20260927,e4e6a16f7f00185bdd1ae0b3089398b6,100,b985a9162d5afa782ab5284c8f9b7bd8,1,1790166842.0
b2_shwd2sf_base200_s48n,A,A_runs_20260929,36b72ee9eb7da5d567a7c0751cf85c5d,188,78c2fae45eb43bbab08f9c3b82486ad7,1,1790177355.0
b2_shwd2sf_base200_s48n,A,A_small2_20260927,36b72ee9eb7da5d567a7c0751cf85c5d,188,78c2fae45eb43bbab08f9c3b82486ad7,1,1790177355.0
b2_shwd2sf_base200_s48n.incomplete_20260923_125622,A,A_runs_20260929,27f4e9a0ee5593fd7481c914fd1a1870,104,78c2fae45eb43bbab08f9c3b82486ad7,1,1790166827.0
b2_shwd2sf_base200_s48n.incomplete_20260923_125622,A,A_small2_20260927,27f4e9a0ee5593fd7481c914fd1a1870,104,78c2fae45eb43bbab08f9c3b82486ad7,1,1790166827.0
b2_shwd2sf_base200_s49n,A,A_runs_20260929,493032bdc4677bf6d34a4f2df8c7039b,182,4d2202a41042ca15fcdb4e68c879078c,1,1790176962.0
b2_shwd2sf_base200_s49n,A,A_small2_20260927,493032bdc4677bf6d34a4f2df8c7039b,182,4d2202a41042ca15fcdb4e68c879078c,1,1790176962.0
b2_shwd2sf_base200_s49n.incomplete_20260923_125622,A,A_runs_20260929,77e9473fdccfa5838505d0d095785205,110,4d2202a41042ca15fcdb4e68c879078c,1,1790166853.0
b2_shwd2sf_base200_s49n.incomplete_20260923_125622,A,A_small2_20260927,77e9473fdccfa5838505d0d095785205,110,4d2202a41042ca15fcdb4e68c879078c,1,1790166853.0
b2_shwd2sf_base200_s50n,A,A_runs_20260929,2cd86e219ffea276fcfbf2292e6998d0,186,8ad109dc67fc9bf0e3f9d806456f83ae,1,1790194379.0
b2_shwd2sf_base200_s50n,A,A_small2_20260927,2cd86e219ffea276fcfbf2292e6998d0,186,8ad109dc67fc9bf0e3f9d806456f83ae,1,1790194379.0
b2_shwd2sf_base200_s51n,A,A_runs_20260929,e213c2793ec5ed407f21fb145cc7e220,200,a1ca9d3c9514be7eb50a16c1c49fbbbb,1,1790194930.0
b2_shwd2sf_base200_s51n,A,A_small2_20260927,e213c2793ec5ed407f21fb145cc7e220,200,a1ca9d3c9514be7eb50a16c1c49fbbbb,1,1790194930.0
b2_shwd2sf_base300_s42n,A,A_runs_20260929,be7e32a28e6c5578b515b3802befe75d,187,bb79bb640627284067d30572c85a20c7,1,1790249242.0
b2_shwd2sf_base300_s42n,A,A_small2_20260927,be7e32a28e6c5578b515b3802befe75d,187,bb79bb640627284067d30572c85a20c7,1,1790249242.0
b2_shwd2sf_base300_s42n.incomplete_20260924_100748,A,A_runs_20260929,045223ea8dec9bd548b4245fd9ab0967,3,bb79bb640627284067d30572c85a20c7,1,1790244421.0
b2_shwd2sf_base300_s42n.incomplete_20260924_100748,A,A_small2_20260927,045223ea8dec9bd548b4245fd9ab0967,3,bb79bb640627284067d30572c85a20c7,1,1790244421.0
b2_shwd2sf_base300_s47n,A,A_runs_20260929,6b4b57d2c7b1722d9a55fa1df4c3677d,219,7d6dc475753d9457e45088655af3525a,1,1790250063.0
b2_shwd2sf_base300_s47n,A,A_small2_20260927,6b4b57d2c7b1722d9a55fa1df4c3677d,219,7d6dc475753d9457e45088655af3525a,1,1790250063.0
b2_shwd2sf_base300_s47n.incomplete_20260924_100748,A,A_runs_20260929,043e1ceecd46283a9e1e692085c470b9,3,7d6dc475753d9457e45088655af3525a,1,1790244423.0
b2_shwd2sf_base300_s47n.incomplete_20260924_100748,A,A_small2_20260927,043e1ceecd46283a9e1e692085c470b9,3,7d6dc475753d9457e45088655af3525a,1,1790244423.0
b2_shwd2sf_base30_s42n,A,A_runs_20260929,f707edf6dbfa6e1590eb8e39df742453,30,832bdaff15e583f7ad5599ae96af2a6e,1,1790093298.0
b2_shwd2sf_base30_s42n,A,A_small2_20260927,f707edf6dbfa6e1590eb8e39df742453,30,832bdaff15e583f7ad5599ae96af2a6e,1,1790093298.0
b2_shwd2sf_base30_s43n,A,A_runs_20260929,976f62b35beef1d045bfb12b098f76a2,30,ea862882e35aaf1206168d15eaaaea12,1,1790093298.0
b2_shwd2sf_base30_s43n,A,A_small2_20260927,976f62b35beef1d045bfb12b098f76a2,30,ea862882e35aaf1206168d15eaaaea12,1,1790093298.0
b2_shwd2sf_base30_s44n,A,A_runs_20260929,d014149f8419a82605caa1c7c841ce03,30,68709e3369b4d8eb6c01ab5e081f0b89,1,1790093280.0
b2_shwd2sf_base30_s44n,A,A_small2_20260927,d014149f8419a82605caa1c7c841ce03,30,68709e3369b4d8eb6c01ab5e081f0b89,1,1790093280.0
b2_shwd2sf_base30_s45n,A,A_runs_20260929,67a695dd1f7b288520c62efef3a8f8d1,30,4d0535a78319df5db55b740fdce1e21b,1,1790093279.0
b2_shwd2sf_base30_s45n,A,A_small2_20260927,67a695dd1f7b288520c62efef3a8f8d1,30,4d0535a78319df5db55b740fdce1e21b,1,1790093279.0
b2_shwd2sf_base30_s46n,A,A_runs_20260929,3f3570df7502bf16ad9031feb9570bdd,30,5472e5d8d2820f10c937abb56bbb8657,1,1790096296.0
b2_shwd2sf_base30_s46n,A,A_small2_20260927,3f3570df7502bf16ad9031feb9570bdd,30,5472e5d8d2820f10c937abb56bbb8657,1,1790096296.0
b2_shwd2sf_base30_s47n,A,A_runs_20260929,a82282f80f983cc54f91426f1ddfeb5e,30,9b6802783c19f95c5ff1f8525e4a49de,1,1790096297.0
b2_shwd2sf_base30_s47n,A,A_small2_20260927,a82282f80f983cc54f91426f1ddfeb5e,30,9b6802783c19f95c5ff1f8525e4a49de,1,1790096297.0
b2_shwd2sf_base30_s48n,A,A_runs_20260929,b1a2df4108f3644d39381a2351bb967b,30,d23b1678f3eceadf796f616485587e71,1,1790096292.0
b2_shwd2sf_base30_s48n,A,A_small2_20260927,b1a2df4108f3644d39381a2351bb967b,30,d23b1678f3eceadf796f616485587e71,1,1790096292.0
b2_shwd2sf_base30_s49n,A,A_runs_20260929,e3c3ef5a59aa48576abaf02b6a01fd57,30,8e9c8ebb139019006036e1e70656107e,1,1790096306.0
b2_shwd2sf_base30_s49n,A,A_small2_20260927,e3c3ef5a59aa48576abaf02b6a01fd57,30,8e9c8ebb139019006036e1e70656107e,1,1790096306.0
b2_shwd2sf_base30_s50n,A,A_runs_20260929,bc0829bb941f2ae42f447422e22f3caa,30,74388e6536312fc1e32e74457e7e37c5,1,1790099361.0
b2_shwd2sf_base30_s50n,A,A_small2_20260927,bc0829bb941f2ae42f447422e22f3caa,30,74388e6536312fc1e32e74457e7e37c5,1,1790099361.0
b2_shwd2sf_base30_s51n,A,A_runs_20260929,6346d2e565256fc781e44cfd08c767b1,30,350ccc000c9e5e4420e55782e9dbd8f1,1,1790099400.0
b2_shwd2sf_base30_s51n,A,A_small2_20260927,6346d2e565256fc781e44cfd08c767b1,30,350ccc000c9e5e4420e55782e9dbd8f1,1,1790099400.0
b2_shwd2sf_base50_s42n,A,A_runs_20260929,c7166c2dc190a338b0a3ec8a56ba7a5b,50,f43a5b550a66836d2dd1a799c955f67e,1,1790100249.0
b2_shwd2sf_base50_s42n,A,A_small2_20260927,c7166c2dc190a338b0a3ec8a56ba7a5b,50,f43a5b550a66836d2dd1a799c955f67e,1,1790100249.0
b2_shwd2sf_base50_s43n,A,A_runs_20260929,060ae824c4a43ed71641dd90d2788f9a,50,5682c0654541f692ef62dbd1a357987a,1,1790100254.0
b2_shwd2sf_base50_s43n,A,A_small2_20260927,060ae824c4a43ed71641dd90d2788f9a,50,5682c0654541f692ef62dbd1a357987a,1,1790100254.0
b2_shwd2sf_base50_s44n,A,A_runs_20260929,8b7afaeb645d4618b7ba658a4e1125a9,50,3e195517fcfd3f015e099b1c5fb996d5,1,1790103241.0
b2_shwd2sf_base50_s44n,A,A_small2_20260927,8b7afaeb645d4618b7ba658a4e1125a9,50,3e195517fcfd3f015e099b1c5fb996d5,1,1790103241.0
b2_shwd2sf_base50_s45n,A,A_runs_20260929,488a13c67c3fdec49686e75250276a86,50,5b9eb03461bef21b66013aae1fea9c80,1,1790103315.0
b2_shwd2sf_base50_s45n,A,A_small2_20260927,488a13c67c3fdec49686e75250276a86,50,5b9eb03461bef21b66013aae1fea9c80,1,1790103315.0
b2_shwd2sf_base50_s46n,A,A_runs_20260929,acc24eb1b3abb4c48e62bca3314f8411,50,f042bbfdbeb6994d3cf3605cecf5eb4a,1,1790105119.0
b2_shwd2sf_base50_s46n,A,A_small2_20260927,acc24eb1b3abb4c48e62bca3314f8411,50,f042bbfdbeb6994d3cf3605cecf5eb4a,1,1790105119.0
b2_shwd2sf_base50_s47n,A,A_runs_20260929,2b831d020ff2a90c14212b4c83d65a7c,50,9d247853f0d815b70fa705ffbf8d993a,1,1790105163.0
b2_shwd2sf_base50_s47n,A,A_small2_20260927,2b831d020ff2a90c14212b4c83d65a7c,50,9d247853f0d815b70fa705ffbf8d993a,1,1790105163.0
b2_shwd2sf_base50_s48n,A,A_runs_20260929,7f9d3bf28467047b4ccfc2a4f83e6c61,50,ca5e0ac4ef104e34e9029436590d0c5c,1,1790108092.0
b2_shwd2sf_base50_s48n,A,A_small2_20260927,7f9d3bf28467047b4ccfc2a4f83e6c61,50,ca5e0ac4ef104e34e9029436590d0c5c,1,1790108092.0
b2_shwd2sf_base50_s49n,A,A_runs_20260929,0966ab381ec67aa14fc988b8017c9cd4,50,a346dc38672e22cac4f7141b4ee52c21,1,1790108092.0
b2_shwd2sf_base50_s49n,A,A_small2_20260927,0966ab381ec67aa14fc988b8017c9cd4,50,a346dc38672e22cac4f7141b4ee52c21,1,1790108092.0
b2_shwd2sf_base50_s50n,A,A_runs_20260929,b4eb27c3c5582fe01bb195b3f9527729,50,3fcc74c0cc55dd54a1db778c52e20ba7,1,1790109921.0
b2_shwd2sf_base50_s50n,A,A_small2_20260927,b4eb27c3c5582fe01bb195b3f9527729,50,3fcc74c0cc55dd54a1db778c52e20ba7,1,1790109921.0
b2_shwd2sf_base50_s51n,A,A_runs_20260929,9809ef4daaa0baed92c7fdaf4fdc4c24,50,4710b8f8c438af99a5e9472cbe934f7f,1,1790109886.0
b2_shwd2sf_base50_s51n,A,A_small2_20260927,9809ef4daaa0baed92c7fdaf4fdc4c24,50,4710b8f8c438af99a5e9472cbe934f7f,1,1790109886.0
b2_shwd2sf_lr005_100ep_s42n,A,A_runs_20260929,534fa1221e1724783d416a06ec01dbaf,100,7d6b7f59bd84a757c1a686f2003805a3,1,1790119791.0
b2_shwd2sf_lr005_100ep_s42n,A,A_small2_20260927,534fa1221e1724783d416a06ec01dbaf,100,7d6b7f59bd84a757c1a686f2003805a3,1,1790119791.0
b2_shwd2sf_lr005_100ep_s43n,A,A_runs_20260929,679d72e50612423a6cd5f7c1683c5931,100,bb6a6712f6ebd514479ffcff5e58c2bd,1,1790119828.0
b2_shwd2sf_lr005_100ep_s43n,A,A_small2_20260927,679d72e50612423a6cd5f7c1683c5931,100,bb6a6712f6ebd514479ffcff5e58c2bd,1,1790119828.0
b2_shwd2sf_lr005_100ep_s44n,A,A_runs_20260929,ba9dbff36ea2d51f7b64470a72eb4144,100,d9928c9eb12e5acfc79de72dd3718e89,1,1790121550.0
b2_shwd2sf_lr005_100ep_s44n,A,A_small2_20260927,ba9dbff36ea2d51f7b64470a72eb4144,100,d9928c9eb12e5acfc79de72dd3718e89,1,1790121550.0
b2_shwd2sf_lr005_100ep_s45n,A,A_runs_20260929,d3841d47b6bf467c2fff7c062747d01a,100,a9becb6d11eb5ecbfc00436f8c77c8c4,1,1790121628.0
b2_shwd2sf_lr005_100ep_s45n,A,A_small2_20260927,d3841d47b6bf467c2fff7c062747d01a,100,a9becb6d11eb5ecbfc00436f8c77c8c4,1,1790121628.0
b2_shwd2sf_lr005_100ep_s46n,A,A_runs_20260929,555819aa0d823c333c940910698354ed,100,4709ad7e1d88abbd6be36050f65a07ae,1,1790133073.0
b2_shwd2sf_lr005_100ep_s46n,A,A_small2_20260927,555819aa0d823c333c940910698354ed,100,4709ad7e1d88abbd6be36050f65a07ae,1,1790133073.0
b2_shwd2sf_lr005_100ep_s47n,A,A_runs_20260929,f0b0a467780f80242b0bb50451947608,100,542efd2d26f1f077c1cad59871a2008b,1,1790132857.0
b2_shwd2sf_lr005_100ep_s47n,A,A_small2_20260927,f0b0a467780f80242b0bb50451947608,100,542efd2d26f1f077c1cad59871a2008b,1,1790132857.0
b2_shwd2sf_lr005_100ep_s48n,A,A_runs_20260929,1e07828f01c91a671cf7d9f726f72945,100,5878c90f902e5bf8c2f003214f902fc4,1,1790132940.0
b2_shwd2sf_lr005_100ep_s48n,A,A_small2_20260927,1e07828f01c91a671cf7d9f726f72945,100,5878c90f902e5bf8c2f003214f902fc4,1,1790132940.0
b2_shwd2sf_lr005_100ep_s49n,A,A_runs_20260929,d385c81cb327a2eb89a7a53899290ec0,100,95d601616f76269421444b0368e72ee6,1,1790132933.0
b2_shwd2sf_lr005_100ep_s49n,A,A_small2_20260927,d385c81cb327a2eb89a7a53899290ec0,100,95d601616f76269421444b0368e72ee6,1,1790132933.0
b2_shwd2sf_lr005_100ep_s50n,A,A_runs_20260929,e6960364c9aa70c5694e3ba185a181bf,100,73a4097b99ae42198c1da77f8b53ac3f,1,1790142211.0
b2_shwd2sf_lr005_100ep_s50n,A,A_small2_20260927,e6960364c9aa70c5694e3ba185a181bf,100,73a4097b99ae42198c1da77f8b53ac3f,1,1790142211.0
b2_shwd2sf_lr005_100ep_s51n,A,A_runs_20260929,4ffec2eb639464bda7594c6e2ba1fe70,100,d77fbae674a3ed88f7e3198f1d049e85,1,1790141928.0
b2_shwd2sf_lr005_100ep_s51n,A,A_small2_20260927,4ffec2eb639464bda7594c6e2ba1fe70,100,d77fbae674a3ed88f7e3198f1d049e85,1,1790141928.0
b2_shwd2sf_lr005_200ep_s42n,A,A_runs_20260929,35a931e92273205c35b4f858cf31644f,200,7419027fe915a017c38833bec2d1dcfd,1,1790161576.0
b2_shwd2sf_lr005_200ep_s42n,A,A_small2_20260927,35a931e92273205c35b4f858cf31644f,200,7419027fe915a017c38833bec2d1dcfd,1,1790161576.0
b2_shwd2sf_lr005_200ep_s43n,A,A_runs_20260929,64231ac77fb7261e52de23136894c49b,200,4c5263852145ead777afb5baecfcc93b,1,1790161978.0
b2_shwd2sf_lr005_200ep_s43n,A,A_small2_20260927,64231ac77fb7261e52de23136894c49b,200,4c5263852145ead777afb5baecfcc93b,1,1790161978.0
b2_shwd2sf_lr005_200ep_s44n,A,A_runs_20260929,93662e0f4452b5dd91875fa18134442c,200,96c1f5e4c0eb1cb4e93627695a8eb849,1,1790161753.0
b2_shwd2sf_lr005_200ep_s44n,A,A_small2_20260927,93662e0f4452b5dd91875fa18134442c,200,96c1f5e4c0eb1cb4e93627695a8eb849,1,1790161753.0
b2_shwd2sf_lr005_200ep_s45n,A,A_runs_20260929,4c4767f918a46f94996fb755aaf1e4c9,200,f630306ea2ea14f2fcd6572f4b5fd764,1,1790161568.0
b2_shwd2sf_lr005_200ep_s45n,A,A_small2_20260927,4c4767f918a46f94996fb755aaf1e4c9,200,f630306ea2ea14f2fcd6572f4b5fd764,1,1790161568.0
b2_shwd2sf_lr005_200ep_s46n,A,A_runs_20260929,19e9891bec2e5be8b39500d0a179836a,200,7b54a237ca43c8223907b4eb5b8f7784,1,1790186495.0
b2_shwd2sf_lr005_200ep_s46n,A,A_small2_20260927,19e9891bec2e5be8b39500d0a179836a,200,7b54a237ca43c8223907b4eb5b8f7784,1,1790186495.0
b2_shwd2sf_lr005_200ep_s47n,A,A_runs_20260929,81d472c0bcb7f66709d66e4d2c454d03,200,98c611d2fef80adab9f729dd73da331e,1,1790186505.0
b2_shwd2sf_lr005_200ep_s47n,A,A_small2_20260927,81d472c0bcb7f66709d66e4d2c454d03,200,98c611d2fef80adab9f729dd73da331e,1,1790186505.0
b2_shwd2sf_lr005_200ep_s48n,A,A_runs_20260929,aad375c45f98341148134a440a493e57,200,127284f10910f423384d1bf20c0d7539,1,1790186355.0
b2_shwd2sf_lr005_200ep_s48n,A,A_small2_20260927,aad375c45f98341148134a440a493e57,200,127284f10910f423384d1bf20c0d7539,1,1790186355.0
b2_shwd2sf_lr005_200ep_s49n,A,A_runs_20260929,60a61a76c4f4fa22e1d7705fd1e1e601,200,fd2c0a611b7a221669289cb43e4edd3d,1,1790186143.0
b2_shwd2sf_lr005_200ep_s49n,A,A_small2_20260927,60a61a76c4f4fa22e1d7705fd1e1e601,200,fd2c0a611b7a221669289cb43e4edd3d,1,1790186143.0
b2_shwd2sf_lr005_200ep_s50n,A,A_runs_20260929,5a2bcaabec95507958d965230078f4f9,200,5afe81be94165eec43c628594bcb3e6b,1,1790202843.0
b2_shwd2sf_lr005_200ep_s50n,A,A_small2_20260927,5a2bcaabec95507958d965230078f4f9,200,5afe81be94165eec43c628594bcb3e6b,1,1790202843.0
b2_shwd2sf_lr005_200ep_s51n,A,A_runs_20260929,53e2717946d69fa8171a467b77c014ef,200,96cf4aa9e5fcbf96226684001e527f2d,1,1790203191.0
b2_shwd2sf_lr005_200ep_s51n,A,A_small2_20260927,53e2717946d69fa8171a467b77c014ef,200,96cf4aa9e5fcbf96226684001e527f2d,1,1790203191.0
b2_shwd2sf_lr005_300ep_s42n,A,A_runs_20260929,3102a8b86724d21c1b8faf2a02329769,60,aa15d1a02c2ca5feef0cd5e41986844f,1,1790250824.0
b2_shwd2sf_lr005_300ep_s42n,A,A_small2_20260927,3102a8b86724d21c1b8faf2a02329769,60,aa15d1a02c2ca5feef0cd5e41986844f,1,1790250824.0
b2_shwd2sf_lr005_300ep_s47n,A,A_runs_20260929,0a1f0c686de853a7910817fdd9275517,27,83b01c0708ddcbd2ecac80040f5ac51e,1,1790250822.0
b2_shwd2sf_lr005_300ep_s47n,A,A_small2_20260927,0a1f0c686de853a7910817fdd9275517,27,83b01c0708ddcbd2ecac80040f5ac51e,1,1790250822.0
b2_shwd2sf_lr005_30ep_s42n,A,A_runs_20260929,636bc0ca3a328b0944343d7fcf46d6d0,30,e4c4812eb6dbc30ee24b41a2ee047683,1,1790094820.0
b2_shwd2sf_lr005_30ep_s42n,A,A_small2_20260927,636bc0ca3a328b0944343d7fcf46d6d0,30,e4c4812eb6dbc30ee24b41a2ee047683,1,1790094820.0
b2_shwd2sf_lr005_30ep_s43n,A,A_runs_20260929,e4d262c833df71bd4189458d78d6b398,30,ee6f0428fa4b75ec2fc5270b4b97fe2d,1,1790094817.0
b2_shwd2sf_lr005_30ep_s43n,A,A_small2_20260927,e4d262c833df71bd4189458d78d6b398,30,ee6f0428fa4b75ec2fc5270b4b97fe2d,1,1790094817.0
b2_shwd2sf_lr005_30ep_s44n,A,A_runs_20260929,1760eb23e9dff4a36cb71e2134cb9533,30,0e26ba4935878afd940d01edc520d245,1,1790094815.0
b2_shwd2sf_lr005_30ep_s44n,A,A_small2_20260927,1760eb23e9dff4a36cb71e2134cb9533,30,0e26ba4935878afd940d01edc520d245,1,1790094815.0
b2_shwd2sf_lr005_30ep_s45n,A,A_runs_20260929,73b228a0db92d4fa4ff21d8982919c7f,30,ae858a4f3ad4353c41ecacb831ac76e1,1,1790094804.0
b2_shwd2sf_lr005_30ep_s45n,A,A_small2_20260927,73b228a0db92d4fa4ff21d8982919c7f,30,ae858a4f3ad4353c41ecacb831ac76e1,1,1790094804.0
b2_shwd2sf_lr005_30ep_s46n,A,A_runs_20260929,5a655fd44dda1f68a828ab09b91fc1c5,30,535dc58022ac9693b652d15aa59b488f,1,1790097895.0
b2_shwd2sf_lr005_30ep_s46n,A,A_small2_20260927,5a655fd44dda1f68a828ab09b91fc1c5,30,535dc58022ac9693b652d15aa59b488f,1,1790097895.0
b2_shwd2sf_lr005_30ep_s47n,A,A_runs_20260929,f8bd489d038bd369dbec1df580adcc5a,30,a3dcd5497ccb7797ebd3f492e8cab08a,1,1790097846.0
b2_shwd2sf_lr005_30ep_s47n,A,A_small2_20260927,f8bd489d038bd369dbec1df580adcc5a,30,a3dcd5497ccb7797ebd3f492e8cab08a,1,1790097846.0
b2_shwd2sf_lr005_30ep_s48n,A,A_runs_20260929,4058620aa03b770fa5a33cb36dea470c,30,d1138b3101c486df10308dbf40ceca4b,1,1790097867.0
b2_shwd2sf_lr005_30ep_s48n,A,A_small2_20260927,4058620aa03b770fa5a33cb36dea470c,30,d1138b3101c486df10308dbf40ceca4b,1,1790097867.0
b2_shwd2sf_lr005_30ep_s49n,A,A_runs_20260929,67952c429b019af567f57fcaa19320cd,30,aeecc2f65bf1466ccafd251a8444c929,1,1790097868.0
b2_shwd2sf_lr005_30ep_s49n,A,A_small2_20260927,67952c429b019af567f57fcaa19320cd,30,aeecc2f65bf1466ccafd251a8444c929,1,1790097868.0
b2_shwd2sf_lr005_30ep_s50n,A,A_runs_20260929,988700d601cb7cf6a42b97699a0b1f33,30,6a26e9e9ec8d094210506d946e4a75ef,1,1790100855.0
b2_shwd2sf_lr005_30ep_s50n,A,A_small2_20260927,988700d601cb7cf6a42b97699a0b1f33,30,6a26e9e9ec8d094210506d946e4a75ef,1,1790100855.0
b2_shwd2sf_lr005_30ep_s51n,A,A_runs_20260929,173b14052deed91eff253181b7039c7b,30,5e269457a9290d4c5be11f8e738904ec,1,1790100910.0
b2_shwd2sf_lr005_30ep_s51n,A,A_small2_20260927,173b14052deed91eff253181b7039c7b,30,5e269457a9290d4c5be11f8e738904ec,1,1790100910.0
b2_shwd2sf_lr005_50ep_s42n,A,A_runs_20260929,f0933a3db20118ac87e6a195eed1102e,50,230e7fa6fdb388f111ebf4e22bc22e6e,1,1790102700.0
b2_shwd2sf_lr005_50ep_s42n,A,A_small2_20260927,f0933a3db20118ac87e6a195eed1102e,50,230e7fa6fdb388f111ebf4e22bc22e6e,1,1790102700.0
b2_shwd2sf_lr005_50ep_s43n,A,A_runs_20260929,bedae340c8636a6384303efc0946e64f,50,4f5d706d07447064897495dd690cf6a0,1,1790102697.0
b2_shwd2sf_lr005_50ep_s43n,A,A_small2_20260927,bedae340c8636a6384303efc0946e64f,50,4f5d706d07447064897495dd690cf6a0,1,1790102697.0
b2_shwd2sf_lr005_50ep_s44n,A,A_runs_20260929,03cdb8dc6072c53e06938f0697a1c5ba,50,030892f2f881e6ad2a87d61ace79d952,1,1790105693.0
b2_shwd2sf_lr005_50ep_s44n,A,A_small2_20260927,03cdb8dc6072c53e06938f0697a1c5ba,50,030892f2f881e6ad2a87d61ace79d952,1,1790105693.0
b2_shwd2sf_lr005_50ep_s45n,A,A_runs_20260929,ba47a14bec65a473636ae3ef20c83c0a,50,8e5ec649a20e04d97e7e6a39807e010a,1,1790105714.0
b2_shwd2sf_lr005_50ep_s45n,A,A_small2_20260927,ba47a14bec65a473636ae3ef20c83c0a,50,8e5ec649a20e04d97e7e6a39807e010a,1,1790105714.0
b2_shwd2sf_lr005_50ep_s46n,A,A_runs_20260929,d68b896c4881b1453ec9bd8fd083e5c6,50,fbc5fdddbfd4226786e914f6118777be,1,1790107484.0
b2_shwd2sf_lr005_50ep_s46n,A,A_small2_20260927,d68b896c4881b1453ec9bd8fd083e5c6,50,fbc5fdddbfd4226786e914f6118777be,1,1790107484.0
b2_shwd2sf_lr005_50ep_s47n,A,A_runs_20260929,80d7a1fe587ed90add4eabf49ab8ae8b,50,d0c2859fe4c8ba7bf43e14bc52304c85,1,1790107525.0
b2_shwd2sf_lr005_50ep_s47n,A,A_small2_20260927,80d7a1fe587ed90add4eabf49ab8ae8b,50,d0c2859fe4c8ba7bf43e14bc52304c85,1,1790107525.0
b2_shwd2sf_lr005_50ep_s48n,A,A_runs_20260929,007af92d5ef5f5fc60dd19390456e6e1,50,cf2c02990bb73adebb947427d30f7458,1,1790110531.0
b2_shwd2sf_lr005_50ep_s48n,A,A_small2_20260927,007af92d5ef5f5fc60dd19390456e6e1,50,cf2c02990bb73adebb947427d30f7458,1,1790110531.0
b2_shwd2sf_lr005_50ep_s49n,A,A_runs_20260929,b89a0c8cedda7ae727bdf82b35e7c3f9,50,26b84def9649c3e43aee313f83edc644,1,1790110486.0
b2_shwd2sf_lr005_50ep_s49n,A,A_small2_20260927,b89a0c8cedda7ae727bdf82b35e7c3f9,50,26b84def9649c3e43aee313f83edc644,1,1790110486.0
b2_shwd2sf_lr005_50ep_s50n,A,A_runs_20260929,8a57c7eb0edc58f1dbfdbfcccd9115f2,50,bbc0a4b5ad5b382b450c6b6f582ae3d2,1,1790112328.0
b2_shwd2sf_lr005_50ep_s50n,A,A_small2_20260927,8a57c7eb0edc58f1dbfdbfcccd9115f2,50,bbc0a4b5ad5b382b450c6b6f582ae3d2,1,1790112328.0
b2_shwd2sf_lr005_50ep_s51n,A,A_runs_20260929,9e35c8721eb650c35c0527006ba174b6,50,0a682b84f075308f1dd964c7964230d1,1,1790112331.0
b2_shwd2sf_lr005_50ep_s51n,A,A_small2_20260927,9e35c8721eb650c35c0527006ba174b6,50,0a682b84f075308f1dd964c7964230d1,1,1790112331.0
b2_smoke2sf_base200_s42n,A,A_runs_20260929,22decd112bbedd935623a82147967f79,200,2c2d3889857cac1227d7fa01397ec6e7,1,1790444516.0
b2_smoke2sf_base200_s42n,A,A_small2_20260927,22decd112bbedd935623a82147967f79,200,2c2d3889857cac1227d7fa01397ec6e7,1,1790444516.0
b2_smoke2sf_base200_s43n,A,A_runs_20260929,eab398be4ca67679879177f42d730a6d,200,d43357583430b4f763f53d8bee25916e,1,1790454677.0
b2_smoke2sf_base200_s43n,A,A_small2_20260927,eab398be4ca67679879177f42d730a6d,200,d43357583430b4f763f53d8bee25916e,1,1790454677.0
b2_smoke2sf_base200_s44n,A,A_runs_20260929,6aa1537827fad2849bffa2cdff1cd98c,200,6aec7179dae7aa4e55931ee9a6c153d3,1,1790464856.0
b2_smoke2sf_base200_s44n,A,A_small2_20260927,6aa1537827fad2849bffa2cdff1cd98c,200,6aec7179dae7aa4e55931ee9a6c153d3,1,1790464856.0
b2_smoke2sf_base200_s45n,A,A_runs_20260929,fc858088c0f254f4101ff4d61faff9fd,200,98b03ca75a582b2cab6f2e9cd3b8665d,1,1790445030.0
b2_smoke2sf_base200_s45n,A,A_small2_20260927,fc858088c0f254f4101ff4d61faff9fd,200,98b03ca75a582b2cab6f2e9cd3b8665d,1,1790445030.0
b2_smoke2sf_base200_s46n,A,A_runs_20260929,da0d9dd60200cc56d5e0ead2179746ee,200,afe358db7eb23cf349999232dc648801,1,1790455348.0
b2_smoke2sf_base200_s46n,A,A_small2_20260927,da0d9dd60200cc56d5e0ead2179746ee,200,afe358db7eb23cf349999232dc648801,1,1790455348.0
b2_smoke2sf_base200_s47n,A,A_runs_20260929,3b06395e9220d55e95010145662b2a38,200,b5074c21f319115c7ef707e68869a845,1,1790465602.0
b2_smoke2sf_base200_s47n,A,A_small2_20260927,3b06395e9220d55e95010145662b2a38,200,b5074c21f319115c7ef707e68869a845,1,1790465602.0
b2_smoke2sf_base300_s42n.incomplete_20260924_095226,A,A_runs_20260929,384fb62319304128e624633898e3aa03,2,06edd9cd574aad82e281ef97cb8b5a31,1,1790243531.0
b2_smoke2sf_base300_s42n.incomplete_20260924_095226,A,A_small2_20260927,384fb62319304128e624633898e3aa03,2,06edd9cd574aad82e281ef97cb8b5a31,1,1790243531.0
b2_smoke2sf_base300_s42n.incomplete_20260924_100239,A,A_runs_20260929,b9e318f6e63736e072098d9d310d6add,9,98da178e7a7cc1e9a31372ba20ffbeaa,1,1790244110.0
b2_smoke2sf_base300_s42n.incomplete_20260924_100239,A,A_small2_20260927,b9e318f6e63736e072098d9d310d6add,9,98da178e7a7cc1e9a31372ba20ffbeaa,1,1790244110.0
b2_smoke2sf_lr002_100ep_s42n.incomplete_20260924_095226,A,A_runs_20260929,de39463cbbcdb163ba1c5f23f479fb3e,2,20176767bca235299f370e2c702402e6,1,1790243528.0
b2_smoke2sf_lr002_100ep_s42n.incomplete_20260924_095226,A,A_small2_20260927,de39463cbbcdb163ba1c5f23f479fb3e,2,20176767bca235299f370e2c702402e6,1,1790243528.0
b2_smoke2sf_lr002_100ep_s42n.incomplete_20260924_100239,A,A_runs_20260929,e60f2456f8de1dcd1ab21e0d8ebfcc93,10,99cba9334ab8cdf0f52001ef5fbf3d5d,1,1790244135.0
b2_smoke2sf_lr002_100ep_s42n.incomplete_20260924_100239,A,A_small2_20260927,e60f2456f8de1dcd1ab21e0d8ebfcc93,10,99cba9334ab8cdf0f52001ef5fbf3d5d,1,1790244135.0
b2_smoke2sf_lr002_200ep_s42n.incomplete_20260924_095226,A,A_runs_20260929,00c89263a4aeb56f1aa2266b8a8c4aa8,2,16a68159baf490cab8bf7886e580083e,1,1790243533.0
b2_smoke2sf_lr002_200ep_s42n.incomplete_20260924_095226,A,A_small2_20260927,00c89263a4aeb56f1aa2266b8a8c4aa8,2,16a68159baf490cab8bf7886e580083e,1,1790243533.0
b2_smoke2sf_lr002_200ep_s42n.incomplete_20260924_100239,A,A_runs_20260929,83a18cbd0736e95fda60926cfdc911eb,10,7d3563439bce7d7084efd8a857b6daec,1,1790244132.0
b2_smoke2sf_lr002_200ep_s42n.incomplete_20260924_100239,A,A_small2_20260927,83a18cbd0736e95fda60926cfdc911eb,10,7d3563439bce7d7084efd8a857b6daec,1,1790244132.0
b2_smoke2sf_lr005_200ep_s42n,A,A_runs_20260929,7d4952825a65745470b46192ab372608,200,4662d5759962207f47b84f284f1fdb09,1,1790449611.0
b2_smoke2sf_lr005_200ep_s42n,A,A_small2_20260927,7d4952825a65745470b46192ab372608,200,4662d5759962207f47b84f284f1fdb09,1,1790449611.0
b2_smoke2sf_lr005_200ep_s43n,A,A_runs_20260929,b7eab8f077475432d1f2afa66a0c96cb,200,519cafd1bdddf643574b80926ca333e4,1,1790459749.0
b2_smoke2sf_lr005_200ep_s43n,A,A_small2_20260927,b7eab8f077475432d1f2afa66a0c96cb,200,519cafd1bdddf643574b80926ca333e4,1,1790459749.0
b2_smoke2sf_lr005_200ep_s45n,A,A_runs_20260929,fa865dbcdd2b9169edaac4250ff89f2d,200,82719a9319484d221c33939bcf804e2c,1,1790450193.0
b2_smoke2sf_lr005_200ep_s45n,A,A_small2_20260927,fa865dbcdd2b9169edaac4250ff89f2d,200,82719a9319484d221c33939bcf804e2c,1,1790450193.0
b2_smoke2sf_lr005_200ep_s46n,A,A_runs_20260929,1186fda8ebdf71474121874541c4d706,200,b852d3bbf77377d3670fe8c0d838b862,1,1790460493.0
b2_smoke2sf_lr005_200ep_s46n,A,A_small2_20260927,1186fda8ebdf71474121874541c4d706,200,b852d3bbf77377d3670fe8c0d838b862,1,1790460493.0
b2_smoke2sf_lr005_300ep_s42n.incomplete_20260924_095226,A,A_runs_20260929,4baee8b2a36c015b8ee928193611250f,2,feaabce420c9e632361626df662777d2,1,1790243534.0
b2_smoke2sf_lr005_300ep_s42n.incomplete_20260924_095226,A,A_small2_20260927,4baee8b2a36c015b8ee928193611250f,2,feaabce420c9e632361626df662777d2,1,1790243534.0
b2_smoke2sf_lr005_300ep_s42n.incomplete_20260924_100239,A,A_runs_20260929,69d11c1707e131fad92b5d8902c4b949,9,5731de064ecd3744de31a27cd245a719,1,1790244109.0
b2_smoke2sf_lr005_300ep_s42n.incomplete_20260924_100239,A,A_small2_20260927,69d11c1707e131fad92b5d8902c4b949,9,5731de064ecd3744de31a27cd245a719,1,1790244109.0
calA_gpu0_base30_s42n,A,A_runs_20260929,a08ff9d334dd727f1c5b3a35e01d2841,30,b2f7c284c0524275f101846f4748c3f0,1,1790088148.0
calA_gpu0_base30_s42n,A,A_small2_20260927,a08ff9d334dd727f1c5b3a35e01d2841,30,b2f7c284c0524275f101846f4748c3f0,1,1790088148.0
calA_gpu1_base30_s42n,A,A_runs_20260929,507bde551209f41f61c66d510079ac51,30,c6ae1c26c7b7f3193a3c453706fc50a8,1,1790088139.0
calA_gpu1_base30_s42n,A,A_small2_20260927,507bde551209f41f61c66d510079ac51,30,c6ae1c26c7b7f3193a3c453706fc50a8,1,1790088139.0
cal_shwd2sf_base100_s42n_ss,A,A_runs_20260929,6024913da091f0d666234109efa89b7b,29,ef6f3cec1d0446072c17b01f0e574a5e,1,1790439581.0
cal_shwd2sf_base100_s42n_ss,A,A_small2_20260927,6024913da091f0d666234109efa89b7b,29,ef6f3cec1d0446072c17b01f0e574a5e,1,1790439581.0
chv_pretrain,A,A_runs_20260929,8dc4b0f171610fc50dd09ee9645bb466,30,9fbff3a405e22f2e5d55f1a494625143,1,1790487886.0
chv_pretrain,A,A_small2_20260927,8dc4b0f171610fc50dd09ee9645bb466,30,9fbff3a405e22f2e5d55f1a494625143,1,1790487886.0
d15_ai_base100_s45n,A,A_runs_20260929,87ddb505cce24ac896f20c76b94cd8eb,100,3e16c4885d2e32442b9d2994e1d1dcb3,1,1790338957.0
d15_ai_base100_s45n,A,A_small2_20260927,87ddb505cce24ac896f20c76b94cd8eb,100,3e16c4885d2e32442b9d2994e1d1dcb3,1,1790338957.0
d15_ai_base100_s46n,A,A_runs_20260929,71e75146dd2a8935ef50907eaafed259,11,,0,1790336487.0
d15_ai_base100_s46n,A,A_small2_20260927,71e75146dd2a8935ef50907eaafed259,11,,0,1790336487.0
d15_ai_base100_s47n,A,A_runs_20260929,8c27616de99831cfdfbb3d26e27475eb,100,7bbf949c65de872bf34699ec0da4efb2,1,1790341352.0
d15_ai_base100_s47n,A,A_small2_20260927,8c27616de99831cfdfbb3d26e27475eb,100,7bbf949c65de872bf34699ec0da4efb2,1,1790341352.0
d15_ai_base100_s48n,A,A_runs_20260929,a3fa6082ec0e4c74d1d9592d16288426,100,097cc3b73a1220251ee95f9d327405f3,1,1790343690.0
d15_ai_base100_s48n,A,A_small2_20260927,a3fa6082ec0e4c74d1d9592d16288426,100,097cc3b73a1220251ee95f9d327405f3,1,1790343690.0
d15_ai_base100_s49n,A,A_runs_20260929,53d5acadca6fd0b10cd6a8f780fd1245,100,8e7e33f141144ae0b5cf04a9fa31c305,1,1790345994.0
d15_ai_base100_s49n,A,A_small2_20260927,53d5acadca6fd0b10cd6a8f780fd1245,100,8e7e33f141144ae0b5cf04a9fa31c305,1,1790345994.0
d15_ai_base100_s50n,A,A_runs_20260929,31ca1254bb0097e476147feb84404d21,100,3b37cb92b9787433b633d3b2e934c86e,1,1790378559.0
d15_ai_base100_s50n,A,A_small2_20260927,31ca1254bb0097e476147feb84404d21,100,3b37cb92b9787433b633d3b2e934c86e,1,1790378559.0
d15_ai_base100_s51n,A,A_runs_20260929,0c0738dfa3e9bec87727150ce3d2f204,100,e952d95dc2acbba16b5b379ef3976da6,1,1790378752.0
d15_ai_base100_s51n,A,A_small2_20260927,0c0738dfa3e9bec87727150ce3d2f204,100,e952d95dc2acbba16b5b379ef3976da6,1,1790378752.0
d15_ai_base100_s52n,A,A_runs_20260929,39d537d30baf42f12121f2c8dae3d352,100,01f604ddaf622e98c79a7705ac08afd0,1,1790358908.0
d15_ai_base100_s52n,A,A_small2_20260927,39d537d30baf42f12121f2c8dae3d352,100,01f604ddaf622e98c79a7705ac08afd0,1,1790358908.0
d15_ai_base100_s53n,A,A_runs_20260929,35ca7bbc119c2b0a7281e2c59a414abb,100,13106cdfbe91bdd230fb39b75aa21bfc,1,1790359808.0
d15_ai_base100_s53n,A,A_small2_20260927,35ca7bbc119c2b0a7281e2c59a414abb,100,13106cdfbe91bdd230fb39b75aa21bfc,1,1790359808.0
d15_ai_base100_s54n,A,A_runs_20260929,6012f5a45ed8b1a2cd6028cfac04a17d,100,0a82d87561588954658139c1ca21dfef,1,1790360935.0
d15_ai_base100_s54n,A,A_small2_20260927,6012f5a45ed8b1a2cd6028cfac04a17d,100,0a82d87561588954658139c1ca21dfef,1,1790360935.0
d15_ai_lr005_100ep_s45n,A,A_runs_20260929,097a2262c9d52e5f5fffabf6130f2538,100,98f4c93d8293ecc2e74f9b3d63fa148e,1,1790315988.0
d15_ai_lr005_100ep_s45n,A,A_small2_20260927,097a2262c9d52e5f5fffabf6130f2538,100,98f4c93d8293ecc2e74f9b3d63fa148e,1,1790315988.0
d15_ai_lr005_100ep_s46n,A,A_runs_20260929,7a6bb5115062fc56580cd1b74c65a905,100,1b4bca9f5e5b13cd86c150adbc0f6469,1,1790318498.0
d15_ai_lr005_100ep_s46n,A,A_small2_20260927,7a6bb5115062fc56580cd1b74c65a905,100,1b4bca9f5e5b13cd86c150adbc0f6469,1,1790318498.0
d15_ai_lr005_100ep_s47n,A,A_runs_20260929,91ceffe4e91847a58db330ad432dd4a1,100,75b5fac3b29f0f214483d2a902b035ca,1,1790320523.0
d15_ai_lr005_100ep_s47n,A,A_small2_20260927,91ceffe4e91847a58db330ad432dd4a1,100,75b5fac3b29f0f214483d2a902b035ca,1,1790320523.0
d15_ai_lr005_100ep_s48n,A,A_runs_20260929,40565a1b96dbe88a92112abc9423dd23,100,da5eef30152fb3715ab1191df2af6f5f,1,1790361923.0
d15_ai_lr005_100ep_s48n,A,A_small2_20260927,40565a1b96dbe88a92112abc9423dd23,100,da5eef30152fb3715ab1191df2af6f5f,1,1790361923.0
d15_ai_lr005_100ep_s49n,A,A_runs_20260929,a33bbbac9611e59c59ae58954170f2e4,100,4511ee919456d303e677ab3cdf37631c,1,1790323186.0
d15_ai_lr005_100ep_s49n,A,A_small2_20260927,a33bbbac9611e59c59ae58954170f2e4,100,4511ee919456d303e677ab3cdf37631c,1,1790323186.0
d15_ai_lr005_100ep_s50n,A,A_runs_20260929,0a0ceeb0c95825e707c1ec33c43ec347,100,c981b1d1c3db942b1b0a7397e9a164fb,1,1790362911.0
d15_ai_lr005_100ep_s50n,A,A_small2_20260927,0a0ceeb0c95825e707c1ec33c43ec347,100,c981b1d1c3db942b1b0a7397e9a164fb,1,1790362911.0
d15_ai_lr005_100ep_s51n,A,A_runs_20260929,bc1e7eb1f1bcf443d9c88e539cf0b16d,100,20e52ebc51849924f90d2cef10b10961,1,1790364086.0
d15_ai_lr005_100ep_s51n,A,A_small2_20260927,bc1e7eb1f1bcf443d9c88e539cf0b16d,100,20e52ebc51849924f90d2cef10b10961,1,1790364086.0
d15_ai_lr005_100ep_s52n,A,A_runs_20260929,3ffc465ab62643c03400c28fcc910568,100,f3f092e400932c939b1e03340cdead73,1,1790364856.0
d15_ai_lr005_100ep_s52n,A,A_small2_20260927,3ffc465ab62643c03400c28fcc910568,100,f3f092e400932c939b1e03340cdead73,1,1790364856.0
d15_ai_lr005_100ep_s53n,A,A_runs_20260929,c9713c0e20a0a12e10ea5fc350cd6182,100,8650aa21e7b122f78ab621947b52d303,1,1790366201.0
d15_ai_lr005_100ep_s53n,A,A_small2_20260927,c9713c0e20a0a12e10ea5fc350cd6182,100,8650aa21e7b122f78ab621947b52d303,1,1790366201.0
d15_ai_lr005_100ep_s54n,A,A_runs_20260929,c14ce4e9eda42b903a5c44df2d966ead,100,195fe4ea32f71bea24bc9d72fca875e6,1,1790366807.0
d15_ai_lr005_100ep_s54n,A,A_small2_20260927,c14ce4e9eda42b903a5c44df2d966ead,100,195fe4ea32f71bea24bc9d72fca875e6,1,1790366807.0
dv_10p_base_s42n,A,A_runs_20260929,80ca9d4cc360006e0f95b562d6e20295,100,87f0a9276e8a6f8c777c007589002679,1,1790490649.0
dv_10p_base_s42n,A,A_small2_20260927,80ca9d4cc360006e0f95b562d6e20295,100,87f0a9276e8a6f8c777c007589002679,1,1790490649.0
dv_10p_base_s43n,A,A_runs_20260929,028478e2147ae29327e500bf325cdfc4,100,c5b6a59e8fbc32fcc49a0838a1cfd14f,1,1790603559.0
dv_10p_base_s44n,A,A_runs_20260929,c9413684055696e18aef2f96df3cc349,100,06c487f632a3918bc05fa70632a3388a,1,1790661034.0
dv_10p_lr005_s42n,A,A_runs_20260929,e814df83155b0d7fdb13f606b2af5bac,100,c3f3049cf4451c952361726adc5bec75,1,1790604369.0
dv_10p_lr005_s43n,A,A_part2,daf4268d66fee775b5b0498becb3a593,100,855c68b2a2677c65873ab312a706759d,1,1790708341.0
dv_10p_lr005_s43n,A,A_runs_20260929,daf4268d66fee775b5b0498becb3a593,100,855c68b2a2677c65873ab312a706759d,1,1790708341.0
dv_10p_lr005_s44n,A,A_runs_20260929,26ecf510985f9e054944a86457eef9d1,100,4817a17b48fd2f4d94fb109f7a97b685,1,1790519091.0
dv_10p_lr005_s44n,A,A_small2_20260927,26ecf510985f9e054944a86457eef9d1,100,4817a17b48fd2f4d94fb109f7a97b685,1,1790519091.0
dv_30p_base_s42n,A,A_runs_20260929,2108a53f0441631041afe221be5449e1,100,49d8e83e5d70e9c7aa84cb18c5536b0d,1,1790605317.0
dv_30p_base_s43n,A,A_runs_20260929,c68fd07b6e71546f2aa914b31e6171ff,100,ce331b0e44568f8b0f56192a60bb02f0,1,1790519997.0
dv_30p_base_s43n,A,A_small2_20260927,c68fd07b6e71546f2aa914b31e6171ff,100,ce331b0e44568f8b0f56192a60bb02f0,1,1790519997.0
dv_30p_base_s44n,A,A_runs_20260929,f63c8feb242bd6433d059d178dc886ad,100,5b3a524ab47a50bfd97eb0063ae24beb,1,1790662028.0
dv_30p_lr005_s42n,A,A_runs_20260929,6c6fed34e43efaf03d221adec4dd1c7d,100,9d37d190d3cadebd8474cb090a327553,1,1790520922.0
dv_30p_lr005_s42n,A,A_small2_20260927,6c6fed34e43efaf03d221adec4dd1c7d,100,9d37d190d3cadebd8474cb090a327553,1,1790520922.0
dv_30p_lr005_s43n,A,A_runs_20260929,91d5a12e9be3c1bdfbe711e693174807,100,df2054f1d57e01c3e894b3f17efa9a55,1,1790606223.0
dv_30p_lr005_s44n,A,A_runs_20260929,5de50a6d0fa2bd416b42f03d80f10c99,100,2a6fc3296588626cdf8fe56d0f852e09,1,1790521850.0
dv_30p_lr005_s44n,A,A_small2_20260927,5de50a6d0fa2bd416b42f03d80f10c99,100,2a6fc3296588626cdf8fe56d0f852e09,1,1790521850.0
dv_50p_base_s42n,A,A_runs_20260929,152763775faf8a3e4c49b06ea6c9c3e5,100,0bf7f8b8b8df7433c99e1f73060de76c,1,1790720209.0
dv_50p_base_s43n,A,A_runs_20260929,a6edbf262f719033925620459c54307a,100,9052eb09464f92740f9d90500a1ba357,1,1790522955.0
dv_50p_base_s43n,A,A_small2_20260927,b76d94a519b1a797f1afb072e651a301,76,9052eb09464f92740f9d90500a1ba357,1,1790522700.0
dv_50p_base_s44n,A,A_runs_20260929,fee9ec71c5dc59065862e877b2ffef65,100,be5fa6167f211365726e69bf7e970c90,1,1790607815.0
dv_50p_lr005_s42n,A,A_runs_20260929,8b1ba404cca36e36925575dd2becf583,100,820f3102029f6f0edf854f8386c1d18e,1,1790663136.0
dv_50p_lr005_s43n,A,A_part2,1cf22ee50a89c91766090f83734e88b2,100,e750d5029e84307c200629a8d92ba7ac,1,1790709583.0
dv_50p_lr005_s43n,A,A_runs_20260929,1cf22ee50a89c91766090f83734e88b2,100,e750d5029e84307c200629a8d92ba7ac,1,1790709583.0
dv_50p_lr005_s44n,A,A_runs_20260929,477c55ab2c9238afc9e6c5aecef7849e,100,6de7ece83744c7bc40c76914fb8471b3,1,1790664484.0
g1p_c2v_base100_s42n,A,A_runs_20260929,05904d82bf42cb7f3a139366d8812713,100,f4fed5e4978da62c9f40061ae05172f8,1,1789825369.0
g1p_c2v_base100_s42n,A,A_small2_20260927,05904d82bf42cb7f3a139366d8812713,100,f4fed5e4978da62c9f40061ae05172f8,1,1789825369.0
g1p_c2v_base100_s43n,A,A_runs_20260929,cf687bc84070ee9cad7ce9fe6a486176,100,414b29ebdc8a86b4b8be2261cf527765,1,1789826177.0
g1p_c2v_base100_s43n,A,A_small2_20260927,cf687bc84070ee9cad7ce9fe6a486176,100,414b29ebdc8a86b4b8be2261cf527765,1,1789826177.0
g1p_c2v_base100_s44n,A,A_runs_20260929,bc1d0efdd3efcf031ee542f4f69a068f,100,2f8be376277260e52f88faf931e09438,1,1789826981.0
g1p_c2v_base100_s44n,A,A_small2_20260927,bc1d0efdd3efcf031ee542f4f69a068f,100,2f8be376277260e52f88faf931e09438,1,1789826981.0
g1p_c2v_base100_s45n,A,A_runs_20260929,8739322c2db3e411f3115e44046a7a88,100,84c05e533f397e2dec60ad6d195d4bf1,1,1789827796.0
g1p_c2v_base100_s45n,A,A_small2_20260927,8739322c2db3e411f3115e44046a7a88,100,84c05e533f397e2dec60ad6d195d4bf1,1,1789827796.0
g1p_c2v_base100_s46n,A,A_runs_20260929,f667712e37b931858519e828940283ca,100,1fee3213e136c1cdf51e934fd238fe33,1,1789828567.0
g1p_c2v_base100_s46n,A,A_small2_20260927,f667712e37b931858519e828940283ca,100,1fee3213e136c1cdf51e934fd238fe33,1,1789828567.0
g1p_c2v_lr005_100ep_s42n,A,A_runs_20260929,476a450ffebeb476461c42a3ef93770b,100,6b4a3f2b6290e245e65f68fc43afa13a,1,1789825754.0
g1p_c2v_lr005_100ep_s42n,A,A_small2_20260927,476a450ffebeb476461c42a3ef93770b,100,6b4a3f2b6290e245e65f68fc43afa13a,1,1789825754.0
g1p_c2v_lr005_100ep_s43n,A,A_runs_20260929,05fe3d455ef783755d42dd80a4d45b6a,100,bfbd8a564c8f5d0042c8c6312590b813,1,1789826588.0
g1p_c2v_lr005_100ep_s43n,A,A_small2_20260927,05fe3d455ef783755d42dd80a4d45b6a,100,bfbd8a564c8f5d0042c8c6312590b813,1,1789826588.0
g1p_c2v_lr005_100ep_s44n,A,A_runs_20260929,1515c477eed085dab5d354e27042ba86,100,a3f31343abbfd86f431d31c3cfc711d2,1,1789827408.0
g1p_c2v_lr005_100ep_s44n,A,A_small2_20260927,1515c477eed085dab5d354e27042ba86,100,a3f31343abbfd86f431d31c3cfc711d2,1,1789827408.0
g1p_c2v_lr005_100ep_s45n,A,A_runs_20260929,1632f12462a52a1406b0771cc7b54bbb,100,2fe2e5c56c3d78fde07fa59ca9ee8e5a,1,1789828196.0
g1p_c2v_lr005_100ep_s45n,A,A_small2_20260927,1632f12462a52a1406b0771cc7b54bbb,100,2fe2e5c56c3d78fde07fa59ca9ee8e5a,1,1789828196.0
g1p_c2v_lr005_100ep_s46n,A,A_runs_20260929,4f993e4f853430c6eb1885cd92ba35fc,100,ce5901f73bd7e8377eda2ff1a10fb48d,1,1789828940.0
g1p_c2v_lr005_100ep_s46n,A,A_small2_20260927,4f993e4f853430c6eb1885cd92ba35fc,100,ce5901f73bd7e8377eda2ff1a10fb48d,1,1789828940.0
g3clean_e400_base_s42n,A,A_runs_20260929,98f40072f02c1316262c7b26c09a5335,400,3d16ae501d33197157636010a53a5e1b,1,1790217392.0
g3clean_e400_base_s42n,A,A_small2_20260927,98f40072f02c1316262c7b26c09a5335,400,3d16ae501d33197157636010a53a5e1b,1,1790217392.0
g3clean_e400_base_s43n,A,A_runs_20260929,f769344035d5b34f534137e58a729404,400,6469d0ccc34a04f293059035003d49a0,1,1790220229.0
g3clean_e400_base_s43n,A,A_small2_20260927,f769344035d5b34f534137e58a729404,400,6469d0ccc34a04f293059035003d49a0,1,1790220229.0
g3clean_e400_base_s44n,A,A_runs_20260929,7cbb8ad6ba5c7180615bd50cbde0dbc8,400,c715d799291b95919b9d5ebb478bf06a,1,1790222712.0
g3clean_e400_base_s44n,A,A_small2_20260927,7cbb8ad6ba5c7180615bd50cbde0dbc8,400,c715d799291b95919b9d5ebb478bf06a,1,1790222712.0
g3clean_e400_base_s45n,A,A_runs_20260929,eb47d28c427e42b8a90908c744ae57c2,400,b0c38f5d17ba6cc8bab430a69ea28c64,1,1790225558.0
g3clean_e400_base_s45n,A,A_small2_20260927,eb47d28c427e42b8a90908c744ae57c2,400,b0c38f5d17ba6cc8bab430a69ea28c64,1,1790225558.0
g3clean_e400_base_s46n,A,A_runs_20260929,fc86f54f57b566dac284119f5873d003,400,00564bde07f64eaea614e6f7ac0d619f,1,1790228380.0
g3clean_e400_base_s46n,A,A_small2_20260927,fc86f54f57b566dac284119f5873d003,400,00564bde07f64eaea614e6f7ac0d619f,1,1790228380.0
g3clean_e400_lr005_s42n,A,A_runs_20260929,3899ab042506eec5d1e4a133cca94607,400,10e7793500d57be55a1e1ff41fed92fc,1,1790218129.0
g3clean_e400_lr005_s42n,A,A_small2_20260927,3899ab042506eec5d1e4a133cca94607,400,10e7793500d57be55a1e1ff41fed92fc,1,1790218129.0
g3clean_e400_lr005_s43n,A,A_runs_20260929,4b60df165096aa2afbc33185c9bf71da,400,7205439aa155d59338eecb26537ab20d,1,1790221002.0
g3clean_e400_lr005_s43n,A,A_small2_20260927,4b60df165096aa2afbc33185c9bf71da,400,7205439aa155d59338eecb26537ab20d,1,1790221002.0
g3clean_e400_lr005_s44n,A,A_runs_20260929,f4a80a244a650b2254f66d8490d6aa8f,400,186428d0b9784da6c0d684b78ce9697c,1,1790223812.0
g3clean_e400_lr005_s44n,A,A_small2_20260927,f4a80a244a650b2254f66d8490d6aa8f,400,186428d0b9784da6c0d684b78ce9697c,1,1790223812.0
g3clean_e400_lr005_s45n,A,A_runs_20260929,88d17f717a55e75529a805fd7f067d71,400,bcf0af09fcc7bcfcd3260b5677c8b83f,1,1790226604.0
g3clean_e400_lr005_s45n,A,A_small2_20260927,88d17f717a55e75529a805fd7f067d71,400,bcf0af09fcc7bcfcd3260b5677c8b83f,1,1790226604.0
g3clean_e400_lr005_s46n,A,A_runs_20260929,9cb4f7c834dff377f3cd3769ab73b9c6,400,dee0dfbb0587c158bb9caf2d2d448fc6,1,1790229251.0
g3clean_e400_lr005_s46n,A,A_small2_20260927,9cb4f7c834dff377f3cd3769ab73b9c6,400,dee0dfbb0587c158bb9caf2d2d448fc6,1,1790229251.0
g3clean_e50_base_s42n,A,A_runs_20260929,39f17710ed6c9d9ebf82bb74b8a28afc,50,8a40d7fc2226223969244faa9035f876,1,1790210110.0
g3clean_e50_base_s42n,A,A_small2_20260927,39f17710ed6c9d9ebf82bb74b8a28afc,50,8a40d7fc2226223969244faa9035f876,1,1790210110.0
g3clean_e50_base_s43n,A,A_runs_20260929,63ec2eeb3001d6324e661aa875265d13,50,dca63398bf9d17bc491be28094efcb89,1,1790230189.0
g3clean_e50_base_s43n,A,A_small2_20260927,63ec2eeb3001d6324e661aa875265d13,50,dca63398bf9d17bc491be28094efcb89,1,1790230189.0
g3clean_e50_base_s44n,A,A_runs_20260929,6c6f44907ffa96c00f9511b12188df6e,50,f829b709379e6b23997e1dc66fd7a7c5,1,1790213138.0
g3clean_e50_base_s44n,A,A_small2_20260927,6c6f44907ffa96c00f9511b12188df6e,50,f829b709379e6b23997e1dc66fd7a7c5,1,1790213138.0
g3clean_e50_base_s45n,A,A_runs_20260929,8faa33d5aa05ea54d22da1796379076f,50,e82e6a86f1e58decde465ad9191b66cc,1,1790213952.0
g3clean_e50_base_s45n,A,A_small2_20260927,8faa33d5aa05ea54d22da1796379076f,50,e82e6a86f1e58decde465ad9191b66cc,1,1790213952.0
g3clean_e50_base_s46n,A,A_runs_20260929,8c722c80a5cb4119c7f5a00c4942cd02,50,ba16f9ef74724e9cf43a97c273d0d7e6,1,1790214418.0
g3clean_e50_base_s46n,A,A_small2_20260927,8c722c80a5cb4119c7f5a00c4942cd02,50,ba16f9ef74724e9cf43a97c273d0d7e6,1,1790214418.0
g3clean_e50_lr005_s42n,A,A_runs_20260929,67545e703569ce6503da5bca2c9a9db4,50,9914891e461c75d105a516f8d321549e,1,1790210842.0
g3clean_e50_lr005_s42n,A,A_small2_20260927,67545e703569ce6503da5bca2c9a9db4,50,9914891e461c75d105a516f8d321549e,1,1790210842.0
g3clean_e50_lr005_s43n,A,A_runs_20260929,03b0841df404db2e0cca4b8cd0ef2016,50,f94beb1d22e1c25c819fd519c4ce114f,1,1790214101.0
g3clean_e50_lr005_s43n,A,A_small2_20260927,03b0841df404db2e0cca4b8cd0ef2016,50,f94beb1d22e1c25c819fd519c4ce114f,1,1790214101.0
g3clean_e50_lr005_s44n,A,A_runs_20260929,278c016646ed6b4c2fa1ff1cbeba6470,50,3301317de6be7fcc4d3b4d85ee86a52e,1,1790214513.0
g3clean_e50_lr005_s44n,A,A_small2_20260927,278c016646ed6b4c2fa1ff1cbeba6470,50,3301317de6be7fcc4d3b4d85ee86a52e,1,1790214513.0
g3clean_e50_lr005_s45n,A,A_runs_20260929,52450cfed31fd4250926eff4a249ba5d,50,776437d4820ffaa1a3a4c52f0d8ecb71,1,1790214881.0
g3clean_e50_lr005_s45n,A,A_small2_20260927,52450cfed31fd4250926eff4a249ba5d,50,776437d4820ffaa1a3a4c52f0d8ecb71,1,1790214881.0
g3clean_e50_lr005_s46n,A,A_runs_20260929,7393a9aba982f2f2a547210ca374d19e,50,6c38196f8a8b3ab443d78036a5502b7b,1,1790215273.0
g3clean_e50_lr005_s46n,A,A_small2_20260927,7393a9aba982f2f2a547210ca374d19e,50,6c38196f8a8b3ab443d78036a5502b7b,1,1790215273.0
g4_mende3way_base100_s42n,A,A_runs_20260929,23153410c3ad3117eb2ce43568e15ad6,100,afcf10720298ad6ecf434cbf6268a461,1,1789808757.0
g4_mende3way_base100_s42n,A,A_small2_20260927,23153410c3ad3117eb2ce43568e15ad6,100,afcf10720298ad6ecf434cbf6268a461,1,1789808757.0
g4_mende3way_base100_s43n,A,A_runs_20260929,7631a081fa9d8752081e629493f08f43,100,ba5aba69424fdd81001e1ab3674a94d2,1,1789810254.0
g4_mende3way_base100_s43n,A,A_small2_20260927,7631a081fa9d8752081e629493f08f43,100,ba5aba69424fdd81001e1ab3674a94d2,1,1789810254.0
g4_mende3way_base100_s44n,A,A_runs_20260929,aef52b09da28d88f6adae8f10b1fdfb8,100,cfb919ab644cb902ed28c03ba625dda8,1,1789811816.0
g4_mende3way_base100_s44n,A,A_small2_20260927,aef52b09da28d88f6adae8f10b1fdfb8,100,cfb919ab644cb902ed28c03ba625dda8,1,1789811816.0
g4_mende3way_base100_s45n,A,A_runs_20260929,0781576e2efc04dc0906f00717738213,100,902470f8afb0f5e73e2328975e198524,1,1789813347.0
g4_mende3way_base100_s45n,A,A_small2_20260927,0781576e2efc04dc0906f00717738213,100,902470f8afb0f5e73e2328975e198524,1,1789813347.0
g4_mende3way_base100_s46n,A,A_runs_20260929,89e0e234f7e5eea5759fcdb598c291dd,100,92ab15031e4d1700e3b8f00247822c94,1,1789814904.0
g4_mende3way_base100_s46n,A,A_small2_20260927,89e0e234f7e5eea5759fcdb598c291dd,100,92ab15031e4d1700e3b8f00247822c94,1,1789814904.0
g4_mende3way_base100_s47n,A,A_runs_20260929,7d00367d71e12f388a1d49421377d328,100,9a8056618cc17bc43a079a00f04b2ec0,1,1789816443.0
g4_mende3way_base100_s47n,A,A_small2_20260927,7d00367d71e12f388a1d49421377d328,100,9a8056618cc17bc43a079a00f04b2ec0,1,1789816443.0
g4_mende3way_base100_s48n,A,A_runs_20260929,85c87f6f70dfc324a63786fa38503f46,100,e9dec3a8085b192cefaf2db4b6a3d565,1,1789817989.0
g4_mende3way_base100_s48n,A,A_small2_20260927,85c87f6f70dfc324a63786fa38503f46,100,e9dec3a8085b192cefaf2db4b6a3d565,1,1789817989.0
g4_mende3way_base100_s49n,A,A_runs_20260929,f76e371f8c10a3d970fc35cadebf03d4,100,c21e13e64acb4407773a90c9df52975f,1,1789819527.0
g4_mende3way_base100_s49n,A,A_small2_20260927,f76e371f8c10a3d970fc35cadebf03d4,100,c21e13e64acb4407773a90c9df52975f,1,1789819527.0
g4_mende3way_base100_s50n,A,A_runs_20260929,f3871c8b88b62d7b864b4bff6a754bf8,100,6b1b1f9796f2ebfba39920a5fb5cc49e,1,1789821061.0
g4_mende3way_base100_s50n,A,A_small2_20260927,f3871c8b88b62d7b864b4bff6a754bf8,100,6b1b1f9796f2ebfba39920a5fb5cc49e,1,1789821061.0
g4_mende3way_base100_s51n,A,A_runs_20260929,db5b1d3041466900049c795be8991763,100,07b9c0a01077cceb6d864aa274e26149,1,1789822606.0
g4_mende3way_base100_s51n,A,A_small2_20260927,db5b1d3041466900049c795be8991763,100,07b9c0a01077cceb6d864aa274e26149,1,1789822606.0
g4_mende3way_base100_s52n,A,A_runs_20260929,612c1bacaeeb7a4b2754578c6c073baa,100,96cc958133f20b3826aa58e5fe42902e,1,1790345267.0
g4_mende3way_base100_s52n,A,A_small2_20260927,612c1bacaeeb7a4b2754578c6c073baa,100,96cc958133f20b3826aa58e5fe42902e,1,1790345267.0
g4_mende3way_base100_s53n,A,A_runs_20260929,e2db170a3fc956f760c112a8f711b8f5,100,c4a666d59c9e71c7e6293c4cd753627e,1,1790346058.0
g4_mende3way_base100_s53n,A,A_small2_20260927,e2db170a3fc956f760c112a8f711b8f5,100,c4a666d59c9e71c7e6293c4cd753627e,1,1790346058.0
g4_mende3way_base100_s54n,A,A_runs_20260929,33f671e0ced2a60c22c1383537d116c4,100,e6f3620550f41dbb003221074ec9675d,1,1790346853.0
g4_mende3way_base100_s54n,A,A_small2_20260927,33f671e0ced2a60c22c1383537d116c4,100,e6f3620550f41dbb003221074ec9675d,1,1790346853.0
g4_mende3way_lr005_100ep_s42n,A,A_runs_20260929,a168a5a16dad5615e2ece1e8e6a3813d,100,ab12f0d1eba4ea64509adbc76d564361,1,1789809509.0
g4_mende3way_lr005_100ep_s42n,A,A_small2_20260927,a168a5a16dad5615e2ece1e8e6a3813d,100,ab12f0d1eba4ea64509adbc76d564361,1,1789809509.0
g4_mende3way_lr005_100ep_s43n,A,A_runs_20260929,f88fe2c88654db45da6675e643f49a09,100,b4a9dee5a20c4581e12e764fd47abdb3,1,1789811021.0
g4_mende3way_lr005_100ep_s43n,A,A_small2_20260927,f88fe2c88654db45da6675e643f49a09,100,b4a9dee5a20c4581e12e764fd47abdb3,1,1789811021.0
g4_mende3way_lr005_100ep_s44n,A,A_runs_20260929,03e247eb93bcb2f618170aff236d1cbc,100,0bb6c90ffd6a8505cb353044ef1d11e7,1,1789812589.0
g4_mende3way_lr005_100ep_s44n,A,A_small2_20260927,03e247eb93bcb2f618170aff236d1cbc,100,0bb6c90ffd6a8505cb353044ef1d11e7,1,1789812589.0
g4_mende3way_lr005_100ep_s45n,A,A_runs_20260929,43ed778cbdfa590faa8aed8bab265acd,100,4fefbbfa96f542aa4d990ffc6deee0e5,1,1789814120.0
g4_mende3way_lr005_100ep_s45n,A,A_small2_20260927,43ed778cbdfa590faa8aed8bab265acd,100,4fefbbfa96f542aa4d990ffc6deee0e5,1,1789814120.0
g4_mende3way_lr005_100ep_s46n,A,A_runs_20260929,e272091f491880b1959e72743b439bde,100,d620dc713b16fb000aefc64de9d17aa2,1,1789815678.0
g4_mende3way_lr005_100ep_s46n,A,A_small2_20260927,e272091f491880b1959e72743b439bde,100,d620dc713b16fb000aefc64de9d17aa2,1,1789815678.0
g4_mende3way_lr005_100ep_s47n,A,A_runs_20260929,7c01c7b6edc1d4d39eb17cf8d1f73b16,100,3569c89a71b2954e5b4c78343dcc26ce,1,1789817234.0
g4_mende3way_lr005_100ep_s47n,A,A_small2_20260927,7c01c7b6edc1d4d39eb17cf8d1f73b16,100,3569c89a71b2954e5b4c78343dcc26ce,1,1789817234.0
g4_mende3way_lr005_100ep_s48n,A,A_runs_20260929,0d70c95a3571c65568d10f04e38fcef8,100,0f422924b71d2b2b421fcc3b8d7b4ab7,1,1789818764.0
g4_mende3way_lr005_100ep_s48n,A,A_small2_20260927,0d70c95a3571c65568d10f04e38fcef8,100,0f422924b71d2b2b421fcc3b8d7b4ab7,1,1789818764.0
g4_mende3way_lr005_100ep_s49n,A,A_runs_20260929,ae736aff887ba5a68277a629fb5545f4,100,8d56bcb033c4010be32bc4374512c39d,1,1789820299.0
g4_mende3way_lr005_100ep_s49n,A,A_small2_20260927,ae736aff887ba5a68277a629fb5545f4,100,8d56bcb033c4010be32bc4374512c39d,1,1789820299.0
g4_mende3way_lr005_100ep_s50n,A,A_runs_20260929,af0b7c7b45bd4cb0ef7afca81cf35b2e,100,3a42f20babb11ffdc1169df22840bc1c,1,1789821844.0
g4_mende3way_lr005_100ep_s50n,A,A_small2_20260927,af0b7c7b45bd4cb0ef7afca81cf35b2e,100,3a42f20babb11ffdc1169df22840bc1c,1,1789821844.0
g4_mende3way_lr005_100ep_s51n,A,A_runs_20260929,013c14c869dd54528792573baa66f993,100,aa2e83e1a4a81de3a5e888c7374bbf5e,1,1789823372.0
g4_mende3way_lr005_100ep_s51n,A,A_small2_20260927,013c14c869dd54528792573baa66f993,100,aa2e83e1a4a81de3a5e888c7374bbf5e,1,1789823372.0
g4_mende3way_lr005_100ep_s52n,A,A_runs_20260929,dc8e56eb416bce97d4cac3d61ca80793,100,d710f27feadcab986884a08a5bf66521,1,1790347692.0
g4_mende3way_lr005_100ep_s52n,A,A_small2_20260927,dc8e56eb416bce97d4cac3d61ca80793,100,d710f27feadcab986884a08a5bf66521,1,1790347692.0
g4_mende3way_lr005_100ep_s53n,A,A_runs_20260929,1269652a6acb0c2680084924ccab1c2b,100,3025b080f1f917248f72fe4e8f86a2da,1,1790348660.0
g4_mende3way_lr005_100ep_s53n,A,A_small2_20260927,1269652a6acb0c2680084924ccab1c2b,100,3025b080f1f917248f72fe4e8f86a2da,1,1790348660.0
g4_mende3way_lr005_100ep_s54n,A,A_runs_20260929,09798f4a9e9b1a66b5852bb69a1da1a6,100,d41955a62be7b31d3460d2b22167560b,1,1790349592.0
g4_mende3way_lr005_100ep_s54n,A,A_small2_20260927,09798f4a9e9b1a66b5852bb69a1da1a6,100,d41955a62be7b31d3460d2b22167560b,1,1790349592.0
la_10p_base_s42n,A,A_runs_20260929,2e76dfd73fe428bfa602659fb9b32a57,100,ee65f6b762c423137d5755626340a7df,1,1790490310.0
la_10p_base_s42n,A,A_small2_20260927,2e76dfd73fe428bfa602659fb9b32a57,100,ee65f6b762c423137d5755626340a7df,1,1790490310.0
la_10p_base_s43n,A,A_runs_20260929,6deb349df891554dd99f3dbb5df168d3,100,e89bfae4c687298996a183fa3a4fefc2,1,1790494524.0
la_10p_base_s43n,A,A_small2_20260927,6deb349df891554dd99f3dbb5df168d3,100,e89bfae4c687298996a183fa3a4fefc2,1,1790494524.0
la_10p_base_s44n,A,A_runs_20260929,23af9235160aa1415dd0f949a173f38c,100,8fae7b3844981917fb8522ab3aba7169,1,1790498829.0
la_10p_base_s44n,A,A_small2_20260927,23af9235160aa1415dd0f949a173f38c,100,8fae7b3844981917fb8522ab3aba7169,1,1790498829.0
la_10p_lr005_s42n,A,A_runs_20260929,5d063de9ab260c36361a8c7c41736160,100,239c0dc5792a7d49e54b5c10b6cdbe91,1,1790492433.0
la_10p_lr005_s42n,A,A_small2_20260927,5d063de9ab260c36361a8c7c41736160,100,239c0dc5792a7d49e54b5c10b6cdbe91,1,1790492433.0
la_10p_lr005_s43n,A,A_runs_20260929,376db588f32d0663eda56181d349f3fc,100,38c568d78278d4b58703bae1f0117867,1,1790496767.0
la_10p_lr005_s43n,A,A_small2_20260927,376db588f32d0663eda56181d349f3fc,100,38c568d78278d4b58703bae1f0117867,1,1790496767.0
la_10p_lr005_s44n,A,A_runs_20260929,45895d11f4eee2350f9566c0275b121e,100,5df52b67cac2c952a4e4ced191410e81,1,1790500929.0
la_10p_lr005_s44n,A,A_small2_20260927,45895d11f4eee2350f9566c0275b121e,100,5df52b67cac2c952a4e4ced191410e81,1,1790500929.0
la_30p_base_s42n,A,A_runs_20260929,c12a739d26867986d78b2d15bdd5098f,100,148025ad068cea9a993cdc3e097b6434,1,1790504094.0
la_30p_base_s42n,A,A_small2_20260927,c12a739d26867986d78b2d15bdd5098f,100,148025ad068cea9a993cdc3e097b6434,1,1790504094.0
la_30p_base_s43n,A,A_runs_20260929,8decb927484f5d91ad1f679d339d7904,100,39256b01a25c0e369a7bcaffe25aaa2e,1,1790510346.0
la_30p_base_s43n,A,A_small2_20260927,8decb927484f5d91ad1f679d339d7904,100,39256b01a25c0e369a7bcaffe25aaa2e,1,1790510346.0
la_30p_base_s44n,A,A_runs_20260929,9e5b2ab3aa2e905c4ff5a44e4b5e7386,100,4b9b24e006368e483d90f3004bb22019,1,1790516651.0
la_30p_base_s44n,A,A_small2_20260927,9e5b2ab3aa2e905c4ff5a44e4b5e7386,100,4b9b24e006368e483d90f3004bb22019,1,1790516651.0
la_30p_lr005_s42n,A,A_runs_20260929,10583e379d6f5af175d951d1cfc740d8,100,86be2ccaf95d1a6c890a803edf2070fd,1,1790507222.0
la_30p_lr005_s42n,A,A_small2_20260927,10583e379d6f5af175d951d1cfc740d8,100,86be2ccaf95d1a6c890a803edf2070fd,1,1790507222.0
la_30p_lr005_s43n,A,A_runs_20260929,163c7b014309010a79b09ca57c856589,100,c3658936d31bba199f2f3fb242c17f6f,1,1790513461.0
la_30p_lr005_s43n,A,A_small2_20260927,163c7b014309010a79b09ca57c856589,100,c3658936d31bba199f2f3fb242c17f6f,1,1790513461.0
la_30p_lr005_s44n,A,A_runs_20260929,70c1575c79218689a99af5d6aed53c98,100,58c2274853572b628f3f590d82d72808,1,1790520012.0
la_30p_lr005_s44n,A,A_small2_20260927,70c1575c79218689a99af5d6aed53c98,100,58c2274853572b628f3f590d82d72808,1,1790520012.0
la_50p_base_s42n,A,A_runs_20260929,9d090f74d157b07da0882410712444f2,100,60062605c7f413cf831d0781267684e2,1,1790583649.0
la_50p_base_s42n,A,A_small2_20260927,df5beb5559f59b9084e0063baf3eb13c,54,60062605c7f413cf831d0781267684e2,1,1790522689.0
la_50p_base_s43n,A,A_runs_20260929,1c6c1756a83e00eca3e435f8d0d71c61,100,e8423c72b514d53674e9ba1dc8b1407f,1,1790592582.0
la_50p_base_s44n,A,A_runs_20260929,d8d8b2b1bc9c80c957b585af4c42c080,100,8fc2c942456ddfb783d173d2ddd13668,1,1790601766.0
la_50p_lr005_s42n,A,A_runs_20260929,98e66de439fa3cd61793e0439c1442be,100,d1af4a754d1b2906872890a8d3b44302,1,1790588066.0
la_50p_lr005_s43n,A,A_runs_20260929,842ec4cccb954a3bf34dfa85bdb12571,100,739e78a20c9f8f54e6323868db7910a8,1,1790597246.0
la_50p_lr005_s44n,A,A_runs_20260929,edd50fc58d7535c5d1bf2e5e28c45384,100,6069e9bf751b6c5499102c848488ca34,1,1790606660.0
mech_a_aitodtovis_base200_s42n,A,A_runs_20260929,1a390c1919ade3e85693752e11f0a36e,200,67a54fbc26972c67c1a9b4f432c7f61d,1,1790007879.0
mech_a_aitodtovis_base200_s42n,A,A_small2_20260927,1a390c1919ade3e85693752e11f0a36e,200,67a54fbc26972c67c1a9b4f432c7f61d,1,1790007879.0
mech_a_aitodtovis_base200_s43n,A,A_runs_20260929,e87207f7d246548647e735d5aedfab54,200,f5994d937a22486408ff1df7261ae409,1,1790012445.0
mech_a_aitodtovis_base200_s43n,A,A_small2_20260927,e87207f7d246548647e735d5aedfab54,200,f5994d937a22486408ff1df7261ae409,1,1790012445.0
mech_a_aitodtovis_base200_s44n,A,A_runs_20260929,d6391b1f9148fa0a8db73b201e005743,200,fd4dae5d8d789676a08c4e751fd10122,1,1790017026.0
mech_a_aitodtovis_base200_s44n,A,A_small2_20260927,d6391b1f9148fa0a8db73b201e005743,200,fd4dae5d8d789676a08c4e751fd10122,1,1790017026.0
mech_a_aitodtovis_base200_s45n,A,A_runs_20260929,a8a705e19143904dfd64dfa12ffc3cb0,200,3dfa60c9173309c6c1e7c0a11f3aba35,1,1790021582.0
mech_a_aitodtovis_base200_s45n,A,A_small2_20260927,a8a705e19143904dfd64dfa12ffc3cb0,200,3dfa60c9173309c6c1e7c0a11f3aba35,1,1790021582.0
mech_a_aitodtovis_base200_s46n,A,A_runs_20260929,bbe384cc983bb609f67bc52b0889f61f,200,8e812438c4eb6f084890ae8a0269b5c9,1,1790026123.0
mech_a_aitodtovis_base200_s46n,A,A_small2_20260927,bbe384cc983bb609f67bc52b0889f61f,200,8e812438c4eb6f084890ae8a0269b5c9,1,1790026123.0
mech_a_aitodtovis_base200_s47n,A,A_runs_20260929,7a4841c27479700b528422326a8761b5,200,8b4cd0e87dc57c657c7cb4ca5aa279a3,1,1790030664.0
mech_a_aitodtovis_base200_s47n,A,A_small2_20260927,7a4841c27479700b528422326a8761b5,200,8b4cd0e87dc57c657c7cb4ca5aa279a3,1,1790030664.0
mech_a_aitodtovis_base200_s48n,A,A_runs_20260929,d7ccda42f7522ec61d3f640ad5decdc3,200,ab00355f027766b3c1d69bdf01b4354b,1,1790034966.0
mech_a_aitodtovis_base200_s48n,A,A_small2_20260927,d7ccda42f7522ec61d3f640ad5decdc3,200,ab00355f027766b3c1d69bdf01b4354b,1,1790034966.0
mech_a_aitodtovis_base200_s49n,A,A_runs_20260929,a642f2223cd7380ee8d20d96d5dbb338,200,b69417710e157f3cbe6a56d36cc14020,1,1790039592.0
mech_a_aitodtovis_base200_s49n,A,A_small2_20260927,a642f2223cd7380ee8d20d96d5dbb338,200,b69417710e157f3cbe6a56d36cc14020,1,1790039592.0
mech_a_aitodtovis_base200_s50n,A,A_runs_20260929,ddbcef82fafb93cffef292db2510a360,200,d7f4404dd397a6c3f771151b382002f0,1,1790044229.0
mech_a_aitodtovis_base200_s50n,A,A_small2_20260927,ddbcef82fafb93cffef292db2510a360,200,d7f4404dd397a6c3f771151b382002f0,1,1790044229.0
mech_a_aitodtovis_base200_s51n,A,A_runs_20260929,12f2f079d2e963133dc5667dd15ca87d,200,36a2f377b73c30c0c1a39d00d5184368,1,1790048835.0
mech_a_aitodtovis_base200_s51n,A,A_small2_20260927,12f2f079d2e963133dc5667dd15ca87d,200,36a2f377b73c30c0c1a39d00d5184368,1,1790048835.0
mech_a_aitodtovis_lr005_200ep_s42n,A,A_runs_20260929,7ff09f55377f6aac1b683336f768ced0,200,1b0ab08d2d423552180a2476d2ce6edc,1,1790010124.0
mech_a_aitodtovis_lr005_200ep_s42n,A,A_small2_20260927,7ff09f55377f6aac1b683336f768ced0,200,1b0ab08d2d423552180a2476d2ce6edc,1,1790010124.0
mech_a_aitodtovis_lr005_200ep_s43n,A,A_runs_20260929,9afcee0cb67526001a8d74b55557b12f,200,683215a0b9427fadb033f7329febf30d,1,1790014710.0
mech_a_aitodtovis_lr005_200ep_s43n,A,A_small2_20260927,9afcee0cb67526001a8d74b55557b12f,200,683215a0b9427fadb033f7329febf30d,1,1790014710.0
mech_a_aitodtovis_lr005_200ep_s44n,A,A_runs_20260929,9e174aab1fa3dcadb98d7b2e50e70b79,200,8c8918a3b232625905e719b73f6e95ec,1,1790019255.0
mech_a_aitodtovis_lr005_200ep_s44n,A,A_small2_20260927,9e174aab1fa3dcadb98d7b2e50e70b79,200,8c8918a3b232625905e719b73f6e95ec,1,1790019255.0
mech_a_aitodtovis_lr005_200ep_s45n,A,A_runs_20260929,f0fcdd1a14c4d30f31cc3ae5899fef48,200,a82a2d2bd2e085a3da26e4283b954528,1,1790023806.0
mech_a_aitodtovis_lr005_200ep_s45n,A,A_small2_20260927,f0fcdd1a14c4d30f31cc3ae5899fef48,200,a82a2d2bd2e085a3da26e4283b954528,1,1790023806.0
mech_a_aitodtovis_lr005_200ep_s46n,A,A_runs_20260929,080a65f93f8dea4d54b024c8b3798f15,200,0cf4ee617237301cf5ff21ea678705cc,1,1790028348.0
mech_a_aitodtovis_lr005_200ep_s46n,A,A_small2_20260927,080a65f93f8dea4d54b024c8b3798f15,200,0cf4ee617237301cf5ff21ea678705cc,1,1790028348.0
mech_a_aitodtovis_lr005_200ep_s47n,A,A_runs_20260929,12fd9e153af1ec0f99f8b8ad7e7d7832,177,e7d709d682c6662cd0080f469f8b9733,1,1790032648.0
mech_a_aitodtovis_lr005_200ep_s47n,A,A_small2_20260927,12fd9e153af1ec0f99f8b8ad7e7d7832,177,e7d709d682c6662cd0080f469f8b9733,1,1790032648.0
mech_a_aitodtovis_lr005_200ep_s48n,A,A_runs_20260929,cf7556aee4f1f180900c14b685f6fc2b,200,b9098109fe841d58c2f08928ece43199,1,1790037229.0
mech_a_aitodtovis_lr005_200ep_s48n,A,A_small2_20260927,cf7556aee4f1f180900c14b685f6fc2b,200,b9098109fe841d58c2f08928ece43199,1,1790037229.0
mech_a_aitodtovis_lr005_200ep_s49n,A,A_runs_20260929,8ae3dee07a8c7a3d8d003f096870cbc4,200,553279bc19112974deecdb862d882134,1,1790041885.0
mech_a_aitodtovis_lr005_200ep_s49n,A,A_small2_20260927,8ae3dee07a8c7a3d8d003f096870cbc4,200,553279bc19112974deecdb862d882134,1,1790041885.0
mech_a_aitodtovis_lr005_200ep_s50n,A,A_runs_20260929,5507b4d39456de95952d51d63800b6da,200,5e3e53a37cd24358aec25fde4461694c,1,1790046488.0
mech_a_aitodtovis_lr005_200ep_s50n,A,A_small2_20260927,5507b4d39456de95952d51d63800b6da,200,5e3e53a37cd24358aec25fde4461694c,1,1790046488.0
mech_a_aitodtovis_lr005_200ep_s51n,A,A_runs_20260929,2e81522e51690f07145efdf1a8abb2a9,200,91007f4e5da9edb744c5f79163f2fe84,1,1790051120.0
mech_a_aitodtovis_lr005_200ep_s51n,A,A_small2_20260927,2e81522e51690f07145efdf1a8abb2a9,200,91007f4e5da9edb744c5f79163f2fe84,1,1790051120.0
mechctl_a_5ep_s42,A,A_runs_20260929,29db005feef2f075823c4b09e33cae38,5,c8a239c8ce948b64def2106790740cf9,1,1790004893.0
mechctl_a_5ep_s42,A,A_small2_20260927,29db005feef2f075823c4b09e33cae38,5,c8a239c8ce948b64def2106790740cf9,1,1790004893.0
mende_sns_base100ep_s43n,A,P1supp_A_20261002,fe83a4219627bf6c86e50cd07fb59388,100,0015e28e921a259c44c110a58e8c4593,1,1790951083.0
mende_sns_base100ep_s46n,A,P1supp_A_20261002,5540309914e90021726e46d27fff99f6,100,5167e86a098e5ce9f12fcc07dae393ee,1,1790951083.0
mende_sns_base100ep_s47n,A,P1supp_A_20261002,6622448e50dfb5db1fefc0e182032b78,100,e5b88b4b1cbcf1a635515f6c53b9df0e,1,1790951083.0
mende_sns_base100ep_s48n,A,P1supp_A_20261002,ca36f9d55d22bc760c8ddaa2e9d05c34,100,71dae7ebd459551f15fb729dfe671c46,1,1790951083.0
mende_sns_base100ep_s49n,A,P1supp_A_20261002,b057467f3aa03f35caa628218c5eca88,100,8cb6feb763bc14eab46b952d80c86675,1,1790951083.0
mende_sns_base100ep_s50n,A,P1supp_A_20261002,52b480ff90313d3f45e8ada827f49d2c,100,eb1ec98442d2f9e1f19bd52fb26db6f6,1,1790951083.0
mende_sns_base100ep_s51n,A,P1supp_A_20261002,d4e8bf06e0a4f6096a47455e559f9c3a,100,795d0c05802d08497c880e978816550c,1,1790951083.0
mende_sns_lr005_100ep_s43n,A,P1supp_A_20261002,0e27830507eb82519215467c38190f60,100,d22bd57ca4578905ded4cb32400aee3f,1,1790951083.0
mende_sns_lr005_100ep_s46n,A,P1supp_A_20261002,5521d424c0d8a11fc1655b33cd5b1751,100,fb8e2262ffb4506afd85feb2d8889a4e,1,1790951083.0
mende_sns_lr005_100ep_s47n,A,P1supp_A_20261002,b80ab3f22637f91ecad22675fe761f9b,100,0fdfeb8ba0e515f873778b22b6dce92c,1,1790951083.0
mende_sns_lr005_100ep_s48n,A,P1supp_A_20261002,5b2c66d782fc529fac794709353e6d9f,100,eb0560b216a7300567593e05dca2328e,1,1790951083.0
mende_sns_lr005_100ep_s49n,A,P1supp_A_20261002,85fafd4365416d95eb2ee3eb1281f532,100,9e4d8265516503f8a4498ce2e5c22279,1,1790951083.0
mende_sns_lr005_100ep_s50n,A,P1supp_A_20261002,6a1884f02952b3a00c5ce0788ac79975,100,6c91f6b6c23ae5269fb63220b5ac1808,1,1790951083.0
mende_sns_lr005_100ep_s51n,A,P1supp_A_20261002,bdd4142e1250a01dea05101d57f272ea,100,c20a884a7d03f158eec03d6398b00211,1,1790951083.0
mendein_base100_s43n,A,A_runs_20260929,f3fc6680db7e8b068260b383dd0b1fdd,100,ffcd41cb9a25f368ce716cfb46449999,1,1789761434.0
mendein_base100_s43n,A,A_small2_20260927,f3fc6680db7e8b068260b383dd0b1fdd,100,ffcd41cb9a25f368ce716cfb46449999,1,1789761434.0
mendein_base100_s44n,A,A_runs_20260929,6ae2a43c6e1784d23f455cc405617a4c,100,b81097ee684f75e26489dfba1df6f9f0,1,1789763496.0
mendein_base100_s44n,A,A_small2_20260927,6ae2a43c6e1784d23f455cc405617a4c,100,b81097ee684f75e26489dfba1df6f9f0,1,1789763496.0
mendein_pws_100ep_s43n,A,A_runs_20260929,1056daf937a88be4a76cf0414b40bc48,100,bcb1d9010a2dd9c6d5c618bd62bfdcbb,1,1789762797.0
mendein_pws_100ep_s43n,A,A_small2_20260927,1056daf937a88be4a76cf0414b40bc48,100,bcb1d9010a2dd9c6d5c618bd62bfdcbb,1,1789762797.0
mendein_pws_100ep_s44n,A,A_runs_20260929,2a2b103625a694a2d378ee266f3d601c,100,11579d961bb533b027220eed865a985c,1,1789764189.0
mendein_pws_100ep_s44n,A,A_small2_20260927,2a2b103625a694a2d378ee266f3d601c,100,11579d961bb533b027220eed865a985c,1,1789764189.0
mendein_pws_base100ep_s46n,A,P1supp_A_20261002,185c6fd853cd222eaa76b77890d059d3,100,dc85d3979753a0b54c70df9e663ef068,1,1790951083.0
mendein_pws_base100ep_s47n,A,P1supp_A_20261002,507ca3684fea86e81583c0d6cf93d3fc,100,2e74d741c57aea22b9c6281873afbec2,1,1790951083.0
mendein_pws_base100ep_s48n,A,P1supp_A_20261002,031d3fc4aa8b9afdeac1fc2abfcd4076,100,4579ab978948a9401072a4068c98a1ce,1,1790951083.0
mendein_pws_base100ep_s49n,A,P1supp_A_20261002,ec234204a1f407cd0e866a15fc3c0060,100,f63553b655da4be8761e680bd603d5b8,1,1790951083.0
mendein_pws_base100ep_s50n,A,P1supp_A_20261002,12299f69441f074b1400ecb201511a0d,100,7191c5d69fe8e24ac1e8bff6e62fea9d,1,1790951083.0
mendein_pws_base100ep_s51n,A,P1supp_A_20261002,62034d5e0063193b54fec0c4bfa73504,100,6d7eb7115d01122fde2a92af29bc3034,1,1790951083.0
mendein_pws_lr005_100ep_s46n,A,P1supp_A_20261002,9cfb5b00cf778ae01df129fe82ba264a,100,5533fce04bc7b6bf51948ae0e7fb520a,1,1790951083.0
mendein_pws_lr005_100ep_s47n,A,P1supp_A_20261002,a948d6cbc8e351e243fceece96dff5fe,100,53380211928c304361a96f3030f725f6,1,1790951083.0
mendein_pws_lr005_100ep_s48n,A,P1supp_A_20261002,690174302d10f55e3a5d1c300dce77ba,100,4cc0bbe45f1076ca49075d4943c335ad,1,1790951083.0
mendein_pws_lr005_100ep_s49n,A,P1supp_A_20261002,94b15bc7a0de465760a1c9d4aa3d70a8,100,86bd27efed33ecc7c65e80cb0eae9da0,1,1790951083.0
mendein_pws_lr005_100ep_s50n,A,P1supp_A_20261002,8432a01ca6ec06cefc41b6aa452238d0,100,5b0514592c09e0f8e0943875fcebcd21,1,1790951083.0
mendein_pws_lr005_100ep_s51n,A,P1supp_A_20261002,d446e6968f1cb39b9645a0cc087c96df,100,a6e23eea28d278655855814b9e17613b,1,1790951083.0
ns30_s42n,A,A_runs_20260929,43cf01ac44a6c22220e3bceeeefff747,30,2c5a856083e627b00a6fce978bc55dcd,1,1790089289.0
ns30_s42n,A,A_small2_20260927,43cf01ac44a6c22220e3bceeeefff747,30,2c5a856083e627b00a6fce978bc55dcd,1,1790089289.0
ns50_s42n,A,A_runs_20260929,07a2992dc6a3f9a4fc0e6847cd33a28f,47,d571ff910a29f47d4e8310872ec990f4,1,1790089789.0
ns50_s42n,A,A_small2_20260927,07a2992dc6a3f9a4fc0e6847cd33a28f,47,d571ff910a29f47d4e8310872ec990f4,1,1790089789.0
oldenv_dv_10p_base_s43n,A,A_runs_20260929,b1fcfb6e2368f1385a3f7ab0821e9221,100,c5b6a59e8fbc32fcc49a0838a1cfd14f,1,1790471953.0
oldenv_dv_10p_base_s43n,A,A_small2_20260927,b1fcfb6e2368f1385a3f7ab0821e9221,100,c5b6a59e8fbc32fcc49a0838a1cfd14f,1,1790471953.0
oldenv_dv_10p_base_s44n,A,A_runs_20260929,7ea2a1f00c016e403e02fec8b3787961,100,06c487f632a3918bc05fa70632a3388a,1,1790474250.0
oldenv_dv_10p_base_s44n,A,A_small2_20260927,7ea2a1f00c016e403e02fec8b3787961,100,06c487f632a3918bc05fa70632a3388a,1,1790474250.0
oldenv_dv_10p_base_s45n,A,A_runs_20260929,fcbd5ea732ec811fa2100dc064675891,100,d4e220a65dd25bcb0a58666bcda22669,1,1790477094.0
oldenv_dv_10p_base_s45n,A,A_small2_20260927,fcbd5ea732ec811fa2100dc064675891,100,d4e220a65dd25bcb0a58666bcda22669,1,1790477094.0
oldenv_dv_10p_base_s46n,A,A_runs_20260929,c5c20abee13331a4c1aaf35f503f0dee,100,3cbba1675001caeadaec67e7c4037157,1,1790480058.0
oldenv_dv_10p_base_s46n,A,A_small2_20260927,c5c20abee13331a4c1aaf35f503f0dee,100,3cbba1675001caeadaec67e7c4037157,1,1790480058.0
oldenv_dv_10p_base_s47n,A,A_runs_20260929,7a94d2a7c5fe677d2eff92c087d1cef9,100,9dfaa5fdf4a8bc838cb01b18cb804cbb,1,1790482838.0
oldenv_dv_10p_base_s47n,A,A_small2_20260927,7a94d2a7c5fe677d2eff92c087d1cef9,100,9dfaa5fdf4a8bc838cb01b18cb804cbb,1,1790482838.0
oldenv_dv_10p_base_s48n,A,A_runs_20260929,d2a31ca540a155e1d19426d2c9b0adca,100,07ed5312bdaa6f13349a83ccd0da81ee,1,1790485643.0
oldenv_dv_10p_base_s48n,A,A_small2_20260927,d2a31ca540a155e1d19426d2c9b0adca,100,07ed5312bdaa6f13349a83ccd0da81ee,1,1790485643.0
oldenv_dv_10p_lr005_s43n,A,A_runs_20260929,e0775b23e5fd056de797065e439dfa1f,100,855c68b2a2677c65873ab312a706759d,1,1790473031.0
oldenv_dv_10p_lr005_s43n,A,A_small2_20260927,e0775b23e5fd056de797065e439dfa1f,100,855c68b2a2677c65873ab312a706759d,1,1790473031.0
oldenv_dv_10p_lr005_s44n,A,A_runs_20260929,ace026a39ebea84f90abdc70db092841,100,4817a17b48fd2f4d94fb109f7a97b685,1,1790475709.0
oldenv_dv_10p_lr005_s44n,A,A_small2_20260927,ace026a39ebea84f90abdc70db092841,100,4817a17b48fd2f4d94fb109f7a97b685,1,1790475709.0
oldenv_dv_10p_lr005_s45n,A,A_runs_20260929,e2f1da55267a5997d1e5613bda7293f6,100,f9afa67d5ece954e8755b93f5c014322,1,1790478547.0
oldenv_dv_10p_lr005_s45n,A,A_small2_20260927,e2f1da55267a5997d1e5613bda7293f6,100,f9afa67d5ece954e8755b93f5c014322,1,1790478547.0
oldenv_dv_10p_lr005_s46n,A,A_runs_20260929,c26410c22a05233e221212997cb76c39,100,352d7b35f5d49e9423f998af8ca54d87,1,1790481524.0
oldenv_dv_10p_lr005_s46n,A,A_small2_20260927,c26410c22a05233e221212997cb76c39,100,352d7b35f5d49e9423f998af8ca54d87,1,1790481524.0
oldenv_dv_10p_lr005_s47n,A,A_runs_20260929,e76623a49c03827cc5efd7ef724fd960,100,fe55ed4417ec67fe3a14d9feb6766373,1,1790484246.0
oldenv_dv_10p_lr005_s47n,A,A_small2_20260927,e76623a49c03827cc5efd7ef724fd960,100,fe55ed4417ec67fe3a14d9feb6766373,1,1790484246.0
oldenv_dv_50p_base_s43n,A,A_runs_20260929,5ad2ce5ff11fd29e05c3942af4bdeafb,100,9052eb09464f92740f9d90500a1ba357,1,1790475572.0
oldenv_dv_50p_base_s43n,A,A_small2_20260927,5ad2ce5ff11fd29e05c3942af4bdeafb,100,9052eb09464f92740f9d90500a1ba357,1,1790475572.0
oldenv_dv_50p_base_s44n,A,A_runs_20260929,018f1670fcc7a2ec1177696a7274bc05,100,be5fa6167f211365726e69bf7e970c90,1,1790480414.0
oldenv_dv_50p_base_s44n,A,A_small2_20260927,018f1670fcc7a2ec1177696a7274bc05,100,be5fa6167f211365726e69bf7e970c90,1,1790480414.0
oldenv_dv_50p_base_s45n,A,A_runs_20260929,cdb1b5dbd798e02c3b12005611894f90,100,45c32146d4df7a210b78539b55ac7a41,1,1790484881.0
oldenv_dv_50p_base_s45n,A,A_small2_20260927,cdb1b5dbd798e02c3b12005611894f90,100,45c32146d4df7a210b78539b55ac7a41,1,1790484881.0
oldenv_dv_50p_lr005_s43n,A,A_runs_20260929,a153f1376403691d7eb7ffb62b47b7cb,100,e750d5029e84307c200629a8d92ba7ac,1,1790477883.0
oldenv_dv_50p_lr005_s43n,A,A_small2_20260927,a153f1376403691d7eb7ffb62b47b7cb,100,e750d5029e84307c200629a8d92ba7ac,1,1790477883.0
oldenv_dv_50p_lr005_s44n,A,A_runs_20260929,ddcbea30ec88793eca4e2bd1ed8723f2,100,6de7ece83744c7bc40c76914fb8471b3,1,1790482639.0
oldenv_dv_50p_lr005_s44n,A,A_small2_20260927,ddcbea30ec88793eca4e2bd1ed8723f2,100,6de7ece83744c7bc40c76914fb8471b3,1,1790482639.0
oldenv_la_10p_base_s43n,A,A_runs_20260929,573bd73f841513270b478bacdbe72bc9,100,e89bfae4c687298996a183fa3a4fefc2,1,1790470971.0
oldenv_la_10p_base_s43n,A,A_small2_20260927,573bd73f841513270b478bacdbe72bc9,100,e89bfae4c687298996a183fa3a4fefc2,1,1790470971.0
oldenv_la_10p_base_s44n,A,A_runs_20260929,7e804456ddb116e15739214466681ff9,100,8fae7b3844981917fb8522ab3aba7169,1,1790477960.0
oldenv_la_10p_base_s44n,A,A_small2_20260927,7e804456ddb116e15739214466681ff9,100,8fae7b3844981917fb8522ab3aba7169,1,1790477960.0
oldenv_la_10p_base_s45n,A,A_runs_20260929,83ba1e1da8406a69fd2027d296fbad4b,100,e5ddff1970c789e31bc8d998202cf098,1,1790485710.0
oldenv_la_10p_base_s45n,A,A_small2_20260927,83ba1e1da8406a69fd2027d296fbad4b,100,e5ddff1970c789e31bc8d998202cf098,1,1790485710.0
oldenv_la_10p_lr005_s43n,A,A_runs_20260929,a1c66bef74f38958e379d8fb167221cb,100,38c568d78278d4b58703bae1f0117867,1,1790474226.0
oldenv_la_10p_lr005_s43n,A,A_small2_20260927,a1c66bef74f38958e379d8fb167221cb,100,38c568d78278d4b58703bae1f0117867,1,1790474226.0
oldenv_la_10p_lr005_s44n,A,A_runs_20260929,6f7b41e07933f1bafd00f8b1f4c131c1,100,5df52b67cac2c952a4e4ced191410e81,1,1790481860.0
oldenv_la_10p_lr005_s44n,A,A_small2_20260927,6f7b41e07933f1bafd00f8b1f4c131c1,100,5df52b67cac2c952a4e4ced191410e81,1,1790481860.0
oldenv_la_50p_base_s43n,A,A_runs_20260929,1b8e929c169b100a57c174f87d1c9647,100,e8423c72b514d53674e9ba1dc8b1407f,1,1790473418.0
oldenv_la_50p_base_s43n,A,A_small2_20260927,1b8e929c169b100a57c174f87d1c9647,100,e8423c72b514d53674e9ba1dc8b1407f,1,1790473418.0
oldenv_la_50p_lr005_s43n,A,A_runs_20260929,dac4290e0224dd00b2b3e16bd7593259,100,739e78a20c9f8f54e6323868db7910a8,1,1790484393.0
oldenv_la_50p_lr005_s43n,A,A_small2_20260927,dac4290e0224dd00b2b3e16bd7593259,100,739e78a20c9f8f54e6323868db7910a8,1,1790484393.0
r10_aitod20_base30_3way_s42n,A,A_runs_20260929,e87254d0f62a3f0cca46ca422c20c292,30,32baa8db6ff3cdc77b99b15a28cb3e3d,1,1789433716.0
r10_aitod20_base30_3way_s42n,A,A_small2_20260927,e87254d0f62a3f0cca46ca422c20c292,30,32baa8db6ff3cdc77b99b15a28cb3e3d,1,1789433716.0
r10_aitod20_base30_3way_s43n,A,A_runs_20260929,740af609a81c01d9b2bc702ce99e36f7,30,1756006215ad7ff34c40d17b9076b827,1,1789378655.0
r10_aitod20_base30_3way_s43n,A,A_small2_20260927,740af609a81c01d9b2bc702ce99e36f7,30,1756006215ad7ff34c40d17b9076b827,1,1789378655.0
r10_aitod20_base30_3way_s44n,A,A_runs_20260929,935dd86d2f9015d761b7a5056984a130,30,b2edfacf8b942146096bed95e38f65c5,1,1789380748.0
r10_aitod20_base30_3way_s44n,A,A_small2_20260927,935dd86d2f9015d761b7a5056984a130,30,b2edfacf8b942146096bed95e38f65c5,1,1789380748.0
r10_aitod20_base30_3way_s45n,A,A_runs_20260929,6349e3df25cc966216809551764b8876,30,9084447ab65dce852ff773e5bcc946ec,1,1789894894.0
r10_aitod20_base30_3way_s45n,A,A_small2_20260927,6349e3df25cc966216809551764b8876,30,9084447ab65dce852ff773e5bcc946ec,1,1789894894.0
r10_aitod20_base30_3way_s46n,A,A_runs_20260929,c6edb4ca331eee8df2b436c061551341,30,c7f50a4c4b02da0d613ef18dea84110d,1,1789895442.0
r10_aitod20_base30_3way_s46n,A,A_small2_20260927,c6edb4ca331eee8df2b436c061551341,30,c7f50a4c4b02da0d613ef18dea84110d,1,1789895442.0
r10_aitod20_base30_3way_s47n,A,A_runs_20260929,9b58e049d6576fcd2aa846c3e6171841,30,24de7043aae6402b4de8e87ba1d91036,1,1789895988.0
r10_aitod20_base30_3way_s47n,A,A_small2_20260927,9b58e049d6576fcd2aa846c3e6171841,30,24de7043aae6402b4de8e87ba1d91036,1,1789895988.0
r10_aitod20_base30_3way_s48n,A,A_runs_20260929,ae11ccd0ba9f522a70311ade2affe45d,30,08f8042bd0a517e050e26320b846ee0b,1,1789896536.0
r10_aitod20_base30_3way_s48n,A,A_small2_20260927,ae11ccd0ba9f522a70311ade2affe45d,30,08f8042bd0a517e050e26320b846ee0b,1,1789896536.0
r10_aitod20_base30_3way_s49n,A,A_runs_20260929,2c90f59923071bd79697c007e4053073,30,28104fad583f8c5537f8b74e20afbc7e,1,1789897083.0
r10_aitod20_base30_3way_s49n,A,A_small2_20260927,2c90f59923071bd79697c007e4053073,30,28104fad583f8c5537f8b74e20afbc7e,1,1789897083.0
r10_aitod20_base30_3way_s50n,A,A_runs_20260929,e123c48ae7f9bf3e48e8261f6d151b30,30,0db2dd12e92a070e676adda14717891d,1,1789897628.0
r10_aitod20_base30_3way_s50n,A,A_small2_20260927,e123c48ae7f9bf3e48e8261f6d151b30,30,0db2dd12e92a070e676adda14717891d,1,1789897628.0
r10_aitod20_base30_3way_s51n,A,A_runs_20260929,3b033070ac23588e62fbfbc7a7ee9ce1,30,aca73142cd1e1deb35552b576c12e4f1,1,1789898173.0
r10_aitod20_base30_3way_s51n,A,A_small2_20260927,3b033070ac23588e62fbfbc7a7ee9ce1,30,aca73142cd1e1deb35552b576c12e4f1,1,1789898173.0
r10_aitod20_lr005_30ep_3way_s42n,A,A_runs_20260929,f122427cfce121f302d5a35ebf6f2fde,30,1509f58e29421e4c044471ba0c16c875,1,1789377345.0
r10_aitod20_lr005_30ep_3way_s42n,A,A_small2_20260927,f122427cfce121f302d5a35ebf6f2fde,30,1509f58e29421e4c044471ba0c16c875,1,1789377345.0
r10_aitod20_lr005_30ep_3way_s43n,A,A_runs_20260929,c1e65d1e5c7eaf2ee79b01a4900a478e,30,f9c06d90d102d2859cc177d30e85e616,1,1789379786.0
r10_aitod20_lr005_30ep_3way_s43n,A,A_small2_20260927,c1e65d1e5c7eaf2ee79b01a4900a478e,30,f9c06d90d102d2859cc177d30e85e616,1,1789379786.0
r10_aitod20_lr005_30ep_3way_s44n,A,A_runs_20260929,4d9b35c763a282a164d3599d8019eb23,30,4e080c557e1bac510f53494a978d1db1,1,1789381517.0
r10_aitod20_lr005_30ep_3way_s44n,A,A_small2_20260927,4d9b35c763a282a164d3599d8019eb23,30,4e080c557e1bac510f53494a978d1db1,1,1789381517.0
r10_aitod20_lr005_30ep_3way_s45n,A,A_runs_20260929,2f1f31ebc02d32f9bf154bde2ef6ce0c,30,7886c8df599eceb252621766ec84a137,1,1789903923.0
r10_aitod20_lr005_30ep_3way_s45n,A,A_small2_20260927,2f1f31ebc02d32f9bf154bde2ef6ce0c,30,7886c8df599eceb252621766ec84a137,1,1789903923.0
r10_aitod20_lr005_30ep_3way_s45n_PARTIAL_09200932,A,A_runs_20260929,7f61addbeee6282542de5368a3191afb,11,7886c8df599eceb252621766ec84a137,1,1789887061.0
r10_aitod20_lr005_30ep_3way_s45n_PARTIAL_09200932,A,A_small2_20260927,7f61addbeee6282542de5368a3191afb,11,7886c8df599eceb252621766ec84a137,1,1789887061.0
r10_aitod20_lr005_30ep_3way_s46n,A,A_runs_20260929,e83b38e63af08defacd214b2d4b104a8,30,b5bfda7929b95e53e38d50f6d9282678,1,1789888118.0
r10_aitod20_lr005_30ep_3way_s46n,A,A_small2_20260927,e83b38e63af08defacd214b2d4b104a8,30,b5bfda7929b95e53e38d50f6d9282678,1,1789888118.0
r10_aitod20_lr005_30ep_3way_s47n,A,A_runs_20260929,4043b79b7ebfa4573fba139f62e19310,30,6f84b7a6cb3e675ef3f1ebb8a8094b5a,1,1789904474.0
r10_aitod20_lr005_30ep_3way_s47n,A,A_small2_20260927,4043b79b7ebfa4573fba139f62e19310,30,6f84b7a6cb3e675ef3f1ebb8a8094b5a,1,1789904474.0
r10_aitod20_lr005_30ep_3way_s47n_PARTIAL_09200932,A,A_runs_20260929,ccaceaf328f15844c168cd27ba5f8f13,23,6f84b7a6cb3e675ef3f1ebb8a8094b5a,1,1789889495.0
r10_aitod20_lr005_30ep_3way_s47n_PARTIAL_09200932,A,A_small2_20260927,ccaceaf328f15844c168cd27ba5f8f13,23,6f84b7a6cb3e675ef3f1ebb8a8094b5a,1,1789889495.0
r10_aitod20_lr005_30ep_3way_s47n_oomfix,A,A_runs_20260929,627cebecaf3a4502d06bb5f0f33a6c0e,30,5bf92a1bc66792c87c4fe7816a4a133c,1,1790375151.0
r10_aitod20_lr005_30ep_3way_s47n_oomfix,A,A_small2_20260927,627cebecaf3a4502d06bb5f0f33a6c0e,30,5bf92a1bc66792c87c4fe7816a4a133c,1,1790375151.0
r10_aitod20_lr005_30ep_3way_s48n,A,A_runs_20260929,0862c5fa3a5d1707df48898b37566f15,30,94a2a2759dea1b9ac0a1900a5cca0efc,1,1789890970.0
r10_aitod20_lr005_30ep_3way_s48n,A,A_small2_20260927,0862c5fa3a5d1707df48898b37566f15,30,94a2a2759dea1b9ac0a1900a5cca0efc,1,1789890970.0
r10_aitod20_lr005_30ep_3way_s49n,A,A_runs_20260929,264513191c54708b110b8271785f65db,30,7e5f5a811754d9210bc9dd497f2bae1e,1,1789905026.0
r10_aitod20_lr005_30ep_3way_s49n,A,A_small2_20260927,264513191c54708b110b8271785f65db,30,7e5f5a811754d9210bc9dd497f2bae1e,1,1789905026.0
r10_aitod20_lr005_30ep_3way_s49n_PARTIAL_09200932,A,A_runs_20260929,dfbd4ee5c05deaefc22777714507f1bd,6,7e5f5a811754d9210bc9dd497f2bae1e,1,1789891436.0
r10_aitod20_lr005_30ep_3way_s49n_PARTIAL_09200932,A,A_small2_20260927,dfbd4ee5c05deaefc22777714507f1bd,6,7e5f5a811754d9210bc9dd497f2bae1e,1,1789891436.0
r10_aitod20_lr005_30ep_3way_s50n,A,A_runs_20260929,1bf5f4ef3b3dc5acee99a6dd66735f9d,30,f3a5b3e416ef2cefe6f96be076be360b,1,1789892453.0
r10_aitod20_lr005_30ep_3way_s50n,A,A_small2_20260927,1bf5f4ef3b3dc5acee99a6dd66735f9d,30,f3a5b3e416ef2cefe6f96be076be360b,1,1789892453.0
r10_aitod20_lr005_30ep_3way_s51n,A,A_runs_20260929,338d713ebbef66806bb5394d7f876ed4,30,e4a739a7f2864e4a69d822797288e4df,1,1789905586.0
r10_aitod20_lr005_30ep_3way_s51n,A,A_small2_20260927,338d713ebbef66806bb5394d7f876ed4,30,e4a739a7f2864e4a69d822797288e4df,1,1789905586.0
r10_aitod20_lr005_30ep_3way_s51n_PARTIAL_09200932,A,A_runs_20260929,966ab863288a7bce0a6aefbd309407cd,1,e4a739a7f2864e4a69d822797288e4df,1,1789892575.0
r10_aitod20_lr005_30ep_3way_s51n_PARTIAL_09200932,A,A_small2_20260927,966ab863288a7bce0a6aefbd309407cd,1,e4a739a7f2864e4a69d822797288e4df,1,1789892575.0
r10_d15d15_base30_3way_s42n,A,A_runs_20260929,ee1eb03748065025c6e6f1f4261416b0,30,230a759fc8f667337c462b993785c9cb,1,1789375647.0
r10_d15d15_base30_3way_s42n,A,A_small2_20260927,ee1eb03748065025c6e6f1f4261416b0,30,230a759fc8f667337c462b993785c9cb,1,1789375647.0
r10_d15d15_base30_3way_s42n_OOMKILLED_0842,A,A_runs_20260929,e905b8079ad9485414649826e44af7e5,14,230a759fc8f667337c462b993785c9cb,1,1789373426.0
r10_d15d15_base30_3way_s42n_OOMKILLED_0842,A,A_small2_20260927,e905b8079ad9485414649826e44af7e5,14,230a759fc8f667337c462b993785c9cb,1,1789373426.0
r10_d15d15_base30_3way_s43n,A,A_runs_20260929,164ff465fc3a6b0d81de78b5c77416d9,30,335907b6c043af3b47bbf5800cde536c,1,1789373792.0
r10_d15d15_base30_3way_s43n,A,A_small2_20260927,164ff465fc3a6b0d81de78b5c77416d9,30,335907b6c043af3b47bbf5800cde536c,1,1789373792.0
r10_d15d15_base30_3way_s44n,A,A_runs_20260929,3dd607315322048587ba49818937b11c,30,c9b4560636daee7ed6a62993cb9836f0,1,1789374924.0
r10_d15d15_base30_3way_s44n,A,A_small2_20260927,3dd607315322048587ba49818937b11c,30,c9b4560636daee7ed6a62993cb9836f0,1,1789374924.0
r10_d15d15_base30_3way_s45n,A,A_runs_20260929,f1dd2e606d99e405018670e6fad53b30,30,0da7ff170a9af81391e5d7316cae7f39,1,1789868051.0
r10_d15d15_base30_3way_s45n,A,A_small2_20260927,f1dd2e606d99e405018670e6fad53b30,30,0da7ff170a9af81391e5d7316cae7f39,1,1789868051.0
r10_d15d15_base30_3way_s46n,A,A_runs_20260929,efa76ff1e419d08ec6501e62fc6433e5,30,aaec181b2c936b082ab68230606b7eaa,1,1789870223.0
r10_d15d15_base30_3way_s46n,A,A_small2_20260927,efa76ff1e419d08ec6501e62fc6433e5,30,aaec181b2c936b082ab68230606b7eaa,1,1789870223.0
r10_d15d15_base30_3way_s46n_oomfix,A,A_runs_20260929,cc7a14021492d3770642b792dcdf698a,30,cbf45070c54991c8335e5108bebd32f9,1,1790373478.0
r10_d15d15_base30_3way_s46n_oomfix,A,A_small2_20260927,cc7a14021492d3770642b792dcdf698a,30,cbf45070c54991c8335e5108bebd32f9,1,1790373478.0
r10_d15d15_base30_3way_s47n,A,A_runs_20260929,647ab715059be33d8fd4a1d0babdc615,30,747ec7bf64b9e2463e9d6c6c5a7b0939,1,1789872014.0
r10_d15d15_base30_3way_s47n,A,A_small2_20260927,647ab715059be33d8fd4a1d0babdc615,30,747ec7bf64b9e2463e9d6c6c5a7b0939,1,1789872014.0
r10_d15d15_base30_3way_s48n,A,A_runs_20260929,be37d019a5775e00e42cbe4627fa38e2,30,a6d8ad1501644307e70ec704392c117a,1,1789873921.0
r10_d15d15_base30_3way_s48n,A,A_small2_20260927,be37d019a5775e00e42cbe4627fa38e2,30,a6d8ad1501644307e70ec704392c117a,1,1789873921.0
r10_d15d15_base30_3way_s49n,A,A_runs_20260929,4178c912aa218eabb14070aa0566a59e,30,ef971d1566dcfac0dd8501b42f86d821,1,1789874331.0
r10_d15d15_base30_3way_s49n,A,A_small2_20260927,4178c912aa218eabb14070aa0566a59e,30,ef971d1566dcfac0dd8501b42f86d821,1,1789874331.0
r10_d15d15_base30_3way_s50n,A,A_runs_20260929,c80f4b983b1bd9ac1608f40f6c5e8f28,30,a27e01e15ada5c0eec4d4d297648007a,1,1789874743.0
r10_d15d15_base30_3way_s50n,A,A_small2_20260927,c80f4b983b1bd9ac1608f40f6c5e8f28,30,a27e01e15ada5c0eec4d4d297648007a,1,1789874743.0
r10_d15d15_base30_3way_s51n,A,A_runs_20260929,3138416d06d09bca6ddab265b99ea628,30,57cb2206e71413d8f11ac5bdbf133736,1,1789875174.0
r10_d15d15_base30_3way_s51n,A,A_small2_20260927,3138416d06d09bca6ddab265b99ea628,30,57cb2206e71413d8f11ac5bdbf133736,1,1789875174.0
r10_d15d15_lr005_30ep_3way_s42n,A,A_runs_20260929,07a58fcaa774557030a5d51b1f913cb9,30,3bee233fd14c025ef8eaf0d49128d18f,1,1789374087.0
r10_d15d15_lr005_30ep_3way_s42n,A,A_small2_20260927,07a58fcaa774557030a5d51b1f913cb9,30,3bee233fd14c025ef8eaf0d49128d18f,1,1789374087.0
r10_d15d15_lr005_30ep_3way_s42n_oomfix,A,A_runs_20260929,cd8c5f04af40db83d4437280344884f5,30,a53a122f19be8a8c6253c24df4d3bb1d,1,1790374395.0
r10_d15d15_lr005_30ep_3way_s42n_oomfix,A,A_small2_20260927,cd8c5f04af40db83d4437280344884f5,30,a53a122f19be8a8c6253c24df4d3bb1d,1,1790374395.0
r10_d15d15_lr005_30ep_3way_s43n,A,A_runs_20260929,c64e95fa3d634d6ea044cbfc877c73a7,30,de8caba7fe145ba92ef95726e6fe1bc1,1,1789382379.0
r10_d15d15_lr005_30ep_3way_s43n,A,A_small2_20260927,c64e95fa3d634d6ea044cbfc877c73a7,30,de8caba7fe145ba92ef95726e6fe1bc1,1,1789382379.0
r10_d15d15_lr005_30ep_3way_s43n_OOMKILLED_0842,A,A_runs_20260929,06b40ca92e9b28cb21331c8f61e62565,6,de8caba7fe145ba92ef95726e6fe1bc1,1,1789374496.0
r10_d15d15_lr005_30ep_3way_s43n_OOMKILLED_0842,A,A_small2_20260927,06b40ca92e9b28cb21331c8f61e62565,6,de8caba7fe145ba92ef95726e6fe1bc1,1,1789374496.0
r10_d15d15_lr005_30ep_3way_s43n_PARTIAL_1033,A,A_runs_20260929,033ec819f0955fe79c2c79e39f034162,16,de8caba7fe145ba92ef95726e6fe1bc1,1,1789375466.0
r10_d15d15_lr005_30ep_3way_s43n_PARTIAL_1033,A,A_small2_20260927,033ec819f0955fe79c2c79e39f034162,16,de8caba7fe145ba92ef95726e6fe1bc1,1,1789375466.0
r10_d15d15_lr005_30ep_3way_s44n,A,A_runs_20260929,0ea123cd7a7ceb35428c3b5ac9f93e4f,30,37bf19fe7bad102962cc3fabba47b4ec,1,1789374854.0
r10_d15d15_lr005_30ep_3way_s44n,A,A_small2_20260927,0ea123cd7a7ceb35428c3b5ac9f93e4f,30,37bf19fe7bad102962cc3fabba47b4ec,1,1789374854.0
r10_d15d15_lr005_30ep_3way_s45n,A,A_runs_20260929,0c44c155a47489303ef0eee26cc86b8c,30,c58feba6bbd1a25e26e241012a9f1dbe,1,1789868996.0
r10_d15d15_lr005_30ep_3way_s45n,A,A_small2_20260927,0c44c155a47489303ef0eee26cc86b8c,30,c58feba6bbd1a25e26e241012a9f1dbe,1,1789868996.0
r10_d15d15_lr005_30ep_3way_s46n,A,A_runs_20260929,c6fdb7473a66e0da3963a7784a512fa6,30,acc3d86da4b46e0e023896d1e7e27491,1,1789871004.0
r10_d15d15_lr005_30ep_3way_s46n,A,A_small2_20260927,c6fdb7473a66e0da3963a7784a512fa6,30,acc3d86da4b46e0e023896d1e7e27491,1,1789871004.0
r10_d15d15_lr005_30ep_3way_s47n,A,A_runs_20260929,9ee9ae878a728bfb42f4d7ee6b0b2139,30,86fd1b1515309f3281ffbe71e86f44f8,1,1789873651.0
r10_d15d15_lr005_30ep_3way_s47n,A,A_small2_20260927,9ee9ae878a728bfb42f4d7ee6b0b2139,30,86fd1b1515309f3281ffbe71e86f44f8,1,1789873651.0
r10_d15d15_lr005_30ep_3way_s47n_oomfix,A,A_runs_20260929,fcce189daefe1253a6fa4881e9929ead,30,2bbb196fd24fe0b5f5afb927df19e1c6,1,1790373881.0
r10_d15d15_lr005_30ep_3way_s47n_oomfix,A,A_small2_20260927,fcce189daefe1253a6fa4881e9929ead,30,2bbb196fd24fe0b5f5afb927df19e1c6,1,1790373881.0
r10_d15d15_lr005_30ep_3way_s48n,A,A_runs_20260929,5e398c0605d6b81f05f9e2498ce4d533,30,03d7ac0f884d765743bd01cf8c509a38,1,1789874127.0
r10_d15d15_lr005_30ep_3way_s48n,A,A_small2_20260927,5e398c0605d6b81f05f9e2498ce4d533,30,03d7ac0f884d765743bd01cf8c509a38,1,1789874127.0
r10_d15d15_lr005_30ep_3way_s49n,A,A_runs_20260929,4c7ab58bdd7aea206d811b4e38ecc9ca,30,59c24e79904541664faf63bafa799902,1,1789874537.0
r10_d15d15_lr005_30ep_3way_s49n,A,A_small2_20260927,4c7ab58bdd7aea206d811b4e38ecc9ca,30,59c24e79904541664faf63bafa799902,1,1789874537.0
r10_d15d15_lr005_30ep_3way_s50n,A,A_runs_20260929,9e4561b3c206660a189fdfefffc81520,30,1f1eef06e64da8f508003ce968e8e9fd,1,1789874948.0
r10_d15d15_lr005_30ep_3way_s50n,A,A_small2_20260927,9e4561b3c206660a189fdfefffc81520,30,1f1eef06e64da8f508003ce968e8e9fd,1,1789874948.0
r10_d15d15_lr005_30ep_3way_s51n,A,A_runs_20260929,688da7b23ef99b67e8df8beb1f5bd2f7,30,42d458ed58f465fda74ff6e9e523d5f9,1,1789875399.0
r10_d15d15_lr005_30ep_3way_s51n,A,A_small2_20260927,688da7b23ef99b67e8df8beb1f5bd2f7,30,42d458ed58f465fda74ff6e9e523d5f9,1,1789875399.0
r10_dota_base30_3way_s42n,A,A_runs_20260929,d979923d6333c1651acce1d868233145,30,e93f33e8abd86f085bdb5eaac28f58d0,1,1789435238.0
r10_dota_base30_3way_s42n,A,A_small2_20260927,d979923d6333c1651acce1d868233145,30,e93f33e8abd86f085bdb5eaac28f58d0,1,1789435238.0
r10_dota_base30_3way_s43n,A,A_runs_20260929,ccebbc9edee947f1341efe21a919695d,30,4d79df012501586e6d206bf069d06db7,1,1789437869.0
r10_dota_base30_3way_s43n,A,A_small2_20260927,ccebbc9edee947f1341efe21a919695d,30,4d79df012501586e6d206bf069d06db7,1,1789437869.0
r10_dota_base30_3way_s44n,A,A_runs_20260929,e9aa6ebda1a3a31e2c19f3f45510f0fc,30,2ce332e3822d49625d75dc85edc1dd42,1,1789438315.0
r10_dota_base30_3way_s44n,A,A_small2_20260927,e9aa6ebda1a3a31e2c19f3f45510f0fc,30,2ce332e3822d49625d75dc85edc1dd42,1,1789438315.0
r10_dota_base30_3way_s45n,A,A_runs_20260929,7cb3b332616e1a0f3762e2e65095f938,30,7bba2b3f87180568d6729af024adc556,1,1789887840.0
r10_dota_base30_3way_s45n,A,A_small2_20260927,7cb3b332616e1a0f3762e2e65095f938,30,7bba2b3f87180568d6729af024adc556,1,1789887840.0
r10_dota_base30_3way_s45n_oomfix,A,A_runs_20260929,b16a08e84730e5be399c9061aa5d4660,30,f877d903b1c58d29a01ff9b4a1b22359,1,1790374421.0
r10_dota_base30_3way_s45n_oomfix,A,A_small2_20260927,b16a08e84730e5be399c9061aa5d4660,30,f877d903b1c58d29a01ff9b4a1b22359,1,1790374421.0
r10_dota_base30_3way_s46n,A,A_runs_20260929,ac5833dcdc4eba3130e65fd1987f93a9,30,0ff051ea17fac2f9451eb0c118be2588,1,1789889860.0
r10_dota_base30_3way_s46n,A,A_small2_20260927,ac5833dcdc4eba3130e65fd1987f93a9,30,0ff051ea17fac2f9451eb0c118be2588,1,1789889860.0
r10_dota_base30_3way_s47n,A,A_runs_20260929,d12bab74a458c57dd23a6f237f0a5a2b,30,655fde191bfff5e25f1acbcedb3ed8ae,1,1789891587.0
r10_dota_base30_3way_s47n,A,A_small2_20260927,d12bab74a458c57dd23a6f237f0a5a2b,30,655fde191bfff5e25f1acbcedb3ed8ae,1,1789891587.0
r10_dota_base30_3way_s48n,A,A_runs_20260929,0cc0484ee8004725f6566b8a8a69fa19,30,a6e6e9ae7137d5ce37b995d679a4f497,1,1789892767.0
r10_dota_base30_3way_s48n,A,A_small2_20260927,0cc0484ee8004725f6566b8a8a69fa19,30,a6e6e9ae7137d5ce37b995d679a4f497,1,1789892767.0
r10_dota_base30_3way_s49n,A,A_runs_20260929,74d24634978c5413e8a13391cd7a54a2,30,cadb917cea8c6f426ed7cdd1f537fa72,1,1789893213.0
r10_dota_base30_3way_s49n,A,A_small2_20260927,74d24634978c5413e8a13391cd7a54a2,30,cadb917cea8c6f426ed7cdd1f537fa72,1,1789893213.0
r10_dota_base30_3way_s50n,A,A_runs_20260929,2b821f172a1eae1c90222b1cb1597b81,30,826ea3a684ddd5c9991fb3d941afc468,1,1789893669.0
r10_dota_base30_3way_s50n,A,A_small2_20260927,2b821f172a1eae1c90222b1cb1597b81,30,826ea3a684ddd5c9991fb3d941afc468,1,1789893669.0
r10_dota_base30_3way_s51n,A,A_runs_20260929,8649641ca388b2be1dfcc90f408d9a5e,30,d9fc8e4d54c0f759a2128f728621326f,1,1789894120.0
r10_dota_base30_3way_s51n,A,A_small2_20260927,8649641ca388b2be1dfcc90f408d9a5e,30,d9fc8e4d54c0f759a2128f728621326f,1,1789894120.0
r10_dota_lr005_30ep_3way_s42n,A,A_runs_20260929,49b72facef5843e3b20d030103f04e46,30,46b65f98957fb8471008904342b19b5e,1,1789436665.0
r10_dota_lr005_30ep_3way_s42n,A,A_small2_20260927,49b72facef5843e3b20d030103f04e46,30,46b65f98957fb8471008904342b19b5e,1,1789436665.0
r10_dota_lr005_30ep_3way_s42n_oomfix,A,A_runs_20260929,0ecd5a520a656d151f91b6e8a80cb264,30,4a87a666682a24cbe1189e234ffcc921,1,1790374741.0
r10_dota_lr005_30ep_3way_s42n_oomfix,A,A_small2_20260927,0ecd5a520a656d151f91b6e8a80cb264,30,4a87a666682a24cbe1189e234ffcc921,1,1790374741.0
r10_dota_lr005_30ep_3way_s43n,A,A_runs_20260929,784ed6c495f7c72255d2e2bcb88fc606,30,351224ac578b629135e41dd43abfc683,1,1789438093.0
r10_dota_lr005_30ep_3way_s43n,A,A_small2_20260927,784ed6c495f7c72255d2e2bcb88fc606,30,351224ac578b629135e41dd43abfc683,1,1789438093.0
r10_dota_lr005_30ep_3way_s44n,A,A_runs_20260929,6e38eeef0e6e1205401824cacd3a5a07,30,e9f02c1a9d8e289be3022ce7afd569eb,1,1789438540.0
r10_dota_lr005_30ep_3way_s44n,A,A_small2_20260927,6e38eeef0e6e1205401824cacd3a5a07,30,e9f02c1a9d8e289be3022ce7afd569eb,1,1789438540.0
r10_dota_lr005_30ep_3way_s45n,A,A_runs_20260929,5615ed5e5f1d49710cb673d763c184f1,30,d0ccf45df80b760320196da3b65f5348,1,1789903381.0
r10_dota_lr005_30ep_3way_s45n,A,A_small2_20260927,5615ed5e5f1d49710cb673d763c184f1,30,d0ccf45df80b760320196da3b65f5348,1,1789903381.0
r10_dota_lr005_30ep_3way_s45n_PARTIAL_09200932,A,A_runs_20260929,81c38d83a6705af4758d9dee51583d57,20,d0ccf45df80b760320196da3b65f5348,1,1789888860.0
r10_dota_lr005_30ep_3way_s45n_PARTIAL_09200932,A,A_small2_20260927,81c38d83a6705af4758d9dee51583d57,20,d0ccf45df80b760320196da3b65f5348,1,1789888860.0
r10_dota_lr005_30ep_3way_s46n,A,A_runs_20260929,ebc2472c30e9eb4b45493467fe3eb767,30,16cc8c3374e15904495a539c03be4521,1,1789890694.0
r10_dota_lr005_30ep_3way_s46n,A,A_small2_20260927,ebc2472c30e9eb4b45493467fe3eb767,30,16cc8c3374e15904495a539c03be4521,1,1789890694.0
r10_dota_lr005_30ep_3way_s47n,A,A_runs_20260929,e0405c353a9f95519210c8465abb7b3b,30,4195d68ee5a8c56c9e1a1ee5ee3f222e,1,1789892503.0
r10_dota_lr005_30ep_3way_s47n,A,A_small2_20260927,e0405c353a9f95519210c8465abb7b3b,30,4195d68ee5a8c56c9e1a1ee5ee3f222e,1,1789892503.0
r10_dota_lr005_30ep_3way_s48n,A,A_runs_20260929,c11f508767cde16f9f8567bcd19f3404,30,316729726e1f0dca970d789a0150f4f4,1,1789892990.0
r10_dota_lr005_30ep_3way_s48n,A,A_small2_20260927,c11f508767cde16f9f8567bcd19f3404,30,316729726e1f0dca970d789a0150f4f4,1,1789892990.0
r10_dota_lr005_30ep_3way_s49n,A,A_runs_20260929,74894c0e49ba908e621f637402372c2c,30,d315d1dd6913fbabaf2fb2ba96929c3a,1,1789893440.0
r10_dota_lr005_30ep_3way_s49n,A,A_small2_20260927,74894c0e49ba908e621f637402372c2c,30,d315d1dd6913fbabaf2fb2ba96929c3a,1,1789893440.0
r10_dota_lr005_30ep_3way_s50n,A,A_runs_20260929,b22052c15772b2e39435325f97daefee,30,cb0a4aa8db52e109bb4e7cda38bd1958,1,1789893894.0
r10_dota_lr005_30ep_3way_s50n,A,A_small2_20260927,b22052c15772b2e39435325f97daefee,30,cb0a4aa8db52e109bb4e7cda38bd1958,1,1789893894.0
r10_dota_lr005_30ep_3way_s51n,A,A_runs_20260929,d0cb20755ab1b2be3fbe6590c107621a,30,015535bda6a69c6f7673dadfc7bd92ac,1,1789894353.0
r10_dota_lr005_30ep_3way_s51n,A,A_small2_20260927,d0cb20755ab1b2be3fbe6590c107621a,30,015535bda6a69c6f7673dadfc7bd92ac,1,1789894353.0
r10_fire_base30_3way_s42n,A,A_runs_20260929,0859740e5fae5477c56119ef8aa5a54f,30,66909f108bd35069185643a122434685,1,1789416298.0
r10_fire_base30_3way_s42n,A,A_small2_20260927,0859740e5fae5477c56119ef8aa5a54f,30,66909f108bd35069185643a122434685,1,1789416298.0
r10_fire_base30_3way_s43n,A,A_runs_20260929,346ce5fff540573f63b6b68899635331,30,bf700b703e2c2b62d7870665456a1beb,1,1789419650.0
r10_fire_base30_3way_s43n,A,A_small2_20260927,346ce5fff540573f63b6b68899635331,30,bf700b703e2c2b62d7870665456a1beb,1,1789419650.0
r10_fire_base30_3way_s44n,A,A_runs_20260929,3c9cb8c141a2371edbf1595d6a4557bd,30,ee57b8702fab02c6dadf3d25dbd6e3ff,1,1789422854.0
r10_fire_base30_3way_s44n,A,A_small2_20260927,3c9cb8c141a2371edbf1595d6a4557bd,30,ee57b8702fab02c6dadf3d25dbd6e3ff,1,1789422854.0
r10_fire_lr005_30ep_3way_s42n,A,A_runs_20260929,7db493f47566696a804a02d05806e335,30,115d9cf5eb7141ff4dbb67208a423e12,1,1789416299.0
r10_fire_lr005_30ep_3way_s42n,A,A_small2_20260927,7db493f47566696a804a02d05806e335,30,115d9cf5eb7141ff4dbb67208a423e12,1,1789416299.0
r10_fire_lr005_30ep_3way_s43n,A,A_runs_20260929,65ac076b4deb93b7d28a1e22dbd3c875,30,ea97e66cc10b647f5198bb121c04ce40,1,1789419650.0
r10_fire_lr005_30ep_3way_s43n,A,A_small2_20260927,65ac076b4deb93b7d28a1e22dbd3c875,30,ea97e66cc10b647f5198bb121c04ce40,1,1789419650.0
r10_fire_lr005_30ep_3way_s44n,A,A_runs_20260929,75b3f614139e108a12061ecc28b8f6a8,30,5424ff06d11db9c292097b60756ae488,1,1789422854.0
r10_fire_lr005_30ep_3way_s44n,A,A_small2_20260927,75b3f614139e108a12061ecc28b8f6a8,30,5424ff06d11db9c292097b60756ae488,1,1789422854.0
r10_iv_src1,A,A_runs_20260929,2fd5cd9de57ed7c0d70af039916cec1a,30,597c713cc2e179236ee961f82918f4ae,1,1789452616.0
r10_iv_src1,A,A_small2_20260927,2fd5cd9de57ed7c0d70af039916cec1a,30,597c713cc2e179236ee961f82918f4ae,1,1789452616.0
r10_iv_src1_base100_3way_s42n,A,A_runs_20260929,873594c5b1fee616f7d6d44887cea98b,100,c897e7688842900662e63749eb6a402f,1,1789455929.0
r10_iv_src1_base100_3way_s42n,A,A_small2_20260927,873594c5b1fee616f7d6d44887cea98b,100,c897e7688842900662e63749eb6a402f,1,1789455929.0
r10_iv_src1_lr005_100ep_3way_s42n,A,A_runs_20260929,c0b55604f58deab5cede22eac9ab1589,100,317e4ec3cc62048ffb026ed94d79a3ce,1,1789457563.0
r10_iv_src1_lr005_100ep_3way_s42n,A,A_small2_20260927,c0b55604f58deab5cede22eac9ab1589,100,317e4ec3cc62048ffb026ed94d79a3ce,1,1789457563.0
r10_iv_src2,A,A_runs_20260929,4e12f78a5652dce4c8743b82bca4e415,30,88ce3e0dc275ee020a5426fb9b3fbd86,1,1789454562.0
r10_iv_src2,A,A_small2_20260927,4e12f78a5652dce4c8743b82bca4e415,30,88ce3e0dc275ee020a5426fb9b3fbd86,1,1789454562.0
r10_iv_src2_base100_3way_s42n,A,A_runs_20260929,8b750c1a00825a991fc5f0c04d7b1327,100,16d65e08380e71101617438e6ad7c07a,1,1789458870.0
r10_iv_src2_base100_3way_s42n,A,A_small2_20260927,8b750c1a00825a991fc5f0c04d7b1327,100,16d65e08380e71101617438e6ad7c07a,1,1789458870.0
r10_iv_src2_lr005_100ep_3way_s42n,A,A_runs_20260929,b2417119ad70603e78c7f798a49bbec6,100,a03dbb421c15fe58e63218b52d3e52ed,1,1789460180.0
r10_iv_src2_lr005_100ep_3way_s42n,A,A_small2_20260927,b2417119ad70603e78c7f798a49bbec6,100,a03dbb421c15fe58e63218b52d3e52ed,1,1789460180.0
r10_iv_src3,A,A_runs_20260929,3521f88b752b39522ac406694ca6cffc,30,bb14610f23b5678658eb106eeaec3891,1,1789452616.0
r10_iv_src3,A,A_small2_20260927,3521f88b752b39522ac406694ca6cffc,30,bb14610f23b5678658eb106eeaec3891,1,1789452616.0
r10_iv_src3_base100_3way_s42n,A,A_runs_20260929,59000bf029af962161f31c91fc6621cd,100,89185cfda8c34c5040bd5ebcd6bb7c4e,1,1789461488.0
r10_iv_src3_base100_3way_s42n,A,A_small2_20260927,59000bf029af962161f31c91fc6621cd,100,89185cfda8c34c5040bd5ebcd6bb7c4e,1,1789461488.0
r10_iv_src3_lr005_100ep_3way_s42n,A,A_runs_20260929,34d515e753fd60f94b9d493b58a60282,100,e939ff4a654eea602fb5918691c34e09,1,1789462804.0
r10_iv_src3_lr005_100ep_3way_s42n,A,A_small2_20260927,34d515e753fd60f94b9d493b58a60282,100,e939ff4a654eea602fb5918691c34e09,1,1789462804.0
r10_mask20_base30_3way_s42n,A,A_runs_20260929,7b99be0f645fd8a3415fa76a6d83e1bd,30,f7f8a3e0ed61936ccf42e42982544dd0,1,1789376411.0
r10_mask20_base30_3way_s42n,A,A_small2_20260927,7b99be0f645fd8a3415fa76a6d83e1bd,30,f7f8a3e0ed61936ccf42e42982544dd0,1,1789376411.0
r10_mask20_base30_3way_s43n,A,A_runs_20260929,aa1c72b34724d4f7a76cb225e179a2ff,30,a5d0668401301646fbd2686b5ac0c14c,1,1789377298.0
r10_mask20_base30_3way_s43n,A,A_small2_20260927,aa1c72b34724d4f7a76cb225e179a2ff,30,a5d0668401301646fbd2686b5ac0c14c,1,1789377298.0
r10_mask20_base30_3way_s44n,A,A_runs_20260929,97448f43f2651c632a31b03ef2daf450,30,f32afcba373cbafee3670c5aff63d415,1,1789378216.0
r10_mask20_base30_3way_s44n,A,A_small2_20260927,97448f43f2651c632a31b03ef2daf450,30,f32afcba373cbafee3670c5aff63d415,1,1789378216.0
r10_mask20_lr005_30ep_3way_s42n,A,A_runs_20260929,b1dca684ea8e553f10efbdf66a8cb79d,30,1b91fa4a0ff3c80433fb5f9f02b908d9,1,1789376850.0
r10_mask20_lr005_30ep_3way_s42n,A,A_small2_20260927,b1dca684ea8e553f10efbdf66a8cb79d,30,1b91fa4a0ff3c80433fb5f9f02b908d9,1,1789376850.0
r10_mask20_lr005_30ep_3way_s43n,A,A_runs_20260929,348b08e3dcbdc21526e287fa7cc5f1cb,30,da70d72b4acc08bc8a9d1d6823afae7c,1,1789377780.0
r10_mask20_lr005_30ep_3way_s43n,A,A_small2_20260927,348b08e3dcbdc21526e287fa7cc5f1cb,30,da70d72b4acc08bc8a9d1d6823afae7c,1,1789377780.0
r10_mask20_lr005_30ep_3way_s44n,A,A_runs_20260929,ee7492307109530e288ed9448e9af515,30,68ae0854c9c4e0324912e44a5bbc3232,1,1789378641.0
r10_mask20_lr005_30ep_3way_s44n,A,A_small2_20260927,ee7492307109530e288ed9448e9af515,30,68ae0854c9c4e0324912e44a5bbc3232,1,1789378641.0
r10_mende20_base30_3way_s42n,A,A_runs_20260929,98538b11dec5391108251ac0946ac958,30,448c28c8f7cfec9970e8f77bcbcb40a3,1,1789379419.0
r10_mende20_base30_3way_s42n,A,A_small2_20260927,98538b11dec5391108251ac0946ac958,30,448c28c8f7cfec9970e8f77bcbcb40a3,1,1789379419.0
r10_mende20_base30_3way_s43n,A,A_runs_20260929,882cc943e15f40d95df45c609de90df0,30,be663b460fe6fa7719d8f0d0a7a41d93,1,1789380303.0
r10_mende20_base30_3way_s43n,A,A_small2_20260927,882cc943e15f40d95df45c609de90df0,30,be663b460fe6fa7719d8f0d0a7a41d93,1,1789380303.0
r10_mende20_base30_3way_s44n,A,A_runs_20260929,b100665bcd7454a43bc93a80070b0633,30,60f1c10665d841b1d224c56d3fd76d0a,1,1789381716.0
r10_mende20_base30_3way_s44n,A,A_small2_20260927,b100665bcd7454a43bc93a80070b0633,30,60f1c10665d841b1d224c56d3fd76d0a,1,1789381716.0
r10_mende20_lr005_30ep_3way_s42n,A,A_runs_20260929,178c8e125db527a3a7dfdb09eb91f290,30,2d0553c21600eb03515fe5d34116cf28,1,1789379881.0
r10_mende20_lr005_30ep_3way_s42n,A,A_small2_20260927,178c8e125db527a3a7dfdb09eb91f290,30,2d0553c21600eb03515fe5d34116cf28,1,1789379881.0
r10_mende20_lr005_30ep_3way_s43n,A,A_runs_20260929,4e06c717d9495f6083b8b11f52e1408b,30,a64f452fddfc8545afda3825b55f9fea,1,1789381066.0
r10_mende20_lr005_30ep_3way_s43n,A,A_small2_20260927,4e06c717d9495f6083b8b11f52e1408b,30,a64f452fddfc8545afda3825b55f9fea,1,1789381066.0
r10_mende20_lr005_30ep_3way_s44n,A,A_runs_20260929,a8bf38759ea9d657a33eb85199836e8f,30,08ee63f08a8cb1bf225a185b42119dae,1,1789381965.0
r10_mende20_lr005_30ep_3way_s44n,A,A_small2_20260927,a8bf38759ea9d657a33eb85199836e8f,30,08ee63f08a8cb1bf225a185b42119dae,1,1789381965.0
r10_p_aitovis_base100_3way_s42n,A,A_runs_20260929,34a6902343d5055b3089078bb7215061,100,59ffb35660e3312a89dbbfd92110da64,1,1789407220.0
r10_p_aitovis_base100_3way_s42n,A,A_small2_20260927,34a6902343d5055b3089078bb7215061,100,59ffb35660e3312a89dbbfd92110da64,1,1789407220.0
r10_p_aitovis_base100_3way_s43n,A,A_runs_20260929,46a50bbc7a8fef022d3bbbd4b2914ace,100,21abd1029011999a7e9bbdd84b97a367,1,1789409633.0
r10_p_aitovis_base100_3way_s43n,A,A_small2_20260927,46a50bbc7a8fef022d3bbbd4b2914ace,100,21abd1029011999a7e9bbdd84b97a367,1,1789409633.0
r10_p_aitovis_base100_3way_s44n,A,A_runs_20260929,48857f66367f334825759f66d84ade25,100,175371cf455f2bd7f6e6efa0c6f39d90,1,1789411904.0
r10_p_aitovis_base100_3way_s44n,A,A_small2_20260927,48857f66367f334825759f66d84ade25,100,175371cf455f2bd7f6e6efa0c6f39d90,1,1789411904.0
r10_p_aitovis_base100_3way_s45n,A,A_runs_20260929,c3c414a009a09f2063f281622c3fab15,100,02ee246cc89e7eaa49d368b6c439e3d9,1,1789736097.0
r10_p_aitovis_base100_3way_s45n,A,A_small2_20260927,c3c414a009a09f2063f281622c3fab15,100,02ee246cc89e7eaa49d368b6c439e3d9,1,1789736097.0
r10_p_aitovis_base100_3way_s46n,A,A_runs_20260929,660d9c7049402aa4360275e9b1ff0769,100,d571a3d6af3e95ebb252f28d576ce8e1,1,1789739797.0
r10_p_aitovis_base100_3way_s46n,A,A_small2_20260927,660d9c7049402aa4360275e9b1ff0769,100,d571a3d6af3e95ebb252f28d576ce8e1,1,1789739797.0
r10_p_aitovis_base100_3way_s47n,A,A_runs_20260929,122dbe038990ddf63a3e90d859f8c7f3,100,1994d8998a0183c937f68711ef1beda5,1,1789743477.0
r10_p_aitovis_base100_3way_s47n,A,A_small2_20260927,122dbe038990ddf63a3e90d859f8c7f3,100,1994d8998a0183c937f68711ef1beda5,1,1789743477.0
r10_p_aitovis_base100_3way_s48n,A,A_runs_20260929,7b21560dcb7af480116a75549bb4a55c,100,3eede6f5b47b3fd8118d7b87ff4db32c,1,1789747158.0
r10_p_aitovis_base100_3way_s48n,A,A_small2_20260927,7b21560dcb7af480116a75549bb4a55c,100,3eede6f5b47b3fd8118d7b87ff4db32c,1,1789747158.0
r10_p_aitovis_base100_3way_s49n,A,A_runs_20260929,9fa63e09b08ae70e7d2a580f176f71fc,100,e8a9eb5f762faa6918f6178ccdcb0593,1,1789750948.0
r10_p_aitovis_base100_3way_s49n,A,A_small2_20260927,9fa63e09b08ae70e7d2a580f176f71fc,100,e8a9eb5f762faa6918f6178ccdcb0593,1,1789750948.0
r10_p_aitovis_base100_3way_s50n,A,A_runs_20260929,60bc85b71d4549e62f96f7ff1f1757cb,100,d23b6c399c5f825fbf9cd78dad1dd4a3,1,1789754627.0
r10_p_aitovis_base100_3way_s50n,A,A_small2_20260927,60bc85b71d4549e62f96f7ff1f1757cb,100,d23b6c399c5f825fbf9cd78dad1dd4a3,1,1789754627.0
r10_p_aitovis_base100_3way_s51n,A,A_runs_20260929,0f3a74b4b6e17acd7a7e09be7d3720c6,100,cdbcf44e406c49024ccb97426db70189,1,1789758298.0
r10_p_aitovis_base100_3way_s51n,A,A_small2_20260927,0f3a74b4b6e17acd7a7e09be7d3720c6,100,cdbcf44e406c49024ccb97426db70189,1,1789758298.0
r10_p_aitovis_lr005_100ep_3way_s42n,A,A_runs_20260929,61098f4c209c5ac4016340048469a33d,100,5a63f4241f675695853cc9cc6156e574,1,1789408478.0
r10_p_aitovis_lr005_100ep_3way_s42n,A,A_small2_20260927,61098f4c209c5ac4016340048469a33d,100,5a63f4241f675695853cc9cc6156e574,1,1789408478.0
r10_p_aitovis_lr005_100ep_3way_s43n,A,A_runs_20260929,db6f82dd3db3b20fb5bffebadc5c152f,100,b40941931028d836c0de5113d81bf38d,1,1789410752.0
r10_p_aitovis_lr005_100ep_3way_s43n,A,A_small2_20260927,db6f82dd3db3b20fb5bffebadc5c152f,100,b40941931028d836c0de5113d81bf38d,1,1789410752.0
r10_p_aitovis_lr005_100ep_3way_s44n,A,A_runs_20260929,642dab55c4bf658f0b4cdbf48492017d,100,6a8233afb29d4e457f2a1b56a2fad9c7,1,1789413026.0
r10_p_aitovis_lr005_100ep_3way_s44n,A,A_small2_20260927,642dab55c4bf658f0b4cdbf48492017d,100,6a8233afb29d4e457f2a1b56a2fad9c7,1,1789413026.0
r10_p_aitovis_lr005_100ep_3way_s45n,A,A_runs_20260929,583b4eb8cb98697062d2caefc7eb8195,100,8abfd1d11bc08e8754d7163b1266ca86,1,1789737303.0
r10_p_aitovis_lr005_100ep_3way_s45n,A,A_small2_20260927,583b4eb8cb98697062d2caefc7eb8195,100,8abfd1d11bc08e8754d7163b1266ca86,1,1789737303.0
r10_p_aitovis_lr005_100ep_3way_s46n,A,A_runs_20260929,022ca544e5f978cadf469079ba6ebd10,100,aa3f20ce0a712e20fe7c0cd73ba3321e,1,1789740990.0
r10_p_aitovis_lr005_100ep_3way_s46n,A,A_small2_20260927,022ca544e5f978cadf469079ba6ebd10,100,aa3f20ce0a712e20fe7c0cd73ba3321e,1,1789740990.0
r10_p_aitovis_lr005_100ep_3way_s47n,A,A_runs_20260929,440f9ff5957d4744be467a6e1976b7de,100,03385e01bf741f5863bedcf1b408a638,1,1789744692.0
r10_p_aitovis_lr005_100ep_3way_s47n,A,A_small2_20260927,440f9ff5957d4744be467a6e1976b7de,100,03385e01bf741f5863bedcf1b408a638,1,1789744692.0
r10_p_aitovis_lr005_100ep_3way_s48n,A,A_runs_20260929,a7f36fb32e61bca5d19158e433a9e8f4,100,3a7c6aeface7c02c77ed37f93382686b,1,1789748377.0
r10_p_aitovis_lr005_100ep_3way_s48n,A,A_small2_20260927,a7f36fb32e61bca5d19158e433a9e8f4,100,3a7c6aeface7c02c77ed37f93382686b,1,1789748377.0
r10_p_aitovis_lr005_100ep_3way_s49n,A,A_runs_20260929,b5b292ae7aa9781eef20d5762a2edeaa,100,58c9b4c0f75d455ac151a3b76e0570b4,1,1789752140.0
r10_p_aitovis_lr005_100ep_3way_s49n,A,A_small2_20260927,b5b292ae7aa9781eef20d5762a2edeaa,100,58c9b4c0f75d455ac151a3b76e0570b4,1,1789752140.0
r10_p_aitovis_lr005_100ep_3way_s50n,A,A_runs_20260929,0d60179b654f5f6868f0d6dd8b28895f,100,f47e1f69380719cf3561ad8efd70f6b6,1,1789755826.0
r10_p_aitovis_lr005_100ep_3way_s50n,A,A_small2_20260927,0d60179b654f5f6868f0d6dd8b28895f,100,f47e1f69380719cf3561ad8efd70f6b6,1,1789755826.0
r10_p_aitovis_lr005_100ep_3way_s51n,A,A_runs_20260929,4a36756a635387e45c4c7b99eb47eee5,100,9faf2f61ef90f9c360edf00717b5e6ca,1,1789759461.0
r10_p_aitovis_lr005_100ep_3way_s51n,A,A_small2_20260927,4a36756a635387e45c4c7b99eb47eee5,100,9faf2f61ef90f9c360edf00717b5e6ca,1,1789759461.0
r10_p_d15toai_base100_3way_s42n,A,A_runs_20260929,e44d9cbce728d19e1e41c6ae4e90a35d,100,81155ba77b12ba24cabc4d92864dba11,1,1789388551.0
r10_p_d15toai_base100_3way_s42n,A,A_small2_20260927,e44d9cbce728d19e1e41c6ae4e90a35d,100,81155ba77b12ba24cabc4d92864dba11,1,1789388551.0
r10_p_d15toai_base100_3way_s43n,A,A_runs_20260929,0979a0549957d44d344748590f3be820,100,32ce3efea01da9252b09fcda8e34ddab,1,1789396702.0
r10_p_d15toai_base100_3way_s43n,A,A_small2_20260927,0979a0549957d44d344748590f3be820,100,32ce3efea01da9252b09fcda8e34ddab,1,1789396702.0
r10_p_d15toai_base100_3way_s43n_oomfix,A,A_runs_20260929,6f5e66cecf266c74f4f05747e921d20f,100,0b5bc7cf6c4036f0f934bb3bede4f07e,1,1790368475.0
r10_p_d15toai_base100_3way_s43n_oomfix,A,A_small2_20260927,6f5e66cecf266c74f4f05747e921d20f,100,0b5bc7cf6c4036f0f934bb3bede4f07e,1,1790368475.0
r10_p_d15toai_base100_3way_s44n,A,A_runs_20260929,dcf8739fe6bfec145fc60e4e92d90954,100,2e8fa0512cfcba786fde3cd52c73cef4,1,1789404236.0
r10_p_d15toai_base100_3way_s44n,A,A_small2_20260927,dcf8739fe6bfec145fc60e4e92d90954,100,2e8fa0512cfcba786fde3cd52c73cef4,1,1789404236.0
r10_p_d15toai_base100_3way_s44n_oomfix,A,A_runs_20260929,6aa58170ede32c4a2e7bb4572b79391b,100,60ffb13a4cc6ede6f470f182fc1e370d,1,1790368918.0
r10_p_d15toai_base100_3way_s44n_oomfix,A,A_small2_20260927,6aa58170ede32c4a2e7bb4572b79391b,100,60ffb13a4cc6ede6f470f182fc1e370d,1,1790368918.0
r10_p_d15toai_lr005_100ep_3way_s42n,A,A_runs_20260929,d16c6cb41701b0d668625a5d0511f680,100,815bea62fc6a46cc9d836cdcdeea346a,1,1789392967.0
r10_p_d15toai_lr005_100ep_3way_s42n,A,A_small2_20260927,d16c6cb41701b0d668625a5d0511f680,100,815bea62fc6a46cc9d836cdcdeea346a,1,1789392967.0
r10_p_d15toai_lr005_100ep_3way_s42n_oomfix,A,A_runs_20260929,2f47974c71124f4ce1c75a43c057f422,100,966166e7fde6107dd4650eab5afb7e9f,1,1790370419.0
r10_p_d15toai_lr005_100ep_3way_s42n_oomfix,A,A_small2_20260927,2f47974c71124f4ce1c75a43c057f422,100,966166e7fde6107dd4650eab5afb7e9f,1,1790370419.0
r10_p_d15toai_lr005_100ep_3way_s43n,A,A_runs_20260929,6b156fb85c4591dc1c82759388420a87,100,3c83c808a4abd7373d06d2900cfc5481,1,1789402168.0
r10_p_d15toai_lr005_100ep_3way_s43n,A,A_small2_20260927,6b156fb85c4591dc1c82759388420a87,100,3c83c808a4abd7373d06d2900cfc5481,1,1789402168.0
r10_p_d15toai_lr005_100ep_3way_s43n_oomfix,A,A_runs_20260929,2c4089c86ee02df709090f48acb8f96d,100,ceea69e67d16984679032e34d796dc0b,1,1790371043.0
r10_p_d15toai_lr005_100ep_3way_s43n_oomfix,A,A_small2_20260927,2c4089c86ee02df709090f48acb8f96d,100,ceea69e67d16984679032e34d796dc0b,1,1790371043.0
r10_p_d15toai_lr005_100ep_3way_s44n,A,A_runs_20260929,e3085ea3a0f3f01f5c5b95ba480ef333,100,62eab2f82c28ef89fb826f21d271062b,1,1789405972.0
r10_p_d15toai_lr005_100ep_3way_s44n,A,A_small2_20260927,e3085ea3a0f3f01f5c5b95ba480ef333,100,62eab2f82c28ef89fb826f21d271062b,1,1789405972.0
r10_p_masktomende_base100_3way_s42n,A,A_runs_20260929,8c94740dbab69f51824bec331624e518,100,e84db35efdf85004eef443a8aea5f12c,1,1789393753.0
r10_p_masktomende_base100_3way_s42n,A,A_small2_20260927,8c94740dbab69f51824bec331624e518,100,e84db35efdf85004eef443a8aea5f12c,1,1789393753.0
r10_p_masktomende_base100_3way_s43n,A,A_runs_20260929,7cbb0155cf1a634d7bc6011fb481d44d,100,ad6ba0f83caeae379037287bf78affcb,1,1789396832.0
r10_p_masktomende_base100_3way_s43n,A,A_small2_20260927,7cbb0155cf1a634d7bc6011fb481d44d,100,ad6ba0f83caeae379037287bf78affcb,1,1789396832.0
r10_p_masktomende_base100_3way_s44n,A,A_runs_20260929,8fc2b8119f4f89c8814e6b22ea7df83c,100,5781ab2f9678470c5740f364925d8db0,1,1789400825.0
r10_p_masktomende_base100_3way_s44n,A,A_small2_20260927,8fc2b8119f4f89c8814e6b22ea7df83c,100,5781ab2f9678470c5740f364925d8db0,1,1789400825.0
r10_p_masktomende_base100_3way_s52n,A,A_runs_20260929,18eae40dc8b3310c79c38b1dec5eb511,100,333f993becc4f318f43b05086071bf24,1,1790340393.0
r10_p_masktomende_base100_3way_s52n,A,A_small2_20260927,18eae40dc8b3310c79c38b1dec5eb511,100,333f993becc4f318f43b05086071bf24,1,1790340393.0
r10_p_masktomende_base100_3way_s53n,A,A_runs_20260929,3e1e4ad81d83dcc82cc36f01e5f666be,100,1f1b291bc08803c31c44e6d10686011a,1,1790341180.0
r10_p_masktomende_base100_3way_s53n,A,A_small2_20260927,3e1e4ad81d83dcc82cc36f01e5f666be,100,1f1b291bc08803c31c44e6d10686011a,1,1790341180.0
r10_p_masktomende_base100_3way_s54n,A,A_runs_20260929,1c0b602736d6f78e7794c33fcf66ce7c,100,e8cb12a0c7e84af4e7fab45089a59d11,1,1790342000.0
r10_p_masktomende_base100_3way_s54n,A,A_small2_20260927,1c0b602736d6f78e7794c33fcf66ce7c,100,e8cb12a0c7e84af4e7fab45089a59d11,1,1790342000.0
r10_p_masktomende_lr005_100ep_3way_s42n,A,A_runs_20260929,0f2951e59b576d4c48896cc4a271b5fc,100,68ba8ec9e626d366ab1ed9ed9a068f11,1,1789395063.0
r10_p_masktomende_lr005_100ep_3way_s42n,A,A_small2_20260927,0f2951e59b576d4c48896cc4a271b5fc,100,68ba8ec9e626d366ab1ed9ed9a068f11,1,1789395063.0
r10_p_masktomende_lr005_100ep_3way_s43n,A,A_runs_20260929,b5df3dedd91cd702600a649cf3bbc0f2,100,26e49d9fa40614eb49b0812fcbce5ef0,1,1789398129.0
r10_p_masktomende_lr005_100ep_3way_s43n,A,A_small2_20260927,b5df3dedd91cd702600a649cf3bbc0f2,100,26e49d9fa40614eb49b0812fcbce5ef0,1,1789398129.0
r10_p_masktomende_lr005_100ep_3way_s44n,A,A_runs_20260929,3eaf015b3535b26440355f043b160717,100,6a7f6c40f31670b9769882ec26fd9b03,1,1789402501.0
r10_p_masktomende_lr005_100ep_3way_s44n,A,A_small2_20260927,3eaf015b3535b26440355f043b160717,100,6a7f6c40f31670b9769882ec26fd9b03,1,1789402501.0
r10_p_masktomende_lr005_100ep_3way_s52n,A,A_runs_20260929,0a248842b7d4a4a59f3e61835b7f92e2,100,6b77bb66ef929fe93de144acc98a2449,1,1790342808.0
r10_p_masktomende_lr005_100ep_3way_s52n,A,A_small2_20260927,0a248842b7d4a4a59f3e61835b7f92e2,100,6b77bb66ef929fe93de144acc98a2449,1,1790342808.0
r10_p_masktomende_lr005_100ep_3way_s53n,A,A_runs_20260929,146a673f7ae86fc2e6f48a4857c42e8c,100,37546feeb45a7e08529fb02ddd81aa9f,1,1790343611.0
r10_p_masktomende_lr005_100ep_3way_s53n,A,A_small2_20260927,146a673f7ae86fc2e6f48a4857c42e8c,100,37546feeb45a7e08529fb02ddd81aa9f,1,1790343611.0
r10_p_masktomende_lr005_100ep_3way_s54n,A,A_runs_20260929,04caaaa90a347c7e56fbc5ed0824eb17,100,12976959fe69a84d71fe0c29a14c60ec,1,1790344436.0
r10_p_masktomende_lr005_100ep_3way_s54n,A,A_small2_20260927,04caaaa90a347c7e56fbc5ed0824eb17,100,12976959fe69a84d71fe0c29a14c60ec,1,1790344436.0
r10_p_vistod15_base100_3way_s42n,A,A_runs_20260929,35e2d0f9a8d52461806160f8ec62ee84,100,4bc03fa0ce9cd728bc5844a2bf663e7d,1,1789431691.0
r10_p_vistod15_base100_3way_s42n,A,A_small2_20260927,35e2d0f9a8d52461806160f8ec62ee84,100,4bc03fa0ce9cd728bc5844a2bf663e7d,1,1789431691.0
r10_p_vistod15_base100_3way_s42n_PARTIAL_0011,A,A_runs_20260929,2d56b22e67649309e310b4881733f82c,91,4bc03fa0ce9cd728bc5844a2bf663e7d,1,1789388979.0
r10_p_vistod15_base100_3way_s42n_PARTIAL_0011,A,A_small2_20260927,2d56b22e67649309e310b4881733f82c,91,4bc03fa0ce9cd728bc5844a2bf663e7d,1,1789388979.0
r10_p_vistod15_base100_3way_s42n_oomfix,A,A_runs_20260929,25cc2a9a0d774cfaa75290e3adc85890,100,201af97106063eb797265d02b26363c9,1,1790371284.0
r10_p_vistod15_base100_3way_s42n_oomfix,A,A_small2_20260927,25cc2a9a0d774cfaa75290e3adc85890,100,201af97106063eb797265d02b26363c9,1,1790371284.0
r10_p_vistod15_base100_3way_s43n,A,A_runs_20260929,f376c50bbff3c8e5437d0416b7803730,100,92679176a37ce59494290a2547413b2a,1,1789391049.0
r10_p_vistod15_base100_3way_s43n,A,A_small2_20260927,f376c50bbff3c8e5437d0416b7803730,100,92679176a37ce59494290a2547413b2a,1,1789391049.0
r10_p_vistod15_base100_3way_s43n_oomfix,A,A_runs_20260929,c3382378bdc5847ea432d21e91f13fdb,100,74a2264645a258b4ea75ac2825f4887e,1,1790372257.0
r10_p_vistod15_base100_3way_s43n_oomfix,A,A_small2_20260927,c3382378bdc5847ea432d21e91f13fdb,100,74a2264645a258b4ea75ac2825f4887e,1,1790372257.0
r10_p_vistod15_base100_3way_s44n,A,A_runs_20260929,ed4746e19b2ea9291ec291febd146d0f,100,9ad139c997b2b3dbadcbdef7876f6cdd,1,1789432915.0
r10_p_vistod15_base100_3way_s44n,A,A_small2_20260927,ed4746e19b2ea9291ec291febd146d0f,100,9ad139c997b2b3dbadcbdef7876f6cdd,1,1789432915.0
r10_p_vistod15_base100_3way_s44n_PARTIAL_0011,A,A_runs_20260929,208dea3e83486befcc2203f5e1123e85,3,9ad139c997b2b3dbadcbdef7876f6cdd,1,1789391431.0
r10_p_vistod15_base100_3way_s44n_PARTIAL_0011,A,A_small2_20260927,208dea3e83486befcc2203f5e1123e85,3,9ad139c997b2b3dbadcbdef7876f6cdd,1,1789391431.0
r10_p_vistod15_base100_3way_s44n_oomfix,A,A_runs_20260929,7aab2b4a8cea390ff105eb4674f5bc21,100,fa9df6d38822d0057c8b5c30d94e1dec,1,1790372155.0
r10_p_vistod15_base100_3way_s44n_oomfix,A,A_small2_20260927,7aab2b4a8cea390ff105eb4674f5bc21,100,fa9df6d38822d0057c8b5c30d94e1dec,1,1790372155.0
r10_p_vistod15_base100_3way_s45n,A,A_runs_20260929,f5896b48060364ae625ebfdebcdf20cf,100,ee09c1a7d9a068607be530488f9ca405,1,1789737910.0
r10_p_vistod15_base100_3way_s45n,A,A_small2_20260927,f5896b48060364ae625ebfdebcdf20cf,100,ee09c1a7d9a068607be530488f9ca405,1,1789737910.0
r10_p_vistod15_base100_3way_s46n,A,A_runs_20260929,84580252e64d5410d01f5180e7b079a8,100,416ac482af24f508129ce3a04122cbab,1,1789741600.0
r10_p_vistod15_base100_3way_s46n,A,A_small2_20260927,84580252e64d5410d01f5180e7b079a8,100,416ac482af24f508129ce3a04122cbab,1,1789741600.0
r10_p_vistod15_base100_3way_s47n,A,A_runs_20260929,44717cde1fc8f1c585a1b3fd9bcc9563,100,e4420160cadbac92e379c5c91903d6c4,1,1789745280.0
r10_p_vistod15_base100_3way_s47n,A,A_small2_20260927,44717cde1fc8f1c585a1b3fd9bcc9563,100,e4420160cadbac92e379c5c91903d6c4,1,1789745280.0
r10_p_vistod15_base100_3way_s48n,A,A_runs_20260929,0fc54e849ed2ff9b8635909f548859de,100,1392cb5ab3cff18c2f3cf406ffd38023,1,1789748969.0
r10_p_vistod15_base100_3way_s48n,A,A_small2_20260927,0fc54e849ed2ff9b8635909f548859de,100,1392cb5ab3cff18c2f3cf406ffd38023,1,1789748969.0
r10_p_vistod15_base100_3way_s49n,A,A_runs_20260929,8c814988c6b8b7277e1cf512cc166610,100,ba7e00ef84ecb1945e9efbdcbbe26303,1,1789752739.0
r10_p_vistod15_base100_3way_s49n,A,A_small2_20260927,8c814988c6b8b7277e1cf512cc166610,100,ba7e00ef84ecb1945e9efbdcbbe26303,1,1789752739.0
r10_p_vistod15_base100_3way_s50n,A,A_runs_20260929,694cdde769ad7efac8e22a0e8c1fb5bb,100,0e07b057c8091d0128079b49906d1d10,1,1789756458.0
r10_p_vistod15_base100_3way_s50n,A,A_small2_20260927,694cdde769ad7efac8e22a0e8c1fb5bb,100,0e07b057c8091d0128079b49906d1d10,1,1789756458.0
r10_p_vistod15_base100_3way_s51n,A,A_runs_20260929,38ae9af8990fc4f2e286518dd7f716e8,100,b82f4699fbaff192a0244e88ab03aa3c,1,1789760050.0
r10_p_vistod15_base100_3way_s51n,A,A_small2_20260927,38ae9af8990fc4f2e286518dd7f716e8,100,b82f4699fbaff192a0244e88ab03aa3c,1,1789760050.0
r10_p_vistod15_lr005_100ep_3way_s42n,A,A_runs_20260929,645fc806e7c1e2aab55b5e7485985422,100,657b9aa5cc96ac320a2c8b8c814c06c7,1,1789389998.0
r10_p_vistod15_lr005_100ep_3way_s42n,A,A_small2_20260927,645fc806e7c1e2aab55b5e7485985422,100,657b9aa5cc96ac320a2c8b8c814c06c7,1,1789389998.0
r10_p_vistod15_lr005_100ep_3way_s42n_oomfix,A,A_runs_20260929,7d4457712601b9b07349753ad43a05b4,100,4ea34be8bfebd0bc699d30604db5eaef,1,1790373138.0
r10_p_vistod15_lr005_100ep_3way_s42n_oomfix,A,A_small2_20260927,7d4457712601b9b07349753ad43a05b4,100,4ea34be8bfebd0bc699d30604db5eaef,1,1790373138.0
r10_p_vistod15_lr005_100ep_3way_s43n,A,A_runs_20260929,af735a8aeafb61fcab96ec53be9fc230,100,ebae00475850c2c6d9a1a9398a1d0f88,1,1789432312.0
r10_p_vistod15_lr005_100ep_3way_s43n,A,A_small2_20260927,af735a8aeafb61fcab96ec53be9fc230,100,ebae00475850c2c6d9a1a9398a1d0f88,1,1789432312.0
r10_p_vistod15_lr005_100ep_3way_s43n_PARTIAL_0011,A,A_runs_20260929,2b293b0d1524ba92dd724ce6b84d3203,5,ebae00475850c2c6d9a1a9398a1d0f88,1,1789391297.0
r10_p_vistod15_lr005_100ep_3way_s43n_PARTIAL_0011,A,A_small2_20260927,2b293b0d1524ba92dd724ce6b84d3203,5,ebae00475850c2c6d9a1a9398a1d0f88,1,1789391297.0
r10_p_vistod15_lr005_100ep_3way_s43n_oomfix,A,A_runs_20260929,68f0ed4bfea5122048ccbe9f04933b18,100,2f2cadb73d56f5e897c781fee9e0a5e3,1,1790373112.0
r10_p_vistod15_lr005_100ep_3way_s43n_oomfix,A,A_small2_20260927,68f0ed4bfea5122048ccbe9f04933b18,100,2f2cadb73d56f5e897c781fee9e0a5e3,1,1790373112.0
r10_p_vistod15_lr005_100ep_3way_s44n,A,A_runs_20260929,2efbe191b7f8142820604a3da8cac981,100,e67b8990a731ba0189d69b65374e854a,1,1789392463.0
r10_p_vistod15_lr005_100ep_3way_s44n,A,A_small2_20260927,2efbe191b7f8142820604a3da8cac981,100,e67b8990a731ba0189d69b65374e854a,1,1789392463.0
r10_p_vistod15_lr005_100ep_3way_s44n_oomfix,A,A_runs_20260929,1b717052f89b2dc302dac34c947631e6,100,6ba453ff9226a7e4ea07ce7df745dcca,1,1790374054.0
r10_p_vistod15_lr005_100ep_3way_s44n_oomfix,A,A_small2_20260927,1b717052f89b2dc302dac34c947631e6,100,6ba453ff9226a7e4ea07ce7df745dcca,1,1790374054.0
r10_p_vistod15_lr005_100ep_3way_s45n,A,A_runs_20260929,168877b6863b75522148cdd07c91f397,100,6a05ee95d85767ef21e48020e7ae8e82,1,1789738571.0
r10_p_vistod15_lr005_100ep_3way_s45n,A,A_small2_20260927,168877b6863b75522148cdd07c91f397,100,6a05ee95d85767ef21e48020e7ae8e82,1,1789738571.0
r10_p_vistod15_lr005_100ep_3way_s46n,A,A_runs_20260929,d6cb3a536622850f60824368af6c50fa,100,8a1f44e6f90eb1c629caaf3e9564ab3d,1,1789742242.0
r10_p_vistod15_lr005_100ep_3way_s46n,A,A_small2_20260927,d6cb3a536622850f60824368af6c50fa,100,8a1f44e6f90eb1c629caaf3e9564ab3d,1,1789742242.0
r10_p_vistod15_lr005_100ep_3way_s47n,A,A_runs_20260929,992a2297f4dbcb83852c549028c8219d,100,50fa8214802ab58e0246280b3a637d65,1,1789745919.0
r10_p_vistod15_lr005_100ep_3way_s47n,A,A_small2_20260927,992a2297f4dbcb83852c549028c8219d,100,50fa8214802ab58e0246280b3a637d65,1,1789745919.0
r10_p_vistod15_lr005_100ep_3way_s48n,A,A_runs_20260929,4c6cd7c10fe6ce737249b35cf390b401,100,4905b2dea746d57cbcaa3dabc772b519,1,1789749619.0
r10_p_vistod15_lr005_100ep_3way_s48n,A,A_small2_20260927,4c6cd7c10fe6ce737249b35cf390b401,100,4905b2dea746d57cbcaa3dabc772b519,1,1789749619.0
r10_p_vistod15_lr005_100ep_3way_s49n,A,A_runs_20260929,000a632e37fb6f458760884b9d5a1d65,100,8dfce2a24ccb2d425c4f2df6d2f10a40,1,1789753384.0
r10_p_vistod15_lr005_100ep_3way_s49n,A,A_small2_20260927,000a632e37fb6f458760884b9d5a1d65,100,8dfce2a24ccb2d425c4f2df6d2f10a40,1,1789753384.0
r10_p_vistod15_lr005_100ep_3way_s50n,A,A_runs_20260929,a54d073c5dd926e9e1868dcbe0970f9d,100,e58df7da70cf035ada57f491848e84cf,1,1789757086.0
r10_p_vistod15_lr005_100ep_3way_s50n,A,A_small2_20260927,a54d073c5dd926e9e1868dcbe0970f9d,100,e58df7da70cf035ada57f491848e84cf,1,1789757086.0
r10_p_vistod15_lr005_100ep_3way_s51n,A,A_runs_20260929,7242dc5bed86a0a2b9c13b44c251dc66,100,ebd92d2b1b498ae6ad0cc283f745c7b7,1,1789760649.0
r10_p_vistod15_lr005_100ep_3way_s51n,A,A_small2_20260927,7242dc5bed86a0a2b9c13b44c251dc66,100,ebd92d2b1b498ae6ad0cc283f745c7b7,1,1789760649.0
r10_prior_base100_3way_s42n,A,A_runs_20260929,214d329f35e1871db78748c6a7aa395a,100,0df20d985f3e18cdff0610badbc906ce,1,1789440011.0
r10_prior_base100_3way_s42n,A,A_small2_20260927,214d329f35e1871db78748c6a7aa395a,100,0df20d985f3e18cdff0610badbc906ce,1,1789440011.0
r10_prior_base100_3way_s43n,A,A_runs_20260929,842f1ae7c9efb54c6da57dd4a170ee80,100,73c259fe1ceaa98016fa420d5ec3d8ff,1,1789442735.0
r10_prior_base100_3way_s43n,A,A_small2_20260927,842f1ae7c9efb54c6da57dd4a170ee80,100,73c259fe1ceaa98016fa420d5ec3d8ff,1,1789442735.0
r10_prior_base100_3way_s44n,A,A_runs_20260929,6f8278327c4683562241f4a5e75cb1c8,100,002cfda5bc983bf67dbcd964c562c5a6,1,1789445564.0
r10_prior_base100_3way_s44n,A,A_small2_20260927,6f8278327c4683562241f4a5e75cb1c8,100,002cfda5bc983bf67dbcd964c562c5a6,1,1789445564.0
r10_prior_base100ep_3way_s45n,A,P1supp_A_20261002,8a6c35dc21475e080e4240520f3b5e6b,100,002ae36ac8a18430896110add9a98ab5,1,1790951083.0
r10_prior_base100ep_3way_s46n,A,P1supp_A_20261002,19ac5e3357c60672c9f3142e56083d6b,100,6e31736d889d63625e1fe43420da058b,1,1790951083.0
r10_prior_base100ep_3way_s47n,A,P1supp_A_20261002,8402c225d03479048cbb2c46928a850e,100,6058c30f66e8107f23bb05471aee64f7,1,1790951083.0
r10_prior_base100ep_3way_s48n,A,P1supp_A_20261002,027955617e47fca64d3a4f3c9a797f44,100,b337ea0053f8c0f15322d40ac1ad37c6,1,1790951083.0
r10_prior_base100ep_3way_s49n,A,P1supp_A_20261002,e77c2cbd9debd266cfc0a628faea0968,100,a7c9432c29058b3e9a98a4d72f3586f6,1,1790951083.0
r10_prior_base100ep_3way_s50n,A,P1supp_A_20261002,f623fd49b6e691b3336b7d183ab7037b,100,f717292546dc07efc04ad6414d50202c,1,1790951083.0
r10_prior_base100ep_3way_s51n,A,P1supp_A_20261002,92d8112cfebe86653ba9d442c6c76462,100,d542c70ad96f33b47c92677354bdf6c7,1,1790951083.0
r10_prior_css100_3way_s42n,A,A_runs_20260929,d6110749a69b099e6bc6776930d80fbe,100,65d0be03c3c8edf090bac488d9c437ca,1,1789440011.0
r10_prior_css100_3way_s42n,A,A_small2_20260927,d6110749a69b099e6bc6776930d80fbe,100,65d0be03c3c8edf090bac488d9c437ca,1,1789440011.0
r10_prior_css100_3way_s43n,A,A_runs_20260929,ff96d25dcd35e9914fa6d7e474188aea,100,06c0fd816b86da4ed5c830a2f1044cb9,1,1789442725.0
r10_prior_css100_3way_s43n,A,A_small2_20260927,ff96d25dcd35e9914fa6d7e474188aea,100,06c0fd816b86da4ed5c830a2f1044cb9,1,1789442725.0
r10_prior_css100_3way_s44n,A,A_runs_20260929,61bb5b3486e842138c8d6d2495d1286d,100,48f4265b3fb8edc9054ce9e3c4f6396c,1,1789445554.0
r10_prior_css100_3way_s44n,A,A_small2_20260927,61bb5b3486e842138c8d6d2495d1286d,100,48f4265b3fb8edc9054ce9e3c4f6396c,1,1789445554.0
r10_prior_lr005_100ep_3way_s42n,A,P1supp_A_20261002,c902dd544db781a536ea128b79266c27,100,9cb1e5c6c415fbcfe963b9660f4028c8,1,1790951083.0
r10_prior_lr005_100ep_3way_s43n,A,P1supp_A_20261002,4a5f0c7cef09d31c03dd868acb3adc7e,100,8ed317851f5d771db29dd967cb377b4a,1,1790951083.0
r10_prior_pws100_3way_s42n,A,A_runs_20260929,dadcf5a87bc7bb19e3fc6d41e19ccd8c,100,736585fc92d9842112c20d11fa61ecbe,1,1789441367.0
r10_prior_pws100_3way_s42n,A,A_small2_20260927,dadcf5a87bc7bb19e3fc6d41e19ccd8c,100,736585fc92d9842112c20d11fa61ecbe,1,1789441367.0
r10_prior_pws100_3way_s43n,A,A_runs_20260929,3377d79c8e9e5f1295892f7a67aac4d1,100,ef489c8553b748dcc5bb6b03a6d24cf8,1,1789444194.0
r10_prior_pws100_3way_s43n,A,A_small2_20260927,3377d79c8e9e5f1295892f7a67aac4d1,100,ef489c8553b748dcc5bb6b03a6d24cf8,1,1789444194.0
r10_prior_pws100_3way_s44n,A,A_runs_20260929,2814a8ccb30dbf8480c7a7d6d1483623,100,6e2a150de5634fcd304c3d77e46598bd,1,1789446916.0
r10_prior_pws100_3way_s44n,A,A_small2_20260927,2814a8ccb30dbf8480c7a7d6d1483623,100,6e2a150de5634fcd304c3d77e46598bd,1,1789446916.0
r10_prior_sns100_3way_s42n,A,A_runs_20260929,6612d00f172a16605551be1b93358aa3,100,2fb23f79f56e8e752def29525d1ccd96,1,1789441377.0
r10_prior_sns100_3way_s42n,A,A_small2_20260927,6612d00f172a16605551be1b93358aa3,100,2fb23f79f56e8e752def29525d1ccd96,1,1789441377.0
r10_prior_sns100_3way_s43n,A,A_runs_20260929,e7cbba83b49c759f1ca7281269056117,100,9c6d57ffbed73da263278dcc7e2c7287,1,1789444195.0
r10_prior_sns100_3way_s43n,A,A_small2_20260927,e7cbba83b49c759f1ca7281269056117,100,9c6d57ffbed73da263278dcc7e2c7287,1,1789444195.0
r10_prior_sns100_3way_s44n,A,A_runs_20260929,db6165881457044738163c50b79371ee,100,5d42500e50883d5b4038a9c7854b3e6d,1,1789446916.0
r10_prior_sns100_3way_s44n,A,A_small2_20260927,db6165881457044738163c50b79371ee,100,5d42500e50883d5b4038a9c7854b3e6d,1,1789446916.0
r10_prior_sns_lr005_100ep_3way_s45n,A,P1supp_A_20261002,e22ade1fafc2f847883409ab8456c00c,100,3aba7797b46def8b44b6ccf258815fb9,1,1790951083.0
r10_prior_sns_lr005_100ep_3way_s46n,A,P1supp_A_20261002,e62e7d1660c6778b2d186aae34b04a8d,100,b55be6bd74df7627c4b3b07f9378d4d5,1,1790951083.0
r10_prior_sns_lr005_100ep_3way_s47n,A,P1supp_A_20261002,3db1702b6df626ef3b9acb455f941950,100,ce852c8fbed4f3dcebce9b92e91eea29,1,1790951083.0
r10_prior_sns_lr005_100ep_3way_s48n,A,P1supp_A_20261002,2d0f16341fccc39c64fa798ff423ac71,100,03e26abc2f80e7a9c11891a30b2190ad,1,1790951083.0
r10_prior_sns_lr005_100ep_3way_s49n,A,P1supp_A_20261002,c6720a6132bd65fb94d417ae6be138e9,100,07cd6154335649ca86ca266aa439e821,1,1790951083.0
r10_prior_sns_lr005_100ep_3way_s50n,A,P1supp_A_20261002,b00c50b61d5091954e8f0b3db5984c45,100,0a845b8ae1a622dbc66f7e79703d655e,1,1790951083.0
r10_prior_sns_lr005_100ep_3way_s51n,A,P1supp_A_20261002,0e83cdf9292ffaf5d14529c9ebc64261,100,dce5fcfc65aa12db720266cddab0bfe4,1,1790951083.0
r10_vis_base30_3way_s42n,A,A_runs_20260929,08fc5464c5a0040a458326bb73b46da6,30,3da595ce9499ef8f1e59e3cf65a4934e,1,1789434764.0
r10_vis_base30_3way_s42n,A,A_small2_20260927,08fc5464c5a0040a458326bb73b46da6,30,3da595ce9499ef8f1e59e3cf65a4934e,1,1789434764.0
r10_vis_base30_3way_s43n,A,A_runs_20260929,5fcd303b4adb20df24d8ec4da98b4973,30,d401b0740d69b36d2dc500801df044d3,1,1789436062.0
r10_vis_base30_3way_s43n,A,A_small2_20260927,5fcd303b4adb20df24d8ec4da98b4973,30,d401b0740d69b36d2dc500801df044d3,1,1789436062.0
r10_vis_base30_3way_s44n,A,A_runs_20260929,b1f500fbe5efb9202da690bf2a8dd65c,30,4eb0babd005a5844f7e83ca2a917a70e,1,1789437172.0
r10_vis_base30_3way_s44n,A,A_small2_20260927,b1f500fbe5efb9202da690bf2a8dd65c,30,4eb0babd005a5844f7e83ca2a917a70e,1,1789437172.0
r10_vis_base30_3way_s45n,A,A_runs_20260929,450c81d0d11871748c41054a06916e12,30,0291dbd1c75f4f00573ed44c7c7630ba,1,1789875755.0
r10_vis_base30_3way_s45n,A,A_small2_20260927,450c81d0d11871748c41054a06916e12,30,0291dbd1c75f4f00573ed44c7c7630ba,1,1789875755.0
r10_vis_base30_3way_s46n,A,A_runs_20260929,66888efe88f7fc2a63e7248c41b73466,30,a0ab3174cdaec155a0c6419e6771f790,1,1789876472.0
r10_vis_base30_3way_s46n,A,A_small2_20260927,66888efe88f7fc2a63e7248c41b73466,30,a0ab3174cdaec155a0c6419e6771f790,1,1789876472.0
r10_vis_base30_3way_s47n,A,A_runs_20260929,56e175d2e4c1cdfd211d48069fb67b7d,30,a120e616184d6bc2f940eb8b3e2b9115,1,1789877194.0
r10_vis_base30_3way_s47n,A,A_small2_20260927,56e175d2e4c1cdfd211d48069fb67b7d,30,a120e616184d6bc2f940eb8b3e2b9115,1,1789877194.0
r10_vis_base30_3way_s48n,A,A_runs_20260929,b60b0724c5be01a091305ebcb33e76d7,30,d75b27551fff5da3339b37320af7f3ca,1,1789867719.0
r10_vis_base30_3way_s48n,A,A_small2_20260927,b60b0724c5be01a091305ebcb33e76d7,30,d75b27551fff5da3339b37320af7f3ca,1,1789867719.0
r10_vis_base30_3way_s49n,A,A_runs_20260929,c2764ae3e8827ac8c296842226e54ed2,30,6ab2e4717aca7007ee71b796c29a4ecb,1,1789868396.0
r10_vis_base30_3way_s49n,A,A_small2_20260927,c2764ae3e8827ac8c296842226e54ed2,30,6ab2e4717aca7007ee71b796c29a4ecb,1,1789868396.0
r10_vis_base30_3way_s50n,A,A_runs_20260929,09273a4af8f7ba4a6f709adfdf6f4636,30,142e0055127f12f12b96ea729f26465d,1,1789868944.0
r10_vis_base30_3way_s50n,A,A_small2_20260927,09273a4af8f7ba4a6f709adfdf6f4636,30,142e0055127f12f12b96ea729f26465d,1,1789868944.0
r10_vis_base30_3way_s51n,A,A_runs_20260929,de742586a2ab4e3fc4ae8f60bcdc66db,30,f322acd7371f2c8e4a916e2e5b311fc4,1,1789869502.0
r10_vis_base30_3way_s51n,A,A_small2_20260927,de742586a2ab4e3fc4ae8f60bcdc66db,30,f322acd7371f2c8e4a916e2e5b311fc4,1,1789869502.0
r10_vis_lr005_30ep_3way_s42n,A,A_runs_20260929,21ab0c635d2287f6ad91456e2812a07d,30,5bfbe0ac0fc6ba2d17604313691bca44,1,1789435472.0
r10_vis_lr005_30ep_3way_s42n,A,A_small2_20260927,21ab0c635d2287f6ad91456e2812a07d,30,5bfbe0ac0fc6ba2d17604313691bca44,1,1789435472.0
r10_vis_lr005_30ep_3way_s43n,A,A_runs_20260929,ecf0564ebc64eec113dc7c0aeb56d5fd,30,d02c476de3e246e4650e5c9788275e6d,1,1789436621.0
r10_vis_lr005_30ep_3way_s43n,A,A_small2_20260927,ecf0564ebc64eec113dc7c0aeb56d5fd,30,d02c476de3e246e4650e5c9788275e6d,1,1789436621.0
r10_vis_lr005_30ep_3way_s44n,A,A_runs_20260929,70299bf51c87163dcd622a0b4bfcfc44,30,bbcec7460dccb5cd56cb9145af65a126,1,1789437747.0
r10_vis_lr005_30ep_3way_s44n,A,A_small2_20260927,70299bf51c87163dcd622a0b4bfcfc44,30,bbcec7460dccb5cd56cb9145af65a126,1,1789437747.0
r10_vis_lr005_30ep_3way_s45n,A,A_runs_20260929,5d594d6c2f76b65dce7b9e7585c33ad9,30,2c3d0a65d077991ca2a2befe2fde982c,1,1789876115.0
r10_vis_lr005_30ep_3way_s45n,A,A_small2_20260927,5d594d6c2f76b65dce7b9e7585c33ad9,30,2c3d0a65d077991ca2a2befe2fde982c,1,1789876115.0
r10_vis_lr005_30ep_3way_s46n,A,A_runs_20260929,bb802416b425c4c05916c24174bd394b,30,8c420cab216a1daf355bab16d2213ed7,1,1789876830.0
r10_vis_lr005_30ep_3way_s46n,A,A_small2_20260927,bb802416b425c4c05916c24174bd394b,30,8c420cab216a1daf355bab16d2213ed7,1,1789876830.0
r10_vis_lr005_30ep_3way_s47n,A,A_runs_20260929,23671a903a0c5ad01f9e88143266a786,30,7c9c842a259e95fa045d042f4c8e7827,1,1789877559.0
r10_vis_lr005_30ep_3way_s47n,A,A_small2_20260927,23671a903a0c5ad01f9e88143266a786,30,7c9c842a259e95fa045d042f4c8e7827,1,1789877559.0
r10_vis_lr005_30ep_3way_s48n,A,A_runs_20260929,a942533a739f24146c07e100b90b1aaf,30,4aff99dcb344b613acbf7ac867fc51e9,1,1789872023.0
r10_vis_lr005_30ep_3way_s48n,A,A_small2_20260927,a942533a739f24146c07e100b90b1aaf,30,4aff99dcb344b613acbf7ac867fc51e9,1,1789872023.0
r10_vis_lr005_30ep_3way_s49n,A,A_runs_20260929,50fe47bc18463c7ee16ce85c039da8df,30,f9417f9cb824863912339d122bb5b542,1,1789872607.0
r10_vis_lr005_30ep_3way_s49n,A,A_small2_20260927,50fe47bc18463c7ee16ce85c039da8df,30,f9417f9cb824863912339d122bb5b542,1,1789872607.0
r10_vis_lr005_30ep_3way_s50n,A,A_runs_20260929,d143d966a4175b3f1267697ba6877d92,30,4b57e0fae9234032d49bbbcd5125c990,1,1789873189.0
r10_vis_lr005_30ep_3way_s50n,A,A_small2_20260927,d143d966a4175b3f1267697ba6877d92,30,4b57e0fae9234032d49bbbcd5125c990,1,1789873189.0
r10_vis_lr005_30ep_3way_s51n,A,A_runs_20260929,033c902e1071f8a4b8f77b8ba74bf271,30,bf3c39a68c9afd51733f272698af7ae9,1,1789873730.0
r10_vis_lr005_30ep_3way_s51n,A,A_small2_20260927,033c902e1071f8a4b8f77b8ba74bf271,30,bf3c39a68c9afd51733f272698af7ae9,1,1789873730.0
r15_arch_y11_vistod15_base100_s42n,A,A_runs_20260929,4cb57510f03dbda4e882340820ab8a7c,100,d4b3cf7f06fc6343bda9c15a68230ee2,1,1789906131.0
r15_arch_y11_vistod15_base100_s42n,A,A_small2_20260927,4cb57510f03dbda4e882340820ab8a7c,100,d4b3cf7f06fc6343bda9c15a68230ee2,1,1789906131.0
r15_arch_y11_vistod15_base100_s42n_PARTIAL_09200932,A,A_runs_20260929,b701ea16816f6be48347d03ed5f9ed5d,70,d4b3cf7f06fc6343bda9c15a68230ee2,1,1789900634.0
r15_arch_y11_vistod15_base100_s42n_PARTIAL_09200932,A,A_small2_20260927,b701ea16816f6be48347d03ed5f9ed5d,70,d4b3cf7f06fc6343bda9c15a68230ee2,1,1789900634.0
r15_arch_y11_vistod15_base100_s42n_oomfix,A,A_runs_20260929,032a0984cc5f86d79c40ad8e4818f5a9,100,e8a83dd2207a430d3d8f497381c5a1e8,1,1790375526.0
r15_arch_y11_vistod15_base100_s42n_oomfix,A,A_small2_20260927,032a0984cc5f86d79c40ad8e4818f5a9,100,e8a83dd2207a430d3d8f497381c5a1e8,1,1790375526.0
r15_arch_y11_vistod15_base100_s43n,A,A_runs_20260929,5ba285ee94150cfb37ee1393cc360f25,100,67351bd3f6b0e77401c22deb09e7bdfb,1,1789902597.0
r15_arch_y11_vistod15_base100_s43n,A,A_small2_20260927,5ba285ee94150cfb37ee1393cc360f25,100,67351bd3f6b0e77401c22deb09e7bdfb,1,1789902597.0
r15_arch_y11_vistod15_base100_s44n,A,A_runs_20260929,2e720067ab3b04fd66595fb222e03581,100,3b540ea3c30619109dedfc8a4f17f7e4,1,1789903126.0
r15_arch_y11_vistod15_base100_s44n,A,A_small2_20260927,2e720067ab3b04fd66595fb222e03581,100,3b540ea3c30619109dedfc8a4f17f7e4,1,1789903126.0
r15_arch_y11_vistod15_base100_s45n,A,P1supp_A_20261002,40c9c12573c70a20a400fd4fb8cd2dcd,100,0c28b477782c2e16b64c8fe65908e0a5,1,1790951083.0
r15_arch_y11_vistod15_base100_s47n,A,P1supp_A_20261002,3665e6bafc486fe815d26b5399d458ad,100,b933ae802c5bbd176e4ae721f7a527a1,1,1790951083.0
r15_arch_y11_vistod15_base100_s49n,A,P1supp_A_20261002,5588b71cb4f8b4b6e5538d9a8ceae2ed,100,f809d2fd6ffa2669fd1d03a258e29b6b,1,1790951083.0
r15_arch_y11_vistod15_base100_s51n,A,P1supp_A_20261002,78f8d78f5c6ddc497bfb7eb5cbf4e98b,100,016ac1a1f97abd0c451518a709aac116,1,1790951083.0
r15_arch_y11_vistod15_lr005_100ep_s42n,A,A_runs_20260929,a4f7b9348e58d9ab62e3c60c28583c8c,100,1fe8b872c7d730256ff839b4de19f33c,1,1789906674.0
r15_arch_y11_vistod15_lr005_100ep_s42n,A,A_small2_20260927,a4f7b9348e58d9ab62e3c60c28583c8c,100,1fe8b872c7d730256ff839b4de19f33c,1,1789906674.0
r15_arch_y11_vistod15_lr005_100ep_s42n_PARTIAL_09200932,A,A_runs_20260929,8b973aa50d3b1c70a60b68cfdf32c492,65,1fe8b872c7d730256ff839b4de19f33c,1,1789900549.0
r15_arch_y11_vistod15_lr005_100ep_s42n_PARTIAL_09200932,A,A_small2_20260927,8b973aa50d3b1c70a60b68cfdf32c492,65,1fe8b872c7d730256ff839b4de19f33c,1,1789900549.0
r15_arch_y11_vistod15_lr005_100ep_s42n_oomfix,A,A_runs_20260929,ae6293176ec918338fde418c79908600,100,7cf8e57362046f28439abcefd8ee4187,1,1790375953.0
r15_arch_y11_vistod15_lr005_100ep_s42n_oomfix,A,A_small2_20260927,ae6293176ec918338fde418c79908600,100,7cf8e57362046f28439abcefd8ee4187,1,1790375953.0
r15_arch_y11_vistod15_lr005_100ep_s43n,A,A_runs_20260929,678407ae9f1b98621c59b9f4cb65888d,100,fd7de721c16a07068096681be5fab8d3,1,1789907210.0
r15_arch_y11_vistod15_lr005_100ep_s43n,A,A_small2_20260927,678407ae9f1b98621c59b9f4cb65888d,100,fd7de721c16a07068096681be5fab8d3,1,1789907210.0
r15_arch_y11_vistod15_lr005_100ep_s43n_PARTIAL_09200932,A,A_runs_20260929,7c41256b47a4b0caf9e8d429f9d8446f,41,fd7de721c16a07068096681be5fab8d3,1,1789901883.0
r15_arch_y11_vistod15_lr005_100ep_s43n_PARTIAL_09200932,A,A_small2_20260927,7c41256b47a4b0caf9e8d429f9d8446f,41,fd7de721c16a07068096681be5fab8d3,1,1789901883.0
r15_arch_y11_vistod15_lr005_100ep_s44n,A,A_runs_20260929,f7b39f6fbcd4d74c5eb8c443694b3296,100,0df077e30bf031dbb309748a3ea424ae,1,1789907750.0
r15_arch_y11_vistod15_lr005_100ep_s44n,A,A_small2_20260927,f7b39f6fbcd4d74c5eb8c443694b3296,100,0df077e30bf031dbb309748a3ea424ae,1,1789907750.0
r15_arch_y11_vistod15_lr005_100ep_s44n_PARTIAL_09200932,A,A_runs_20260929,bc6585a0eb8f7c0ba011f7930c8f9e9e,37,0df077e30bf031dbb309748a3ea424ae,1,1789902422.0
r15_arch_y11_vistod15_lr005_100ep_s44n_PARTIAL_09200932,A,A_small2_20260927,bc6585a0eb8f7c0ba011f7930c8f9e9e,37,0df077e30bf031dbb309748a3ea424ae,1,1789902422.0
r15_arch_y11_vistod15_lr005_100ep_s45n,A,P1supp_A_20261002,b0026da2d68ac791290e2a12bab8c69e,100,dc3eb9b5ecc6ad752c34969db1ffa207,1,1790951083.0
r15_arch_y11_vistod15_lr005_100ep_s47n,A,P1supp_A_20261002,fc6ff8cc9d8c979094ab9265f44929fe,100,e784a92705ec84fbe30bbf1018dc8fdd,1,1790951083.0
r15_arch_y11_vistod15_lr005_100ep_s49n,A,P1supp_A_20261002,e1bf33e75031fa1d12319b4cbbfa39eb,100,ceaac0e88c8805f8e6f4fb61b295c313,1,1790951083.0
r15_arch_y11_vistod15_lr005_100ep_s51n,A,P1supp_A_20261002,41c9268f73cebb70c94b6c253655ffe9,100,4df0d11d94ba73f386b69bab82a7d2c8,1,1790951083.0
r15_arch_y12_vistod15_base100_s42n,A,P1supp_A_20261002,3b9fe1ae4fc210c79e74b7d234e2fd2a,100,a97957b97b2dfc0820b82b51bb2f9be6,1,1790951083.0
r15_arch_y12_vistod15_base100_s43n,A,P1supp_A_20261002,7bfefcd9886337f71249c4e4b62f77aa,100,25c41f31057c11874011b93c1e89e3e9,1,1790951083.0
r15_arch_y12_vistod15_base100_s45n,A,P1supp_A_20261002,00eaac5cbed1062384768ed02e7a4c0a,100,42c3e4741ff8bb0d890565bfa13b1bbd,1,1790951083.0
r15_arch_y12_vistod15_base100_s47n,A,P1supp_A_20261002,3effb515802dbe09c6920253397b0718,100,d530cbb79f2522586f539f1ebbfb7da0,1,1790951083.0
r15_arch_y12_vistod15_base100_s49n,A,P1supp_A_20261002,0bde35a38b2b69bdc5fad869fc1f7f2d,100,7053232abf5c7a25cf4147b18bd5ef16,1,1790951083.0
r15_arch_y12_vistod15_base100_s51n,A,P1supp_A_20261002,04788bc368df72700a01a338c3234a33,100,ce49b87a0df2ba9472973cd62aa7e95a,1,1790951083.0
r15_arch_y12_vistod15_lr005_100ep_s43n,A,P1supp_A_20261002,4e5846facd35ce653eb2fc29ecc0a636,100,4156b279a6b67ebff6acd958ab31143a,1,1790951083.0
r15_arch_y12_vistod15_lr005_100ep_s45n,A,P1supp_A_20261002,456ba9b7ad2e4fdcf00adda6c4864df2,100,2b347ced5c17ab5f5a29025efc2c9996,1,1790951083.0
r15_arch_y12_vistod15_lr005_100ep_s47n,A,P1supp_A_20261002,49c1bcec91bde474d8d088d36406daa0,100,1aa3914a7778485049d2a47c8ecb5c5a,1,1790951083.0
r15_arch_y12_vistod15_lr005_100ep_s49n,A,P1supp_A_20261002,29321a96a9f70cdf8a376c191eae8204,100,a761b50982e4d1a1b6023feb4c33c8ce,1,1790951083.0
r15_arch_y12_vistod15_lr005_100ep_s51n,A,P1supp_A_20261002,51f974a6dec4077d56c64ffd3b741268,100,7af98f1056fbb3b912b3d79a6eb34ab6,1,1790951083.0
r15b_y11_aitod_base100_s45n,A,A_runs_20260929,6e2a3654c80d8efa3a37f01afa79b9cf,100,a245649256e00623dc70c031a98563a1,1,1790353099.0
r15b_y11_aitod_base100_s45n,A,A_small2_20260927,6e2a3654c80d8efa3a37f01afa79b9cf,100,a245649256e00623dc70c031a98563a1,1,1790353099.0
r15b_y11_aitod_base100_s46n,A,A_runs_20260929,61e17bf352e5bf261e93d4ed53fcc8d3,100,4ddb9fa7fd0cc7a029b7451e0e493415,1,1790352832.0
r15b_y11_aitod_base100_s46n,A,A_small2_20260927,61e17bf352e5bf261e93d4ed53fcc8d3,100,4ddb9fa7fd0cc7a029b7451e0e493415,1,1790352832.0
r15b_y11_aitod_base100_s47n,A,A_runs_20260929,46d891902b6c7f8dc3329e50e16fd220,100,d999c47b432d5d6525e7c9a486297fe8,1,1790354933.0
r15b_y11_aitod_base100_s47n,A,A_small2_20260927,46d891902b6c7f8dc3329e50e16fd220,100,d999c47b432d5d6525e7c9a486297fe8,1,1790354933.0
r15b_y11_aitod_lr005_100ep_s45n,A,A_runs_20260929,ed1190d1aa3d15e14c00f8a7beba6ecd,100,c6321c7d440bdc5bca51eddd9cb94314,1,1790355311.0
r15b_y11_aitod_lr005_100ep_s45n,A,A_small2_20260927,ed1190d1aa3d15e14c00f8a7beba6ecd,100,c6321c7d440bdc5bca51eddd9cb94314,1,1790355311.0
r15b_y11_aitod_lr005_100ep_s46n,A,A_runs_20260929,56e35566410f5ed26c24e833d140ead6,100,4823877d3fb24d2f589d961ddbba6d21,1,1790356913.0
r15b_y11_aitod_lr005_100ep_s46n,A,A_small2_20260927,56e35566410f5ed26c24e833d140ead6,100,4823877d3fb24d2f589d961ddbba6d21,1,1790356913.0
r15b_y11_aitod_lr005_100ep_s47n,A,A_runs_20260929,faae0af49ab8604a6eb28fabc7802856,100,6abfc9454117e6704bffb16b15da5d98,1,1790357533.0
r15b_y11_aitod_lr005_100ep_s47n,A,A_small2_20260927,faae0af49ab8604a6eb28fabc7802856,100,6abfc9454117e6704bffb16b15da5d98,1,1790357533.0
s2ae_10p_30ep_base_s42n,A,A_runs_20260929,c373c06523d98a95ee9e9ecf94783de1,30,f402bcf7bc1a96fd6b266f56d23c0370,1,1790724555.0
s2ae_10p_30ep_base_s43n,A,A_runs_20260929,21837affff121be42b5b30f8bd6e11a0,30,f4803513107e075d5099d6d3989fb739,1,1790668909.0
s2ae_10p_30ep_base_s44n,A,A_runs_20260929,62d8ce240e56d0d73c9f9601a3a85062,30,0cfe851392872f3d639057b5ef39b04d,1,1790715610.0
s2ae_10p_30ep_base_s45n,A,P1ext_A_20261001,9806c66d08a3f8e5646d1e164ea29473,30,59815b1a1e0a66392a68e86757dfb8d2,1,1790891869.9321992
s2ae_10p_30ep_base_s46n,A,P1ext_A_20261001,0e94e0925478393e965a31fe05113a01,30,2e13ac818be01435bae2be6e83eb0652,1,1790891869.9332144
s2ae_10p_30ep_base_s47n,A,P1ext_A_20261001,a7cb8cecea9cbece133356d05491c058,30,01a566d7bb35c41f1c7fecf5ff7afb0f,1,1790891869.9347193
s2ae_10p_30ep_base_s48n,A,P1ext_A_20261001,a5c90bc4d8b2bc41a11658c9bb3a9a86,30,2619f49d8aa698710e00faf144069499,1,1790891869.935829
s2ae_10p_30ep_base_s49n,A,P1ext_A_20261001,0ce4b26d085dcc49f3212bed5ac30bd8,30,0e9d5a2d602054813e799843bf231524,1,1790891869.936834
s2ae_10p_30ep_base_s50n,A,P1ext_A_20261001,74fd2266e606c249691966920e5eaf7a,30,dc51d036fd0fa8fcda8ef0153426baaa,1,1790891869.9378345
s2ae_10p_30ep_base_s51n,A,P1ext_A_20261001,e8528b31aaeb9870456baab2a5c0cde9,30,46dd1d9d1bec3a5d674563b204e9af36,1,1790891869.9378345
s2ae_10p_30ep_lr005_s42n,A,A_runs_20260929,06cccdd2fa8e2e767f8060d8977ac278,30,b3f5b8970639fbd5c1891e84b173b7c2,1,1790669225.0
s2ae_10p_30ep_lr005_s43n,A,A_runs_20260929,f4d972b41fe517926f282058096c4223,30,1d75f933589d58c01b8729bf56af1054,1,1790722122.0
s2ae_10p_30ep_lr005_s44n,A,A_runs_20260929,cf11fd4a38a71ac37b0ae6c61d0c6592,30,31307d8645e5f730ca7363c44e434f0d,1,1790669516.0
s2ae_10p_30ep_lr005_s45n,A,P1ext_A_20261001,2f12b2b6bbd34d80c33b62f893f66969,30,e4ca79e7bf809ab18421af5ff65f5888,1,1790891869.9388397
s2ae_10p_30ep_lr005_s46n,A,P1ext_A_20261001,052a79f52e8f296399675b12a34bea04,30,057d3ca179bb48301e54b71f590d4e71,1,1790891869.9398868
s2ae_10p_30ep_lr005_s47n,A,P1ext_A_20261001,eab92df6362c7c3c39559ead7d6965f5,30,f0fb1f8d92b7be97ec1b0c5f9a1f6493,1,1790891869.9408865
s2ae_10p_30ep_lr005_s48n,A,P1ext_A_20261001,b55ab76a410807fa8ed45aa69c5d06f8,30,becb4fecd2684ed4f1feeb82a0a10d24,1,1790891869.9418857
s2ae_10p_30ep_lr005_s49n,A,P1ext_A_20261001,9e69c289659f9035b616aafe27d4afbb,30,55de106c560d609d331cb27f69ecad77,1,1790891869.9429076
s2ae_10p_30ep_lr005_s50n,A,P1ext_A_20261001,0366d968b8833d45afc834c37bec7698,30,8bf4192ad1430907bf663c46122af188,1,1790891869.9439142
s2ae_10p_30ep_lr005_s51n,A,P1ext_A_20261001,41f4e36af82811a6a6f02c1373b4eb45,30,1ae90bd6ecaf83bfe694fff1a0d5aa13,1,1790891869.944913
s2ae_20p_100ep_base_s42n,A,A_runs_20260929,7d441fc43a1c5fb50ab807b8ed636918,100,d98c642a0ca1d779685a16934d0f60d8,1,1790609589.0
s2ae_20p_100ep_base_s43n,A,A_runs_20260929,08cc51f5e83e589832dd5519b476e271,100,7eaabcfebce59d78161197244c4861f5,1,1790670738.0
s2ae_20p_100ep_base_s44n,A,A_runs_20260929,43ef5243a9893d2b8853c479cdf16a8f,100,07ae43b300debbd52b60c73050b28052,1,1790610435.0
s2ae_20p_100ep_base_s45n,A,P1ext_A_20261001,0945c36295b96a6ec31d22fce8808505,100,b31ed62f0aa53e2af3f73efc64baf70b,1,1790891869.944913
s2ae_20p_100ep_base_s46n,A,P1ext_A_20261001,dac7aab82c018adf78d1574d7907a5aa,100,cb89ca21268c80804bfa40b7e1b6c09d,1,1790891869.9459178
s2ae_20p_100ep_base_s47n,A,P1ext_A_20261001,e85d0d31db9adf7ed0c19f4205e3b521,100,ccd0fa08a0602c6acced6012f192f7dd,1,1790891869.9469128
s2ae_20p_100ep_base_s48n,A,P1ext_A_20261001,caa87e72eafe719e94b63bd5fdbdcff0,100,58a673014a446bd4966c903ad05b0fc5,1,1790891869.9479115
s2ae_20p_100ep_base_s49n,A,P1ext_A_20261001,786efe40a1b982ea27034ff933799fa7,100,e6e45798c1d67d625f5d7970d51c1a34,1,1790891869.9479115
s2ae_20p_100ep_base_s50n,A,P1ext_A_20261001,f5e47cc4b4ee52bcd6b496b532141165,100,2e874bf07d9814d8a46712d2e9a731f3,1,1790891869.9491942
s2ae_20p_100ep_base_s51n,A,P1ext_A_20261001,7eb6d487e55fc12773ce3dab78b2851d,100,a59add2e5cf0b16ab5775709b4b13b89,1,1790891869.9491942
s2ae_20p_100ep_lr005_s42n,A,A_runs_20260929,d7351ac2d3d1846c1caffb4e345d33d4,100,c7bda85e571c634f32834889078fc4f5,1,1790716793.0
s2ae_20p_100ep_lr005_s43n,A,A_runs_20260929,343baff39f66ac1f31ffd422e14c699e,100,1340620b9e0cdf3e92abed9920ee4b74,1,1790611277.0
s2ae_20p_100ep_lr005_s44n,A,A_runs_20260929,7404a6a63b3dc23afcd9c4f16a7b9c09,100,1d05c5c0ab1f8e7f91a22bb54a9f6862,1,1790672046.0
s2ae_20p_100ep_lr005_s45n,A,P1ext_A_20261001,89d60ab17729d2b906e87fee8a366cb8,100,7f31a01bdcfb7cf189982c67c6a730bb,1,1790891869.95066
s2ae_20p_100ep_lr005_s46n,A,P1ext_A_20261001,6ea9de4020309c423818ab27887ae649,100,fd6cef1ca17e7d5e387e054198a86450,1,1790891869.951665
s2ae_20p_100ep_lr005_s47n,A,P1ext_A_20261001,bb9b835eb45c7b693cbb5638fe5b846c,100,9ae1a05e685465abc1322fe27777e42e,1,1790891869.9526653
s2ae_20p_100ep_lr005_s48n,A,P1ext_A_20261001,6cf988482f87cdb23080395aac6e4828,100,e478f78521c387aa28de2220e9d53849,1,1790891869.9526653
s2ae_20p_100ep_lr005_s49n,A,P1ext_A_20261001,9d490135f1d9068141bc4f90056ed4ee,100,7d332d5a4cf96611ea1eb97a4dc5f292,1,1790891869.9541109
s2ae_20p_100ep_lr005_s50n,A,P1ext_A_20261001,b0f866371cee2fabfe14ac687f7b6fe6,100,00c8d85ead2005261299ca2d123e2551,1,1790891869.9551153
s2ae_20p_100ep_lr005_s51n,A,P1ext_A_20261001,0a8a05913a288aa5ef817abfe82d9db5,100,e260b5d3990471510a14060e12178128,1,1790891869.9551153
s2ae_20p_30ep_base_s42n,A,A_runs_20260929,e5c91a4d11f4485d2a97963cb4bfbd43,30,0ac8d6ea63741628374f0668fb6ca855,1,1790608131.0
s2ae_20p_30ep_base_s43n,A,A_runs_20260929,d4646bc90ba8127f8f459b9cfcb45c91,30,18e52ad8ae3d527e5b61357dec081d31,1,1790715888.0
s2ae_20p_30ep_base_s44n,A,A_runs_20260929,358d9a25cb130c22f86de34a59162e1d,30,1a7ea02839d2a969dc80841e4b483151,1,1790608434.0
s2ae_20p_30ep_base_s45n,A,P1ext_A_20261001,1f2e1390bf145dafcade0ca98aaf164e,30,25d9b1b4787ad60941952c3c140de753,1,1790891869.9574332
s2ae_20p_30ep_base_s46n,A,P1ext_A_20261001,81c4cbd20eca844678c3c7e289ecad47,30,ea429a0b19dcfb0ed832b708138fad03,1,1790891869.958237
s2ae_20p_30ep_base_s47n,A,P1ext_A_20261001,1e8a424090f2fb09b3d998c523a109f8,30,34f82311b02c06973cff0a799e6f75d0,1,1790891869.958237
s2ae_20p_30ep_base_s48n,A,P1ext_A_20261001,30ee8fbb92f53a90f830290dad0804c7,30,51fee6b1b0943f316eee5701e81f07ee,1,1790891869.959859
s2ae_20p_30ep_base_s49n,A,P1ext_A_20261001,b8a4a682ae056cd881d05e94f2a6b296,30,c8e6cedb8945a58f0115cef07d10d07e,1,1790891869.9603908
s2ae_20p_30ep_base_s50n,A,P1ext_A_20261001,f7afd27a1c92005f7f6a939d64abb8f2,30,6420d3400ed6b3636683300e6660e1c5,1,1790891869.9603908
s2ae_20p_30ep_base_s51n,A,P1ext_A_20261001,1208d6c40e1bd9e6d4bda74438dc4ab5,30,1631ecb688eda9608a4042aaedf7c37c,1,1790891869.961764
s2ae_20p_30ep_lr005_s42n,A,A_runs_20260929,787093848328cfc14933f3225bcb0aed,30,8841a85dc98d10df1c1a850c7cf34d1e,1,1790669852.0
s2ae_20p_30ep_lr005_s43n,A,A_runs_20260929,150663e8eacc189fbe0485f0ac0c6105,30,4c80e9efa60ed714a3f5ea7cddf04e3e,1,1790608758.0
s2ae_20p_30ep_lr005_s44n,A,A_runs_20260929,9ae6ac89812bb20c846d1d7a659034ae,30,7b5303356a02d9b9ab78f8c77fd2688a,1,1790724125.0
s2ae_20p_30ep_lr005_s45n,A,P1ext_A_20261001,aeced0f8a791db7a927b8ba6dc7cd794,30,024d2e5011cee8241c281e24e7df2137,1,1790891869.962769
s2ae_20p_30ep_lr005_s46n,A,P1ext_A_20261001,199c75c2d1b0ffeb922a300fd6dbbd8b,30,7c135abed080fd9c928c99721c33c269,1,1790891869.9638653
s2ae_20p_30ep_lr005_s47n,A,P1ext_A_20261001,12140ead06d6b2c6ecf3e4c450b6535e,30,d6c7359eb96e85e7833248e74d47c212,1,1790891869.9648728
s2ae_20p_30ep_lr005_s48n,A,P1ext_A_20261001,83ca2745115a03e42b671a7371047707,30,9fb2778f7859db4672f7a873aad63a61,1,1790891869.9648728
s2ae_20p_30ep_lr005_s49n,A,P1ext_A_20261001,ba9b84e0441daf042110f9586c9c3103,30,f7e42e18f70538f7116b3e50fed52bc4,1,1790891869.9659934
s2ae_20p_30ep_lr005_s50n,A,P1ext_A_20261001,91ffc3d28a3d2dee2ff8eb249e623387,30,fac5bfa0a64f1a0addb838348444f8c6,1,1790891869.966998
s2ae_20p_30ep_lr005_s51n,A,P1ext_A_20261001,10d4d9bce9b9cb551ea434bcdc1152ee,30,9ff6df7e34272fcf24d3f82ac1a8d51e,1,1790891869.9679987
s2ae_30p_30ep_base_s42n,A,A_runs_20260929,83775b120b7eebc3fb6455903858ba0c,30,fc97eeebad126036344858fe5c255298,1,1790611594.0
s2ae_30p_30ep_base_s43n,A,A_runs_20260929,2e64308a16e35a07eba7f3d398f300d2,30,d832f726825f7450d523b06cc4120032,1,1790722429.0
s2ae_30p_30ep_base_s44n,A,A_runs_20260929,b979e583f838f87bea90e64d07efe5cc,30,3d48505548214d05f28ef9dbbdee701f,1,1790611903.0
s2ae_30p_30ep_base_s45n,A,P1ext_A_20261001,3a11ab704a157df805d0e60d6d9ec05d,30,ef6e7fc35adfbff5ae6eddf759e49e53,1,1790891869.9679987
s2ae_30p_30ep_base_s46n,A,P1ext_A_20261001,a042ccb100d09ffc23a3e4a0f26b0c62,30,284a65ff622999c0d0b6b4943635ef37,1,1790891869.9690008
s2ae_30p_30ep_base_s47n,A,P1ext_A_20261001,8d5553135b021439c029c355e5a9036d,30,46d7b3410241320a763c4bc9ff1250ff,1,1790891869.9699981
s2ae_30p_30ep_base_s48n,A,P1ext_A_20261001,572914a87e8dab5488e706628b082409,30,5ca1875fb0f46c126652c80fda8c0d11,1,1790891869.9712355
s2ae_30p_30ep_base_s49n,A,P1ext_A_20261001,538759b02b7c794faa57d2c0def2288c,30,60f1d4c0c39a14e39647d352b2f3b9d6,1,1790891869.9712355
s2ae_30p_30ep_base_s50n,A,P1ext_A_20261001,d6d31bb64b9573081164a5468e99236d,30,d70a061c5d5749f872a737654cd92e0b,1,1790891869.9724228
s2ae_30p_30ep_base_s51n,A,P1ext_A_20261001,3b10634d39b96532c3414b41b706d0cc,30,a35f1544347227037fe38c00f1b4defa,1,1790891869.9735565
s2ae_30p_30ep_lr005_s42n,A,A_runs_20260929,430d471b611fc22adfc27610057c9f55,30,03990127b0dcfd9be321fe70ecc98157,1,1790671348.0
s2ae_30p_30ep_lr005_s43n,A,A_runs_20260929,caa1711af581a8349ccfe08430b836c1,30,58b101e16e9886396df9f593265f1371,1,1790612233.0
s2ae_30p_30ep_lr005_s44n,A,A_runs_20260929,ef237d61752366a04eefe32609a3a5bf,30,97c444116857adab466a124c7653f938,1,1790717130.0
s2ae_30p_30ep_lr005_s45n,A,P1ext_A_20261001,d342e6890af308755034ba628cdd55f5,30,5a682545f218b5a8ecab9e94e8feaef4,1,1790891869.9745617
s2ae_30p_30ep_lr005_s46n,A,P1ext_A_20261001,82af74282b10f8228983d000623ff25a,30,6ead4c480fb618d3e359a9c5db1fea7e,1,1790891869.9745617
s2ae_30p_30ep_lr005_s47n,A,P1ext_A_20261001,f77c2f9cb514259ac31d58ce4a0512fd,30,e10eeaa1ec11f72ff2e0222ba045a8d1,1,1790891869.9755619
s2ae_30p_30ep_lr005_s48n,A,P1ext_A_20261001,d103cfbd36a4006899680b96330e1cf2,30,02af4201e476887f6609b192c90c6be5,1,1790891869.9765606
s2ae_30p_30ep_lr005_s49n,A,P1ext_A_20261001,1a23932fe4e51a7dfc348c055607788d,30,fb0a5d5417f7fa4f2d9bec731f6fa20b,1,1790891869.9770708
s2ae_30p_30ep_lr005_s50n,A,P1ext_A_20261001,59b08dc9bcd46b5323f435c3c38d1892,30,d8beabe96b2c519db46dbcc2cc0b1da4,1,1790891869.977939
s2ae_30p_30ep_lr005_s51n,A,P1ext_A_20261001,22647f4561b987328f5db8bb925bd5b3,30,b963180f0d50611167eb4195cf20bdcc,1,1790891869.9789987
s2ae_40p_100ep_base_s42n,A,A_runs_20260929,fdb1a552707e69b894df2898845f3946,100,85bf2ff8880ca1ee2fe81e33a021f661,1,1790614300.0
s2ae_40p_100ep_base_s43n,A,A_runs_20260929,09b272a06d1375daed1bd628d52860d3,100,5766e16a7a91f2498952b1df599db1af,1,1790718242.0
s2ae_40p_100ep_base_s44n,A,A_runs_20260929,d674aafe5bd764712353e2875f75d0cf,100,9eb30e5deadbb56b6f8f2537d6cb04d1,1,1790615397.0
s2ae_40p_100ep_base_s45n,A,P1ext_A_20261001,c7a5a91ba0b50383bd286ffe97af1942,100,7bab7c8b6c2c08ddd7293c5cb9c9c9c6,1,1790891869.9789987
s2ae_40p_100ep_base_s46n,A,P1ext_A_20261001,c1a5919dff77a302aeab77b9504fc549,100,cc798fe2eafcb9b585ae432e8df81406,1,1790891869.9800513
s2ae_40p_100ep_base_s47n,A,P1ext_A_20261001,47eb384e69ad437d4e4fb99b7bc5cdd1,100,5bcf7dacfc7d6d1010f0d50ad87865b9,1,1790891869.9812403
s2ae_40p_100ep_base_s48n,A,P1ext_A_20261001,b6c708d12824bed5711414d51eb69980,100,8f0b88a11bf1b9a1fe5f38f0f86c3ddd,1,1790891869.9822452
s2ae_40p_100ep_base_s49n,A,P1ext_A_20261001,778f623e0593efe7168f03d3ead529c9,100,7ac426f9b2bed75ac3efd95bcdd4a4fa,1,1790891869.9822452
s2ae_40p_100ep_base_s50n,A,P1ext_A_20261001,02b0e3a06374c1d53622c350a0451a53,100,0f8a3df65e737e69212d54229b30c73f,1,1790891869.9833083
s2ae_40p_100ep_base_s51n,A,P1ext_A_20261001,7c33a3c016bd920a8c94a0683b181e31,100,8e1456d2150b5764cf76cd06a0e442cd,1,1790891869.984313
s2ae_40p_100ep_lr005_s42n,A,A_runs_20260929,c2be3767dd36a491c767d0579f673f01,100,fbb31d719cd77d809401efa7d6075b5e,1,1790673610.0
s2ae_40p_100ep_lr005_s43n,A,A_runs_20260929,e9e0d7a34495a48e86a0b601c638b61f,100,07bd8081696f9b4f0cfe9c2e777cb0d1,1,1790616409.0
s2ae_40p_100ep_lr005_s44n,A,A_runs_20260929,36a40100092414d424854a121d47dba1,100,2d954bd3009e7ed3f493f4e19dce9d93,1,1790723508.0
s2ae_40p_100ep_lr005_s45n,A,P1ext_A_20261001,89217c8dfc32c4a2cbc24f8ba9af1a95,100,dc5ed4e53f5b5f7c2096a4d36655caca,1,1790891869.984313
s2ae_40p_100ep_lr005_s46n,A,P1ext_A_20261001,525f418ac51fe78e4a3aa5556eed69a8,100,eb653a572a702c7d847bade24835456d,1,1790891869.985543
s2ae_40p_100ep_lr005_s47n,A,P1ext_A_20261001,e23f83b3b42ce69409fda35065ef4c5b,100,36f19ffe942b1da38f94430975db2b09,1,1790891869.9865482
s2ae_40p_100ep_lr005_s48n,A,P1ext_A_20261001,7f6a4949aef1e229e388066f0575a627,100,0ab45ed1cb69f1bc54a0ae3f61a26ebe,1,1790891869.9880524
s2ae_40p_100ep_lr005_s49n,A,P1ext_A_20261001,a154ad0bc16eca52246faadce383f1c8,100,4ed7691244f488c584e6ae3eb6e1faa4,1,1790891869.9890573
s2ae_40p_100ep_lr005_s50n,A,P1ext_A_20261001,53b609b90d29d414dedfb7ca8a917eaf,100,0f7637d2ea8dba15ba287c2661d348c2,1,1790891869.9890573
s2ae_40p_100ep_lr005_s51n,A,P1ext_A_20261001,290077f5308cd7694529d9b207959c15,100,95a2d989904d03f5e5d8317c2ec02272,1,1790891869.9900568
s2ae_40p_30ep_base_s42n,A,A_runs_20260929,490cb1335080184d29ea83faa0797be5,30,55254a769d2091f84f95334fb1d3f8d1,1,1790612586.0
s2ae_40p_30ep_base_s43n,A,A_runs_20260929,bcd5f33aff671642a420a3ba0646501c,30,36a36f554d312b05ba8548f4645d0ce4,1,1790671795.0
s2ae_40p_30ep_base_s44n,A,A_runs_20260929,69e0cfac19688cf18b8d9dc73f65d898,30,f4cc342a5d1a748ae9a6d438b3c748fd,1,1790612927.0
s2ae_40p_30ep_base_s45n,A,P1ext_A_20261001,604f3a8d80943a3a171354554600dfa8,30,f46859b9c6357828e9a07b4b600c4dee,1,1790891869.9911199
s2ae_40p_30ep_base_s46n,A,P1ext_A_20261001,a7be8fb0797878556cf60a24dc80a706,30,1be02273a448c2f21374e0e2ab98ceb2,1,1790891869.9911199
s2ae_40p_30ep_base_s47n,A,P1ext_A_20261001,abbfec53a6dabd456546f5c59c2a1fed,30,77e7c5008619b6f182b9b432cf7cc59e,1,1790891869.992539
s2ae_40p_30ep_base_s48n,A,P1ext_A_20261001,3ca4756fded315b45ddea1583280fef0,30,f973e890cfb21d9083f6ee82a978c5e9,1,1790891869.9935434
s2ae_40p_30ep_base_s49n,A,P1ext_A_20261001,47b9ed38cc907f8604574161443d9636,30,1e6677dda6f8c49688f68005cefc868e,1,1790891869.9945445
s2ae_40p_30ep_base_s50n,A,P1ext_A_20261001,ebb2c964574d21ff5f21169cc53c7d7c,30,c1df3c4fe68179f3c41343c1f6e3b965,1,1790891869.9955437
s2ae_40p_30ep_base_s51n,A,P1ext_A_20261001,537bd9fae7781c40ad1df206b5bbaf18,30,ad190534b402eea6e042fc9fa46cd0ce,1,1790891869.9955437
s2ae_40p_30ep_lr005_s42n,A,A_runs_20260929,383490f211378c52085428bd3ae5ce11,30,160ced5bd47248bb28c8395365d03488,1,1790725020.0
s2ae_40p_30ep_lr005_s43n,A,A_runs_20260929,feaf4aef0ce242ec62d14e1690e36c99,30,e5490ce5a323d1e529ce142fd04901d9,1,1790613306.0
s2ae_40p_30ep_lr005_s44n,A,A_runs_20260929,b48513dfc9c8412649f114df548c2cfc,30,8b36b527735a2cafee015f9e5ce4dd65,1,1790672341.0
s2ae_40p_30ep_lr005_s45n,A,P1ext_A_20261001,97c2a30ac615e79980ae60e1ed471b62,30,47306ff60fcc92923f18643be7aa61eb,1,1790891869.9965796
s2ae_40p_30ep_lr005_s46n,A,P1ext_A_20261001,1662d2dd546b26b6b04d5cb2eb8f1b13,30,845f4a9d54201f3e4d0d41a5a9c3c29b,1,1790891869.997585
s2ae_40p_30ep_lr005_s47n,A,P1ext_A_20261001,7b550b5a7767d48bf11122e9a34b6d83,30,7036e71c36d8a1d8f1eb275eb9270d5d,1,1790891869.998585
s2ae_40p_30ep_lr005_s48n,A,P1ext_A_20261001,db9ea14360a85985b1fe209ba7246557,30,446dc6a687ed581f85da3f1030ca66a4,1,1790891869.998585
s2ae_40p_30ep_lr005_s49n,A,P1ext_A_20261001,918bf093e037fa840461e524f3d5667a,30,e5d57a131a53675e1f30df53612e4093,1,1790891869.999585
s2ae_40p_30ep_lr005_s50n,A,P1ext_A_20261001,9a40f4edc0f63eb28f15a3f126d1a0e5,30,1b9c4f30c41dcdfc33a496ce6a500ff5,1,1790891869.999585
s2ae_40p_30ep_lr005_s51n,A,P1ext_A_20261001,ad82e6004012f2c3c53f486c1c79051b,30,d0f70d57bf1316f937b2dd683c82813a,1,1790891870.0009964
s2ae_50p_30ep_base_s42n,A,A_runs_20260929,73b1607f764e6a03f1126452a0ef2a3e,30,2683056fdcdc358936c956a0f5197d51,1,1790616778.0
s2ae_50p_30ep_base_s43n,A,A_runs_20260929,eb0010011ffc3cbfab3265ce53059aab,30,235e65870fbdce8c0d626292185d462a,1,1790672816.0
s2ae_50p_30ep_base_s44n,A,A_runs_20260929,f83b136eb8cc6a20bcc0e728ae6bae03,30,1f3d11fec2945f1f0a6d16def95f2647,1,1790617169.0
s2ae_50p_30ep_base_s45n,A,P1ext_A_20261001,71e0284f99e1f37cfbd58817d75805c9,30,9a07b4566fe939c0fe5cca3261eb41cf,1,1790891870.0020013
s2ae_50p_30ep_base_s46n,A,P1ext_A_20261001,a3a17119f4bd526dc6d17a6f15161650,30,4d85b34a9228b7b69f8cabc687c3833f,1,1790891870.0030017
s2ae_50p_30ep_base_s47n,A,P1ext_A_20261001,491111b4e7df3a1f20fd1f3b1b651608,30,f914687994f0240ce2c53d39f0b47ad3,1,1790891870.004001
s2ae_50p_30ep_base_s48n,A,P1ext_A_20261001,2a6b86b951fa74683253018e6a3bc574,30,c36b7fbda7233711782f3aee097dfe88,1,1790891870.0050015
s2ae_50p_30ep_base_s49n,A,P1ext_A_20261001,38bf37837d356dfb7964636e4e0ddaca,30,5d3c2566e78f170e6763af0a78a2464c,1,1790891870.0055077
s2ae_50p_30ep_base_s50n,A,P1ext_A_20261001,777ae45705fbca410eaefcb63eea34e1,30,97fccd6634ebbbbc81229afc08d793b0,1,1790891870.006513
s2ae_50p_30ep_base_s51n,A,P1ext_A_20261001,ca79dfeee2d648f713759d5f7e23dbe2,30,3a35c4ec28c4cb1f6c56a46f41b74db4,1,1790891870.006513
s2ae_50p_30ep_lr005_s42n,A,A_runs_20260929,3bd2bcb5f9b563e9ab7f324c9e5201dc,30,0a6f39aae8d39d6c669f154c465f469a,1,1790718624.0
s2ae_50p_30ep_lr005_s43n,A,A_runs_20260929,51cd90375fff0e9847a2c9bbd7d54ca1,30,5c5ae96c10ed27ae37a82eeb2cebc4fe,1,1790617563.0
s2ae_50p_30ep_lr005_s44n,A,A_runs_20260929,6e8033615243c66a06ef74a448477c63,30,85815b8ef5adb3c1187d409260ceb100,1,1790673293.0
s2ae_50p_30ep_lr005_s45n,A,P1ext_A_20261001,1000acff20edc8aa638a7d4dc67366fc,30,6b1bc9ba61f8b7dd6483229fe1047f45,1,1790891870.0075133
s2ae_50p_30ep_lr005_s46n,A,P1ext_A_20261001,c87e48c0925992cecc33ffd2455102a9,30,b0b89c8f89cee6d12b6302addd5e6484,1,1790891870.0085135
s2ae_50p_30ep_lr005_s47n,A,P1ext_A_20261001,4d1ba9ca72704eebe5be1816c158bac6,30,6c32ff257afef291f65d7222869f0485,1,1790891870.0090342
s2ae_50p_30ep_lr005_s48n,A,P1ext_A_20261001,2fed5716c3fae32436e18ad359d4fe4e,30,d736a2339b0699e093e579798cbe8cda,1,1790891870.0099196
s2ae_50p_30ep_lr005_s49n,A,P1ext_A_20261001,8170e47cec5e5d5bf550b72929c113b6,30,c8048e8567621f339ad667be3cbd8124,1,1790891870.0099196
s2ae_50p_30ep_lr005_s50n,A,P1ext_A_20261001,5659571adc8e8a2f66c69882909110ff,30,849815e800c5379b5580540df764a14a,1,1790891870.0113826
s2ae_50p_30ep_lr005_s51n,A,P1ext_A_20261001,5cfdcf3b3ed2cca4c61ad8c2bfaaad32,30,52dc8fcf05c377bfe8308e44bb81dd07,1,1790891870.012389
s2df_10p_100ep_base_s42n,A,A_runs_20260929,f5ca6483a1ff0b9f5128406c16f1c4af,100,adc92d2b83173d68be908b53831042fd,1,1790618295.0
s2df_10p_100ep_base_s43n,A,A_runs_20260929,b623e380d746d08f7d53ebb82dcfbe92,100,53d499a574a3f1ebae73116a5b2f270a,1,1790673824.0
s2df_10p_100ep_base_s44n,A,A_runs_20260929,2395f67f50579db34c7f4049f9434450,100,5c0474e55434cd0c4b54a7a10768b1ca,1,1790618610.0
s2df_10p_100ep_base_s45n,A,P1ext_A_20261001,9ebbc18a85efa40b8cb86a4a1e289d36,100,dd125cc5a23343cfadd5cb9b2ac75113,1,1790891870.0133889
s2df_10p_100ep_base_s46n,A,P1ext_A_20261001,1bb66f7b41253161d1b4c4f0b6769b0a,100,1f876426974bb6d210e80ec0d5d2e5b2,1,1790891870.0143886
s2df_10p_100ep_base_s47n,A,P1ext_A_20261001,3c1c881ae3a8107047622c30e9380871,100,ed515cc47433ed68c1fb71ccbc5470f5,1,1790891870.0153878
s2df_10p_100ep_base_s48n,A,P1ext_A_20261001,0d8bda2734877c3ee586070269b98495,100,9eb784aae20e2b398040c7537986d22a,1,1790891870.0153878
s2df_10p_100ep_base_s49n,A,P1ext_A_20261001,4d452dc8263f92179d9c108b462c51a3,100,30dbd7990f849d169c3e3b8b6036c299,1,1790891870.0167692
s2df_10p_100ep_base_s50n,A,P1ext_A_20261001,4bdb4631cb1a827c7c4f16f1a3956516,100,8694fe1510f5aca03c1503a9f12b2c15,1,1790891870.0177748
s2df_10p_100ep_base_s51n,A,P1ext_A_20261001,a6a45f40450ef952ba4e356150a8ff9b,100,cc662175a0b2818aad4664be6a522305,1,1790891870.018983
s2df_10p_100ep_lr005_s42n,A,A_runs_20260929,2633c42a1618d55eb76866a294816514,100,aa5cb7c2d83b1a1cfe48b53237ef7252,1,1790723595.0
s2df_10p_100ep_lr005_s43n,A,A_runs_20260929,08545ffc826a9ba24b1fff93182948a0,100,97844ec8842a69792c7781a9225c86a1,1,1790618940.0
s2df_10p_100ep_lr005_s44n,A,A_runs_20260929,e8893f0abf2e3a88b9cecf1ca4fbd5ae,100,c3c773997c3a26471eae4afa9290aa65,1,1790674027.0
s2df_10p_100ep_lr005_s45n,A,P1ext_A_20261001,374c01bb7ee98e5d448286b0166f15be,100,ca505dea29d2fa5f96f4d57bb392519b,1,1790891870.018983
s2df_10p_100ep_lr005_s46n,A,P1ext_A_20261001,5fa3022173f4357b1076a1e130be8768,100,44bc70eedc75f8e37cbaeddfe77be14a,1,1790891870.0200698
s2df_10p_100ep_lr005_s47n,A,P1ext_A_20261001,634c06413a3bb463bbcd2f2e4b5829b3,100,ea35b9d47927b778ead34c2163ae227b,1,1790891870.0212564
s2df_10p_100ep_lr005_s48n,A,P1ext_A_20261001,2f9e85e1c45e7d34f469f95cc1715cf6,100,14d3d70d69d7f02df38842a86d44416c,1,1790891870.022261
s2df_10p_100ep_lr005_s49n,A,P1ext_A_20261001,88361c6a0c74a73885f7d70c34b939be,100,263f3ae7f5c9e64693d4d9a6cdad7751,1,1790891870.022261
s2df_10p_100ep_lr005_s50n,A,P1ext_A_20261001,faa7294d27bc12b51f9d2eb3dbc319e8,100,f248c408112fb38e9314dd06e3b533bc,1,1790891870.0235178
s2df_10p_100ep_lr005_s51n,A,P1ext_A_20261001,84cc5c4b410990b485573c5da4c2b426,100,83bf50cccc3d833cdaf7e33e662d8626,1,1790891870.0245252
s2df_10p_30ep_base_s42n,A,A_runs_20260929,1fbdc0a36840689b848f7ac5b7baa513,30,7d6bdbc46ab1803c2e74962620e6662c,1,1790617722.0
s2df_10p_30ep_base_s43n,A,A_runs_20260929,10bc47b542a3340fcbe2156c541767c2,30,e8f5bb424e4b12e012513ad91f94141f,1,1790724255.0
s2df_10p_30ep_base_s44n,A,A_runs_20260929,782d3f323533178a0f518c416cdd638d,30,f5201777e2375e3a52bac48bf92e76f8,1,1790617872.0
s2df_10p_30ep_base_s45n,A,P1ext_A_20261001,aeec3a9fbba0dfc3f475d481ad2951d8,30,11c4fa0b83a4163262cf9cab34f971c8,1,1790891870.025523
s2df_10p_30ep_base_s46n,A,P1ext_A_20261001,ffe874b51bac87684aeac0ab5bab4f97,30,e6833715b7a492693f043bede031c111,1,1790891870.025523
s2df_10p_30ep_base_s47n,A,P1ext_A_20261001,66f838b60544a51ceb354f9226e9fc93,30,67308627cde4d065f7ef1fc1d97a9ea3,1,1790891870.0268106
s2df_10p_30ep_base_s48n,A,P1ext_A_20261001,c167a002d12d72a645bbf57075a30be1,30,95cf0ed484cbdaeb60364c0783bda1c1,1,1790891870.0278158
s2df_10p_30ep_base_s49n,A,P1ext_A_20261001,fe69fddaeed8a715807b642786022122,30,0562d37311d6b850edc4c179be9ea71d,1,1790891870.0278158
s2df_10p_30ep_base_s50n,A,P1ext_A_20261001,077c1e47188733732f696c7c412a56b4,30,536cfe2fced71621e0789040097275e1,1,1790891870.0288165
s2df_10p_30ep_base_s51n,A,P1ext_A_20261001,9543961162f7954be3cb49ab87db909a,30,ffcdfcbd2ff7f258f551d88fef9cba03,1,1790891870.0298252
s2df_10p_30ep_lr005_s42n,A,A_runs_20260929,5c4c5ec79cee06300e95f31ee7a1bdcc,30,e13852f486daf402c84b5254d198950b,1,1790673456.0
s2df_10p_30ep_lr005_s43n,A,A_runs_20260929,6049059abe2b323d315b880cd7731acd,30,3ca1845f3241ad324b24e102efb4a782,1,1790617995.0
s2df_10p_30ep_lr005_s44n,A,A_runs_20260929,672658b2200a75f9b0ccecc59ad99a71,30,8eb1b71d0f510977c6e99c6263022be6,1,1790718753.0
s2df_10p_30ep_lr005_s45n,A,P1ext_A_20261001,ad3b10080b08f96499e5bd2df71e6e17,30,ebf8184fba05be24999b92938b737431,1,1790891870.0308168
s2df_10p_30ep_lr005_s46n,A,P1ext_A_20261001,f5a0aaacef4fe43ec0669e4f1b3e2e42,30,e94428442d7b9c40682a93b03287ee58,1,1790891870.0308168
s2df_10p_30ep_lr005_s47n,A,P1ext_A_20261001,bdff08109dddb0d3ba158b256e7ee490,30,83d3e928d6536d70a6dce522a1a5ffad,1,1790891870.0318182
s2df_10p_30ep_lr005_s48n,A,P1ext_A_20261001,d3974f6c59403ea5ccedf4a3b9ce9a7a,30,99995724c023b13f558511025738f0fb,1,1790891870.0328398
s2df_10p_30ep_lr005_s49n,A,P1ext_A_20261001,59f836c88b481c0cfeb369d07e1ccc4c,30,23feb3b4eca3ce319de9076388470209,1,1790891870.0338452
s2df_10p_30ep_lr005_s50n,A,P1ext_A_20261001,25c242d2719a2cdc4fa5785579a0f2d3,30,47b3161d5bd49f68b0aca34e38b423b2,1,1790891870.034845
s2df_10p_30ep_lr005_s51n,A,P1ext_A_20261001,1a9f15772c7563cd3d4a603eb1b3c8ba,30,aaaac0b85702bd6ebde470728cd7c695,1,1790891870.034845
s2df_20p_100ep_base_s42n,A,A_runs_20260929,c9565952805da04871aee08e1ce16aa2,100,541979532966ec59f79448f111c42591,1,1790619711.0
s2df_20p_100ep_base_s43n,A,A_part2,66df244a6d2b55fc81da1215332c7c3d,100,8be05abd39bef359d9d49466437e3f35,1,1790674410.0
s2df_20p_100ep_base_s43n,A,A_runs_20260929,66df244a6d2b55fc81da1215332c7c3d,100,8be05abd39bef359d9d49466437e3f35,1,1790674410.0
s2df_20p_100ep_base_s44n,A,A_runs_20260929,046bc35d3411292ee8e6a4b133191444,100,c2184112c3495f1e020704f19ddb0c23,1,1790620070.0
s2df_20p_100ep_base_s45n,A,P1ext_A_20261001,764bbec0f2fd03ca59a462068dcf1648,100,fe84d908df057b9823d3bd25e76c94ba,1,1790891870.0360107
s2df_20p_100ep_base_s46n,A,P1ext_A_20261001,52267fbde3b42c7c7e0e8c926ef4930c,100,734ffb4b68059282362069a3c99e96d2,1,1790891870.037016
s2df_20p_100ep_base_s47n,A,P1ext_A_20261001,5abe8c5208683fe2d22ab1105e8114fa,100,dcfc6b33c39fdca03f686b943cd79e1e,1,1790891870.0380168
s2df_20p_100ep_base_s48n,A,P1ext_A_20261001,0ccf9ef32dd86f1d445c5bbe47859bce,100,e4780477a05d1719cda6a4343dcf754d,1,1790891870.0390415
s2df_20p_100ep_base_s49n,A,P1ext_A_20261001,138c7599dddd8367ca7b63f1f2205372,100,ae87132499097dd86f8dc4dc506c7606,1,1790891870.039703
s2df_20p_100ep_base_s50n,A,P1ext_A_20261001,ca95baceb9eb98649ebb604f40bae018,100,20a3073789497de5321ee68a939393b1,1,1790891870.0408866
s2df_20p_100ep_base_s51n,A,P1ext_A_20261001,aa188abf960a23c47f37a35e4c9535b8,100,7beb47c7ce1f2ce35779a306cf972dd1,1,1790891870.0408866
s2df_20p_100ep_lr005_s42n,A,A_runs_20260929,39ee2154bbfa330e2d2f649063edb164,100,c802d92e1949442bcf593d94324577cf,1,1790719330.0
s2df_20p_100ep_lr005_s43n,A,A_runs_20260929,be97aec85d2d6d577f510d32d6efa38a,100,764b0dc3b42e4f2516e8ff865b501e8b,1,1790620422.0
s2df_20p_100ep_lr005_s44n,A,A_part2,5b06be627321323a865cc49e98ebb082,100,062d2a11ad6403ab0a2eb8aa2a38cf83,1,1790674477.0
s2df_20p_100ep_lr005_s44n,A,A_runs_20260929,5b06be627321323a865cc49e98ebb082,100,062d2a11ad6403ab0a2eb8aa2a38cf83,1,1790674477.0
s2df_20p_100ep_lr005_s45n,A,P1ext_A_20261001,8bbfe1fffac6eabe3b5f23e50a6114b9,100,2f3f5f6b860d8210f2bc48c3d94580bf,1,1790891870.042007
s2df_20p_100ep_lr005_s46n,A,P1ext_A_20261001,36f2839b58b58732a33ffc94de7fc783,100,8b6ac694776dc6967b42b64dce41ff37,1,1790891870.042853
s2df_20p_100ep_lr005_s47n,A,P1ext_A_20261001,02f14fc2e51937e50ca13cbdafffd289,100,4a07bb292127c3d7f1c2c292850fdc57,1,1790891870.0438573
s2df_20p_100ep_lr005_s48n,A,P1ext_A_20261001,1bdfdd44aa84ef4045ee083fbb79d168,100,08cf97f0a7c27c0e022332883661a786,1,1790891870.0448582
s2df_20p_100ep_lr005_s49n,A,P1ext_A_20261001,63ef240fcd6a288e5315b0157e4198bc,100,7efbbddb799c6a69d60cb1df5008e732,1,1790891870.0448582
s2df_20p_100ep_lr005_s50n,A,P1ext_A_20261001,18908c8735d19c11c65773dc51f4039e,100,91f1d320ea219319be2fbb7c1503bd8e,1,1790891870.0458581
s2df_20p_100ep_lr005_s51n,A,P1ext_A_20261001,91364504a14b748b435125d61046c530,100,ab2eb42bdd1f4464ba95ce8c10aac8e9,1,1790891870.0470674
s2df_20p_30ep_base_s42n,A,A_runs_20260929,0383957cd1d46c67866efa2d4f0b231a,30,85e3fc6fe5fb4c8313a32afd7cf5335c,1,1790619079.0
s2df_20p_30ep_base_s43n,A,A_runs_20260929,d4f337f70dfa6b674483b6b82ea4437c,30,cb9c00a13923defb2270e58f297e92e9,1,1790718908.0
s2df_20p_30ep_base_s44n,A,A_runs_20260929,6e17f291b924072f5b4737523d6f0590,30,e6a1891740f39322088fa4b174c2877f,1,1790619217.0
s2df_20p_30ep_base_s45n,A,P1ext_A_20261001,aa6594d10448be92f56df628534ab750,30,c7f83362d1e15eed02ed20c40dc0dfad,1,1790891870.0480747
s2df_20p_30ep_base_s46n,A,P1ext_A_20261001,82af2cba1df269f910ca58468d8a624c,30,893f8d24b4661fe5a19760108a7cd5d1,1,1790891870.0480747
s2df_20p_30ep_base_s47n,A,P1ext_A_20261001,6de9f8e8fe06305416b36bc5410c3545,30,f375fddbcd11e0838b4a2d8d5c5f009a,1,1790891870.0500722
s2df_20p_30ep_base_s48n,A,P1ext_A_20261001,69cf1d780bd0eec2c3da82a536afcb2d,30,f39fa42ab0cbd6cab45c0981f525bdf3,1,1790891870.0500722
s2df_20p_30ep_base_s49n,A,P1ext_A_20261001,b1dff11348add26b42863c657acc3872,30,04d4cd3ee29866f80b63d569692b8bfb,1,1790891870.0512674
s2df_20p_30ep_base_s50n,A,P1ext_A_20261001,8362f686e29784c622069ab9ad4114a3,30,79f22e2ae6cb760036da3cf6284a2521,1,1790891870.0522726
s2df_20p_30ep_base_s51n,A,P1ext_A_20261001,2e6aaba154870221ab90d3fd0fdc30d9,30,8f6c65ab2cffd59891c7141d6b68d35c,1,1790891870.0532737
s2df_20p_30ep_lr005_s42n,A,A_part2,b7bdf9762b140d027b3eb5d6d9cbb06c,30,d84ed7c257205859477561d0116c68d0,1,1790673986.0
s2df_20p_30ep_lr005_s42n,A,A_runs_20260929,b7bdf9762b140d027b3eb5d6d9cbb06c,30,d84ed7c257205859477561d0116c68d0,1,1790673986.0
s2df_20p_30ep_lr005_s43n,A,A_runs_20260929,2cf34be38f05c05d6f91ca27c5d337e8,30,9e9460588b8fcb5b1be9061fa258d0a0,1,1790619353.0
s2df_20p_30ep_lr005_s44n,A,A_runs_20260929,a0148320b6f7f86c94c3044609faae87,30,72fd6d39042d3769536001c0eeb5f978,1,1790724699.0
s2df_20p_30ep_lr005_s45n,A,P1ext_A_20261001,85c14e4380317024b06070fd8285d6e5,30,503a461c593f6efaee5f8a7f6e033807,1,1790891870.0532737
s2df_20p_30ep_lr005_s46n,A,P1ext_A_20261001,15f75bf1f918f5c28554855e76d4d07b,30,6298fece955b427f8060a662966448fe,1,1790891870.054284
s2df_20p_30ep_lr005_s47n,A,P1ext_A_20261001,4f736ba6fc661b66dcb12ce54f8a55d9,30,97815d0327cef47e74b6b97587896d81,1,1790891870.0554829
s2df_20p_30ep_lr005_s48n,A,P1ext_A_20261001,01ecc7d3dc06cbce464e1a389f83ede2,30,9c6aea812ca4ff3916753b100bb69c77,1,1790891870.0554829
s2df_20p_30ep_lr005_s49n,A,P1ext_A_20261001,acf1d810fd7038db85b12846ea7613db,30,cd36790c3577bf6b3543429b9a575e98,1,1790891870.0567946
s2df_20p_30ep_lr005_s50n,A,P1ext_A_20261001,95c7a078efd7468e1cfdaaff1f8adc31,30,bdb09f8960a0cd5a2f508f05490f7c58,1,1790891870.057799
s2df_20p_30ep_lr005_s51n,A,P1ext_A_20261001,ec7b4d020c582e6897783e823f0bc13c,30,5ecd80c142afd7bcdc8bbf98a854575d,1,1790891870.0588
s2df_30p_100ep_base_s42n,A,A_runs_20260929,4ed189ab4db0f31423f33ba712fa2d1b,100,3eb70ddc2f8fa8e4426d19725f5922f3,1,1790621323.0
s2df_30p_100ep_base_s43n,A,A_part2,a7f01735da4417c9f5939b4468fd7559,100,412aaf0c3ee17d2409dd6f63bc99a14b,1,1790674979.0
s2df_30p_100ep_base_s43n,A,A_runs_20260929,a7f01735da4417c9f5939b4468fd7559,100,412aaf0c3ee17d2409dd6f63bc99a14b,1,1790674979.0
s2df_30p_100ep_base_s44n,A,A_runs_20260929,8eb10b14e8e9ad7cfa648ab2bd06d381,100,01e71361aaaedc7065033fca40e5a9a4,1,1790621756.0
s2df_30p_100ep_base_s45n,A,P1ext_A_20261001,3a94c6914d8bb048246adef6c52d8b2f,100,aea57ea458f6ecc38fc32a5dfd0e0ee7,1,1790891870.0596168
s2df_30p_100ep_base_s46n,A,P1ext_A_20261001,6891bff03cf789aa554e43899cc3ce67,100,21f07828f903a5859b409d3430c64e92,1,1790891870.0596168
s2df_30p_100ep_base_s47n,A,P1ext_A_20261001,2852a19e871b421e6f7c4327a5253d1a,100,8b2bf89a9de3b711e3c5c17e3ee99f59,1,1790891870.0606341
s2df_30p_100ep_base_s48n,A,P1ext_A_20261001,2e25fa1e5fc104c5020827f615b50114,100,369e65a8de985faee4c57234b4d12eb8,1,1790891870.0616388
s2df_30p_100ep_base_s49n,A,P1ext_A_20261001,3b2fcfcb487f047a88b5e4a0554dae5b,100,4c9402826b110f104b7bfce1e18dd463,1,1790891870.0616388
s2df_30p_100ep_base_s50n,A,P1ext_A_20261001,0a89962eb5e3e7755a617a6080ae9371,100,029d5d34693aaa1c7e400ff61e592182,1,1790891870.0628617
s2df_30p_100ep_base_s51n,A,P1ext_A_20261001,79e64aaa00546c59d9576c3876508b8f,100,600d4a295dbe9005f28ff7f70d315d15,1,1790891870.0638676
s2df_30p_100ep_lr005_s42n,A,A_runs_20260929,ed782e1eb8b3156a472ada08041a7b19,100,407b201a79ac9338946e82686fd066cb,1,1790724719.0
s2df_30p_100ep_lr005_s43n,A,A_runs_20260929,8ef0960e14352fadedf729d14e6dab2e,100,e2bb7ac9e7db14d03adcf821cc6431a2,1,1790622136.0
s2df_30p_100ep_lr005_s44n,A,A_part2,fc353a1f7895e1821c01eac8f3658d6b,100,216f0bf4edf841d3f5cc876c00837f73,1,1790675028.0
s2df_30p_100ep_lr005_s44n,A,A_runs_20260929,fc353a1f7895e1821c01eac8f3658d6b,100,216f0bf4edf841d3f5cc876c00837f73,1,1790675028.0
s2df_30p_100ep_lr005_s45n,A,P1ext_A_20261001,6540008921a5e40d16c057c8f6dd65b8,100,4e9bfb5d8e2d25bd4a18d443109d2e01,1,1790891870.065055
s2df_30p_100ep_lr005_s46n,A,P1ext_A_20261001,5343287277ddb4477f6c1c9d1e0876d6,100,71bedf8d86933249be1d13f2602520e4,1,1790891870.0662682
s2df_30p_100ep_lr005_s47n,A,P1ext_A_20261001,6d6bfbf608171d6f121fb0e8ea9da196,100,a70bac1bad4c518fa9af395e99ac8eca,1,1790891870.0662682
s2df_30p_100ep_lr005_s48n,A,P1ext_A_20261001,c2a843704dc686b49c793989c8135cd7,100,d45d42008edf77dac3c847dade428485,1,1790891870.0672722
s2df_30p_100ep_lr005_s49n,A,P1ext_A_20261001,7e17084345b956f416ead760281a0fa4,100,b301343e095d344dac2ef83d29365244,1,1790891870.0682728
s2df_30p_100ep_lr005_s50n,A,P1ext_A_20261001,2727af7c82f57bb61f978b721121797c,100,421c761ba42109b4d226bb87fe5b741c,1,1790891870.0682728
s2df_30p_100ep_lr005_s51n,A,P1ext_A_20261001,ea871e8652eacb5a04f2c115f473eca3,100,7f54450b27deab0935be8b925e8ddcff,1,1790891870.0696135
s2df_30p_30ep_base_s42n,A,A_runs_20260929,a94d26e41bd849896f278a9ec72c7c52,30,9d4128ea18d598f148b2a3fa54a50fc6,1,1790620581.0
s2df_30p_30ep_base_s43n,A,A_runs_20260929,9e4bc7f03446fdc1a4acbd48d97fe02b,30,536289261d85bb201f2620f48f99f07b,1,1790723714.0
s2df_30p_30ep_base_s44n,A,A_runs_20260929,9324ff05934e90168a2c0d8d4c26c9bd,30,8274bf003b977dc4b353ae6a11929fd5,1,1790620739.0
s2df_30p_30ep_base_s45n,A,P1ext_A_20261001,79fcd774c3185816079b0c2de5171ca4,30,e612311d846ac12e8f900c0527f468cf,1,1790891870.0706184
s2df_30p_30ep_base_s46n,A,P1ext_A_20261001,bf41e2ba0f9068f0c27334d36d3de1b5,30,3df75faeab800f03cd3ca13d4ae44a8b,1,1790891870.0716512
s2df_30p_30ep_base_s47n,A,P1ext_A_20261001,44ecb55da8502257aa4fb706ab10b9c0,30,5c32211487e7dc596180c3f9c82a7352,1,1790891870.0716512
s2df_30p_30ep_base_s48n,A,P1ext_A_20261001,cda40f8a5a43585f858e08f554d45fcf,30,a13d520d3244072747c19f019164d5f8,1,1790891870.0726564
s2df_30p_30ep_base_s49n,A,P1ext_A_20261001,5147e140a20c1b1b81f96c2a20b09d6b,30,b179a24c85a1631b39bb203f86474770,1,1790891870.0736609
s2df_30p_30ep_base_s50n,A,P1ext_A_20261001,33e16e3962ab0ed155db4da9e68fca7c,30,048e52c9e26e0c0b221252c02e83db24,1,1790891870.0746613
s2df_30p_30ep_base_s51n,A,P1ext_A_20261001,df389a46e0baea461ccfb64e799b63be,30,fc0a542790b3b4f3b1e0ef3ae7188ce3,1,1790891870.0746613
s2df_30p_30ep_lr005_s42n,A,A_part2,00079941a74ced04a626eeb893d652ed,30,6a7971282026fd9c072d3e7d859eccd2,1,1790674602.0
s2df_30p_30ep_lr005_s42n,A,A_runs_20260929,00079941a74ced04a626eeb893d652ed,30,6a7971282026fd9c072d3e7d859eccd2,1,1790674602.0
s2df_30p_30ep_lr005_s43n,A,A_runs_20260929,01f289b87d05badd020e397ae55555cf,30,e80f5f5aa8f41c79861f6e6dfb624eb6,1,1790620898.0
s2df_30p_30ep_lr005_s44n,A,A_runs_20260929,373dc8351ee7feb6226de0486bb2e641,30,502c1fed914c1c53ed04faeb638c9943,1,1790719517.0
s2df_30p_30ep_lr005_s45n,A,P1ext_A_20261001,92efe43fec98d9019a5118b53f5aa247,30,84804e7e2c093c6354057f00597ba607,1,1790891870.0756602
s2df_30p_30ep_lr005_s46n,A,P1ext_A_20261001,a7a50a627a99d4dd681d234a7cf6d2e0,30,d35fc276fd34d3974d7627b39af59f73,1,1790891870.0768454
s2df_30p_30ep_lr005_s47n,A,P1ext_A_20261001,459f52a31b04e839f1ef6e6dc4e9d6a1,30,6c70eda2397ff6310179d78c6cf8eeca,1,1790891870.0778532
s2df_30p_30ep_lr005_s48n,A,P1ext_A_20261001,6ec2bcfbf64624d6a0874cb6b0987f37,30,e99a756f8441901b9cce8462e7db98d3,1,1790891870.0778532
s2df_30p_30ep_lr005_s49n,A,P1ext_A_20261001,d71e2e153efeb8f3483947a79fee7353,30,b86d7d519d38083a12eef753249577f5,1,1790891870.0788505
s2df_30p_30ep_lr005_s50n,A,P1ext_A_20261001,3f2123fa5890848cbfe3062f589b8e64,30,0c0065445e79a861f75475e0ca83218d,1,1790891870.079851
s2df_30p_30ep_lr005_s51n,A,P1ext_A_20261001,b20ee4f2f11634527b95b3dbbc70f8f5,30,d7d2d0f584c92901cf8cf798f87b2047,1,1790891870.080851
s2df_40p_100ep_base_s42n,A,A_runs_20260929,40e5e35c22faa86ac2cac5274bdccd6b,100,5255a6a5fd36f5194b787d20ac41172c,1,1790623180.0
s2df_40p_100ep_base_s43n,A,A_part2,72f9f0505b078953c7f736e42e59c1b3,100,b7e1c770d79472732fd4fd7e7dc40c9c,1,1790675547.0
s2df_40p_100ep_base_s43n,A,A_runs_20260929,72f9f0505b078953c7f736e42e59c1b3,100,b7e1c770d79472732fd4fd7e7dc40c9c,1,1790675547.0
s2df_40p_100ep_base_s44n,A,A_runs_20260929,4ece043e1c12ef40b42f60b9776710c4,100,f427a2fa699f16159731b46108a8fcb4,1,1790623675.0
s2df_40p_100ep_base_s45n,A,P1ext_A_20261001,1c34a887314689f955db0f0e91c358eb,100,569513fb6314d491a089a64b78a11919,1,1790891870.080851
s2df_40p_100ep_base_s46n,A,P1ext_A_20261001,29e2f62e108a82f89f7b69fc16601908,100,73bbf52da887023f54ca79518fb64f28,1,1790891870.0823114
s2df_40p_100ep_base_s47n,A,P1ext_A_20261001,47611812bb40db5b86b9ea99e4912414,100,97b7b83584d6d6be0cdae522837d5604,1,1790891870.0833166
s2df_40p_100ep_base_s48n,A,P1ext_A_20261001,d6978df7f961bea506b5b9c816118462,100,6e13590594e332f62ad65d90b9270c47,1,1790891870.0833166
s2df_40p_100ep_base_s49n,A,P1ext_A_20261001,467ec4957ad3f43354e0929b0f49cf48,100,b9643ad856fcb24fc9500bc7a7dfb608,1,1790891870.084638
s2df_40p_100ep_base_s50n,A,P1ext_A_20261001,fbc369b3be02cbdabc3a31fd42d19498,100,0592f30aa828559c218375539236719a,1,1790891870.0857065
s2df_40p_100ep_base_s51n,A,P1ext_A_20261001,6df494f14abf7ba9887f955a78ffdd79,100,33cfa2640d10817da4f5743e921e4e94,1,1790891870.086712
s2df_40p_100ep_lr005_s42n,A,A_runs_20260929,e78aab20fe7ce5e918777370847d3954,100,98946ced0067f6f2fcb052dd3fe7f2f4,1,1790720201.0
s2df_40p_100ep_lr005_s43n,A,A_runs_20260929,63d18084831416a59f880e695edcaa8a,100,a0dfd48021236e87638f516d7f0986eb,1,1790624101.0
s2df_40p_100ep_lr005_s44n,A,A_part2,4ceecceb9f6a7caa3d848ce37dfe1f55,100,67b79352aec1d52f86929e6080d0ea49,1,1790675670.0
s2df_40p_100ep_lr005_s44n,A,A_runs_20260929,4ceecceb9f6a7caa3d848ce37dfe1f55,100,67b79352aec1d52f86929e6080d0ea49,1,1790675670.0
s2df_40p_100ep_lr005_s45n,A,P1ext_A_20261001,b5aedf7e37e4a8d66d02dc3a4891982f,100,68a19ff954dc1eb9630348bc737b887f,1,1790891870.086712
s2df_40p_100ep_lr005_s46n,A,P1ext_A_20261001,36f95195e7b25e4936ce2eb9b3d2f9cd,100,abc062ad4687b6866c642a8b2ff57924,1,1790891870.0882163
s2df_40p_100ep_lr005_s47n,A,P1ext_A_20261001,671d66eb3d3f1bb061fd9ca54312409b,100,5a0a5e42cbb6760a41e259f2d5f6a909,1,1790891870.0882163
s2df_40p_100ep_lr005_s48n,A,P1ext_A_20261001,e6cc1b5e0cfa2051343e047f0cbc3376,100,2ae0700a501709e1cc94fc3f84e89625,1,1790891870.089504
s2df_40p_100ep_lr005_s49n,A,P1ext_A_20261001,bd2c3ae7b0f330049dd0751b91d5d961,100,2879f0206ec795370936301b402e4002,1,1790891870.090516
s2df_40p_100ep_lr005_s50n,A,P1ext_A_20261001,88916edf46be8a74ffc51dd8d380f675,100,ebd523140272a94d7062316107aad039,1,1790891870.091609
s2df_40p_100ep_lr005_s51n,A,P1ext_A_20261001,77aea87c99ca6b43d6fbfa3835690989,100,b2a62b7495f8d25be45593d97f68b438,1,1790891870.0926142
s2df_40p_30ep_base_s42n,A,A_runs_20260929,ee093181ab138429a1c64c3f4fa1d310,30,959262532a277dc142d1c665ee8d8c69,1,1790622316.0
s2df_40p_30ep_base_s43n,A,A_runs_20260929,81adb8d44ce5d69e5970db653e0560a3,30,9ed7aa0290e3d3853c0cb3a1832bd171,1,1790719725.0
s2df_40p_30ep_base_s44n,A,A_runs_20260929,d9d34c11e333f56d9341777032d6be47,30,04a978e4e0bafeb2ec169eb83f3aba3f,1,1790622496.0
s2df_40p_30ep_base_s45n,A,P1ext_A_20261001,e2a1559e716517fc1570d107ce96b005,30,7f176fe3972c7719c623af834646234f,1,1790891870.0926142
s2df_40p_30ep_base_s46n,A,P1ext_A_20261001,3057466746b2925b40059dd802b319b8,30,0257be225046c457e512b23c23c943bb,1,1790891870.0936165
s2df_40p_30ep_base_s47n,A,P1ext_A_20261001,2451f7dd6089c98d9ea1228e3bd9f3ee,30,2267fbaf52efdbf405e804541962ad80,1,1790891870.0946672
s2df_40p_30ep_base_s48n,A,P1ext_A_20261001,3620d88033799c37dc09a2d03984e4f9,30,20d832c1c0646c6ed62e7f2c68ad67c9,1,1790891870.0956748
s2df_40p_30ep_base_s49n,A,P1ext_A_20261001,c6e6689d2a769ef27282f5b952b5fa89,30,2ef8edd942731a9a27c8051caf670f1f,1,1790891870.0956748
s2df_40p_30ep_base_s50n,A,P1ext_A_20261001,cf74e56ef6eaad9922040cae2387df33,30,5b2201c2ed88028db46dde305de40bb8,1,1790891870.0970163
s2df_40p_30ep_base_s51n,A,P1ext_A_20261001,4ab64d3694966ab11c9c174ef6c6f5c5,30,063af6db672ae8252c08e48bd57c8a60,1,1790891870.0980234
s2df_40p_30ep_lr005_s42n,A,A_part2,d04019b3833ca20924ba236657635a5c,30,9fc65e24f6e9762f22adae60828b57a8,1,1790675182.0
s2df_40p_30ep_lr005_s42n,A,A_runs_20260929,d04019b3833ca20924ba236657635a5c,30,9fc65e24f6e9762f22adae60828b57a8,1,1790675182.0
s2df_40p_30ep_lr005_s43n,A,A_runs_20260929,9c3521e7f7dac5baf3d399223a7b02f9,30,6b49ca5896c322550cb9a9ba6bc32d48,1,1790622677.0
s2df_40p_30ep_lr005_s44n,A,A_runs_20260929,db1cb18b6ad3b513e8976a70a0b1890b,30,cf92a9e30ab6e7d19522bde4e8f98fda,1,1790723809.0
s2df_40p_30ep_lr005_s45n,A,P1ext_A_20261001,31b99550375b2796f3b49dea952b3e52,30,798c8fab56c9c3cfe8727f9b5d536c82,1,1790891870.099022
s2df_40p_30ep_lr005_s46n,A,P1ext_A_20261001,f2f3ab0847fa4dc7f711e0a1ad3442bf,30,d21135e46bb85721cb69122c672e1bec,1,1790891870.099022
s2df_40p_30ep_lr005_s47n,A,P1ext_A_20261001,d5e0cecf529e51a19e8a3178853588b2,30,e1eac71307d072ca3e97dce58e450874,1,1790891870.100024
s2df_40p_30ep_lr005_s48n,A,P1ext_A_20261001,787cd00ebd28f7416154e4f463f14fb4,30,16b6000b996d1085f1a1fcf5a28a4024,1,1790891870.1011322
s2df_40p_30ep_lr005_s49n,A,P1ext_A_20261001,74091dc8b01d8c2787f08916fb9d3e6d,30,9252366db1f1557409c633aa0a2ec288,1,1790891870.10214
s2df_40p_30ep_lr005_s50n,A,P1ext_A_20261001,c10238a36a1c6d014d1a0035b40b37d2,30,f1e4370ca1ffa642b8ecf9e464138317,1,1790891870.10214
s2df_40p_30ep_lr005_s51n,A,P1ext_A_20261001,2f4a7fc3d37a7aed5a8f3c7fbc6ddb86,30,329ab66018f79c589312b223ab1fc0e8,1,1790891870.1031382
s2df_50p_100ep_base_s42n,A,A_runs_20260929,a3cc0f1fcff66f971623efc2904332b7,100,1f91060bc1038d8d627ad8060535d2ee,1,1790625246.0
s2df_50p_100ep_base_s43n,A,A_part2,e81cfc94cc2fe0dbb7c67b0be8a81e3c,100,ada59622acf8baed2a4f9b5820c45f2a,1,1790676299.0
s2df_50p_100ep_base_s43n,A,A_runs_20260929,e81cfc94cc2fe0dbb7c67b0be8a81e3c,100,ada59622acf8baed2a4f9b5820c45f2a,1,1790676299.0
s2df_50p_100ep_base_s44n,A,A_runs_20260929,ee062755c734c076d31dd1ca6db0b242,100,50632def60158ae0286d5b051fddf440,1,1790625811.0
s2df_50p_100ep_base_s45n,A,P1ext_A_20261001,4dd1dbd4d719f809f1e5af66a7ce638b,100,ed4ae66a124a247cb721490df6a461a7,1,1790891870.1041372
s2df_50p_100ep_base_s46n,A,P1ext_A_20261001,1bb3b1507b8741cd07bdd21c421d9bd0,100,40c7f089756d9f504de3b3e43626d2fa,1,1790891870.1051369
s2df_50p_100ep_base_s47n,A,P1ext_A_20261001,6b2e106ca97fd504fabb48ef46f2c6d9,100,445a794c04464093eed13ab3b45fc93c,1,1790891870.1051369
s2df_50p_100ep_base_s48n,A,P1ext_A_20261001,6ace44ae11b4d478fbd33853d1bada5d,100,8188532ea37a2f008cb56268756cd25c,1,1790891870.106303
s2df_50p_100ep_base_s49n,A,P1ext_A_20261001,a48b8d32c8973c98dec7b27dd322c996,100,73911dee9163684abbb403e8a0e82386,1,1790891870.1073086
s2df_50p_100ep_base_s50n,A,P1ext_A_20261001,3e716d3a79045f518f39342df4f107c4,100,a153ce35ca179911a8498008c27b7fa0,1,1790891870.10797
s2df_50p_100ep_base_s51n,A,P1ext_A_20261001,91672917a735900ffdfdf29e9d5e4800,100,ba007ca0ba0317e19f4944396902cca2,1,1790891870.109059
s2df_50p_100ep_lr005_s42n,A,A_runs_20260929,6040c15fca9f476047a1518f5bbd7160,100,b715ce2336e5153aa1f5b0913cb04eef,1,1790724274.0
s2df_50p_100ep_lr005_s43n,A,A_runs_20260929,a65f990d5ffc22c2ad1739bf1d3e445d,100,8056c676ba98899dca2ce4c40ac9dcfe,1,1790626295.0
s2df_50p_100ep_lr005_s44n,A,A_part2,b6327d351c5ae908d3ea270bdf6899d9,100,55a0448fc5335ef5f8555742342d3568,1,1790676284.0
s2df_50p_100ep_lr005_s44n,A,A_runs_20260929,b6327d351c5ae908d3ea270bdf6899d9,100,55a0448fc5335ef5f8555742342d3568,1,1790676284.0
s2df_50p_100ep_lr005_s45n,A,P1ext_A_20261001,fdf131a0afb62802048aaddc371d739f,100,ad9fb25bf3a6b24a3e1b5d5ec208a780,1,1790891870.109059
s2df_50p_100ep_lr005_s46n,A,P1ext_A_20261001,4771b18038e61af08f97e37db550c85d,100,1a5a9c50e2364ef7e73c9118f0c181a3,1,1790891870.1100478
s2df_50p_100ep_lr005_s47n,A,P1ext_A_20261001,fb335679c422db5b6dcc843b582c7570,100,da1f55a72d3e3cf794dafdff7dbb6e4c,1,1790891870.1110525
s2df_50p_100ep_lr005_s48n,A,P1ext_A_20261001,83ce43b0c6271ce2fb5bf2dfd4138ec0,100,d194374d6b09f55d2a9f9e60a130fa67,1,1790891870.112053
s2df_50p_100ep_lr005_s49n,A,P1ext_A_20261001,61f6e4e5031bc7b6df74d78d051a7530,100,6f3551cc37aab741ff5903d3a85ed538,1,1790891870.112053
s2df_50p_100ep_lr005_s50n,A,P1ext_A_20261001,f0637e46b89804bd5229a1eb1ffe1768,100,7bf93feeef5b35d7c6e449a18662a347,1,1790891870.113451
s2df_50p_100ep_lr005_s51n,A,P1ext_A_20261001,fb8310e2c606bd7f2abbd73b1979c5e8,100,6bd258b30f379f4eaa61cec575b2a987,1,1790891870.1143272
s2df_50p_30ep_base_s42n,A,A_runs_20260929,4c46832eec719b162a8eba4846c78241,30,49841a3bbfcf1a88cca377ce8aab1213,1,1790624298.0
s2df_50p_30ep_base_s43n,A,A_runs_20260929,8e5e9cc1d22acb099537902fe4708d31,30,4e82c586e78d532ea158e1bf7f75e064,1,1790725214.0
s2df_50p_30ep_base_s44n,A,A_runs_20260929,2a4586aa40c5c161cdf4c7db1c6e39a7,30,f099c9f5c78cc6b88c7898dbc8fffea3,1,1790624496.0
s2df_50p_30ep_base_s45n,A,P1ext_A_20261001,634096f96da97ebefeea46d72edb6892,30,7686433b0076d36afb5e0f7df32346bc,1,1790891870.1143272
s2df_50p_30ep_base_s46n,A,P1ext_A_20261001,5a97b10745939a7d8d89a6b7fa127210,30,842c87df5d43a8fd0f8547307c1a2fe8,1,1790891870.1156952
s2df_50p_30ep_base_s47n,A,P1ext_A_20261001,1598051d48c12bd53e6344418613f344,30,2cc6609efb701428e284b7139d14b743,1,1790891870.116701
s2df_50p_30ep_base_s48n,A,P1ext_A_20261001,bfa1cb5c776fb795d86846e59f7e6e28,30,1404cb3f8d100905626d4a1612e0effb,1,1790891870.1177714
s2df_50p_30ep_base_s49n,A,P1ext_A_20261001,3e17bbf8a23cdada495c8b1d08194e72,30,004c0a7cdec36afd2379612489ee6d2e,1,1790891870.1177714
s2df_50p_30ep_base_s50n,A,P1ext_A_20261001,ed160bb4ba48eeb10f68fb60437b5e93,30,bbac86a3138d6e855456d21c17e9628b,1,1790891870.1187763
s2df_50p_30ep_base_s51n,A,P1ext_A_20261001,877fa87a93a265b62a7a27aa92cc2e11,30,044eb2bf13a43d670e1588012ef467ec,1,1790891870.1199462
s2df_50p_30ep_lr005_s42n,A,A_part2,1ea88f4a433d1bba24011fa81862824d,30,02264e4c1bc165033797f1ecc845788f,1,1790675758.0
s2df_50p_30ep_lr005_s42n,A,A_runs_20260929,1ea88f4a433d1bba24011fa81862824d,30,02264e4c1bc165033797f1ecc845788f,1,1790675758.0
s2df_50p_30ep_lr005_s43n,A,A_runs_20260929,233d54fd79eb01bb56437a4924cde211,30,96f7c8dc85112c8647e48474b2c6ca8f,1,1790624695.0
s2df_50p_30ep_lr005_s44n,A,A_runs_20260929,ec2010d8c28812ee87fb1a079b46e5a7,30,884a5deaef2d27d11a34d0c0d69d5936,1,1790720430.0
s2df_50p_30ep_lr005_s45n,A,P1ext_A_20261001,bf98debb99acd6c15b02fcecabbf1c24,30,409910d8b393612680708b3438835190,1,1790891870.1209524
s2df_50p_30ep_lr005_s46n,A,P1ext_A_20261001,7437e55d50ad76c1506b69a9208833a5,30,5feaf19454a55c0657ca4ac9680642c0,1,1790891870.1209524
s2df_50p_30ep_lr005_s47n,A,P1ext_A_20261001,a171a257a1f8785c572fcc13130ab8db,30,b28ced1de828e2941e1fb4dca5506319,1,1790891870.121952
s2df_50p_30ep_lr005_s48n,A,P1ext_A_20261001,e1eeaaa7cc0fac852d525e788906c0c7,30,1a449cb0140bcd43153c57500c9aa4b0,1,1790891870.122954
s2df_50p_30ep_lr005_s49n,A,P1ext_A_20261001,95e00b0626275b47c92b6655cecfbf49,30,8036ebc8ee94c8cdf45ce10925e5c05a,1,1790891870.122954
s2df_50p_30ep_lr005_s50n,A,P1ext_A_20261001,73d4ef243c4e6ec24a9e305183fe240e,30,fe9020a716ac6b1b0b3b5200f9889000,1,1790891870.123952
s2df_50p_30ep_lr005_s51n,A,P1ext_A_20261001,739be57843af5f45d874c89d8ebc3d22,30,4084256a15397c990d86ef6c110041e6,1,1790891870.1249523
seedtest_A_seed42_noshuffle,A,A_runs_20260929,0772ed5ff8af67d2a8295fc33589c0f0,8,588e4ffc28c3ee109a447efb964c2571,1,1790298934.0
seedtest_A_seed42_noshuffle,A,A_small2_20260927,0772ed5ff8af67d2a8295fc33589c0f0,8,588e4ffc28c3ee109a447efb964c2571,1,1790298934.0
seedtest_B_seed42_noshuffle_repeat,A,A_runs_20260929,fd774514c63215391727a088d6f0e505,8,15901f2332c633fc3e147cc7e191ee5d,1,1790298938.0
seedtest_B_seed42_noshuffle_repeat,A,A_small2_20260927,fd774514c63215391727a088d6f0e505,8,15901f2332c633fc3e147cc7e191ee5d,1,1790298938.0
seedtest_C_seed529_shuffle529,A,A_runs_20260929,683921eba81703b02f5c5cdd75ac81cb,8,c18fbce5c1ab158fcf207ee3b1438df9,1,1790299050.0
seedtest_C_seed529_shuffle529,A,A_small2_20260927,683921eba81703b02f5c5cdd75ac81cb,8,c18fbce5c1ab158fcf207ee3b1438df9,1,1790299050.0
shwd2sf_lw003_lr005_100ep_s42n,A,A_runs_20260929,20dc5e1af1935bef04c4a8507469a285,100,e23e525bc525c48eef3ef76a9ece1227,1,1789784618.0
shwd2sf_lw003_lr005_100ep_s42n,A,A_small2_20260927,20dc5e1af1935bef04c4a8507469a285,100,e23e525bc525c48eef3ef76a9ece1227,1,1789784618.0
shwd2sf_lw003_lr005_100ep_s43n,A,A_runs_20260929,568a9c3ed93f5c577a369b9b99020c20,100,586be00b7a4b6faf6c2aae4ecce13512,1,1789787109.0
shwd2sf_lw003_lr005_100ep_s43n,A,A_small2_20260927,568a9c3ed93f5c577a369b9b99020c20,100,586be00b7a4b6faf6c2aae4ecce13512,1,1789787109.0
shwd2sf_lw003_lr005_100ep_s44n,A,A_runs_20260929,c069407b6bf24f4e2ae3378ccecaf5c7,100,a8235e16c3c211f2232e248b774d7596,1,1789789624.0
shwd2sf_lw003_lr005_100ep_s44n,A,A_small2_20260927,c069407b6bf24f4e2ae3378ccecaf5c7,100,a8235e16c3c211f2232e248b774d7596,1,1789789624.0
shwd2sf_lw003_lr005_30ep_s42n,A,A_runs_20260929,df3ff13a4a1a3d783c1a7496ffa96ddc,30,745a589c08eb19b36c698c9b25c8d1f1,1,1789780532.0
shwd2sf_lw003_lr005_30ep_s42n,A,A_small2_20260927,df3ff13a4a1a3d783c1a7496ffa96ddc,30,745a589c08eb19b36c698c9b25c8d1f1,1,1789780532.0
shwd2sf_lw003_lr005_30ep_s43n,A,A_runs_20260929,968324ae2c3dd501e332205e73d97e8b,30,29cf702995a260ab1dfe64e60c2beb4c,1,1789781328.0
shwd2sf_lw003_lr005_30ep_s43n,A,A_small2_20260927,968324ae2c3dd501e332205e73d97e8b,30,29cf702995a260ab1dfe64e60c2beb4c,1,1789781328.0
shwd2sf_lw003_lr005_30ep_s44n,A,A_runs_20260929,58155a626ead34791323589af53d896d,30,71d1bd33fb68639259ef764f6832cd5f,1,1789782123.0
shwd2sf_lw003_lr005_30ep_s44n,A,A_small2_20260927,58155a626ead34791323589af53d896d,30,71d1bd33fb68639259ef764f6832cd5f,1,1789782123.0
shwd_pretrain_100ep,A,A_runs_20260929,113b84df7396e71f049db474ddc92414,100,eaa9204a65fb7c6bd73b858c442db4c1,1,1790614526.0
sp1000_s42n,A,A_runs_20260929,d424d24677f6801365079231caa4fc3b,3,880bfc33434a1ced02c5bc07159f70a4,1,1790089677.0
sp1000_s42n,A,A_small2_20260927,d424d24677f6801365079231caa4fc3b,3,880bfc33434a1ced02c5bc07159f70a4,1,1790089677.0
sp1000_s43n,A,A_runs_20260929,5c44c78657a02041459e2895f33dc298,3,9ff254fa0d3faf9a52d0979bb11af207,1,1790089728.0
sp1000_s43n,A,A_small2_20260927,5c44c78657a02041459e2895f33dc298,3,9ff254fa0d3faf9a52d0979bb11af207,1,1790089728.0
t1a_d15toaitod_base100_s42n,A,A_runs_20260929,3b740f019179ed9e00bb811674ac7612,100,0c3ead3efb30b0b563775247f101ccc5,1,1789268056.0
t1a_d15toaitod_base100_s42n,A,A_small2_20260927,3b740f019179ed9e00bb811674ac7612,100,0c3ead3efb30b0b563775247f101ccc5,1,1789268056.0
t1a_d15toaitod_base100_s43n,A,A_runs_20260929,7373dc4172e2821d8909f4dce367c32c,100,fdd5dd1306b9bfa9fc629e98e1b0421e,1,1789273611.0
t1a_d15toaitod_base100_s43n,A,A_small2_20260927,7373dc4172e2821d8909f4dce367c32c,100,fdd5dd1306b9bfa9fc629e98e1b0421e,1,1789273611.0
t1a_d15toaitod_base100_s44n,A,A_runs_20260929,bdc4fe7644c408bcf99dd189ac389597,100,561cf4345a241a4ada20db0c905504d3,1,1789279125.0
t1a_d15toaitod_base100_s44n,A,A_small2_20260927,bdc4fe7644c408bcf99dd189ac389597,100,561cf4345a241a4ada20db0c905504d3,1,1789279125.0
t1a_d15toaitod_base100_s45n,A,A_runs_20260929,08334aecfbcf4f644374b93bb394be64,100,69929f9d1db620ff3d4fb4be2424a21f,1,1789284675.0
t1a_d15toaitod_base100_s45n,A,A_small2_20260927,08334aecfbcf4f644374b93bb394be64,100,69929f9d1db620ff3d4fb4be2424a21f,1,1789284675.0
t1a_d15toaitod_base100_s46n,A,A_runs_20260929,b8a528171052b702c45965980f94f7e8,100,3be1f17340516679c088e31b61e8d6be,1,1789290372.0
t1a_d15toaitod_base100_s46n,A,A_small2_20260927,b8a528171052b702c45965980f94f7e8,100,3be1f17340516679c088e31b61e8d6be,1,1789290372.0
t1a_d15toaitod_base100_s47n,A,A_runs_20260929,5a1adf8f6a3c1769b71556d5afdfc352,100,b9523e47b19d1a2bf85f156c473efce0,1,1789296069.0
t1a_d15toaitod_base100_s47n,A,A_small2_20260927,5a1adf8f6a3c1769b71556d5afdfc352,100,b9523e47b19d1a2bf85f156c473efce0,1,1789296069.0
t1a_d15toaitod_base100_s48n,A,A_runs_20260929,52b216a58310feacaf1909e1bafcc206,100,16ff900048289a3d19a7fe070b8d0be7,1,1789301613.0
t1a_d15toaitod_base100_s48n,A,A_small2_20260927,52b216a58310feacaf1909e1bafcc206,100,16ff900048289a3d19a7fe070b8d0be7,1,1789301613.0
t1a_d15toaitod_base100_s49n,A,A_runs_20260929,71dc55219b607db5bdd1a5b1bd6b7a19,100,819a69861218f2b45c7e8bbd19879d83,1,1789307188.0
t1a_d15toaitod_base100_s49n,A,A_small2_20260927,71dc55219b607db5bdd1a5b1bd6b7a19,100,819a69861218f2b45c7e8bbd19879d83,1,1789307188.0
t1a_d15toaitod_base100_s50n,A,A_runs_20260929,76aabbd7dcf6d186a0fbe12df2c5743f,100,147c452d907508f38a7a7cd6e6058edb,1,1789313071.0
t1a_d15toaitod_base100_s50n,A,A_small2_20260927,76aabbd7dcf6d186a0fbe12df2c5743f,100,147c452d907508f38a7a7cd6e6058edb,1,1789313071.0
t1a_d15toaitod_base100_s51n,A,A_runs_20260929,0b5a2e3b3d0856c3fef28b27174c6fa8,100,ee7aa9bbcfbea794d580245a7b677a54,1,1789318861.0
t1a_d15toaitod_base100_s51n,A,A_small2_20260927,0b5a2e3b3d0856c3fef28b27174c6fa8,100,ee7aa9bbcfbea794d580245a7b677a54,1,1789318861.0
t1a_d15toaitod_lr005_100ep_s42n,A,A_runs_20260929,7e9f963555cc59014ab3f622d23a3519,100,a51cc7bf0bfb19bd10891a4ef1d5a6c3,1,1789270774.0
t1a_d15toaitod_lr005_100ep_s42n,A,A_small2_20260927,7e9f963555cc59014ab3f622d23a3519,100,a51cc7bf0bfb19bd10891a4ef1d5a6c3,1,1789270774.0
t1a_d15toaitod_lr005_100ep_s43n,A,A_runs_20260929,a324a0be4aa3e708cc326364c18a05eb,100,32b72740ca64b09bab1d889208f6a48d,1,1789276287.0
t1a_d15toaitod_lr005_100ep_s43n,A,A_small2_20260927,a324a0be4aa3e708cc326364c18a05eb,100,32b72740ca64b09bab1d889208f6a48d,1,1789276287.0
t1a_d15toaitod_lr005_100ep_s44n,A,A_runs_20260929,e33e9d74393d398a4d1b17ed262089a1,100,969c765816c45d6ffdb538ceea4ef4f4,1,1789281820.0
t1a_d15toaitod_lr005_100ep_s44n,A,A_small2_20260927,e33e9d74393d398a4d1b17ed262089a1,100,969c765816c45d6ffdb538ceea4ef4f4,1,1789281820.0
t1a_d15toaitod_lr005_100ep_s45n,A,A_runs_20260929,061272b2cae98bfcd1fba9938789e444,100,9cd0f5b5db6259438f7872d5830a601a,1,1789287355.0
t1a_d15toaitod_lr005_100ep_s45n,A,A_small2_20260927,061272b2cae98bfcd1fba9938789e444,100,9cd0f5b5db6259438f7872d5830a601a,1,1789287355.0
t1a_d15toaitod_lr005_100ep_s46n,A,A_runs_20260929,87880a415eda8e7fcf6ab5e36d88a4ef,100,6d505cc20176f40aa4da2d0633591446,1,1789293205.0
t1a_d15toaitod_lr005_100ep_s46n,A,A_small2_20260927,87880a415eda8e7fcf6ab5e36d88a4ef,100,6d505cc20176f40aa4da2d0633591446,1,1789293205.0
t1a_d15toaitod_lr005_100ep_s47n,A,A_runs_20260929,854afe93347af17591ae08c5a55a2e47,100,61895351cedb0be5d48be772f87ca2fa,1,1789298758.0
t1a_d15toaitod_lr005_100ep_s47n,A,A_small2_20260927,854afe93347af17591ae08c5a55a2e47,100,61895351cedb0be5d48be772f87ca2fa,1,1789298758.0
t1a_d15toaitod_lr005_100ep_s48n,A,A_runs_20260929,273acb0543bb6482e3a460e8a0ce6452,100,97e196b45460ef7dcd31db3c68bdd3f3,1,1789304300.0
t1a_d15toaitod_lr005_100ep_s48n,A,A_small2_20260927,273acb0543bb6482e3a460e8a0ce6452,100,97e196b45460ef7dcd31db3c68bdd3f3,1,1789304300.0
t1a_d15toaitod_lr005_100ep_s49n,A,A_runs_20260929,642666b93b89d1689899f1fdc60203ba,100,149dd40821a4c0ce1ab9aef7a6f65517,1,1789310072.0
t1a_d15toaitod_lr005_100ep_s49n,A,A_small2_20260927,642666b93b89d1689899f1fdc60203ba,100,149dd40821a4c0ce1ab9aef7a6f65517,1,1789310072.0
t1a_d15toaitod_lr005_100ep_s50n,A,A_runs_20260929,f5f48c7f783b1d44730bb41c50f6e3fd,100,8dfb8ab04d0b1f398ffa0c7b5892e95c,1,1789315883.0
t1a_d15toaitod_lr005_100ep_s50n,A,A_small2_20260927,f5f48c7f783b1d44730bb41c50f6e3fd,100,8dfb8ab04d0b1f398ffa0c7b5892e95c,1,1789315883.0
t1a_d15toaitod_lr005_100ep_s51n,A,A_runs_20260929,fd64fa38d5eed222be38041e8eb9566e,100,5fbbe6a89ccc35f8c97f3103537b2d61,1,1789321635.0
t1a_d15toaitod_lr005_100ep_s51n,A,A_small2_20260927,fd64fa38d5eed222be38041e8eb9566e,100,5fbbe6a89ccc35f8c97f3103537b2d61,1,1789321635.0
t1d_dotatod15_base100_s42n,A,A_runs_20260929,b0c187592abe49cbd61c04e1f7982f86,100,42bc53dd35f35f5922db4e73d6333b17,1,1789521593.0
t1d_dotatod15_base100_s42n,A,A_small2_20260927,b0c187592abe49cbd61c04e1f7982f86,100,42bc53dd35f35f5922db4e73d6333b17,1,1789521593.0
t1d_dotatod15_base100_s43n,A,A_runs_20260929,4c93be0b0cebaf00a98af20ccfae4d33,100,be6c9a06e04734eb7dbb656353990c55,1,1789523221.0
t1d_dotatod15_base100_s43n,A,A_small2_20260927,4c93be0b0cebaf00a98af20ccfae4d33,100,be6c9a06e04734eb7dbb656353990c55,1,1789523221.0
t1d_dotatod15_base100_s44n,A,A_runs_20260929,019b691cf1f7c058a4ddc16afeb2d289,100,af324520233084ab2fe797b82810edae,1,1789525039.0
t1d_dotatod15_base100_s44n,A,A_small2_20260927,019b691cf1f7c058a4ddc16afeb2d289,100,af324520233084ab2fe797b82810edae,1,1789525039.0
t1d_dotatod15_base100_s45n,A,A_runs_20260929,96cfd724d9e3e8647709d58bdefcc55e,100,7e8a43660343ef5572a134bd0d8bcec7,1,1789526761.0
t1d_dotatod15_base100_s45n,A,A_small2_20260927,96cfd724d9e3e8647709d58bdefcc55e,100,7e8a43660343ef5572a134bd0d8bcec7,1,1789526761.0
t1d_dotatod15_base100_s46n,A,A_runs_20260929,15486e0511e6d7cf443ef2ef7786db72,100,f3f1c3910ce6c3024f19b0fd21828d96,1,1789528471.0
t1d_dotatod15_base100_s46n,A,A_small2_20260927,15486e0511e6d7cf443ef2ef7786db72,100,f3f1c3910ce6c3024f19b0fd21828d96,1,1789528471.0
t1d_dotatod15_base100_s47n,A,A_runs_20260929,a79ddbf96025287b2ced222d3c70c3ea,100,750605483be2a2fe662b827e59a2d6bc,1,1789530135.0
t1d_dotatod15_base100_s47n,A,A_small2_20260927,a79ddbf96025287b2ced222d3c70c3ea,100,750605483be2a2fe662b827e59a2d6bc,1,1789530135.0
t1d_dotatod15_base100_s48n,A,A_runs_20260929,747e4746665a12ee04e6ea27537fd511,100,c37a4232ec3bc3e702b209cbcbb73360,1,1789531797.0
t1d_dotatod15_base100_s48n,A,A_small2_20260927,747e4746665a12ee04e6ea27537fd511,100,c37a4232ec3bc3e702b209cbcbb73360,1,1789531797.0
t1d_dotatod15_base100_s49n,A,A_runs_20260929,b2ed8a354cc380d84fd1ea10915a17d9,100,f3bb1f67c96ed072e078db01df6e617b,1,1789339960.0
t1d_dotatod15_base100_s49n,A,A_small2_20260927,b2ed8a354cc380d84fd1ea10915a17d9,100,f3bb1f67c96ed072e078db01df6e617b,1,1789339960.0
t1d_dotatod15_base100_s50n,A,A_runs_20260929,c562b317fffb7b59bbc07f1d7baca6e6,100,146c9acfdfcd6d9d2c8c8395ff04984c,1,1789342340.0
t1d_dotatod15_base100_s50n,A,A_small2_20260927,c562b317fffb7b59bbc07f1d7baca6e6,100,146c9acfdfcd6d9d2c8c8395ff04984c,1,1789342340.0
t1d_dotatod15_base100_s51n,A,A_runs_20260929,ee9f8c814c50cc50779b29f9e49a413f,100,aaa1e26f86a79f8e320c38c842972f0f,1,1789343961.0
t1d_dotatod15_base100_s51n,A,A_small2_20260927,ee9f8c814c50cc50779b29f9e49a413f,100,aaa1e26f86a79f8e320c38c842972f0f,1,1789343961.0
t1d_dotatod15_lr005_100ep_s42n,A,A_runs_20260929,b0fc986b728cc0aa8a4cfd0475c0b200,100,35aa4b5f6af50de48825e213799992bd,1,1789522396.0
t1d_dotatod15_lr005_100ep_s42n,A,A_small2_20260927,b0fc986b728cc0aa8a4cfd0475c0b200,100,35aa4b5f6af50de48825e213799992bd,1,1789522396.0
t1d_dotatod15_lr005_100ep_s43n,A,A_runs_20260929,01cad91ad2d6aed0d9dc5612bcf59b6f,100,c297d1cb42b5a828fa4c49094c6010ec,1,1789524119.0
t1d_dotatod15_lr005_100ep_s43n,A,A_small2_20260927,01cad91ad2d6aed0d9dc5612bcf59b6f,100,c297d1cb42b5a828fa4c49094c6010ec,1,1789524119.0
t1d_dotatod15_lr005_100ep_s44n,A,A_runs_20260929,ba99bf28771029c9a0f2a2cd201c17e0,100,6be88814bdee35b4a1a601a61c3c5a4d,1,1789525921.0
t1d_dotatod15_lr005_100ep_s44n,A,A_small2_20260927,ba99bf28771029c9a0f2a2cd201c17e0,100,6be88814bdee35b4a1a601a61c3c5a4d,1,1789525921.0
t1d_dotatod15_lr005_100ep_s45n,A,A_runs_20260929,cad2c4d3b3330d1d48c145837907a220,100,b310aed0e292d8c5588923a340519592,1,1789527640.0
t1d_dotatod15_lr005_100ep_s45n,A,A_small2_20260927,cad2c4d3b3330d1d48c145837907a220,100,b310aed0e292d8c5588923a340519592,1,1789527640.0
t1d_dotatod15_lr005_100ep_s46n,A,A_runs_20260929,38cb3021d8cbbc318f80a361e6ff9bb4,100,03b05d53beac1c516b70a061c2102a40,1,1789529303.0
t1d_dotatod15_lr005_100ep_s46n,A,A_small2_20260927,38cb3021d8cbbc318f80a361e6ff9bb4,100,03b05d53beac1c516b70a061c2102a40,1,1789529303.0
t1d_dotatod15_lr005_100ep_s47n,A,A_runs_20260929,4d58a267185a32d7263404d064af8486,100,b8878fca3b674ebd5b24501084538a2c,1,1789530965.0
t1d_dotatod15_lr005_100ep_s47n,A,A_small2_20260927,4d58a267185a32d7263404d064af8486,100,b8878fca3b674ebd5b24501084538a2c,1,1789530965.0
t1d_dotatod15_lr005_100ep_s48n,A,A_runs_20260929,165bdc986a4df097fc8b42c9a37ff502,100,5116954d480f72978808f79d8cc79b75,1,1789532631.0
t1d_dotatod15_lr005_100ep_s48n,A,A_small2_20260927,165bdc986a4df097fc8b42c9a37ff502,100,5116954d480f72978808f79d8cc79b75,1,1789532631.0
t1d_dotatod15_lr005_100ep_s49n,A,A_runs_20260929,9bfeb5724635d17a923b76ba147efa34,100,08d1a3e6b01264c97df08f0c2a11cb57,1,1789341534.0
t1d_dotatod15_lr005_100ep_s49n,A,A_small2_20260927,9bfeb5724635d17a923b76ba147efa34,100,08d1a3e6b01264c97df08f0c2a11cb57,1,1789341534.0
t1d_dotatod15_lr005_100ep_s50n,A,A_runs_20260929,fc3c980bf1d734425cc6d11b6760b8ad,100,aaf82da9cff08e82ba54a143404b8d75,1,1789343141.0
t1d_dotatod15_lr005_100ep_s50n,A,A_small2_20260927,fc3c980bf1d734425cc6d11b6760b8ad,100,aaf82da9cff08e82ba54a143404b8d75,1,1789343141.0
t1d_dotatod15_lr005_100ep_s51n,A,A_runs_20260929,5c048eef39703b53c4f09a72f7254661,100,fb06e62df8d9182d51913b232072ade6,1,1789344783.0
t1d_dotatod15_lr005_100ep_s51n,A,A_small2_20260927,5c048eef39703b53c4f09a72f7254661,100,fb06e62df8d9182d51913b232072ade6,1,1789344783.0
vis_d15_base100_s52n,A,A_runs_20260929,2cac8c3c13db2cce7987c8e77d05eccc,100,95aecbcf3b13e41c7a6f7193dcc30dfd,1,1790331167.0
vis_d15_base100_s52n,A,A_small2_20260927,2cac8c3c13db2cce7987c8e77d05eccc,100,95aecbcf3b13e41c7a6f7193dcc30dfd,1,1790331167.0
vis_d15_base100_s53n,A,A_runs_20260929,f8e53fcd1213aea026fbef1adc562849,100,058005a6567c8e9734ba0feb9211e550,1,1790332027.0
vis_d15_base100_s53n,A,A_small2_20260927,f8e53fcd1213aea026fbef1adc562849,100,058005a6567c8e9734ba0feb9211e550,1,1790332027.0
vis_d15_base100_s54n,A,A_runs_20260929,718872e133349beb37deeffc0e2abff8,100,71386021f1530ec634353c89ac2b678d,1,1790337376.0
vis_d15_base100_s54n,A,A_small2_20260927,718872e133349beb37deeffc0e2abff8,100,71386021f1530ec634353c89ac2b678d,1,1790337376.0
vis_d15_lr005_100ep_s52n,A,A_runs_20260929,5997affc2fa014381e7a096092455e4c,100,4a1088bc1964ad59ef6c21eb65adbbcb,1,1790333710.0
vis_d15_lr005_100ep_s52n,A,A_small2_20260927,5997affc2fa014381e7a096092455e4c,100,4a1088bc1964ad59ef6c21eb65adbbcb,1,1790333710.0
vis_d15_lr005_100ep_s53n,A,A_runs_20260929,a22b678b42dac642672b634119cf7210,100,d027c04010d9c57d8a05b0b96ad0c560,1,1790334548.0
vis_d15_lr005_100ep_s53n,A,A_small2_20260927,a22b678b42dac642672b634119cf7210,100,d027c04010d9c57d8a05b0b96ad0c560,1,1790334548.0
vis_d15_lr005_100ep_s54n,A,A_runs_20260929,1deb7857c79fba06e99759d3ac008c33,100,083b651e5065c56a1c3454be2c176e9c,1,1790338163.0
vis_d15_lr005_100ep_s54n,A,A_small2_20260927,1deb7857c79fba06e99759d3ac008c33,100,083b651e5065c56a1c3454be2c176e9c,1,1790338163.0
xcal_A_s42n,A,A_runs_20260929,68a15bc40b98d5dba5e010cb1aabbbd9,20,80a0b0fc75a9dcb9e2f9bb4ee1ab5d03,1,1790487099.0
xcal_A_s42n,A,A_small2_20260927,68a15bc40b98d5dba5e010cb1aabbbd9,20,80a0b0fc75a9dcb9e2f9bb4ee1ab5d03,1,1790487099.0
y26_sf_100ep_base_s42n,A,A_part2,4f3a230e75d4d08eb5aaef5c5b5afca1,100,a52b14ecb673bb8be86abf1f70763b33,1,1790712821.0
y26_sf_100ep_base_s42n,A,A_runs_20260929,4f3a230e75d4d08eb5aaef5c5b5afca1,100,a52b14ecb673bb8be86abf1f70763b33,1,1790712821.0
y26_sf_100ep_base_s43n,A,A_runs_20260929,393b7f70c84254c49d8dd32e9a50fcd4,100,74e106a7effcba0aa6d9b0e1439305be,1,1790668003.0
y26_sf_100ep_base_s44n,A,A_runs_20260929,67c0dc7b54a69e79c00b26ec423030cc,100,ea65c21e0bda744db65bd16c8aa1920e,1,1790723182.0
y26_sf_100ep_lr005_s42n,A,A_runs_20260929,334525f0ccbc7990a869b66b6bcbeb5c,100,92ef1bf57a11346e2ed3d4044f2da9de,1,1790668650.0
y26_sf_100ep_lr005_s43n,A,A_runs_20260929,b056d0d49bdca30d67367dc3cf5aa0a6,100,3a2c926e6db218ee44b2a577369d3ece,1,1790715355.0
y26_sf_100ep_lr005_s44n,A,A_runs_20260929,f77ca78a8c525ee1a8bf28ee7bdc7e17,100,be070a7c012ac83f238d6ada3ad4e0bc,1,1790670878.0
y26_sf_30ep_base_s42n,A,A_runs_20260929,47962164db19b3cf4c06eebb57f5696e,30,8e9e9411b16bf7794a2352a71f7306b2,1,1790721056.0
y26_sf_30ep_base_s43n,A,A_runs_20260929,75813a8012bf472412f3c6af213d5a97,30,74321f7eb935b64a3de83f7fccae8fe0,1,1790665427.0
y26_sf_30ep_base_s44n,A,A_part2,8e0a3b66740c1f83cdcfcc38e482260c,30,59cf55dffcbfc668300056c22407b9d3,1,1790710405.0
y26_sf_30ep_base_s44n,A,A_runs_20260929,8e0a3b66740c1f83cdcfcc38e482260c,30,59cf55dffcbfc668300056c22407b9d3,1,1790710405.0
y26_sf_30ep_lr005_s42n,A,A_runs_20260929,7fc1850cd6fded32bfb0034aa6b29b4d,30,08596f8b80df3b0d1a6f53ec551b21f0,1,1790665461.0
y26_sf_30ep_lr005_s43n,A,A_runs_20260929,50f300e7cc204afa5789dd645739a983,30,db21f2775d3be05d0c8aca1cd5803f2e,1,1790721830.0
y26_sf_30ep_lr005_s44n,A,A_runs_20260929,616fe964c2e77078679625711d27e8db,30,773c484337a203880476dde8b2da4985,1,1790666247.0
y26_shwd_pretrain,A,A_runs_20260929,8f0f14f06f9400b1a17a47df9ae0613b,30,b471589a82871a8afea29711543021ff,1,1790489882.0
y26_shwd_pretrain,A,A_small2_20260927,8f0f14f06f9400b1a17a47df9ae0613b,30,b471589a82871a8afea29711543021ff,1,1790489882.0
_PARTIAL_cg_200ep_base_s42n_091556,B,B_csv_20260930,2a36985be72618e22a6b17bc40c11be0,121,5600ebcff70d408190108dcb6ad1964e,1,1790586924.0
_PARTIAL_cg_200ep_base_s43n_095303,B,B_csv_20260930,87bab6a6761b63f8976be8616203b7e4,129,5740e397638342431ac8bc21cfac0f88,1,1790589156.0
_PARTIAL_cg_200ep_base_s44n_103534,B,B_csv_20260930,c9659c5714fbe668acb9110a64042a89,120,073db978cfc446f5c6426a30cfd08d5c,1,1790591702.0
_PARTIAL_cg_200ep_lr005_s42n_093319,B,B_csv_20260930,b56674ad4804958b48477b647f58f1b8,120,7fdee015fe1043f334182da12141ff24,1,1790587973.0
_PARTIAL_cg_200ep_lr005_s43n_101643,B,B_csv_20260930,e1906160839208bf157f145d4a918650,169,b718e2afb9a4473d98fb4f0dc9351d35,1,1790590577.0
_PARTIAL_cg_200ep_lr005_s44n_105252,B,B_csv_20260930,dfddaf973e675d43aba0db7e7e7c11a8,120,fad89f312f78c923799ad2927d761183,1,1790592746.0
_PARTIAL_sgh_200ep_base_s43n_145800,B,B_csv_20260930,8581748be6763f64021a96b082243009,126,42682a8a1c685190da69e4f189effd2d,1,1790521052.0
_PARTIAL_sgh_200ep_base_s44n_083223,B,B_csv_20260930,afe4f60b6ce72c3052e5db9f90da31b3,129,6c9b3d4788e3830d69e8a41c78dbb1ca,1,1790584190.0
_PARTIAL_sgh_200ep_base_s44n_153748,B,B_csv_20260930,8d7e645b2005bd267e4be2b6fd0c3e1c,85,6c9b3d4788e3830d69e8a41c78dbb1ca,1,1790523409.0
_PARTIAL_sgh_200ep_lr005_s42n_143909,B,B_csv_20260930,571d68b4166000c17eea7170527b5739,149,ec4ebc73f7bee3b8b948daea8700a486,1,1790519924.0
_PARTIAL_sgh_200ep_lr005_s43n_152301,B,B_csv_20260930,662b9139ef6ec0739d4b639401d5ff7b,186,6b3b46be545981340512d91f22fe98b5,1,1790522555.0
_PARTIAL_sgh_200ep_lr005_s44n_085552,B,B_csv_20260930,75d5f42e1ae2ecce3322c0552efe3343,157,9251a624ad461cdae74520de3db48d76,1,1790585725.0
_PARTIAL_srh_200ep_base_s42n_121326,B,B_csv_20260930,a40978c9d17086bdc54aa72bad6cfec5,163,da51d559755694ad1a23e40c9d930c27,1,1790597470.0
_PARTIAL_srh_200ep_base_s42n_153728,B,B_csv_20260930,d897fd4269a00055600b4b2b988113ec,67,da51d559755694ad1a23e40c9d930c27,1,1790523394.0
_PARTIAL_srh_200ep_base_s43n_201114,B,B_csv_20260930,3cf9a0c17a58b8c16dbe84fa7d3bd101,158,fbb24ee75e371ee9bfaebd1cb9544e8f,1,1790626228.0
_PARTIAL_srh_200ep_base_s44n_145824,B,B_csv_20260930,c53c63ec1dded2c446760ad4cc5d9aaa,165,8cc8a14f9dde9b24446000fa23fa1b69,1,1790607427.0
_PARTIAL_srh_200ep_lr005_s42n_162831,B,B_csv_20260930,46aad0fe8c8d9df05eaf184cb006d410,162,06b3a5605c81f50724ccb0ea95c40e02,1,1790612803.0
_PARTIAL_srh_200ep_lr005_s43n_190904,B,B_csv_20260930,017c3741a1e967016ce48d7d321ced6d,176,539545ae2bf916c1ff5108771cef2761,1,1790622497.0
_PARTIAL_srh_200ep_lr005_s44n_000046,B,B_csv_20260930,c7c35b452aac268ecba0b3dd4954a4aa,167,dca94e81fa0e5379899017cde40c4b6a,1,1790640000.0
_PARTIAL_vvhr_200ep_base_s42n_130009,B,B_csv_20260930,f9a5eccd5965960c619abed2b1b05b3c,183,a42d26783a362b8fab2ba273b214126a,1,1790513989.0
_PARTIAL_vvhr_200ep_base_s43n_132037,B,B_csv_20260930,2433d6023cced6088dc4b7deb81855d5,165,8a44926fccc829ff61829b75f065f77f,1,1790515214.0
_PARTIAL_vvhr_200ep_lr005_s42n_130930,B,B_csv_20260930,77dceb6e12bfebfcccea174438216eed,129,b3435bb81251dccbe7fecb3b260e9205,1,1790514542.0
_PARTIAL_vvhr_200ep_lr005_s43n_133340,B,B_csv_20260930,e9ca11b864c2e60896efe20b39eaf28c,172,1e4c821a2820ff3aab7b7765088804ba,1,1790515998.0
_PARTIAL_vvhr_200ep_lr005_s44n_140703,B,B_csv_20260930,0dc86674ad97683c0e8161e57c6f736c,133,e7c00f39e8586625ebd04efdef4d1030,1,1790518003.0
a2d15_base100_s42n,B,B_csv_20260930,2ca6279929bb16e37588716261ebfb34,100,ef808e3001080cdd18ed052e7f2cab12,1,1788872315.0
a2d15_base100_s43n,B,B_csv_20260930,a90d563ab085b40f17e9556ac0c7dcee,100,e9afb80ac81192cba95f097c8c5e763c,1,1788874089.0
a2d15_base100_s44n,B,B_csv_20260930,febb6416670e8112cb43d2f140694959,100,a85613ad8e00a08c4b43e3c108a28421,1,1788874831.0
a2d15_base100_s45n,B,B_csv_20260930,31a08cb676a8bc9f27af258520f5ce1c,100,9bc44ed5b694667a0d68cc66969a9fc4,1,1788944021.0
a2d15_base100_s46n,B,B_csv_20260930,bb27228c675f16d01f75968ec540ba4a,100,f25c5f2ad5befdc6e853c0042e026f06,1,1788956095.0
a2d15_base100_s47n,B,B_csv_20260930,23a98af5dd48d0184bf65db82f1199de,100,c49ffc64226456c2510dece659b6c40d,1,1788968156.0
a2d15_base100_s48n,B,B_csv_20260930,678eb4c99c24a0b00f61abae656a0f3f,100,912b6835d5dd305e974728f98d53276e,1,1788980016.0
a2d15_base100_s49n,B,B_csv_20260930,3f640f36d0e89256d1525141b06d76f6,100,91a865e4ba2cec10f3ace687eb3d7414,1,1788991775.0
a2d15_base100_s50n,B,B_csv_20260930,7a391b5a0bc30f09aec1ec624b239fb6,100,ea717a63f51d8e277ca5b53f173aff1a,1,1789003563.0
a2d15_base100_s51n,B,B_csv_20260930,228112e7bf5bbd7e352aef09cf69283b,100,cccb2c91b7a4f64e5636685dd5dd37fe,1,1789015528.0
a2d15_lr005_100ep_s42n,B,B_csv_20260930,dfa7099a52943a20b936498eae4284cc,100,bae0c283a9c1068ca9b8a5979a53ce98,1,1788873110.0
a2d15_lr005_100ep_s43n,B,B_csv_20260930,90c24c7ff7c94004efa3d2f823d05cbb,100,d6dcc132b4fb2f85dbe23c95004c2089,1,1788875625.0
a2d15_lr005_100ep_s44n,B,B_csv_20260930,bcd1075bc20d0205f9fcdcdf868989f1,100,41097cd87f6dfcf97448f6a3ac89ca2a,1,1788876396.0
a2d15_lr005_100ep_s45n,B,B_csv_20260930,9f7b918f98662a4a74b85ed1594a3627,100,e7bf95c31e0bbcce46a83d994d944207,1,1788944894.0
a2d15_lr005_100ep_s46n,B,B_csv_20260930,ac691926c2e8f1d0e0654aee9b2da899,100,4c8235962c6087671ffc1ebedb5bf045,1,1788956892.0
a2d15_lr005_100ep_s47n,B,B_csv_20260930,df7a9409626c1327adc2ba569b31a482,100,26a3b89fda15bb772373a4710b899941,1,1788968967.0
a2d15_lr005_100ep_s48n,B,B_csv_20260930,e78ae5fe620956c9f242af7bb0312f53,100,cb4db7ed8c881602c2b56801f01daca7,1,1788980818.0
a2d15_lr005_100ep_s49n,B,B_csv_20260930,808b9b6d2f82e1f889031c9dbec65f93,100,dc95c56e9868a0e27c3638f5cd601408,1,1788992562.0
a2d15_lr005_100ep_s50n,B,B_csv_20260930,cb29a126f3863c0a77674ae394b671f4,100,54c15a8ed2fa4e1e65116b5ca7fc5521,1,1789004364.0
a2d15_lr005_100ep_s51n,B,B_csv_20260930,970ec8ba5414f8381cb231545f6f46b1,100,c1e6100d2d017d6c8a36bb6365ff8ae5,1,1789016361.0
a5_base_aug101_s42n,B,B_csv_20260930,5e45816decb23a505c73bdefead2f9fe,100,6c7f29b3e24ebea4b918ad152ccaed6f,1,1789226282.0
a5_base_aug202_s42n,B,B_csv_20260930,8f258042189f19cbbcfc8dd04293736c,100,4c891ece3dbdcd32f9ffff154965943e,1,1789230707.0
a5_base_aug303_s42n,B,B_csv_20260930,883f419fbf08ebf537567b464eb43ec5,100,93c9dc50038325f56a6c300669930521,1,1789230711.0
a5_lr005_aug101_s42n,B,B_csv_20260930,e8656829d9684f3c460f90cf0c7cb482,100,5984efa2ae8fac4a10e01220a082a7e5,1,1789226278.0
aitod_base100,B,B_csv_20260930,339700064af424e29985962cc0960f37,100,08e819f6d344476c9bfb6d99294bbc97,1,1788341586.0
aitod_base30,B,B_csv_20260930,c3f21f7c20d35dab60aa2fb40ccdfe80,30,8f01ccd1b86fb798c63dfb999c9faa0a,1,1788339014.0
aitod_lr005_30ep,B,B_csv_20260930,c2f1ddc7d1fb31bc7e8dc770e1984876,30,69b67291017e4ac027e858e0ba64cdc8,1,1788342423.0
aitod_pretrain,B,B_csv_20260930,1a6612114d69bfb0ac8895655ded521b,30,1f6c8bd0ed4432551751be8f647125fc,1,1788338203.0
aitod_pws_30ep,B,B_csv_20260930,b1e1a1b9de8dcb743d523efd3fd3acde,30,cabc32a61b4d6064244546ead5dfb0f8,1,1788448368.0
aitod_sns_30ep,B,B_csv_20260930,816ed41882748c53dbca44feacfea109,30,01ef226c8c574fda0595f1038f3ae0cd,1,1788343226.0
amod_ADown_30ep_s42n,B,B_csv_20260930,700bdf2ca8178004fe9448642ad89659,30,dab3f3746298be35d75cd0da6a163721,1,1788845345.0
amod_C2fEMA_v2_30ep_s43n,B,B_csv_20260930,1243655aff97a5eafb8183cb2bf0c1a6,30,8572c2a5ee94ae2db6823d1a09449244,1,1788794331.0
amod_C2fEMA_v2_30ep_s44n,B,B_csv_20260930,111a147faf82fd31384b5a105e7f2608,30,2ffeb1d637efd55f8a1988d195db5643,1,1788795173.0
amod_GSConv_30ep_s42n,B,B_csv_20260930,68440fba46c7f8c5bb7357499213a905,30,4ae3c95d0dcf5b5bd002a34a78a0b754,1,1788844498.0
amod_SE_NK_v2_30ep_s42n,B,B_csv_20260930,66aac94a600ced773e0b8e2e14bc73e1,30,bc63887abb2a3989a7e1532b6b14a902,1,1788796008.0
amod_SE_NK_v4_30ep_s42n,B,B_csv_20260930,5296951ed5350e4278a896acf244e4cf,30,9ac5db74b60a6c6344038d965f3340ba,1,1788828029.0
amod_SE_v2_30ep_s43n,B,B_csv_20260930,8672370daaa463a9e6e7cea51435fec3,30,f95173728d12db6912a13367a8aee230,1,1788792651.0
amod_SE_v2_30ep_s44n,B,B_csv_20260930,dedb848080d4681be24536cf4eb020ec,30,dd9c0254f73a24f7217473293ac47a93,1,1788793494.0
amod_base_30ep_s42n,B,B_csv_20260930,c02b71c90de27c433469842c4633c852,30,e4fc2342487f0c8384c4ccc9a18ea84d,1,1788778182.0
b2_smoke2sf_base100_s42n,B,B_csv_20260930,e83f903fa0746694e165e4bd8c71f48c,100,b8f3d0b4ed6587b0bd86e3a8049ba797,1,1790136909.0
b2_smoke2sf_base100_s43n,B,B_csv_20260930,26df1a91b9a40bcde99a9676d87816f5,100,6f3a175772a43f2eebf2766a2cd37b6e,1,1790136604.0
b2_smoke2sf_base100_s44n,B,B_csv_20260930,14d4ce6b27e6f176568d42cf67d4a58e,100,398d20919c13bd9548d194e9ce148915,1,1790153382.0
b2_smoke2sf_base100_s44n.incomplete_20260923_072315,B,B_csv_20260930,8f768c2ce55718a796242c69a8debcd8,76,398d20919c13bd9548d194e9ce148915,1,1790146789.0
b2_smoke2sf_base100_s45n,B,B_csv_20260930,d3d70ea00bce86d1b822e7fb8c34602a,100,728771750c7868d96286ad94fa0bba35,1,1790153030.0
b2_smoke2sf_base100_s45n.incomplete_20260923_072315,B,B_csv_20260930,af5442e458e59e46ca9560595f997df5,72,728771750c7868d96286ad94fa0bba35,1,1790146789.0
b2_smoke2sf_base100_s46n,B,B_csv_20260930,a2c5a52555cf8cc23bf4a192864badca,100,5422ea5d29df5270bff003b0c01acc0f,1,1790161300.0
b2_smoke2sf_base100_s47n,B,B_csv_20260930,a0a64159b5e900d1639b5f93100a2e0d,100,3f9756dc51549227f759c5ad5abcbe93,1,1790144929.0
b2_smoke2sf_base100_s48n,B,B_csv_20260930,70f103c7b640c05b425de7e637afb536,100,70628dc890802f8cf8504620afdd3deb,1,1790145300.0
b2_smoke2sf_base100_s49n,B,B_csv_20260930,100b2ea366bd02e728bb20e42f9f0c2f,100,4b2ce00a56e393e5f947a87e09d8f73d,1,1790158153.0
b2_smoke2sf_base100_s50n,B,B_csv_20260930,5e9be7d347b42e485e41a7c25b83793f,100,2bc04f4792f1c26892d0c87e138bf7ca,1,1790157731.0
b2_smoke2sf_base100_s51n,B,B_csv_20260930,b9281b68ce8fe1e53d036cbe1e80aacd,100,10fee01a3e1945d95eb4e19936c0f2bd,1,1790165693.0
b2_smoke2sf_base200_s42n,B,B_csv_20260930,b3ba6c7292cf57d051a243b94945fbdf,199,2c2d3889857cac1227d7fa01397ec6e7,1,1790196590.0
b2_smoke2sf_base200_s42n.incomplete_20260923_180301,B,B_csv_20260930,c8de1dfc88c7475cbf8b74c999abfee5,83,2c2d3889857cac1227d7fa01397ec6e7,1,1790168450.0
b2_smoke2sf_base200_s42n.incomplete_20260923_180524,B,B_csv_20260930,946ef6e8b1de7c9f97ce5acd52613ab9,1,2c2d3889857cac1227d7fa01397ec6e7,1,1790186697.0
b2_smoke2sf_base200_s43n,B,B_csv_20260930,202192133708f48751f6a115abc78fa1,199,d43357583430b4f763f53d8bee25916e,1,1790196631.0
b2_smoke2sf_base200_s43n.incomplete_20260923_180301,B,B_csv_20260930,ec8e8d36c927c3d76d8535ff2554a3ee,80,d43357583430b4f763f53d8bee25916e,1,1790168450.0
b2_smoke2sf_base200_s43n.incomplete_20260923_180524,B,B_csv_20260930,2eab4b3f19dfe55fda6255e5a50cf261,1,d43357583430b4f763f53d8bee25916e,1,1790186697.0
b2_smoke2sf_base200_s44n,B,B_csv_20260930,11df76e476e28065e73689c0e94fe193,200,6aec7179dae7aa4e55931ee9a6c153d3,1,1790214787.0
b2_smoke2sf_base200_s45n,B,B_csv_20260930,1006329c982772f7aa72963f1db6ae54,200,98b03ca75a582b2cab6f2e9cd3b8665d,1,1790214861.0
b2_smoke2sf_base200_s46n,B,B_csv_20260930,231a509bf16d909f15e8ddfdc8368fda,200,afe358db7eb23cf349999232dc648801,1,1790229313.0
b2_smoke2sf_base200_s47n,B,B_csv_20260930,7aafe5da5d1aa8087371ffdec2f99830,200,b5074c21f319115c7ef707e68869a845,1,1790196546.0
b2_smoke2sf_base200_s48n,B,B_csv_20260930,328a36b2d4bb9da16aaaada82773074a,200,312e39217cc6130a365d6e55d9f1c73e,1,1790196940.0
b2_smoke2sf_base200_s49n,B,B_csv_20260930,cb094df8c5475b88f6d05c4e7619195b,200,3cb12a5ec07964f22f130d6326d83f28,1,1790214587.0
b2_smoke2sf_base200_s50n,B,B_csv_20260930,72b4a3ec0fdbccc9ebeb3ab3c3315d8b,200,1c5548d42c5de112bac445c562275aaa,1,1790215183.0
b2_smoke2sf_base200_s51n,B,B_csv_20260930,a2cd8541889376b97db889c0de870299,200,d0477aa2cde025c868f385e5adf6f58e,1,1790228984.0
b2_smoke2sf_base300_s42n,B,B_csv_20260930,1348ebd88ec946d105589577c034e2a5,1,78bee1d256321bc7c669a2ed42f18cbb,1,1790250208.0
b2_smoke2sf_base300_s42n.incomplete_20260924_104028,B,B_csv_20260930,a73cfce455e34ec647fcf5102759d6dc,199,06edd9cd574aad82e281ef97cb8b5a31,1,1790244857.0
b2_smoke2sf_base300_s42n.incomplete_20260924_111455,B,B_csv_20260930,cbce5e4d1e3af19575cc74a6271c8804,1,06edd9cd574aad82e281ef97cb8b5a31,1,1790248481.0
b2_smoke2sf_base300_s42n.incomplete_20260924_112001,B,B_csv_20260930,f5c1d41331631c87eaacb61f38626f45,1,06edd9cd574aad82e281ef97cb8b5a31,1,1790248542.0
b2_smoke2sf_base300_s42n.incomplete_20260924_113530,B,B_csv_20260930,0d48f8ac26214a0f91616d2ab0da81ed,1,06edd9cd574aad82e281ef97cb8b5a31,1,1790249641.0
b2_smoke2sf_base30_s42n,B,B_csv_20260930,b711edd5e7fed036822d7f8f1157e316,30,8c9948b0111b660fa0ff73b54a748abd,1,1790107447.0
b2_smoke2sf_base30_s43n,B,B_csv_20260930,ca2e35226bffa85ec30817be7b519bdb,30,ab8d7049c0e312c09c1b441ef2f4942c,1,1790108378.0
b2_smoke2sf_base30_s44n,B,B_csv_20260930,1773239ae016d2a9fbd8ad54e1ab6fc1,30,e743b7c7599fd3dc7c0b238d636e0940,1,1790115239.0
b2_smoke2sf_base30_s45n,B,B_csv_20260930,117fd1219aa9525195b45d59c874cdba,30,ba2a213fd3cd2b1ea2e2fd304c148cf4,1,1790116723.0
b2_smoke2sf_base30_s46n,B,B_csv_20260930,3f30805a0a9ff43250ef0aa3ef2768f8,30,f8cf9a72d4285a61bfd9739d32c7000c,1,1790110493.0
b2_smoke2sf_base30_s47n,B,B_csv_20260930,d5ae36dc8c8bff66c4c9b3041ae58872,30,624fbd8f3161fbbe82802ca434be9b3d,1,1790111368.0
b2_smoke2sf_base30_s48n,B,B_csv_20260930,679ef99ef1c08d6b272b2257e6a1a726,30,82c1a25d631a40384453643d6aac666d,1,1790118214.0
b2_smoke2sf_base30_s49n,B,B_csv_20260930,1d373d6c9a7a487db0f9914a0ddaa85d,30,9424403841cec54a259616322ec15f0c,1,1790119601.0
b2_smoke2sf_base30_s50n.incomplete_20260924_104028,B,B_csv_20260930,6a325ee3807aa24e6083b1ba934d5af6,30,ceaced45ed0256f37f94954ae00c83bf,1,1790113374.0
b2_smoke2sf_base30_s51n,B,B_csv_20260930,9a8be161f8d7f664a918c6b87537fee3,30,54f94eb7b6e0340cddbf5a91b51ff000,1,1790114657.0
b2_smoke2sf_base50_s42n,B,B_csv_20260930,e5b956cc5e2f7418e0e95186c21a3108,50,8de6ef0f78185af38b0d3ef0a9efccf6,1,1790126075.0
b2_smoke2sf_base50_s42n.incomplete_20260923_003114,B,B_csv_20260930,b6d33634f1fd57a9f67bb6970800feac,50,8de6ef0f78185af38b0d3ef0a9efccf6,1,1790122826.0
b2_smoke2sf_base50_s43n,B,B_csv_20260930,1edbe1de6653a72476ed5a81f5339b87,50,49b993532b897d4d55cf4e18dad1036c,1,1790126037.0
b2_smoke2sf_base50_s43n.incomplete_20260923_003114,B,B_csv_20260930,c25c583125e2d1469ce895f3788fddd8,23,49b993532b897d4d55cf4e18dad1036c,1,1790122825.0
b2_smoke2sf_base50_s44n,B,B_csv_20260930,bac8fd7e30dd1c4579d51a5d436677c8,50,19083e71a2d69c71987d059231492d17,1,1790117063.0
b2_smoke2sf_base50_s45n,B,B_csv_20260930,3dc10f37b0c38c45997c36a8200c1e59,50,0be27d3da1c9aad09321b47aabc072b1,1,1790118990.0
b2_smoke2sf_base50_s46n,B,B_csv_20260930,a892930f7d6e6ce836f541648cd3e89e,50,fc144fdaabd2b3428b6dff9899ec6db9,1,1790130803.0
b2_smoke2sf_base50_s47n,B,B_csv_20260930,02f797bb84bdb003f7583b0797bede0a,50,b9da26415485ec596e65c5d87ec25a3b,1,1790130835.0
b2_smoke2sf_base50_s48n,B,B_csv_20260930,6cc5e63bfff5e2565f2600cabeaf53e0,50,27e933e8ce561e17d7698371508377c0,1,1790126113.0
b2_smoke2sf_base50_s48n.incomplete_20260923_003114,B,B_csv_20260930,2041e9b2072ff22ab1eef967c15d5159,49,27e933e8ce561e17d7698371508377c0,1,1790122834.0
b2_smoke2sf_base50_s49n,B,B_csv_20260930,220347cc0fc029d3afaf2b56bd88f719,50,7fd65d6e4e84f98084114bf30fc142fc,1,1790125965.0
b2_smoke2sf_base50_s49n.incomplete_20260923_003114,B,B_csv_20260930,82aa2c2027e10636e9102ce340b69ad8,18,7fd65d6e4e84f98084114bf30fc142fc,1,1790122826.0
b2_smoke2sf_base50_s50n,B,B_csv_20260930,425a99d75ff5f6c183047d3abb5a1bf6,50,b9dc6aca052119a55f8308d993cacde6,1,1790135487.0
b2_smoke2sf_base50_s51n,B,B_csv_20260930,2394a81feb2f0ff291ef912137a7e933,50,d273486238588421304b762a2f195c00,1,1790135536.0
b2_smoke2sf_lr002_100ep_s42n,B,B_csv_20260930,b38c5a217c78d33b3c3f8a9baa69f522,100,20176767bca235299f370e2c702402e6,1,1790240809.0
b2_smoke2sf_lr002_100ep_s43n,B,B_csv_20260930,c1fad3937dca87598dd8f8aaaf773660,1,74728adf6176895e48fa3435ae6d12d8,1,1790250208.0
b2_smoke2sf_lr002_100ep_s43n.incomplete_20260924_104028,B,B_csv_20260930,fe01ced050f447f2181db799792eb6e2,86,c4634cbf96345a91a3b0ea65e433b19c,1,1790244858.0
b2_smoke2sf_lr002_100ep_s43n.incomplete_20260924_111455,B,B_csv_20260930,d65295664b309d110badc95e43e6ac77,1,c4634cbf96345a91a3b0ea65e433b19c,1,1790248481.0
b2_smoke2sf_lr002_100ep_s43n.incomplete_20260924_112001,B,B_csv_20260930,5af08f97f2a265335f7bd6ca66890858,1,c4634cbf96345a91a3b0ea65e433b19c,1,1790248573.0
b2_smoke2sf_lr002_100ep_s43n.incomplete_20260924_113530,B,B_csv_20260930,33e1d5af3cdd41e03169a8fffe6bce05,1,c4634cbf96345a91a3b0ea65e433b19c,1,1790249640.0
b2_smoke2sf_lr002_200ep_s42n.incomplete_20260924_104028,B,B_csv_20260930,661c3a7d71148d41afb1ceb804abd5cc,189,16a68159baf490cab8bf7886e580083e,1,1790244340.0
b2_smoke2sf_lr002_200ep_s42n.incomplete_20260924_111455,B,B_csv_20260930,be53b03fe8a005861f37887a1dfb1ec6,1,16a68159baf490cab8bf7886e580083e,1,1790248482.0
b2_smoke2sf_lr002_200ep_s42n.incomplete_20260924_112001,B,B_csv_20260930,5950a268caf7ec96fdc3736adc2057d2,1,16a68159baf490cab8bf7886e580083e,1,1790248578.0
b2_smoke2sf_lr002_200ep_s42n.incomplete_20260924_113530,B,B_csv_20260930,583708a3bd438bd0663c2ed1e55b0c58,1,16a68159baf490cab8bf7886e580083e,1,1790249641.0
b2_smoke2sf_lr002_200ep_s43n.incomplete_20260924_104028,B,B_csv_20260930,3d80469ecedbc4da5ef699357214725c,8,1521116b7d1e0d2d95f8361c30887a28,1,1790244858.0
b2_smoke2sf_lr005_100ep_s42n,B,B_csv_20260930,0f838fb46958bbd6776854ca9620773b,100,5a1c6cb83e1e7bd71c44470d0b08b978,1,1790141415.0
b2_smoke2sf_lr005_100ep_s43n,B,B_csv_20260930,c5a4925c7e7a172fcca34017c55bf50a,100,e8d09b58b4c117ba9afcfeeb66e593a3,1,1790141264.0
b2_smoke2sf_lr005_100ep_s44n,B,B_csv_20260930,9679e7e5a7d98f7a411bbee4215ac5b5,100,519adcc70ff7dc451f0585cc1236caf6,1,1790158070.0
b2_smoke2sf_lr005_100ep_s45n,B,B_csv_20260930,fba8e10168dd5d6f9e301c663c5baba5,100,63e1e0102c1e45f1dae54713958797ca,1,1790157946.0
b2_smoke2sf_lr005_100ep_s46n,B,B_csv_20260930,8d7f2c97544300d8ced698af207545ba,100,b9001e26599e0bffb92b9bab21fb483d,1,1790164240.0
b2_smoke2sf_lr005_100ep_s47n,B,B_csv_20260930,90b32a5f7600e17ee919915d15966c3b,100,6ff7cb593ddb3d861185762c978b8c98,1,1790153034.0
b2_smoke2sf_lr005_100ep_s47n.incomplete_20260923_072315,B,B_csv_20260930,551398f083cbd3b5cc1aeae3c7c2553e,26,6ff7cb593ddb3d861185762c978b8c98,1,1790146790.0
b2_smoke2sf_lr005_100ep_s48n,B,B_csv_20260930,5383e9a7be9079232731827dabd7dfab,100,757adccb59a2a27c5232becf65f63190,1,1790153497.0
b2_smoke2sf_lr005_100ep_s48n.incomplete_20260923_072315,B,B_csv_20260930,b6a5edd3e02d5c888606e6885e0c2dec,18,757adccb59a2a27c5232becf65f63190,1,1790146791.0
b2_smoke2sf_lr005_100ep_s49n,B,B_csv_20260930,9c8ae7d9b1866f32cb9a979c3cb9d16a,100,64a6e7fb21187457fa2121c8861744cd,1,1790162934.0
b2_smoke2sf_lr005_100ep_s50n,B,B_csv_20260930,ff82f417e0e6c89dd09830af83096718,100,08a581e1cbd5ba6879b6783b2d11924f,1,1790162555.0
b2_smoke2sf_lr005_100ep_s51n,B,B_csv_20260930,616b437a0ff3e9150f9225f0b58f1656,100,80e7ff91d333a0ce7ebd329b4fdd320a,1,1790186375.0
b2_smoke2sf_lr005_100ep_s51n.incomplete_20260923_171729,B,B_csv_20260930,114f1f227fbf30db18d3931e1da3c54f,96,80e7ff91d333a0ce7ebd329b4fdd320a,1,1790168476.0
b2_smoke2sf_lr005_200ep_s42n,B,B_csv_20260930,627175486e5853dccc19df5f221fec6f,200,4662d5759962207f47b84f284f1fdb09,1,1790205984.0
b2_smoke2sf_lr005_200ep_s43n,B,B_csv_20260930,a6ddf26c5e36fb8aaa51238924811668,200,519cafd1bdddf643574b80926ca333e4,1,1790205459.0
b2_smoke2sf_lr005_200ep_s44n,B,B_csv_20260930,ceacf7da1ec1f43603385c95bbfb6c3f,200,b2985e0c491a80a65e37fde5168d667f,1,1790223861.0
b2_smoke2sf_lr005_200ep_s45n,B,B_csv_20260930,00c837daced36a5e2262c25e2c812d9e,200,82719a9319484d221c33939bcf804e2c,1,1790223911.0
b2_smoke2sf_lr005_200ep_s46n,B,B_csv_20260930,cfab520496b6a73c7c0aa00e962c10e8,200,b852d3bbf77377d3670fe8c0d838b862,1,1790234584.0
b2_smoke2sf_lr005_200ep_s47n,B,B_csv_20260930,75d92ba4d2dffa2573232dc9a19802a1,200,9bf526adedaf296c1b0c38bda8c17773,1,1790205354.0
b2_smoke2sf_lr005_200ep_s48n,B,B_csv_20260930,8a04c37ca9f371761ba2acce93d0d83a,200,5044ca1099b441519b533673202d9f04,1,1790206075.0
b2_smoke2sf_lr005_200ep_s49n,B,B_csv_20260930,e201a24856ea6ab0ff2fbc890b3b6e48,200,316ee0925992b3e66e22de4522842703,1,1790223593.0
b2_smoke2sf_lr005_200ep_s50n,B,B_csv_20260930,b77d864008e71f9e6006823c4813fa38,200,04d1f626b9d27a583472960b11c8d2e9,1,1790224060.0
b2_smoke2sf_lr005_200ep_s51n,B,B_csv_20260930,f6447ea2e0c6654f038da4f3abf6bd60,200,9f35b994a7ef74fdfd9142f305f28f2e,1,1790234246.0
b2_smoke2sf_lr005_300ep_s42n.incomplete_20260924_104028,B,B_csv_20260930,5b5e97a2c18d5817596979317ea84f3e,209,feaabce420c9e632361626df662777d2,1,1790244870.0
b2_smoke2sf_lr005_300ep_s42n.incomplete_20260924_111455,B,B_csv_20260930,9da5a2a16597f04a989323760f4655e2,1,feaabce420c9e632361626df662777d2,1,1790248482.0
b2_smoke2sf_lr005_300ep_s42n.incomplete_20260924_112001,B,B_csv_20260930,755cc375bc28742021e095f58bb5af53,1,feaabce420c9e632361626df662777d2,1,1790248541.0
b2_smoke2sf_lr005_300ep_s42n.incomplete_20260924_113530,B,B_csv_20260930,8321bac3b8f74ba0a05f14681199dfa9,1,feaabce420c9e632361626df662777d2,1,1790249642.0
b2_smoke2sf_lr005_30ep_s42n,B,B_csv_20260930,a7d5cc4a7aa95bb91473adb8101f6187,30,9cee619f84ae4c064ce350f6e21bb398,1,1790108956.0
b2_smoke2sf_lr005_30ep_s43n,B,B_csv_20260930,b45e223f06159209d9afb897bba4d6e6,30,9983785bc8bc195bab508c8664aed74b,1,1790109868.0
b2_smoke2sf_lr005_30ep_s44n,B,B_csv_20260930,e590a8ee283a671fe8c274ecbbb99640,30,fc48df2f594cdb21addcac2dc52d4d95,1,1790116682.0
b2_smoke2sf_lr005_30ep_s45n,B,B_csv_20260930,21f1a1eaec926fba8534f855a64784f9,30,57bc0c399d302389b2d85741c127cf37,1,1790118162.0
b2_smoke2sf_lr005_30ep_s46n,B,B_csv_20260930,5c86865db58a58e9fae82a6185d7a24c,30,a6a756144726fac19f0b3a6cbe8edf86,1,1790112094.0
b2_smoke2sf_lr005_30ep_s47n,B,B_csv_20260930,476957d11304b5a73d78b481787273a0,30,500980da67095fa7483977e70e1ffef2,1,1790112936.0
b2_smoke2sf_lr005_30ep_s48n,B,B_csv_20260930,e414d5c5b920ab4da483539308773535,30,c9ffeff3d22d87920641b5549d2e0ed0,1,1790119760.0
b2_smoke2sf_lr005_30ep_s49n,B,B_csv_20260930,5dc0da54151d6cdc8d31aaf3f540b5a3,30,23d9baa21e087d7e6f91f7ef1daf704c,1,1790120980.0
b2_smoke2sf_lr005_30ep_s50n.incomplete_20260924_104028,B,B_csv_20260930,3d2febb41e61a90ed1b6a6b7c6d13f7c,30,f8503608e40dcf721276d955b1c58815,1,1790114782.0
b2_smoke2sf_lr005_30ep_s51n,B,B_csv_20260930,64649a0dba5229297a11b2fc41083bc1,30,524527223a48cba6c1717cec8346e7b1,1,1790116351.0
b2_smoke2sf_lr005_50ep_s42n,B,B_csv_20260930,8429768099969d463fd2f9b431818669,50,0d03340e793689cdc7e3f9ce117bf678,1,1790128507.0
b2_smoke2sf_lr005_50ep_s43n,B,B_csv_20260930,46d038ec0bce48c53cecd3c74b309a29,50,fcefbfcb4c0ff1c786631311ff8c21fc,1,1790128507.0
b2_smoke2sf_lr005_50ep_s44n,B,B_csv_20260930,7686b1e199bf8f0584e3a6955088406b,50,a437aa79a42a6f526bfb5d5b912e455c,1,1790119394.0
b2_smoke2sf_lr005_50ep_s45n,B,B_csv_20260930,44818428946dbf68acff65531020275b,50,5234cc63e142b78e4fc23af6d2016136,1,1790121310.0
b2_smoke2sf_lr005_50ep_s46n,B,B_csv_20260930,1d54cf96ac6e95c51ffb3362b38d1a08,50,f4c6f5b066e0f1ec948c47b591beaa36,1,1790133061.0
b2_smoke2sf_lr005_50ep_s47n,B,B_csv_20260930,f790cf99350bceb70b3b6d03c1e229ce,50,5c5e9fcf8baaa0744a3aaaba9a84591f,1,1790133255.0
b2_smoke2sf_lr005_50ep_s48n,B,B_csv_20260930,f644331a7769c8f0d3a8d2e6adf603ff,50,a367264274d6849da5f3461489da711e,1,1790128727.0
b2_smoke2sf_lr005_50ep_s49n,B,B_csv_20260930,7fcb04c888ae601ad0f3aab865d69636,50,6f9cf27112ed0dbf5479eef1f923b311,1,1790128274.0
b2_smoke2sf_lr005_50ep_s50n,B,B_csv_20260930,8a924d5a034cf5a9ab33d7211d1b43f1,50,d99961e75f26979228df7b2cfc5bb7ff,1,1790137824.0
b2_smoke2sf_lr005_50ep_s51n,B,B_csv_20260930,234f4c22c95976f021a66feffa6a427c,50,ae650240816e10194bafc12e6dfc669b,1,1790138029.0
b2_y11_sf_base100_s42n,B,B_csv_20260930,9a11207dbac3c9c1c5b7614505592c0c,100,d00b306fbb4912bd081ffe3922d50cce,1,1790094428.0
b2_y11_sf_base100_s43n,B,B_csv_20260930,a23a7cde5939d038c10e040ee73d281c,100,e8b9baa2b6077c21a808a8aa3d3430d3,1,1790094417.0
b2_y11_sf_base100_s44n,B,B_csv_20260930,3960327aa8cdb8221f5e972197b848fe,100,c99d3a875b4b0299e8984baba9ac1833,1,1790094233.0
b2_y11_sf_base100_s45n,B,B_csv_20260930,98eaef3593dd63d45aedad8c69f21b1b,100,457b1241f62933157adbf5735885f264,1,1790094632.0
b2_y11_sf_base100_s46n,B,B_csv_20260930,431bf35cd00d591188f398c0da9f143d,100,99d9f75da859a7635c6fb950b2275b7e,1,1790102199.0
b2_y11_sf_base100_s47n,B,B_csv_20260930,913651bbf844baf544e092ab5bd5e87e,100,7c20a0ede86dda56209921a5af018e85,1,1790102696.0
b2_y11_sf_base100_s48n,B,B_csv_20260930,aa6e3b8831b34361588ffbf0ac7ed85a,100,b46989a380650062479d3feb456bba81,1,1790102109.0
b2_y11_sf_base100_s49n,B,B_csv_20260930,4f7a15170ad6b4f08aa165f450c7892b,100,4b89f433d90a7aa254f01ae9f4a0316e,1,1790102494.0
b2_y11_sf_base100_s50n,B,B_csv_20260930,74b79551aafd0d9a2b4a531b57889faa,100,a7554a7326143cf51f402522c906060b,1,1790109899.0
b2_y11_sf_base100_s51n,B,B_csv_20260930,ec74edd5ca77e0c48988de3394e7f2af,100,dfa7e6c926b058443239402742fa067c,1,1790111272.0
b2_y11_sf_lr005_100ep_s42n,B,B_csv_20260930,d3c5b0c94cc2a73d30208b2f5ef6118f,100,40f9536bd95e0c890f9f09dbfc901374,1,1790098353.0
b2_y11_sf_lr005_100ep_s43n,B,B_csv_20260930,7f120772fb87dbbad05c657b1b1fffd9,100,1eb3c5b206c0d7a501b360028553f86d,1,1790098435.0
b2_y11_sf_lr005_100ep_s44n,B,B_csv_20260930,49257f83bd12ac97e2a9da3b56b5db6d,100,e3b842665110b9b7aafa0f1b2e685f18,1,1790098101.0
b2_y11_sf_lr005_100ep_s45n,B,B_csv_20260930,f1c22a16b43e52b8a9a7dda7eccbed1d,100,cf7144c135c6045f2ef0d8273e69c111,1,1790098478.0
b2_y11_sf_lr005_100ep_s46n,B,B_csv_20260930,360ac222068cc616afca70e05090b5dc,100,bd9e31d71da8805f01601823b54c832a,1,1790106218.0
b2_y11_sf_lr005_100ep_s47n,B,B_csv_20260930,f90fd1100bb5bac91fd9e5fe6ee18a5b,100,7049a80c58e5272e675a59f590f70892,1,1790106650.0
b2_y11_sf_lr005_100ep_s48n,B,B_csv_20260930,97e45ff7f73681afeb18d66fae58fc83,100,df86eedd61dde5436062f6ea8148865c,1,1790106007.0
b2_y11_sf_lr005_100ep_s49n,B,B_csv_20260930,b7a69a164166cf78c28985ae4da890f4,100,285df173c928a579077e7ff73b74b88b,1,1790106865.0
b2_y11_sf_lr005_100ep_s50n,B,B_csv_20260930,5b063d34ffab64b9a39915e54715a8a4,100,a6713e8a529b3cf4fc5000233b3d02ad,1,1790113824.0
b2_y11_sf_lr005_100ep_s51n,B,B_csv_20260930,92f5c04302adad6dbd1aa2bd31e7af02,100,8dda789c0370098c5aac495ad45ab9ef,1,1790115239.0
b2r_shwd2sf_100_ctl81_s42,B,B_csv_20260930,96d9fc55f44937d34f291608d242b70d,19,e1b5b22115d48986d579aef4d8a73578,1,1790180485.0
b2r_shwd2sf_100_ctl81_s43,B,B_csv_20260930,3b2494e4b1f8d1746aea446c4fc422f3,19,5fa4a418f4683117a2755c189dffdbd5,1,1790180466.0
b2r_shwd2sf_100_ctl81_s44,B,B_csv_20260930,4b3d73d5ad1212a14d3743a03e4dbeea,19,b8148a85aaeffe9985ed7b21a3df391b,1,1790180516.0
b2r_shwd2sf_100_ctl81_s45,B,B_csv_20260930,4ba9d66ce13a40e86f7bdcdd4d5e47fc,19,4554e9511127007c12ab1f9d4ff00ea9,1,1790180495.0
b2r_shwd2sf_100_ctl81_s46,B,B_csv_20260930,aea1eb38a0eebc91d7cf322987e55414,19,287853a4dc869019ef3409844975c641,1,1790181711.0
b2r_shwd2sf_100_ctl81_s47,B,B_csv_20260930,00cacf5cc2f72d209791b54f6a71ab7a,19,ce850c69e3b3e4cbe34da3a9259ad00f,1,1790181693.0
b2r_shwd2sf_100_ctl81_s48,B,B_csv_20260930,b2dd46a6890a9997545699a1377fce7d,19,f295cfcff5e3efb027cfaa83bcbce2ff,1,1790181772.0
b2r_shwd2sf_100_ctl81_s49,B,B_csv_20260930,ad867c4781988361c400618fa65355cc,19,35e4ed92f8296d2175e7429cf49a03d4,1,1790181785.0
b2r_shwd2sf_100_ctl81_s50,B,B_csv_20260930,ae0f4f3b2190fe27a4dc7f15be7b589e,19,fe93904652a666739ad610ecccb93f54,1,1790182890.0
b2r_shwd2sf_100_ctl81_s51,B,B_csv_20260930,61146e139c90f330cc16f580fab115a4,19,4e85fcb569f195760fd3d406d3fce940,1,1790182890.0
b2r_shwd2sf_100_ret81_s42,B,B_csv_20260930,73cd8dacd44a402a4941b18d3fba46c4,19,2e44d9e4df6a491b85f27adc2a5ceef1,1,1790179841.0
b2r_shwd2sf_100_ret81_s43,B,B_csv_20260930,be3c42febe501bb242e3688e3fe3d987,19,59992aa5424967b8dd222635a8f3c8b9,1,1790179831.0
b2r_shwd2sf_100_ret81_s44,B,B_csv_20260930,b901c6c74898e0e00bd6527a17fe782c,19,6fb037e4207c5b1a95716c47d65fc2da,1,1790179851.0
b2r_shwd2sf_100_ret81_s45,B,B_csv_20260930,a07d2273675bc393a7f02bdee8000b8d,19,83a0eb73240d6139d09aaa995c508028,1,1790179835.0
b2r_shwd2sf_100_ret81_s46,B,B_csv_20260930,f2b77735e45038dc58921500c70cb697,19,da6098b2ea2c5becae9354a597011969,1,1790181108.0
b2r_shwd2sf_100_ret81_s47,B,B_csv_20260930,23f01d84830672b8496e1043b69ea79d,19,74da10b9a3aeeac99e9bf9a62e709b54,1,1790181071.0
b2r_shwd2sf_100_ret81_s48,B,B_csv_20260930,136bb3cbe0533a1ff74125e3b3464cc5,19,897b6c51116b46b276f3421ef087b556,1,1790181131.0
b2r_shwd2sf_100_ret81_s49,B,B_csv_20260930,e39d3a212758206aaec8be9a1a884084,19,bd832c2e9052c32270b88ab0f6b9b121,1,1790181132.0
b2r_shwd2sf_100_ret81_s50,B,B_csv_20260930,68a2d71b19163d295834fabf572af171,19,f5def2392196745cd33ffd7f8eb06f77,1,1790182313.0
b2r_shwd2sf_100_ret81_s51,B,B_csv_20260930,e55adacacdf391193ad6a711a609c854,19,31a9e2f394151edcebc0962190aa2023,1,1790182313.0
base100_cds,B,B_csv_20260930,b33ca0a44c8953e39afe79adc7056828,100,6927ee93be087c4afeee57feec1952ed,1,1788357276.0
base30_cds,B,B_csv_20260930,59d3c345fc0bde5c093365161811a65b,30,b334ce5bcec39656e809e4d8b61493c3,1,1788356469.0
calB2_smoke2sf_base30_s42n,B,B_csv_20260930,a3c1c995e719e5e9433e16a7eb8fe311,18,9842a0e9c1836b2ba516ab1bf85e6d8d,1,1790090455.0
calB2_y11_sf_base100_s42n,B,B_csv_20260930,ddc36cae995d5e4ad701c57c2cc7b6a9,21,583adee014bf64f8fcf9460c13435925,1,1790090445.0
calB_bitid_base30_s42n,B,B_csv_20260930,7cb6f039c70333a3d7b60674d8191868,30,d82ff1fbe192755657f285c252a3eb25,1,1790086119.0
calB_bitid_base30_s43n,B,B_csv_20260930,c14bdcfa73dd7a0a1fd3dc290e96b451,30,6cbf7dde384d2d558ce8fe6849da6847,1,1790086080.0
cg_30ep_base_s42n,B,B_csv_20260930,d4f80ff762c5b2ec09b149be97dc3e56,30,2f02b32114442d8576054bc0aed791d5,1,1790497192.0
cg_30ep_base_s43n,B,B_csv_20260930,e518fb0bafab289ec8fae20e0bf01b29,30,798ccfa1ccb9cb3907b0591dba61a3ed,1,1790497801.0
cg_30ep_base_s44n,B,B_csv_20260930,b4e05d26231dd2ff9d632f8e70038728,30,a1a7ec7571cc617a902576aca0662b8a,1,1790498419.0
cg_30ep_lr005_s42n,B,B_csv_20260930,562822370cc3a16acedbbc48db03d980,30,c2ae6dfbe00a9b34b1282a46913f6aac,1,1790497492.0
cg_30ep_lr005_s43n,B,B_csv_20260930,f8d6c50e00fabd3bf0a54bd76ee4d55a,30,74ab312518ec02f9e0304cc20be156f1,1,1790498106.0
cg_30ep_lr005_s44n,B,B_csv_20260930,c0d6b0814a9c97cea166a09b7b8806dc,30,982782fbf63e7e4054cff59789204991,1,1790498839.0
css_100ep_cds,B,B_csv_20260930,57b0e4e083b60d34650cdd6f2da4c750,100,714af64a4a767ac3008c876de195d324,1,1788360153.0
dd15_200ep_base_s42n,B,B_csv_20260930,9c433831349ee72f4a79b34e6e597c1f,200,5919f1f92755de6fe90a5c7b857442a5,1,1790501725.0
dd15_200ep_base_s43n,B,B_csv_20260930,e42418e04a7075418ccd70f556f28393,200,bf16e21f4f5dcdb207ad32fcf4ffd83d,1,1790507335.0
dd15_200ep_base_s44n,B,B_csv_20260930,cc0dd144109ce40941fef1c00403af9b,200,dc16c9236ffd7070a0b9bada3348ea3b,1,1790513245.0
dd15_200ep_lr005_s42n,B,B_csv_20260930,5c5a9b3df2f78823b7784b6c20705fd1,200,12c9d9be379dfc5b39c2ebfbfe081b36,1,1790504449.0
dd15_200ep_lr005_s43n,B,B_csv_20260930,7ccc7e6b8751f3927506899a34dedc03,200,ec9c7afd6414992d32747f65047f0b7c,1,1790510172.0
dd15_200ep_lr005_s44n,B,B_csv_20260930,b8bed2368a283aeaefc245ac86584557,200,cd8c3938da49c10bcebc7ed3fcfa734d,1,1790516349.0
dd15_30ep_base_s42n,B,B_csv_20260930,0b8eaff948d7f75ea112b9a31bf4b148,30,488f5a200ecd329caa10ce885ae4b4fe,1,1790490508.0
dd15_30ep_base_s43n,B,B_csv_20260930,84f5561d9a85e2af851151933fa5d84f,30,a08aaa0821dc69794f0ba6fa40b64640,1,1790492040.0
dd15_30ep_base_s44n,B,B_csv_20260930,9300e50384cb164195df0118b8e4d6f4,30,a25b5f1539fb21073776e96ea8acfeb9,1,1790493331.0
dd15_30ep_lr005_s42n,B,B_csv_20260930,da87f97276a739e412f0a4122dd5a137,30,d9c34f8c535b35ac3ded88b95e15d14c,1,1790491389.0
dd15_30ep_lr005_s43n,B,B_csv_20260930,d34e151321cd326a21768764bc034671,30,f246a7b8c302d73b88e753461602ec43,1,1790492699.0
dd15_30ep_lr005_s44n,B,B_csv_20260930,2dfd181b407ad51f3d99620da0f8127f,30,e23dec8ecce5d0780d3e26e7efcd2e43,1,1790494081.0
dota15_base100,B,B_csv_20260930,7d4b53e5e214c00fb5e31bc0f58a2960,100,5d9b513afc270e717a1a4627af5dd354,1,1788350745.0
dota15_base100_s42n,B,B_csv_20260930,c29f56677c381dc8abe9c064a1093d52,100,5ac612877b3635dd74119583272d95e5,1,1789729516.0
dota15_base100_s43n,B,B_csv_20260930,05139b49a444f0c6c6595e6d89665f95,100,b01ccb5a94d7202a18186ce3cc063c34,1,1789150598.0
dota15_base100_s44n,B,B_csv_20260930,f86e0469bd11cf418fcf96f74f06464b,100,da072ef96cc5606d58a24bf60874dc21,1,1789151374.0
dota15_base100_s45n,B,B_csv_20260930,03a65140ab1bcde067871dfad4f48886,100,14e90d408709fc100a3e7783d2cd0258,1,1789732388.0
dota15_base100_s46n,B,B_csv_20260930,36ef224e1b3a63010d62ed5e545a3d2e,100,660c133a7442c8fe6d53ef8b3b794735,1,1789734770.0
dota15_base100_s47n,B,B_csv_20260930,f4d6164c9ed8cf7f1afbe32fef4f22c9,100,020ec09d7f860e7577bbd5c89c538d63,1,1789736566.0
dota15_base100_s48n,B,B_csv_20260930,66514f98efe713a8819b5ba5ad90d932,100,e99645b3f55ffc253919c30e6691e4ae,1,1789738359.0
dota15_base100_s49n,B,B_csv_20260930,4157ef6b3f59bbd0bfcdb24bd8abd9c6,100,12ef1466f34c3a88d7c63c2f44c6bcf3,1,1789740293.0
dota15_base100_s50n,B,B_csv_20260930,85733df6f628ddde52ccf6081031b180,100,34cb269837e5d95a70999e33b989665a,1,1789742256.0
dota15_base100_s51n,B,B_csv_20260930,51ac9bf8d7915b61083d80c837e24712,100,e8d199683577bfd2ca10feacbbe23f70,1,1789744312.0
dota15_base30,B,B_csv_20260930,5498cb0c254d1e86fa3b93395d1d45f2,30,774544c730a7b4ff440db9bf06278700,1,1788349986.0
dota15_css_100ep,B,B_csv_20260930,5f03f8e327232c4e9415a059a0cea202,100,735913821d2dc21fd8ace1b3f53ac7a8,1,1788470409.0
dota15_lr005_100ep,B,B_csv_20260930,caa5ce814a5107ca3694280b95f86b31,100,c52357fa87f4fadda6e0c1008fcf34bf,1,1788540842.0
dota15_lr005_100ep_s42n,B,B_csv_20260930,91a2956727be0a1db8dbb216736a47ba,100,4927f24aa664877dd38d91f70972312c,1,1789731401.0
dota15_lr005_100ep_s43n,B,B_csv_20260930,b5d6f1c0ec3225b52082fc2fe1480acb,100,955ac4dc020545714479d182df146455,1,1789152209.0
dota15_lr005_100ep_s44n,B,B_csv_20260930,b2d5d6dc706aa1b0db6ffbd9d86be8ab,100,3b825e1789a979ba72c7c65218fadd9d,1,1789153019.0
dota15_lr005_100ep_s45n,B,B_csv_20260930,f96731e1a0bbf05e2565bc2d0a91f245,100,ced58212b76131fe93c9901fbe84a2e6,1,1789733733.0
dota15_lr005_100ep_s46n,B,B_csv_20260930,25326821772cec8f016e8d064a6541f4,100,66092eb63b7767cabea520111941e4f4,1,1789735649.0
dota15_lr005_100ep_s47n,B,B_csv_20260930,f34b3a80697bce566922538cfcf08264,100,d01e2ebbc1d0e72daaf13d08a5462a96,1,1789737459.0
dota15_lr005_100ep_s48n,B,B_csv_20260930,00fdcff35ea9e289a721c72567d749ae,100,10eb85bae828b8a9384288cf1c9ea030,1,1789739284.0
dota15_lr005_100ep_s49n,B,B_csv_20260930,302d5712d41e345740518ae30655d4b0,100,693ea4b222e920d0bf41c29c40cc3c34,1,1789741306.0
dota15_lr005_100ep_s50n,B,B_csv_20260930,73f3583736611ac6c253e7044249964c,100,dfb92f501a0d451504c432dd4429513c,1,1789743351.0
dota15_lr005_100ep_s51n,B,B_csv_20260930,2bca87c66401291ba62ee6c9a4eb77ca,100,d39c0caa4cd1de392d3073cf7f112131,1,1789748369.0
dota15_lr005_30ep,B,B_csv_20260930,1425b85984800489f140a551e493d532,30,27679b076670572d4614f1998ea5d425,1,1788351010.0
dota15_pretrain,B,B_csv_20260930,7417e07f2e00de726795922a3d1b19dd,30,4c958f0692e93693f0d4e4d25ec9c9b0,1,1788349722.0
dota15_pws_100ep,B,B_csv_20260930,8aa89913b596a12ee3829f3339cbe62e,100,eac35d5b133613a5a04646d2241a842b,1,1788471177.0
dota15_pws_30ep,B,B_csv_20260930,11ac43b6618a073736fd81a31bc7a628,30,5c582eab4e72564363a684d3eb81edda,1,1788447198.0
dota15_sns_100ep,B,B_csv_20260930,5168f92df4ab74b9bc8a5e6c27b6ccfb,100,54702243c111c7de778c9ce6515229da,1,1788469639.0
dota15_sns_30ep,B,B_csv_20260930,0e61c212fb021a1d02430e1a47f11a4f,30,2063d653091c570d539c3c621659134d,1,1788351277.0
dota_base100,B,B_csv_20260930,b11a76f04ce72e0b7fa64a96af15afcb,100,2e5da4c837b45a3de067ed507d122bcd,1,1788329237.0
dota_base30,B,B_csv_20260930,12ee6cc987cd51a04d4f8ab05642d819,30,e328e342967796a9fad2b2627998550e,1,1788328399.0
dota_lr005_30ep,B,B_csv_20260930,09913f409a7a402c77b598089193c0d9,30,29018010d5ae986729567228f0de2445,1,1788329543.0
dota_pretrain,B,B_csv_20260930,cda17294ac0558f810a116add5f05872,30,dd032a854c4c53d6f6565aebdcb89e0a,1,1788328105.0
dota_sns_30ep,B,B_csv_20260930,41f891514f9114146408017fb6624476,30,42d371f58c48b9483b8da0bb6e7166ff,1,1788329838.0
fsin_base100,B,B_csv_20260930,4508826b1a465228b42b92983d663c51,100,14156c122958674ecb9a19d5e5be2a1d,1,1788421880.0
fsin_base30,B,B_csv_20260930,ddfa05faede1a55ff6df22f899ededae,30,b9803248ab92bcf6932c9884c514596b,1,1788415393.0
fsin_base50,B,B_csv_20260930,e371010c3beaa1bc33f3560667f1fee3,50,20a72026b6cdfa966b6b69d231816730,1,1788464354.0
fsin_css_100ep,B,B_csv_20260930,ffc423c086c25a45d5e8e638e7023efe,100,5f38f3970cb578ea50450261380a5ab0,1,1788438544.0
fsin_css_30ep,B,B_csv_20260930,f1486cf3465a0da97414c1ee36bb9858,30,7092ff7b53d04e1bced9cf00723ca6fc,1,1788493771.0
fsin_lr005_30ep,B,B_csv_20260930,eab75d0d4f5bf36e45a28c518e47934b,30,015d2f545147749820a517864b4a6b68,1,1788423908.0
fsin_lr005_50ep,B,B_csv_20260930,7147d5f36e85370219d50f237fad770b,50,9937791e701f58c2cdfc11fdced284ab,1,1788467624.0
fsin_pretrain,B,B_csv_20260930,5f60717a418c0c65e6e6d4e7c5ec80b7,30,2b90dabc046c51d81a26f84485469f2c,1,1788413410.0
fsin_pws_100ep,B,B_csv_20260930,5cb5361d3ed50e252ab21ed11c242eb9,100,933013943d719d29e6551bdcb0c881a6,1,1788446860.0
fsin_pws_30ep,B,B_csv_20260930,15d2d972afcb220d39024a4b67e4d4cb,30,789057a36c08dfb38a8438b97c7d1ff7,1,1788440489.0
fsin_sns_100ep,B,B_csv_20260930,de7b7a88246e553c5ef588a2b81d7fd3,100,18a228bf52401a89501e51844799d57a,1,1788432155.0
fsin_sns_30ep,B,B_csv_20260930,5ec9eca2550a1f51e969483847e2ee63,30,071a2b60491908bf8911ccd24548f0ff,1,1788425866.0
g2_vlarge_base100_s42n,B,B_csv_20260930,8096f7d7182158744481e0db2022a22f,100,c745627d982c3d2624a2153ebc4015bb,1,1789796949.0
g2_vlarge_base100_s43n,B,B_csv_20260930,1eff44631bf1e528bdef2644e18fc6cf,100,b761473b9758c55be0f96519a853ba67,1,1789798793.0
g2_vlarge_base100_s44n,B,B_csv_20260930,ef84b704287d1dd8b06fc70f4217a870,100,f2a81fd8ef507aa08926f87cc01432d1,1,1789800369.0
g2_vlarge_base100_s45n,B,B_csv_20260930,d9d963f675d29106f4d1508f3c29b933,100,2dcb627dcde368bd1883b7bbfac0bf2b,1,1789801963.0
g2_vlarge_base100_s46n,B,B_csv_20260930,e6aa442bff65b3a4f2518069a80d78d7,100,ec8c3cc881b0ff889bd6cc485f7b2ed6,1,1789803546.0
g2_vlarge_lr005_100ep_s42n,B,B_csv_20260930,9d60cccabd14f1381b0e4d92e4382bd3,100,22dc5a33b935c64753346af2143969e6,1,1789797360.0
g2_vlarge_lr005_100ep_s43n,B,B_csv_20260930,444f5b849c607516cabcab57798a7b0b,100,1bad0211c43536c90bc8bf1d2c466096,1,1789799169.0
g2_vlarge_lr005_100ep_s44n,B,B_csv_20260930,abd640eef0b8337b01ee9483e48c37dd,100,7a78bbf996996c181a1d3f419f7ed46c,1,1789800725.0
g2_vlarge_lr005_100ep_s45n,B,B_csv_20260930,9ab55e76d60155ccd691805ad223c88a,100,e457c6588e2ec21ad6ccc634654780fd,1,1789802321.0
g2_vlarge_lr005_100ep_s46n,B,B_csv_20260930,170b990b80c31b9563ce07396967df5f,100,2463505272990d09177287fcce625ad9,1,1789803902.0
g2_vsmall_base100_s42n,B,B_csv_20260930,508328b4c2b80101c893c88857df4eae,100,25e2b6241eb6bb10353d9bc4ec39ef3c,1,1789796118.0
g2_vsmall_base100_s43n,B,B_csv_20260930,6fb3dad9c3db712030e920c3c52a4fc4,100,10aeff63c3bab4c03e5bfdd8f8b1c924,1,1789797824.0
g2_vsmall_base100_s44n,B,B_csv_20260930,c388d686a9d3d1310740fd556bb11993,100,640992f526b5cfcc1f2d39b2675763e6,1,1789799598.0
g2_vsmall_base100_s45n,B,B_csv_20260930,4a879c95d7ecf23dca4c84a510a7844a,100,28000264960d6bd288cec6e6b331e060,1,1789801148.0
g2_vsmall_base100_s46n,B,B_csv_20260930,c052934dc6b2d758c1fbac94f2f34a5b,100,0c6bb58a23a89991807b66584af0c0cc,1,1789802754.0
g2_vsmall_lr005_100ep_s42n,B,B_csv_20260930,83789f8571a4b77c6c921885f50295f3,100,c50464721dd8ff0d710d000d464efbe0,1,1789796553.0
g2_vsmall_lr005_100ep_s43n,B,B_csv_20260930,b23cf9a53ad02adb11d4a256d623a1ca,100,e4acb3917f602dbf6336b7e3665daff9,1,1789798403.0
g2_vsmall_lr005_100ep_s44n,B,B_csv_20260930,37dcfd7ab1f8f4a47b705a6d41441282,100,8518ae6d07cd9e62c5f5a0156da42c04,1,1789800013.0
g2_vsmall_lr005_100ep_s45n,B,B_csv_20260930,3425ef7a4867244bd275b71f55e28f46,100,01a74b7f293a8a05b0603e8f2740fc14,1,1789801602.0
g2_vsmall_lr005_100ep_s46n,B,B_csv_20260930,0dea9eb848ca552e662abba61b43e809,100,bbe42f726f148065df6e864ab37fc93a,1,1789803190.0
g3_e100_base_s42n,B,B_csv_20260930,c5d75b6ece90a468293ae9966e0b73f1,100,9c69e72d78c502d5a0bdb6dc848dac6c,1,1789806182.0
g3_e100_base_s43n,B,B_csv_20260930,ffc0ec2aefeda99030ede0a9d048be9a,100,972346f6ba2a472241a862a91cf04642,1,1789809949.0
g3_e100_base_s44n,B,B_csv_20260930,117db2d2f9d8ac6666b004a5c68a6fca,100,6f614c273130735aa6af4f7f945ca596,1,1789813628.0
g3_e100_base_s45n,B,B_csv_20260930,3476d843a0877976df629137ec974ba4,100,140e55b2242a64da70c326033fc2c69a,1,1789817296.0
g3_e100_base_s46n,B,B_csv_20260930,48cfa2bd20de5221b24df45f5b9349d8,100,3e713b00bb355d739339dc2687226188,1,1789820889.0
g3_e100_lr005_s42n,B,B_csv_20260930,1d11b6091467dcb4bc4c804562dc7352,100,c4bfd513051cc282642c03e3d9a33ebb,1,1789806928.0
g3_e100_lr005_s43n,B,B_csv_20260930,751a084969e42df1cb1438427077ac8d,100,6023b202cb25915e69e45b4ab8e0f579,1,1789810583.0
g3_e100_lr005_s44n,B,B_csv_20260930,abd3ab52c9b569600b6d2f61576f3e62,100,2137ad21b1f4ae15454a916e4151a4aa,1,1789814215.0
g3_e100_lr005_s45n,B,B_csv_20260930,cadb7adcafe5b1f45116105792cdbee4,100,3d07352b1db1875ad4d6c598ef9219e5,1,1789817892.0
g3_e100_lr005_s46n,B,B_csv_20260930,bb0aeb61d8d3606ec5c24c758dd11761,100,d20ae66dc85e87f1c2de45ad6ebf077d,1,1789821468.0
g3_e200_base_s42n,B,B_csv_20260930,1e1c75e28d6385f734582a83c38fe7d6,200,bfd49ebf2245d8d13e155fe47e37393e,1,1789808115.0
g3_e200_base_s43n,B,B_csv_20260930,bd52d7c8eaf976a453885fb8015778fc,200,6361ecc98ec0e0dc024d83cb863dc894,1,1789811778.0
g3_e200_base_s44n,B,B_csv_20260930,1d467fc288884651fafeb4a7103474d8,200,568e26af9ecac03391fc3ae507b281e3,1,1789815470.0
g3_e200_base_s45n,B,B_csv_20260930,f905dbb7f0a65d2c501fa976bc2e4798,200,6660ebb84866460518be4ad00285b4aa,1,1789819082.0
g3_e200_base_s46n,B,B_csv_20260930,55adc27fa6bec96c8f667fbafd5f2b3d,200,44f55a59cc22024939a704f15e64c9e5,1,1789822668.0
g3_e200_lr005_s42n,B,B_csv_20260930,fcc52173aa23b0ca4ea9270c14a72e28,200,8379131194a72a5360426b49e26e03b0,1,1789809288.0
g3_e200_lr005_s43n,B,B_csv_20260930,b2e8596dacc6675d5569449049d7e8a6,200,c9dc1dd4cfafaf0ba9a7a695fb48102d,1,1789813004.0
g3_e200_lr005_s44n,B,B_csv_20260930,e91c16a762fec7f3acaa2d4171110393,200,446033fd86d910ae753cd81f394e6924,1,1789816706.0
g3_e200_lr005_s45n,B,B_csv_20260930,74a139a394ac5a1667da2cd2d6c51ffa,200,f37203f24c01023bb051f0fa876327b8,1,1789820277.0
g3_e200_lr005_s46n,B,B_csv_20260930,f7bc5bb509c28422fc194e73d6f817af,200,f56d7b41fbd22ca9d09152192e3cb2e0,1,1789823895.0
g3clean_e100_base_s42n,B,B_csv_20260930,fc3dcceb7df076513d3d3b35169939ea,100,720e8119e82c8d9496737200224ff402,1,1790263832.0
g3clean_e100_base_s43n,B,B_csv_20260930,6f795a2848b75628b6299aa7fafe5881,100,bdb6004d52420918c2bb3b3301e6af35,1,1790264596.0
g3clean_e100_base_s44n,B,B_csv_20260930,59b93e895ddc2f49a13738905d45fd13,100,e5ec6cbcb6e54150e9f616acad200a6c,1,1790265298.0
g3clean_e100_base_s45n,B,B_csv_20260930,a4787f7f5e250cafec5ea115399194c9,100,c93441abf5770c62bcb04fe3f395f7e1,1,1790266320.0
g3clean_e100_base_s46n,B,B_csv_20260930,706e282e4c4bda29fb872e99f8629a7d,100,69ee74160f4a0d639a90b813822fcb9b,1,1790267072.0
g3clean_e100_lr005_s42n,B,B_csv_20260930,5e8c3b67c289f0ed25f5670791b4fc75,100,ea13de5e77b452ae479f2ba95bfe3876,1,1790263851.0
g3clean_e100_lr005_s43n,B,B_csv_20260930,5f57b84a2e6b21ff4a74739192254445,100,48307054396f28eb77af17fa2900b811,1,1790264660.0
g3clean_e100_lr005_s44n,B,B_csv_20260930,6806470f7828eaeaa628d55ce694d693,100,742d34b39abc6c3f4f6789e5b29d1310,1,1790265356.0
g3clean_e100_lr005_s45n,B,B_csv_20260930,b256d605951badfb9b859fd1b48f43c4,100,ab3b1b9a11deec56f973bff62c3a04c5,1,1790266391.0
g3clean_e100_lr005_s46n,B,B_csv_20260930,3faf5678c8b3233e567b852c28a22e1d,100,41d96e51084cb8f921fff66dc7fae8e2,1,1790267142.0
g3clean_e200_base_s42n,B,B_csv_20260930,40aaecf8f186e28616c8e3c2fb501c30,200,6a094c510fbdf78126a9400ea2d1a13f,1,1790320051.0
g3clean_e200_base_s43n,B,B_csv_20260930,a4c58a97be2aad2e69b9f8655338b050,200,4f6d89acccc32e7e093275af3536748c,1,1790321551.0
g3clean_e200_base_s44n,B,B_csv_20260930,b534fcbf02ffa289a8c7e1a2c50c0d61,200,04b585883f7f3bb6b84de5613a14bab4,1,1790323228.0
g3clean_e200_base_s45n,B,B_csv_20260930,f174bbd1327f9e87ed4baf62edff87cc,200,e8c0244d4f0f1d8d5ca14665e7d9994c,1,1790324616.0
g3clean_e200_base_s46n,B,B_csv_20260930,4d22439b03d34cd9a718d72851fa4281,200,234cf67a9c75e8d17a4c36ec2adf9281,1,1790326140.0
g3clean_e200_lr005_s42n,B,B_csv_20260930,ea981292bb185556f4f1e4e3638bd4a7,200,9b6a1f773f1e490ea891967f9333ca4b,1,1790320067.0
g3clean_e200_lr005_s43n,B,B_csv_20260930,40f1c7775df3680eb01d5d109fd1eee1,200,d30edd88083d269cca69ebb874109c3c,1,1790321354.0
g3clean_e200_lr005_s44n,B,B_csv_20260930,fd25cdaa7edc2afafb3b547b6cb30204,200,0c2bae6affab2445ae2021e133d63471,1,1790322949.0
g3clean_e200_lr005_s45n,B,B_csv_20260930,3f0b2c08db865ea307fa8a42bc395024,200,1f141ab152dbb8c1099d75e156ae3ed2,1,1790324400.0
g3clean_e200_lr005_s46n,B,B_csv_20260930,90ca05607326ecbe69c7ae9613ac27f6,200,e78e85c59abd9097fe244c2f41e76ff8,1,1790325717.0
g3clean_e50_base_s42n_REP,B,B_csv_20260930,e98e1e6061202e83126fc494e70141a9,50,90a56730c1e5452f645639d395f42d8b,1,1790326810.0
g3clean_e50_base_s43n_REP,B,B_csv_20260930,e2ccafc150213ab0478a8190401ecf15,50,217cf074587e3118581b8d40be8edf57,1,1790327279.0
g3clean_e50_base_s43n_REP2,B,B_csv_20260930,8b4c7ce356987dbd193f1104fd4f60e9,50,fa29bba9433226d41b6f1e69e11c0ce9,1,1790328098.0
g3clean_e50_base_s43n_REP3,B,B_csv_20260930,891757035b47672380f50298f26c7324,50,d30f8cd050ea0c1adaa37d1e2648f989,1,1790328161.0
g3clean_e50_base_s45n_REP,B,B_csv_20260930,a43534d8df57001f29e5f20f6c407ae2,50,40ad65a2e4220ce3d245dc882ef3aed5,1,1790326871.0
g3clean_e50_base_s45n_REP2,B,B_csv_20260930,ceee4439ba66a2de241b5fc7a9ccdda1,50,919d8331031ed29f793f1f458b858a5d,1,1790328464.0
g3clean_e50_base_s45n_REP3,B,B_csv_20260930,57d72b33f39f58b714d4fe5ddfc5eb70,50,390e19f34bfffc3703e62fbffbb8e2bd,1,1790328549.0
g3clean_e50_lr005_s43n_REP,B,B_csv_20260930,01b279911456c20f91e5e491b6d28add,50,96c841ea7cbde756e1d64b31253edda0,1,1790327283.0
g3clean_e50_lr005_s43n_REP2,B,B_csv_20260930,424c6356dba38481e222f202947d69bc,50,594162c64aa6febce98abb86fa9fb642,1,1790328919.0
g3clean_e50_lr005_s43n_REP3,B,B_csv_20260930,94193aa912218f98fcb60f641af64633,50,224cc6c957873b88c34a76edc039efab,1,1790328997.0
g3cleanb_e400_base_s42n,B,B_csv_20260930,ed4eb122790c9564bcb7f79cabd2ebda,400,909efe56db1fd9a15a0c2ca7c83803d3,1,1790333872.0
g3cleanb_e400_base_s43n,B,B_csv_20260930,58edacbc0a2432651ff19e1a6bb9fb6e,400,b0ccd81fbc00a68cb422010f4b5f5aff,1,1790337027.0
g3cleanb_e400_base_s44n,B,B_csv_20260930,2daf0e34b1a4dc69d6f7af05ca685d52,400,bc43a6a1d9ad17502434b57ee6305b10,1,1790340022.0
g3cleanb_e400_base_s45n,B,B_csv_20260930,2f97ae313981dc4a3d4f8816b3ed1098,400,e63fabb30b84e8ca40025db3b7a7a783,1,1790342880.0
g3cleanb_e400_base_s46n,B,B_csv_20260930,7f817e6cb9ad2815452e32539c66286c,400,01a7b8b82fcae00a69e70b4628548b27,1,1790346151.0
g3cleanb_e400_lr005_s42n,B,B_csv_20260930,02e326e269569c4065a85ef49d029a64,400,e52db92286b5812108b9f474053377d4,1,1790334168.0
g3cleanb_e400_lr005_s43n,B,B_csv_20260930,fc0c4b1f60c31b7d3903d8ebd284df4a,400,54bc45cf7b60c4e7ab0f79115c8d34a3,1,1790337354.0
g3cleanb_e400_lr005_s44n,B,B_csv_20260930,c1fdbc6236840419ca93c7d6525f87a8,400,fc1131d4fc1b22e824bff38a98e5b133,1,1790340275.0
g3cleanb_e400_lr005_s45n,B,B_csv_20260930,7a7219582c6298a6935e61cc5563cea7,400,2d6c85222f3b8bda63601b78e542e393,1,1790343310.0
g3cleanb_e400_lr005_s46n,B,B_csv_20260930,df5860c07c9e625a6071be289b2111ef,400,23e98720578d2743b7ac9360be1b9d07,1,1790346355.0
g3cleanb_e50_base_s42n,B,B_csv_20260930,f15f94bcf0e40d96e6739521a83567f5,50,b490a068154c49761d071e1dff8ad38c,1,1790329524.0
g3cleanb_e50_base_s43n,B,B_csv_20260930,2907778c787646f09382dc206471bbc7,50,0237414931022f453dbc37cd1a397ba9,1,1790329971.0
g3cleanb_e50_base_s44n,B,B_csv_20260930,749d437d1897ed3c61885dfbfab3584c,50,282d163b0d1bf26d1d2aec63a8b1e75b,1,1790330375.0
g3cleanb_e50_base_s45n,B,B_csv_20260930,d8040043b8a7872e0bfb629597ee94b0,50,c67195645dfaed1be4a4dbf3a8505c14,1,1790330748.0
g3cleanb_e50_base_s46n,B,B_csv_20260930,4e0c895520885ce44b5430aa0025e709,50,71b7b9f4caed4ef51bf7ac39b9e1f53a,1,1790331107.0
g3cleanb_e50_lr005_s42n,B,B_csv_20260930,09d623db7ded7051f2920e3d2e47921a,50,b8193b5bd755de119818b1a47227c195,1,1790329567.0
g3cleanb_e50_lr005_s43n,B,B_csv_20260930,fe8b6d64dff2352e827e34992b5d7aa6,50,1e41234d6404ff41458e942637016ea6,1,1790330002.0
g3cleanb_e50_lr005_s44n,B,B_csv_20260930,923fbc93c00984c93eaa6207520760a1,50,3702e9fce24705d9b3742869f3d8eff5,1,1790330379.0
g3cleanb_e50_lr005_s45n,B,B_csv_20260930,ac0d2d1b7a373843eb03ee4acfdca952,50,235f3326abd65be5ed3f813b1c9a9c8b,1,1790330740.0
g3cleanb_e50_lr005_s46n,B,B_csv_20260930,3cd97ccc76e1eb8f46a303c662299107,50,4a50c819d9c1b95c9a537619f35d4bbe,1,1790331149.0
g3ext_e400_base_s42n,B,B_csv_20260930,178f439f05f5a479e042309247167bb7,400,31a54de522313077cfc41806dc9f3f5d,1,1789872350.0
g3ext_e400_base_s43n,B,B_csv_20260930,aa9375029204ed61a4c86a580eee2b1e,400,a960b2db3cadac4509a49c79a1fc331c,1,1789878321.0
g3ext_e400_base_s44n,B,B_csv_20260930,cdf17a404f6e88cce536a1eb23cfee86,388,aa38cba91696fc58bfbef53e4e583025,1,1789885794.0
g3ext_e400_base_s45n,B,B_csv_20260930,32d4a39fac26772d1e7fc84049b33821,400,fc91c3a55f5fbf7976be7d2209382558,1,1789892463.0
g3ext_e400_base_s46n,B,B_csv_20260930,a66720edf6b717b6dd99b4df5f88d976,318,1c114c0f74da4e5ea1f2b8f556a04568,1,1789897769.0
g3ext_e400_lr005_s42n,B,B_csv_20260930,3a13d61ad0d5ffbd6e71dfe949f20405,400,e9632dd14187ce58e52795c19ffbe251,1,1789875300.0
g3ext_e400_lr005_s43n,B,B_csv_20260930,934b71681efc497808da381487b411d6,400,0356fefb09d9fa7e9b200078b7f6b498,1,1789881204.0
g3ext_e400_lr005_s44n,B,B_csv_20260930,39231a47ad18525f968d26c21c723756,362,e4341d88fded076e04640eaa88668c3a,1,1789889414.0
g3ext_e400_lr005_s45n,B,B_csv_20260930,fcffede94110b8e33e0263acf76e3ce1,375,368068416838cc31ebada3c0c723d7b9,1,1789895266.0
g3ext_e400_lr005_s46n,B,B_csv_20260930,e09130a05416ab9b7ed403544b724f8c,400,217a65b7eeb29136833f2e1d9c04a40d,1,1789900747.0
g3ext_e50_base_s42n,B,B_csv_20260930,328f9fb50ea249e6e8835792c73b4a0c,50,97750b03384bd6764c0a1ccedca05305,1,1789865323.0
g3ext_e50_base_s43n,B,B_csv_20260930,e135a5e2267ff596dd484de8c1e38e0e,50,0e2256fac49d4bf6d445782224eca275,1,1789866228.0
g3ext_e50_base_s44n,B,B_csv_20260930,2c8a8107d1b5ae4150882ce449b4216f,50,941892f27a6cbf3eef23dd746d4d2646,1,1789867120.0
g3ext_e50_base_s45n,B,B_csv_20260930,47a6b3f29159de0c5d0e41d84c94d1ab,50,9dac5d7a43206e5001dd1a3f93cee381,1,1789867978.0
g3ext_e50_base_s46n,B,B_csv_20260930,47b0b6fbd0a4e99ef7b1c38a77746bc3,50,1f772d0dd1bad5215acd08bd8b19ffde,1,1789868829.0
g3ext_e50_lr005_s42n,B,B_csv_20260930,9ba258761939fdecef2d53237bc86582,50,594b7521d6cc413a9afb4bb916e914ce,1,1789865760.0
g3ext_e50_lr005_s43n,B,B_csv_20260930,f807853a82cf6ccd425800a9720221b3,50,481f012ed3f5d786f0af0ee382d06f30,1,1789866694.0
g3ext_e50_lr005_s44n,B,B_csv_20260930,9306a232bd110c42bba368223d365812,50,69fa5586e7300c153df3dcb5699cb853,1,1789867549.0
g3ext_e50_lr005_s45n,B,B_csv_20260930,7bc55880efe8f0203a5f808c6cf307ce,50,685c2eb0980c5a8aeeaa65ddece26c78,1,1789868407.0
g3ext_e50_lr005_s46n,B,B_csv_20260930,66ccbcbb850ff065c39cfbe1e7df5ce4,50,486174ff8d217cf144dc9ea3922765e1,1,1789869258.0
lr005_30ep_cds,B,B_csv_20260930,58348c15394acc6e82b44506f869d8b9,30,0da5bf2427e03c52680afcf385d26ff2,1,1788357582.0
mafa_pretrain,B,B_csv_20260930,c1fe043936d547a9bb50a706e91436d9,30,33880987304650e58104b59af8d43dc7,1,1788356151.0
mask_base100,B,B_csv_20260930,7622c0e6aff9a45f9254a345d6612f81,100,c9f5bc80475bbcb48a434776665edc6e,1,1788315893.0
mask_base100_s42n,B,B_csv_20260930,b75fde84b51a0b7094aaf8e12cf30d15,100,cf3016b6d300e0883ad3b9546dc5cf9a,1,1789153952.0
mask_base30,B,B_csv_20260930,756d55570bf9535a09e3a1c0518ff283,30,9677cde55644890877c8b7e6aa229351,1,1788315088.0
mask_base30_s43,B,B_csv_20260930,0cefb026994d5f4f7b84e94a0131bc91,30,3f3bd204aaab48fa4c621b7a4c4bef5c,1,1788473878.0
mask_base30_s44,B,B_csv_20260930,5dfc5c101d2b2f91637718920e7e9e5f,30,da3ddb0c58beb20d923c1790ed864405,1,1788474152.0
mask_base50,B,B_csv_20260930,c400f4f34e7bdccbb51c0f6c43156193,50,b4a41b151f7f03b9a754aa64c98c0f08,1,1788468081.0
mask_css_100ep,B,B_csv_20260930,bc0bf519708943b4eb6963783ab1f41f,100,53d1b4a4cbf807b29b4609a51ff6f154,1,1788321087.0
mask_css_30ep,B,B_csv_20260930,2cb45c370522176aba2ccab5168e9537,30,a3bbfc37194c7420ab0134f6266e5d25,1,1788494308.0
mask_lr005_100ep_s42n,B,B_csv_20260930,0e8abf3d5ec554cda6d2d96bc52f2241,100,e4927717b287c259e4afbefa2937f132,1,1789154783.0
mask_lr005_30ep,B,B_csv_20260930,b21e32b1f7864d617341545d81273393,30,880027dd94df0fdbcf88af596cae9f20,1,1788316161.0
mask_lr005_50ep,B,B_csv_20260930,6662e92f7070358306ffe8ffa8238112,50,3e0725eb3fa03aff968be41ca1a8f056,1,1788468503.0
mask_pretrain,B,B_csv_20260930,95efd94df0a43c84af6c9e1b67de0a61,30,20ccd0a46d0f9aa0440262db74c55d28,1,1788314817.0
mask_pws_100ep,B,B_csv_20260930,643233609f4b137583ce4705270c9c6b,100,fdabc1d552348b8953af9e0427347cab,1,1788322189.0
mask_pws_30ep,B,B_csv_20260930,0876e0f8591a4fc4783703a57298dbb5,30,fb5e01724d02f136791bbe1eacd6d977,1,1788321359.0
mask_sns_100ep,B,B_csv_20260930,0be79b5cdead06d304e3f3a8de074497,100,a83f883db586097cbf3fe8b324b3a655,1,1788320276.0
mask_sns_30ep,B,B_csv_20260930,2a39d757c1c8d54b7004dfe834c93642,30,f17f942d9e05f72935a14fdee949c7a0,1,1788316428.0
mask_sns_30ep_s43,B,B_csv_20260930,124612fa21423fef85353bd93746e617,30,bed399d00cbb36a22090105aa5a02830,1,1788473306.0
mask_sns_30ep_s44,B,B_csv_20260930,6de998e4e263cc7418d26213e5f19a63,30,37b209d553a2bbfadd4e16612136c4e9,1,1788473588.0
mech_b_vistod15_base200_s42n,B,B_csv_20260930,d7032fd7560b5c620be359ef50fb9d8f,200,fe516a8be0b364ef088ca0e09574c698,1,1790007103.0
mech_b_vistod15_base200_s43n,B,B_csv_20260930,ac3e98913cbb5a858c3e369c634b616a,200,2eb9121e886f435a243583c86d272f14,1,1790010699.0
mech_b_vistod15_base200_s44n,B,B_csv_20260930,24e8f63d7aeca116767b9b996c735ca6,200,6483e3654c7c921d9448184886fb1c51,1,1790014293.0
mech_b_vistod15_base200_s45n,B,B_csv_20260930,e359c2ae0720000485a4c04ad237d2cf,200,cd07c2df47a1267b332176328d5c40bb,1,1790017805.0
mech_b_vistod15_base200_s46n,B,B_csv_20260930,d48144adfa5a28f98a3b6693f5cd5dae,200,382a1afd2c0554fd1291041ee98d0379,1,1790021348.0
mech_b_vistod15_base200_s47n,B,B_csv_20260930,7d8d72581421c09b678ff1555239e84c,200,31ff6328942fa0f230ab1b14f63da618,1,1790024947.0
mech_b_vistod15_base200_s48n,B,B_csv_20260930,30c16c3a1ae2822a253df01ae4295507,200,abb2647737ceab8c6f40039846431bc6,1,1790028483.0
mech_b_vistod15_base200_s49n,B,B_csv_20260930,6b170cf8b8071b6e1323b1215f9af270,200,ce5983dea9906717d4cf22a618cfeb08,1,1790032142.0
mech_b_vistod15_base200_s50n,B,B_csv_20260930,6f2a746e2fbefc08040579152074172f,200,f254c5dfc709757550b3de85c9ae9f79,1,1790035828.0
mech_b_vistod15_base200_s51n,B,B_csv_20260930,123df28a586c7ff67e2f91c414847e0f,200,5cb490978a0b83c47dbe2eaed06db00a,1,1790039528.0
mech_b_vistod15_lr005_200ep_s42n,B,B_csv_20260930,0707a67889e2ba346f05ad1a5bec8ce3,200,68f5b06a23ba534c1683cd1fa2e3a354,1,1790008883.0
mech_b_vistod15_lr005_200ep_s43n,B,B_csv_20260930,2ee4dd037ebc7efdcb59affb9e0fd57e,200,7ed3c4ebc07f4da2c1241dbda74e7f65,1,1790012515.0
mech_b_vistod15_lr005_200ep_s44n,B,B_csv_20260930,ae3675341f1869e16857926d78846691,200,a4697d92cfb531e15511c5659c48142e,1,1790016070.0
mech_b_vistod15_lr005_200ep_s45n,B,B_csv_20260930,aedb2bdaaa024aaa97d7e482e2da0bf3,200,8f2fd48107c95773fd7f4e6be513eb42,1,1790019555.0
mech_b_vistod15_lr005_200ep_s46n,B,B_csv_20260930,280e903d2b5a20ad3f3b7458af279f67,200,c7ca5cd7be18fde2dfbc3a4deb11fbf2,1,1790023191.0
mech_b_vistod15_lr005_200ep_s47n,B,B_csv_20260930,4ca7eff85bc86b8580b536dca39f9152,200,0b1e579f8f7a186ac4301f3bd38896cc,1,1790026729.0
mech_b_vistod15_lr005_200ep_s48n,B,B_csv_20260930,85fee7f845bd47d3d7d4aaa319573e39,200,3c4892af83b4e0e40d957b1e9dc1cdee,1,1790030295.0
mech_b_vistod15_lr005_200ep_s49n,B,B_csv_20260930,5727803ff180631003aa9ddc2a4c47ad,200,3fdc2cad836bee8a36022676bb76fac3,1,1790034006.0
mech_b_vistod15_lr005_200ep_s50n,B,B_csv_20260930,d8bc9cdc7992651eb1e703e29013a12a,200,8f98b984d57b63f70a3c850e742144cc,1,1790037642.0
mech_b_vistod15_lr005_200ep_s51n,B,B_csv_20260930,2582c4b99f5525b7181882953f226fb7,200,69299faa3b10391e29d6a7849ad6e133,1,1790041406.0
mechctl_b_5ep_s42,B,B_csv_20260930,135d4f38d776c7f9f1db68a66b3a36a4,5,09615203c6b5d7b4a11fa25225241b9d,1,1790004700.0
mechctl_b_5ep_s42_onA,B,B_csv_20260930,6ea8aa834b9ebaec47127d2c4f5668e6,5,99a3ce5e26a6e3e3fe0d25fcd0928f84,1,1790005078.0
mende_base100,B,B_csv_20260930,881760e1ce7b017cbec3bc6aa660ee1a,100,2ba6a5af4c3d83ace90aba8efe044b56,1,1788397957.0
mende_base100_s42n,B,B_csv_20260930,e67f05cb11bae309fa5135f07fd89ab8,100,74dc8e1f72c575a1ad1be0b3de68d65b,1,1788707526.0
mende_base100_s44n,B,B_csv_20260930,f37c085756534d80dedf83643065db58,100,28e60c66274827386bdaf80587dfac4a,1,1788760753.0
mende_base100_s45n,B,B_csv_20260930,c29c894011984b1a05f4124236ed2dfd,100,f4899bc97c633dee5d701f46f03b189f,1,1788761494.0
mende_base100ep_s43n,B,P1supp_B_20261002,60c4d68435cca062518ab7462933f820,100,71909ddc155c4531090e35c143551908,1,1790936794.0
mende_base100ep_s46n,B,P1supp_B_20261002,0639953e3ae6b7baf437ffa3fb1471a6,100,c7734aef193f6518069fc0fa59bd733f,1,1790936794.0
mende_base100ep_s47n,B,P1supp_B_20261002,fbf60c094fd276c2091d291ae79c2775,100,e6130fbd06f7f08f3e81acdd95743627,1,1790936794.0
mende_base100ep_s48n,B,P1supp_B_20261002,b18e0afeabb31770ff6b382a6f238b5d,100,02fc75089d69273cda98d24ac3ac3e59,1,1790936795.0
mende_base100ep_s49n,B,P1supp_B_20261002,0227bd1f3ed20845ec19f9a45e87b945,100,0cad33ab3553493c16b9434eb3871b62,1,1790936795.0
mende_base100ep_s50n,B,P1supp_B_20261002,f815418a18929ad20ac80634ed8ee39f,100,31467801086004490a6a716d5e8fc7c7,1,1790936795.0
mende_base100ep_s51n,B,P1supp_B_20261002,6d51de6b84dff4d7f5a2c5007f6cd811,100,ecb1b0225711e2c31becc8ed9f8ef66b,1,1790936795.0
mende_base30,B,B_csv_20260930,a9fc20147cf2d54428e9f2910124a078,30,1f8e19e1a8ec9836935611bd1bd1355e,1,1788397244.0
mende_base50,B,B_csv_20260930,ef4fd9a688136b82b1609fd757ad78aa,50,c9c3a91ac7413eefb1ede606607cf537,1,1788448754.0
mende_css_100ep,B,B_csv_20260930,eb262cc4e135c760644e48b0d4c24978,100,2ba1753a52ed676d33acd8b03a6d2da0,1,1788400007.0
mende_css_100ep_s43,B,B_csv_20260930,4ee732131d21cabecab662a2ced956f4,100,32a25eb64e2eb1073d5831cc66dea8d7,1,1788519218.0
mende_css_100ep_s44,B,B_csv_20260930,fc01b214ccc74adb078e2b5cda275d36,100,caf4dde8564bb2d61ff72a3271695987,1,1788632835.0
mende_css_100ep_s45,B,B_csv_20260930,c03cc0f8e37bd7ec9d7e3f8f428962c1,100,83e891c29e1604100fcd38e24f54f1fa,1,1788633566.0
mende_css_30ep,B,B_csv_20260930,0fdfcf9248869c5fcd93b22b8145f1d9,30,fea5242d3e3b8c8af90a7c433c9fb4b8,1,1788491827.0
mende_jps_100ep_s44,B,B_csv_20260930,ce899c9c29ac07c69f06bf1910d80532,100,79ad5f491aeb1ced5410be5351baee68,1,1788628346.0
mende_jps_100ep_s45,B,B_csv_20260930,8a884598508258442ff5b40c68669237,100,a555bca0f7fde1ef2244da7183f4b168,1,1788629050.0
mende_lr005_100ep_s42n,B,B_csv_20260930,f28d19dede892180dbf5ffaf0e2496fa,100,c3a649140887c89b88a9ede3c2d7b16d,1,1789108058.0
mende_lr005_100ep_s43n,B,P1supp_B_20261002,41c73decf160f7d7d8f81c77c97cfdd3,100,fe571c1448ed00cd55f2a0d981bfc125,1,1790936794.0
mende_lr005_100ep_s44n,B,B_csv_20260930,149000abc5694f9a6bf1d8c802e304ca,100,85f09f8c5c7239493468df6f8576b6d1,1,1789756873.0
mende_lr005_100ep_s45n,B,B_csv_20260930,ace7065895d6b813f5feec68c0347893,100,0e7c62788f2500484cecf6995ae8e011,1,1789757592.0
mende_lr005_100ep_s46n,B,P1supp_B_20261002,0cd5203d4788717ac775b0b21827c4a0,100,a132c18f40e19367fd1e209cf9cb9029,1,1790936794.0
mende_lr005_100ep_s47n,B,P1supp_B_20261002,c36d7e80483e41cec9576fe80b0b1daa,100,cd75d76658b1c0c8592c1303030aa35b,1,1790936795.0
mende_lr005_100ep_s48n,B,P1supp_B_20261002,43fb6b7ce9ff485f415647ccef01c057,100,007c0ee87841bb1be7af314531c6d3f2,1,1790936795.0
mende_lr005_100ep_s49n,B,P1supp_B_20261002,37400d29e6eab80134072c75e9f0c92b,100,72015a9c7c0ae8d926840c3064c6e94a,1,1790936795.0
mende_lr005_100ep_s50n,B,P1supp_B_20261002,72e076689a54f3417b479b47cd74388f,100,3b70cd0b970998d30cf40f9f9d5b4c30,1,1790936795.0
mende_lr005_100ep_s51n,B,P1supp_B_20261002,40938ce00d7cb0387fb376c594f87ed9,100,147ccb9a11fc496d881a30b64f22a590,1,1790936795.0
mende_lr005_30ep,B,B_csv_20260930,dbdf6a5d9b4e40b49c8521893500b42c,30,d5ad0216845773a82d18c1849dec3ce0,1,1788398249.0
mende_lr005_50ep,B,B_csv_20260930,33b195bf21f6d0412045f71646a74d69,50,db3ef2c079387d6b857c2d1e9e9e5645,1,1788449124.0
mende_pws_100ep,B,B_csv_20260930,6db7244c4029bd77b1de1454ff273985,100,7f91a522007e65e7c02b2bd306dfa5f2,1,1788400937.0
mende_pws_30ep,B,B_csv_20260930,3501e0e635821010165a06ccd8405718,30,3f119692958bcf92f492adebec983c10,1,1788400241.0
mende_pws_50ep,B,B_csv_20260930,d186c3e30e963e63afaf3291801ddf96,50,e9c014ac52c4ade632da3666f2dbdfe3,1,1788482975.0
mende_sns_100ep,B,B_csv_20260930,f0afcce99f6869f1d9fd86f1b403fe26,100,f228fbe7f030f148db567ffdcb622546,1,1788399302.0
mende_sns_100ep_s42n,B,B_csv_20260930,146a4bfc105f05fc8b6c73b5f53d7253,100,616b0356d55672c2d35e3f693c4faa54,1,1788762208.0
mende_sns_100ep_s44n,B,B_csv_20260930,1fdd3650c149835074642f7673e72b12,100,18c9eab5b47576ef3a53b6cf14bf9a88,1,1788708223.0
mende_sns_100ep_s45n,B,B_csv_20260930,b5e63596f0ad3843c14ea54fd8dbc4f2,100,be2deab3f9df4855ba0989036f1b6aa6,1,1788708914.0
mende_sns_30ep,B,B_csv_20260930,3530c3de9e72d8c3d9d676320e5a0fbd,30,487aac73f42578f280e09a697e021594,1,1788398583.0
mende_sns_50ep,B,B_csv_20260930,9a587d4f26129f43d0eecc6094e1c49a,50,d8cc23bae03354355fee1040f16995ff,1,1788482610.0
mendein_base100,B,B_csv_20260930,1a62d06b67920053e6e9f865d44a07a7,100,b22768c39620a4d2ad8b9d6f078fd723,1,1788402817.0
mendein_base100_s42n,B,B_csv_20260930,1789ad0d52dd2fb51a04ef63e6eaecca,100,a30952756914b4d31900166921492f7b,1,1788670529.0
mendein_base100_s43,B,B_csv_20260930,b598de13ddf7d1c6133d10300bdf9844,100,8fd0fc10a55c55698cf5e7382282f5ba,1,1789096122.0
mendein_base100_s44,B,B_csv_20260930,4a75caa9eef91dbe646792d5ccb86718,100,e648edc6f485df829948a0df143a0cba,1,1789096871.0
mendein_base100_s45n,B,B_csv_20260930,7b9e35743ec02c583247ca3051618cd7,100,cbdf9065660bdae1b0638dfae603ff1e,1,1789100451.0
mendein_base100ep_s46n,B,P1supp_B_20261002,c6e614dbdd25e8ff3fb5307173f00c78,100,3e70cddb0caa793c84381f3779b6a66d,1,1790936794.0
mendein_base100ep_s47n,B,P1supp_B_20261002,dd2a5b8fd1921c0e112085d48449c861,100,c402de96a31e893082983c92b82cc0d4,1,1790936794.0
mendein_base100ep_s48n,B,P1supp_B_20261002,fe394bac9ae6ebd39e5bf1722ad2ad0f,100,cfdade86cdc153a95888556e4b208cb4,1,1790936794.0
mendein_base100ep_s49n,B,P1supp_B_20261002,5f3e8db9b3a9336b64907bb6937f4a8f,100,8bec554d943d99027810e01e4e94e5d9,1,1790936794.0
mendein_base100ep_s50n,B,P1supp_B_20261002,2ae0ba10cb7b49c9731d4d80de345c44,100,650ca277a6407af7becb578ce54cfa75,1,1790936794.0
mendein_base100ep_s51n,B,P1supp_B_20261002,478e960eaf8368da077b56b3712bb792,100,80995e215910d50c95743687678a4da8,1,1790936794.0
mendein_base30,B,B_csv_20260930,3c43f5a86f87cce94b1e3cb76e7eaa2c,30,bdddb28fca310f79c25a865a5bf6d710,1,1788402111.0
mendein_base30_s43,B,B_csv_20260930,df9bcf0e6fd77211f729244c8921aa49,30,eb0dc7049759c6a891ad393e76ef2e69,1,1788472801.0
mendein_base30_s43n,B,B_csv_20260930,df2e0664a0b4526df9188b2a11105c32,30,b9ba67f1efa5262577e6c174dad60d0c,1,1789099458.0
mendein_base30_s44,B,B_csv_20260930,d66a353aa10da1399cd6f7720c2c25a3,30,8c6fd8b40b6e7992d0e15ffb242e8c23,1,1788473032.0
mendein_base30_s44n,B,B_csv_20260930,142f3d0439c4d9413474a2ec8ecb5420,30,1340e017c486d4f5583c17093686ceb3,1,1789099704.0
mendein_base50,B,B_csv_20260930,94ea8e289dde72deed995c6d16e52cd9,50,42324900f885f725e2aadf51a79e3034,1,1788460774.0
mendein_css_100ep,B,B_csv_20260930,b20a34b42334032c25d109ff05683924,100,e5f56cafb953da4f72c3cf3bb61f6cde,1,1788456549.0
mendein_css_30ep,B,B_csv_20260930,950172bf981b622ecc641661a2640f8f,30,0a85b5400e586ae5cb779ad10fce1e8e,1,1788494033.0
mendein_lr005_100ep_s42,B,B_csv_20260930,f3fa563a260e613598f9471a66d98808,100,2c7b490016db25f78bf70473806fa99d,1,1789097635.0
mendein_lr005_100ep_s43,B,B_csv_20260930,5d94af57925bc369e061ec01f17fa8e7,100,6087a8a92133ef346457b4661c17ac8c,1,1789098399.0
mendein_lr005_100ep_s44,B,B_csv_20260930,2291d1865fcb5c90d1eb13969830db3d,100,b064b3fbd2acf53ed9a447677021f559,1,1789099160.0
mendein_lr005_100ep_s45n,B,P1supp_B_20261002,469e5c459b352baa03dc05d733bd3452,100,72e507d00297b7a9c62477fad02551c0,1,1790936794.0
mendein_lr005_100ep_s46n,B,P1supp_B_20261002,3282a6f4ea5f241054c5adf149ed50d3,100,63555d9c586d0734bae4b0b172ad7054,1,1790936794.0
mendein_lr005_100ep_s47n,B,P1supp_B_20261002,4670b6228b11018294c90b11bce36dfb,100,dbe47a81cbd0d062612c4835fd8a5be2,1,1790936794.0
mendein_lr005_100ep_s48n,B,P1supp_B_20261002,abfa3490d56e2f33ea42cd21d33825ac,100,ca3e467739d97a320c3dc98d12c33cfe,1,1790936794.0
mendein_lr005_100ep_s49n,B,P1supp_B_20261002,dd22f6c9503f5885d351ba6aa58e11a1,100,96f0f45eb0253cdb833c93c980b59c40,1,1790936794.0
mendein_lr005_100ep_s50n,B,P1supp_B_20261002,a7610d9e131d52eba6264199440948b0,100,98c53b5652d356dccdddd0d149022005,1,1790936794.0
mendein_lr005_100ep_s51n,B,P1supp_B_20261002,ae483506d19a3013c49a0d9ff80516a8,100,4dcee233847abd60ddef78f18af2119f,1,1790936794.0
mendein_lr005_30ep,B,B_csv_20260930,c15e47e613fc120bb29100823a47fc96,30,c18663c7720831478a0d4091a9dfc169,1,1788403054.0
mendein_lr005_30ep_s43,B,B_csv_20260930,8a29bdaefaf6d2035db1064f4f52a099,30,055191d7a837910cd934f2c2e8a0257f,1,1789095000.0
mendein_lr005_30ep_s44,B,B_csv_20260930,cd5ef83db5666652e9d20f6ee6d04e5e,30,032ad7020042d5688d336669f5d6ad61,1,1789095263.0
mendein_lr005_50ep,B,B_csv_20260930,5c925f33556f25f278545226076d393e,50,95433f53e5147ea8799c0f1c5e7c8575,1,1788461143.0
mendein_pretrain,B,B_csv_20260930,1c2d39848425004b28e7602617c24508,30,08b04659a0df1c6d369f410e69c46c51,1,1788401878.0
mendein_pws_100ep,B,B_csv_20260930,a0080c8f2472412d77e3a4c0f8533f03,100,55400d1ced0ca64bd43576aac06ec9f7,1,1788405661.0
mendein_pws_100ep_s42n,B,B_csv_20260930,64a380ad11cd053ed6a6bc5d77877f56,100,9c805de65ea7a9f9577aae4acff0a4f6,1,1788667694.0
mendein_pws_100ep_s43,B,B_csv_20260930,4560834266fe9577603748f07c7f7d9f,100,c1ce08a7ca6402d8ee6456c6f3fcabdd,1,1788471880.0
mendein_pws_100ep_s44,B,B_csv_20260930,555ee4592c25f4071d9e6f2af0e91d68,100,b2330fc3427d92a1a7b912932661fca1,1,1788660842.0
mendein_pws_100ep_s45,B,B_csv_20260930,2f6375231d0c639bf7446ddc6b66294e,100,3d3ecb5596100c043891519a92f309d2,1,1788661526.0
mendein_pws_30ep,B,B_csv_20260930,40a63857bcae333c2845c6bd87deb5f2,30,9ebddfb444a3b4d2c5845b72b850b402,1,1788404951.0
mendein_pws_30ep_s43,B,B_csv_20260930,4a2792b4f9b21fbad07f183ead29c158,30,cab21e2d65d55c91ddcdd441f7642c8e,1,1789094485.0
mendein_pws_30ep_s44,B,B_csv_20260930,272f47a170911dfcf1b323900b49ad2e,30,d4eecff290fabe329d05dc9bd49ec718,1,1789094739.0
mendein_sns_100ep,B,B_csv_20260930,a2f57109ca4590a19f49b52be7ef6e9f,100,7d4cfc3d85928ddb932c5b9e58c06382,1,1788404002.0
mendein_sns_30ep,B,B_csv_20260930,bc57aa1b4cd9d3465e454d2ce4b4f769,30,db18311e56181ae5cbf1641c18dd89ec,1,1788403293.0
pcb_pretrain,B,B_csv_20260930,bb7595cf9e78ff3df1782b88ff1482a7,30,d239110892f36c87ace5bcb5097bfe20,1,1790488136.0
pn_200ep_base_s42n,B,B_csv_20260930,52a13a866595b40e4408b2c5ed179063,200,41e3fd03e676f9b2515dbb31ad284868,1,1790624335.0
pn_200ep_base_s43n,B,B_csv_20260930,727ca92a9dfc743b38244d1117790889,200,474415053f4fd65f357c6912f4b44816,1,1790643519.0
pn_200ep_base_s44n,B,B_csv_20260930,a13f8e68969eacfb7ae52cc1f55aff8f,200,ba938a3f884670e063a38b8ab07b3e0b,1,1790626084.0
pn_200ep_lr005_s42n,B,B_csv_20260930,c39de6717c67c36d66ca06ba7a892dcd,200,67a9197c6e996f2851ef08e93bb8752f,1,1790641675.0
pn_200ep_lr005_s43n,B,B_csv_20260930,60e3feae57baf696b2c1846a807ca1d1,200,8b6ef667d817e568224f73a34ce5071b,1,1790627694.0
pn_200ep_lr005_s44n,B,B_csv_20260930,9cf9102b68d2bc1daf1aae74bb6b3795,200,9636c94d02570c4288ad5bd1682d2267,1,1790645247.0
pn_30ep_base_s42n,B,B_csv_20260930,637474a37c5507a7a258a194fd13ff5b,30,2a6a1afb97a6affec09f2eb6db0bbdaf,1,1790511562.0
pn_30ep_base_s43n,B,B_csv_20260930,a177025256abb428c4f0bcdc1a03cab1,30,bc858df42234e5425f2defb195f0a71c,1,1790512225.0
pn_30ep_base_s44n,B,B_csv_20260930,8ea4f2edd2a7dd5f1365a9eedcc32429,30,1d9d597d41e44452c77326eac95c3b0c,1,1790512899.0
pn_30ep_lr005_s42n,B,B_csv_20260930,01ffa10fa6d05dced1ee48f698574bd0,30,0703c6168ee43156d02caf0146055b68,1,1790511884.0
pn_30ep_lr005_s43n,B,B_csv_20260930,65033125d3e7f28cccd0ff4ae11f53e7,30,273fcf0ecf1d725100e03c305d612e65,1,1790512564.0
pn_30ep_lr005_s44n,B,B_csv_20260930,28356e01d07852d182c39002429c1c1d,30,c68ec46525fec2e1425eea02eb7d66bf,1,1790513259.0
pws_100ep_cds,B,B_csv_20260930,1835d3c5c49dadac654901cdb58da81b,100,a4d1df98666975910a0945c49172ef94,1,1788361526.0
pws_30ep_cds,B,B_csv_20260930,5ec1bb0ce8025777e811f4ab090f28be,30,cc12afd5e4f641bde57a9cca47c3c0d8,1,1788360525.0
r10_aitod20_base30_3way_s42n,B,B_csv_20260930,90a0bdec5f3a587f2688002893d53834,30,32baa8db6ff3cdc77b99b15a28cb3e3d,1,1789402703.0
r10_aitod20_base30_3way_s42n_REPB,B,B_csv_20260930,159889898104cac8f7f3253cc2b39a5b,30,581a39a7f317445655be5eecbf971ae2,1,1790349888.0
r10_aitod20_base30_3way_s43n_REPB,B,B_csv_20260930,8d251c1cfd1881ae57d9ad813ac5da48,30,5a6feaa5f77e6f306bd7802ad077616f,1,1790350605.0
r10_aitod20_base30_3way_s44n_REPB,B,B_csv_20260930,dc61895ab8cfcd98e490e37ab7ede864,30,5f7485b4267287085a36cbfd3cc4a583,1,1790351313.0
r10_aitod20_base30_3way_s45n_REPB,B,B_csv_20260930,7f2ca5de902ca8c8aff45134c545b895,30,0eaad5961f042cd353b3c34f25fe8d61,1,1790348288.0
r10_fire_base30_3way_s45n,B,B_csv_20260930,3251ae0eaa57f59bb56f587a6c92ea69,30,a848e123817a3b211820867b2b6a74be,1,1790443803.0
r10_fire_base30_3way_s46n,B,B_csv_20260930,6d995564b47380725cf8c149b752abc4,30,8fdea196d97b4fc3b11500b0c54708bc,1,1790445812.0
r10_fire_base30_3way_s47n,B,B_csv_20260930,286b7f0f1d9dd5d0f39473e23bd68402,30,28a1df8c4ca5ce9ab2a73aab89a2a1e3,1,1790447577.0
r10_fire_base30_3way_s48n,B,B_csv_20260930,8fe72f8d5db0b9666fe3e308d3fdb565,30,e4d8b140688493e5949386808942d919,1,1790449324.0
r10_fire_base30_3way_s49n,B,B_csv_20260930,a2f6c78440627c18c457ef766293d3e7,30,2c6e432090428fc61a82dbc85d9f99d7,1,1790451087.0
r10_fire_base30_3way_s50n,B,B_csv_20260930,33fe696cc0bdbc01b0cd8c069c309cff,30,6fbc33d9c015e37a2e5c7de2a28c7b90,1,1790452939.0
r10_fire_base30_3way_s51n,B,B_csv_20260930,47d3c6485b8e84e859d3e771c4a41b14,30,b1ed3ca7054b0ab66fbffe8e48340ae8,1,1790454755.0
r10_fire_lr005_30ep_3way_s45n,B,B_csv_20260930,2dfcb1ed35836285b8990b15378884d2,30,710f888e915e7d74e9151875b5cc4ddf,1,1790443785.0
r10_fire_lr005_30ep_3way_s46n,B,B_csv_20260930,18a77a35fa32e611bef5032be02d4a72,30,888a194d7c40d2c9b689bd6c75da0a04,1,1790446008.0
r10_fire_lr005_30ep_3way_s47n,B,B_csv_20260930,84a7fa48542608eaeefde31cb85d7bcf,30,8311f0bd52d39419aa1759553504e68a,1,1790447800.0
r10_fire_lr005_30ep_3way_s48n,B,B_csv_20260930,558a39ca412c1830577f0b49094dac23,30,2b17955ded193bbbec796b2345ea6ae8,1,1790449714.0
r10_fire_lr005_30ep_3way_s49n,B,B_csv_20260930,67bc36266005af64b484bc54550a895d,30,b6ad6ccaba60cd62e35cc156d4d5babf,1,1790451693.0
r10_fire_lr005_30ep_3way_s50n,B,B_csv_20260930,a775a5b0630e3f9d668fe3adc5dd7171,30,445cc223180007bab02e90d142c6029b,1,1790453619.0
r10_fire_lr005_30ep_3way_s51n,B,B_csv_20260930,ebeb9f14e3f8f75ff1be6756a87c17bd,30,e38b135ce00e80644773e647a03b9090,1,1790455551.0
r10_mask20_base30_3way_s45n,B,B_csv_20260930,0b9f5bf29a739a0a5c3239888e52b6cf,30,69c123ad7e504554ac1349b9f40cb68d,1,1790455183.0
r10_mask20_base30_3way_s46n,B,B_csv_20260930,74eebe9d3b928458d465e2b64796c83d,30,57acfc9b1881fd25a077b681e6de5a9c,1,1790455685.0
r10_mask20_base30_3way_s47n,B,B_csv_20260930,bb4c82711b3f11c53124f52a249c441d,30,d1ec2596640adf6feefb7ac6f1a54ab2,1,1790456004.0
r10_mask20_base30_3way_s48n,B,B_csv_20260930,ca7f3f0b5578cbfc3ef0f4d37c34b2f3,30,6c8a7a99c291fb75bd087dcafc065f21,1,1790456336.0
r10_mask20_base30_3way_s49n,B,B_csv_20260930,c6b23234dc3026de8b4dbdc926220ef4,30,02add4619d3388713a4a35e1d9e39695,1,1790456649.0
r10_mask20_base30_3way_s50n,B,B_csv_20260930,99f66eff632787778c723a7673142945,30,0d6a31ceaa4b6f0334001d3943ce5f86,1,1790456957.0
r10_mask20_base30_3way_s51n,B,B_csv_20260930,0cb6e1ae90d38cae43896c551fa10ca8,30,c878ec86d9554601a57d2b8ffd42397d,1,1790457278.0
r10_mask20_lr005_30ep_3way_s45n,B,B_csv_20260930,85b47944204712e30494fbc818bd8896,30,f45a319b4a8212d2cb05ace51bc6f158,1,1790455903.0
r10_mask20_lr005_30ep_3way_s46n,B,B_csv_20260930,40a5212bef78ad00320b40811185b08e,30,35b16b30cfae0fb31e481012570fe7c3,1,1790456226.0
r10_mask20_lr005_30ep_3way_s47n,B,B_csv_20260930,7d2ee7e1aefe2ce6fccfff4033be9c6e,30,78dba79339e2ad3234f3ed1d26a8ea87,1,1790456560.0
r10_mask20_lr005_30ep_3way_s48n,B,B_csv_20260930,9fb06fdf8760486ff3a51a82d6437ede,30,550de445094b0fdac3ea9c2f9d438d32,1,1790456875.0
r10_mask20_lr005_30ep_3way_s49n,B,B_csv_20260930,368e2b6b9e96db1ea6f935a927b4cdef,30,240388d0de07bd3731188e56301dfde9,1,1790457208.0
r10_mask20_lr005_30ep_3way_s50n,B,B_csv_20260930,d16eb2a3ee4a78af806b87a8a4c1a7a0,30,3b846f0cc8b98496590525ced601fa43,1,1790457606.0
r10_mask20_lr005_30ep_3way_s51n,B,B_csv_20260930,01009690dc40575140df80d05e411dca,30,da65fc6b7af5fa11cdba519bb6c34cec,1,1790457957.0
r10_mende20_base30_3way_s45n,B,B_csv_20260930,341b9b4a9860b636721f1c2e04514adb,30,06def80838934b53cbc1c117ce63a765,1,1790439560.0
r10_mende20_base30_3way_s45n.PARTIAL_killed_0014,B,B_csv_20260930,b02515d76accf811835297f4ec594958,12,06def80838934b53cbc1c117ce63a765,1,1790439226.0
r10_mende20_base30_3way_s46n,B,B_csv_20260930,c165c6ea273aa4fdcc85a77b8581e578,30,d1e34e78610b3319bf25c8d181eb9d7f,1,1790439885.0
r10_mende20_base30_3way_s47n,B,B_csv_20260930,80fa60da4f5502f8d83f772b9c92233b,30,1804a16aa10f3dff57a73df6e7f345df,1,1790440185.0
r10_mende20_base30_3way_s48n,B,B_csv_20260930,4be4e6ca100afb3c848c65f17cb8d846,30,d33ff7a8d1de4c61b25d4b1b3a950204,1,1790440477.0
r10_mende20_base30_3way_s49n,B,B_csv_20260930,7d935009a1a42f0f39ba7111c8f39c8a,30,5590c26ef3cf296f38765bc21a2a4d4a,1,1790440776.0
r10_mende20_base30_3way_s50n,B,B_csv_20260930,fb724c5f87d4dd22427721b2583514f3,30,4907db17334ed702e71910ba4e07c5b4,1,1790441075.0
r10_mende20_base30_3way_s51n,B,B_csv_20260930,f8f80a8386f005507d8bbfb1fd38d596,30,b791bd6ba2385e46fdc0221f3bc0522c,1,1790441386.0
r10_mende20_lr005_30ep_3way_s45n,B,B_csv_20260930,3db7a1df3c3cb770f7bd4abe4610220f,30,0ed5cd38e8e4520f507f29a3362353ca,1,1790439551.0
r10_mende20_lr005_30ep_3way_s45n.PARTIAL_killed_0014,B,B_csv_20260930,602509a624d916786060d545295a2e19,12,0ed5cd38e8e4520f507f29a3362353ca,1,1790439225.0
r10_mende20_lr005_30ep_3way_s46n,B,B_csv_20260930,e719140ef66ebdd8492a52810a8c3ff7,30,a875db958829bcc686e7908a8f32a813,1,1790439892.0
r10_mende20_lr005_30ep_3way_s47n,B,B_csv_20260930,b9a6cbb22fe9f5de99236ef11f8c791c,30,f7749d9d64416ceb6c6ec82226f96e36,1,1790440197.0
r10_mende20_lr005_30ep_3way_s48n,B,B_csv_20260930,9115c0fc73fa49e28f0f9370dcd3152d,30,34bc1bc0c8a5d764463ea3f7486f69b3,1,1790440502.0
r10_mende20_lr005_30ep_3way_s49n,B,B_csv_20260930,2882f2a24f8f1726fb0a771aeb8bbdb0,30,e8447747e855385384a5c77a75de4797,1,1790440838.0
r10_mende20_lr005_30ep_3way_s50n,B,B_csv_20260930,7c204cd63cb22346319aaddc28002efe,30,2e037834ee6969975833bccaec950cf4,1,1790441161.0
r10_mende20_lr005_30ep_3way_s51n,B,B_csv_20260930,6187f3104d07723bc400bd7c90576b1f,30,5f7c06deb62fc25796466f6028f0586b,1,1790441571.0
r10_p_aitovis_base100_3way_s42n_REPB,B,B_csv_20260930,ddcd9b9136969728b497d32c03ae9d54,100,8d461866d0990c58ab0bcb86543b7227,1,1790350110.0
r10_p_aitovis_lr005_100ep_3way_s42n_REPB,B,B_csv_20260930,7761533ef4be12f6e5c53ed34312f751,100,a72c21180a55f3a243195eb99fdcc9ff,1,1790351532.0
r10_p_d15toai_base100_3way_s45n,B,B_csv_20260930,d3a87e89f9f6d5bffd3d322644c33752,100,ca6b586df79c828732ed48b7cd4a72f9,1,1790459537.0
r10_p_d15toai_base100_3way_s46n,B,B_csv_20260930,447c5ac544a87888b98cef83fe0f0e04,100,a2604438366679b5d5109f4326f0840c,1,1790461736.0
r10_p_d15toai_base100_3way_s47n,B,B_csv_20260930,3e46de5db367abf3ab0e4f738676a86c,100,57e6da8fb3a029a2a6c0147d1dba0449,1,1790463842.0
r10_p_d15toai_base100_3way_s48n,B,B_csv_20260930,e53b77be45ffe96d9f5f13cbb3e23a5f,100,01bea331e33d18a67e75b2197ca1510d,1,1790465945.0
r10_p_d15toai_base100_3way_s49n,B,B_csv_20260930,34200abb0add73ecbe77d31fa92c7758,100,bef08ecf74b8259d036f919a6eed272d,1,1790468074.0
r10_p_d15toai_base100_3way_s50n,B,B_csv_20260930,adc66a4f9facea567549b8e2481e8a2f,100,8af832dcffd37367515b8a4e283e13a7,1,1790470232.0
r10_p_d15toai_base100_3way_s51n,B,B_csv_20260930,170ab3bbcfe26fcf48b179ea3f3d521d,100,84068a80b90157da1c505d0004caabfc,1,1790472392.0
r10_p_d15toai_lr005_100ep_3way_s45n,B,B_csv_20260930,29c26d84625ab934e2e4005856b583cf,100,7396e2fb3225278697d769ae1ee1e0f6,1,1790460412.0
r10_p_d15toai_lr005_100ep_3way_s46n,B,B_csv_20260930,56dbba11925e78a4e8ef2103b6e8bda7,100,3fe5699a1ec452128e50b06247c09ba2,1,1790462938.0
r10_p_d15toai_lr005_100ep_3way_s47n,B,B_csv_20260930,4f854b807b56dfa30a42777f1768272b,100,8bcd6f83a4eca4e4daa50946ada01d6b,1,1790465275.0
r10_p_d15toai_lr005_100ep_3way_s48n,B,B_csv_20260930,cbb9b19f72f494aa726af6b4c2b5c60e,100,ff5437abb3ae6075f726f148fb8b509f,1,1790467437.0
r10_p_d15toai_lr005_100ep_3way_s49n,B,B_csv_20260930,ccad0abd625c11529e5087212e1101ef,100,b69072afed77ac87847ecd8793b97336,1,1790469763.0
r10_p_d15toai_lr005_100ep_3way_s50n,B,B_csv_20260930,30a741df4394852e7db28e4d14171f21,100,4a3d56c33b3b898e8dad34ebc97f59d3,1,1790472091.0
r10_p_d15toai_lr005_100ep_3way_s51n,B,B_csv_20260930,dabb282b0fc1c6d2851295d1cc070688,100,fdee1a3b57daf886b26573affadcb31b,1,1790474354.0
r10_p_masktomende_base100_3way_s45n,B,B_csv_20260930,688e91c237d290b3db99af28d4e5c584,100,842bd4bb58445e7a2fc75f218c6cfc1b,1,1790473224.0
r10_p_masktomende_base100_3way_s46n,B,B_csv_20260930,8263defd1448dced32e76f863cf4bb9e,100,eaebd617c37637497574af2b04e6cfd5,1,1790474197.0
r10_p_masktomende_base100_3way_s47n,B,B_csv_20260930,eca1b72cc23c2d458445679b2ee1a9a5,100,4c622c97ccc0313235e619226c7745f8,1,1790475001.0
r10_p_masktomende_base100_3way_s48n,B,B_csv_20260930,87e6fa03695ba04ef5d40df2ef7c0211,100,ad4c820040ab1933871baf8df13c26f0,1,1790475813.0
r10_p_masktomende_base100_3way_s49n,B,B_csv_20260930,57282d4415ca4c84e0710277bb095e11,100,83612a481b71d0da8d786d9aab99b189,1,1790476656.0
r10_p_masktomende_base100_3way_s50n,B,B_csv_20260930,4150df739e44667640f8abd09367fbe4,100,3917855b3fb0f544782b88ebac095198,1,1790477492.0
r10_p_masktomende_base100_3way_s51n,B,B_csv_20260930,16461779f18aca4c69d5bf97f2472b84,100,ce38bbd1e189b7681b228dab2eb9acbf,1,1790478340.0
r10_p_masktomende_lr005_100ep_3way_s45n,B,B_csv_20260930,c6876a959476cf5a35b7385fc3e5b5f9,100,3940244b83fc9d8f0bdc9e874043746d,1,1790475223.0
r10_p_masktomende_lr005_100ep_3way_s46n,B,B_csv_20260930,42aaf6195b2acfbc2915f5b51aa48566,100,647144b9da0f77175097074ac2fb8031,1,1790476069.0
r10_p_masktomende_lr005_100ep_3way_s47n,B,B_csv_20260930,3047636340a1636628bf1dcffcc87df3,100,12c86463e69648be371fb66e702a6978,1,1790476951.0
r10_p_masktomende_lr005_100ep_3way_s48n,B,B_csv_20260930,c2f8c5fde35df8f9407e487f0f47ff1d,100,7c24ec2ad0d6833b06e71322bc4f83b1,1,1790477847.0
r10_p_masktomende_lr005_100ep_3way_s49n,B,B_csv_20260930,10ef08b3639d914c30d3fa564ebaaa84,100,64775319105f4f4deeb07444eabbeca8,1,1790478721.0
r10_p_masktomende_lr005_100ep_3way_s50n,B,B_csv_20260930,1e921680554caed5a1c308d61f0fd12d,100,890231b67ab91d35476c1136b7002147,1,1790479518.0
r10_p_masktomende_lr005_100ep_3way_s51n,B,B_csv_20260930,763e27ddf7bda947b62dba65490ce169,100,03fed1bdb2d50373d1c0eeb2adb54cfe,1,1790480323.0
r10_p_vistod15_base100_3way_s42n_REPB,B,B_csv_20260930,9cad2fdc7fa4c5d4eb96cf9845f3d4e9,100,2e77971c8f5244c497a5fe4e286c9cf9,1,1790347439.0
r10_p_vistod15_base100_3way_s43n_REPB,B,B_csv_20260930,cfce5e9f5858f6553d39c2b6bb1aee3e,100,66ca1b9cf68ba9a50ffabc3a2b6735e5,1,1790349180.0
r10_p_vistod15_lr005_100ep_3way_s42n_REPB,B,B_csv_20260930,0b33888b333a6d8e740fb6fe1f805b31,100,faa787984af08d649bb6ce73f3871b44,1,1790348232.0
r10_p_vistod15_lr005_100ep_3way_s44n_REPB,B,B_csv_20260930,867cde73068dbd854e28791aa025f5c4,100,41bb00fe9da0412bc66f6ab34695f66c,1,1790347515.0
r10_prior_lr005_100ep_3way_s44n,B,P1supp_B_20261002,e377f4231ab034c0d13b841ef9b7e7b2,100,29cfe7f06e1d66cea8d2ce83566b3269,1,1790936794.0
r10_prior_lr005_100ep_3way_s45n,B,P1supp_B_20261002,b9bac0e87ad4001d6da5f6e743eb8cf6,100,8dbe2ab073e3e45f3f7d27071a17d844,1,1790936794.0
r10_prior_lr005_100ep_3way_s46n,B,P1supp_B_20261002,ef204bd0fa59d341a950dd2401086d5c,100,b21c052d7d86b34594afba623c088d9b,1,1790936794.0
r10_prior_lr005_100ep_3way_s47n,B,P1supp_B_20261002,fb21401905285ba26358b4e96209958c,100,56f783cf998e5ff6011a48567dd801b5,1,1790936794.0
r10_prior_lr005_100ep_3way_s48n,B,P1supp_B_20261002,68ccc053b42521e197fc7aa557e03433,100,ea81397dcc32821288ea49fee2998aa0,1,1790936794.0
r10_prior_lr005_100ep_3way_s49n,B,P1supp_B_20261002,6324c2db050ac67b3087075bf081cfae,100,d3c6e75fe0a7e90a25bde905274b39b2,1,1790936794.0
r10_prior_lr005_100ep_3way_s50n,B,P1supp_B_20261002,36dc64f4f59c66a77cd7bf960e4b40d4,100,aa2442ae71742e80aaf409cabf3d5aab,1,1790936794.0
r10_prior_lr005_100ep_3way_s51n,B,P1supp_B_20261002,2fbf3f3698ea027e3c49b63458e480a5,100,23f218e2bfbb3f8b008fd3dcaf5e587d,1,1790936794.0
r10_prior_sns_base100ep_3way_s45n,B,P1supp_B_20261002,aa5d6b4f13e975eb5a42152ff39e681b,100,7a2588d3b1639331ff714c9b22f1efd7,1,1790936794.0
r10_prior_sns_base100ep_3way_s46n,B,P1supp_B_20261002,86ef232940ebf5a0b9afce9e6639fd37,100,7649dac415f617c79ebfa55fa29669f9,1,1790936794.0
r10_prior_sns_base100ep_3way_s47n,B,P1supp_B_20261002,f952a03b56e6fcacd16371679fdd7a72,100,5734dc81c6daa52e6070923075f8cb89,1,1790936794.0
r10_prior_sns_base100ep_3way_s48n,B,P1supp_B_20261002,f22f92d23d1f058a3890a163aefdd171,100,574742e81dd1586951888c6e222a7548,1,1790936794.0
r10_prior_sns_base100ep_3way_s49n,B,P1supp_B_20261002,1dc0842bcd10aa5f059cc5fca29a89c2,100,f9f1232b77490621e1ffbb3276e7b859,1,1790936794.0
r10_prior_sns_base100ep_3way_s50n,B,P1supp_B_20261002,f460365416fd61162c9cce949ea006bb,100,66cd79b41446323789729ac1e8365e5a,1,1790936794.0
r10_prior_sns_base100ep_3way_s51n,B,P1supp_B_20261002,481ca624f0154acb2fe213b95c635763,100,c2651e69b73d57065b588bb9151f0bda,1,1790936794.0
r10_sf_dose10x_100ep_s42n,B,B_csv_20260930,526da7e364feb0d898f5dfba5ee2f022,100,aa97b1204ecd2eb7b59fda532150d90c,1,1789392027.0
r10_sf_dose10x_100ep_s43n,B,B_csv_20260930,f1579d7408827e6c3f33b329553521a2,100,677dadbe29861beaf27ef5a7d6f63eef,1,1789396968.0
r10_sf_dose10x_100ep_s44n,B,B_csv_20260930,fb6d6e0179e737774ade6fb09a7beaa5,100,ed5cf4071807ae81652b9a2a214f3a27,1,1789401911.0
r10_sf_dose20x_100ep_s42n,B,B_csv_20260930,e9ba38b7af4efaec99383ca4ea439f07,100,585304c6b5424c35f8afb3f488c1e2f9,1,1789392027.0
r10_sf_dose20x_100ep_s43n,B,B_csv_20260930,86e107bb5b6939095c69c1faf5c68f6e,100,8c6edd8395ea13a34ae928fdadc33bfa,1,1789396968.0
r10_sf_dose20x_100ep_s44n,B,B_csv_20260930,e7e550b8c237b42ff9a9ca78d0ea1161,100,f5ef8e05c111cff87e939443cb7574d1,1,1789401927.0
r10_sf_dose2p5x_100ep_s42n,B,B_csv_20260930,298a0179ad128f55801171567628d79d,100,921e491262700b8ade5a3373da3866e0,1,1789389503.0
r10_sf_dose2p5x_100ep_s43n,B,B_csv_20260930,59904015bc620fff6969b6aeafe261d6,100,24a35709f7cb52176513ac8c3fbecf69,1,1789394494.0
r10_sf_dose2p5x_100ep_s44n,B,B_csv_20260930,25eb06e7634e675813ab23e4574117c0,100,09c13b714872778ef4e2000d9f8d4de8,1,1789399444.0
r10_sf_dose5x_100ep_s42n,B,B_csv_20260930,fa010c978f3a6b62686d84683f9ffd90,100,fe25f57b23ef042b775fe6c5bf38562d,1,1789389503.0
r10_sf_dose5x_100ep_s43n,B,B_csv_20260930,634568230e93eaca87915ff254dd4ece,100,098f50a73c6b3ba26cc1a1541e0fbd31,1,1789394494.0
r10_sf_dose5x_100ep_s44n,B,B_csv_20260930,225d556bf3aacd93b7798ff354ae5062,100,c7979291a09f7ce0f779061b8127adb9,1,1789399444.0
r10_shwd2sf_base100_3way_s42n,B,B_csv_20260930,c078ce6f2441373329b50dd40fed04e9,100,51a8f879953813249dd550791eb0c525,1,1789374423.0
r10_shwd2sf_base100_3way_s43n,B,B_csv_20260930,4143cf6efb9b6b65e3e663f7c9046370,100,bd1cb355bdbd6abd595aa363839f8048,1,1789379394.0
r10_shwd2sf_base100_3way_s44n,B,B_csv_20260930,3bafdb54209721109414d517a8eb3d2d,100,2e59a6d3b4fa218cfef959028b2f02ed,1,1789384443.0
r10_shwd2sf_base100_3way_s45n,B,B_csv_20260930,3224074c9574d641f11a7bd0897a5c17,100,529e06e564df9adcf20bd5b1c149b799,1,1789434248.0
r10_shwd2sf_base100_3way_s46n,B,B_csv_20260930,2fee9797280cd7d075b24901e728690a,100,789101d42254a3be808a59c38172d7c3,1,1789439237.0
r10_shwd2sf_base100_3way_s47n,B,B_csv_20260930,f43e14926b2902ddc4056da531dbd269,100,3f5afe38d45e702176bab0900062b661,1,1789444177.0
r10_shwd2sf_base100_3way_s48n,B,B_csv_20260930,d21bb7c9e0a3981d8fc4595930d647eb,100,b4225af9a5e1a5e3ee499208f5ffb8e1,1,1789449147.0
r10_shwd2sf_base100_3way_s49n,B,B_csv_20260930,349844de83ef3817a5de2765aab6d21e,100,f47f39df4f3d6c2c7d3734719d3b6cac,1,1789454087.0
r10_shwd2sf_base100_3way_s50n,B,B_csv_20260930,75949723adea77e8f0ac8518d55ea356,100,516d144eb40b6faacc6ffab22a0b73fe,1,1789459025.0
r10_shwd2sf_base100_3way_s51n,B,B_csv_20260930,4d107c7851fee4679d961dc6998ca3bd,100,bf6267d8e61c5d1b7fcda3a3e0f78632,1,1789463956.0
r10_shwd2sf_base100_3way_s52n,B,B_csv_20260930,c23f6fb57feb7487620175144dc58102,100,9b74c983589839314cf6ead5823f427c,1,1789903835.0
r10_shwd2sf_base100_3way_s53n,B,B_csv_20260930,ed9be28abad3d37204826797a45fbf8e,100,0c5a08ffb71c2481b8de583e17e02c50,1,1789908104.0
r10_shwd2sf_base100_3way_s54n,B,B_csv_20260930,5d3e821b3bc77fb36919c39d0139f1c8,100,a3ed9601a63cdf03438fa3f4e95e5ae9,1,1789910840.0
r10_shwd2sf_lr005_100ep_3way_s42n,B,B_csv_20260930,91748185c1adf1517b024845fb4b99d2,100,928a7880d7d7c8f774a149e6c2ae5dc4,1,1789376907.0
r10_shwd2sf_lr005_100ep_3way_s43n,B,B_csv_20260930,fad280a370ee55a817126300acefe791,100,1ddea81178adec803cf6dfb4cf45df56,1,1789381919.0
r10_shwd2sf_lr005_100ep_3way_s44n,B,B_csv_20260930,5adc0459ab00193bc976b7268623ad70,100,876438b6afcd4a7d6e1422c6132a85a8,1,1789386957.0
r10_shwd2sf_lr005_100ep_3way_s45n,B,B_csv_20260930,bee3f3e606fe2552731abbc45ba1e90b,100,0ffce7654c6f2cdcfe8386fc39f88367,1,1789436733.0
r10_shwd2sf_lr005_100ep_3way_s46n,B,B_csv_20260930,f0fc5fea9b6218319590bcbf46ffa0c2,100,651f5985913574ab2a636013ea84e3c1,1,1789441699.0
r10_shwd2sf_lr005_100ep_3way_s47n,B,B_csv_20260930,739e119e7dbdd5b0a3d20429f498aac0,100,677b04f683aa37d534c5682a054de8bf,1,1789446673.0
r10_shwd2sf_lr005_100ep_3way_s48n,B,B_csv_20260930,38f74eff6e50ef956ed85b9953bc0ed9,100,5b7e54efead07b711e21187c9da7aaaf,1,1789451642.0
r10_shwd2sf_lr005_100ep_3way_s49n,B,B_csv_20260930,5facc0c5f4e1bb4ad36a0acb3a34a7dc,100,960d54c1e50ec22ae0023b7ecc660d2e,1,1789456564.0
r10_shwd2sf_lr005_100ep_3way_s50n,B,B_csv_20260930,ef0d3811756b088f0f7f2248961f7199,100,19781acdc3026156abbc116f9a005f2f,1,1789461491.0
r10_shwd2sf_lr005_100ep_3way_s51n,B,B_csv_20260930,d761a78305e658ec54826b1c9faf59e3,100,3121357ff703b1e20e36acafe779eccf,1,1789466411.0
r10_shwd2sf_lr005_100ep_3way_s52n,B,B_csv_20260930,164236132a254e71472be0ddab98e6ed,100,534ac21f411828c7d9016c29430898d9,1,1789906494.0
r10_shwd2sf_lr005_100ep_3way_s53n,B,B_csv_20260930,4d84654818e30528e22a87d1872611e0,100,cc4f855a7b360c904739f0f1f49fabc0,1,1789909472.0
r10_shwd2sf_lr005_100ep_3way_s54n,B,B_csv_20260930,d0107bc6a04b98d1d8559fdea41c62ca,100,c6e4ef87d807e084f6c941bf31506e94,1,1789912221.0
r10_smoke2sf_base100_3way_s42n,B,B_csv_20260930,2a9fefc58d62c6ba7b6fb3d8160d9741,100,fde48a3e2cc6936ea6bc93b89d09e806,1,1789374423.0
r10_smoke2sf_base100_3way_s43n,B,B_csv_20260930,a8689bd61efc544be2e59f2952b2b6e6,100,0612611889b8d92fd937f25a5718965b,1,1789379394.0
r10_smoke2sf_base100_3way_s44n,B,B_csv_20260930,b7035d7218a7f424965371c57917e425,100,f58262bd803f7284ce9a1a144eac090d,1,1789384443.0
r10_smoke2sf_base100_3way_s45n,B,B_csv_20260930,0a6517248e556ae04ca1792a8728b4ce,100,58fc520b1f948c499c53f92bc27ff98c,1,1789434248.0
r10_smoke2sf_base100_3way_s46n,B,B_csv_20260930,3294a6978cb749df643f52a2e3830a30,100,09cc52f616fc557673cfd56c391680ca,1,1789439237.0
r10_smoke2sf_base100_3way_s47n,B,B_csv_20260930,23a82d05d352451801ada9d546ae14d0,100,b238ae1098cbd6cc70dc5bffe98bd329,1,1789444177.0
r10_smoke2sf_base100_3way_s48n,B,B_csv_20260930,827d2f5050f3824a9ff226ac2df99043,100,a34c9852e3ea190cd56f857427f70304,1,1789449147.0
r10_smoke2sf_base100_3way_s49n,B,B_csv_20260930,a8535579f87124bac083d2d248ed3c84,100,46dae267efd4e04f713149ad6d3ba7bd,1,1789454087.0
r10_smoke2sf_base100_3way_s50n,B,B_csv_20260930,37cd2dc8dce3d85d307860e324d43dbe,100,b160bd966aa23eb7bbbac6fd1d23e71d,1,1789459025.0
r10_smoke2sf_base100_3way_s51n,B,B_csv_20260930,4d17212570db3074d45bd3c8994ccee3,100,448876ccbd9d1e46de4ce6ed76892e77,1,1789463956.0
r10_smoke2sf_base100_3way_s52n,B,B_csv_20260930,19fd26a3342d36cd59ad583d12dc50e5,100,a7059c5f372142ca4e635f1d5491b0b0,1,1789903835.0
r10_smoke2sf_lr005_100ep_3way_s42n,B,B_csv_20260930,6fbb38bba0bc44a37282fb775a1a542c,100,4dcbdba5c767d4a556810c8987829e65,1,1789376906.0
r10_smoke2sf_lr005_100ep_3way_s43n,B,B_csv_20260930,55d33aaa6a18bf4897b608bbca590291,100,2ae6584e2f77cce6ebbbbe2779115433,1,1789381919.0
r10_smoke2sf_lr005_100ep_3way_s44n,B,B_csv_20260930,8ae4c16cd15dd02ff6e01c431509b63c,100,3cba9028f561b3279047c5d9da0487c0,1,1789386957.0
r10_smoke2sf_lr005_100ep_3way_s45n,B,B_csv_20260930,350af0ceedb75f7d26ec5950ffed2938,100,dbc49ab01252655b5ba9f5c7a3934664,1,1789436733.0
r10_smoke2sf_lr005_100ep_3way_s46n,B,B_csv_20260930,71111603ff0ed2537bbf0dd6d51be08e,100,4f97cfdb27207cf98816c21257053479,1,1789441716.0
r10_smoke2sf_lr005_100ep_3way_s47n,B,B_csv_20260930,4706e194e5812c123612700f535ebacd,100,e645d3f43f8c9ffd03fa692d4770dac9,1,1789446673.0
r10_smoke2sf_lr005_100ep_3way_s48n,B,B_csv_20260930,7ba4ca7d188d4a6ec22eca55a643dd43,100,5262500c3a18b507401d75087ec2e737,1,1789451610.0
r10_smoke2sf_lr005_100ep_3way_s49n,B,B_csv_20260930,3407f0d343f5dfcac17aaa8e70db1ec3,100,edbf1bc97759e72a1a37138e0c624f21,1,1789456564.0
r10_smoke2sf_lr005_100ep_3way_s50n,B,B_csv_20260930,1380560cade2bd1981f005b4690e99cd,100,0f5eaad7d6eac93738c4088a765e2e94,1,1789461491.0
r10_smoke2sf_lr005_100ep_3way_s51n,B,B_csv_20260930,73f3853240382de7d94859d34a2dfced,100,4bdfb7b3758bb1b470fdfad4e7fb3cff,1,1789466411.0
r10_smoke2sf_lr005_100ep_3way_s52n,B,B_csv_20260930,0b2bc346affac641fac060328960fc19,100,6b6e74faf92380e8db1cc92eb1fbda27,1,1789906494.0
r15_arch_y11_vistod15_base100_s46n,B,P1supp_B_20261002,ae83328f176ebf77a36e7fe23de58811,100,7e70b36079cedd004d0e34e99a393546,1,1790936795.0
r15_arch_y11_vistod15_base100_s48n,B,P1supp_B_20261002,46e7865e56da1a6cdb4d7630b4844aef,100,806ad77cb32515025225407194b1ee6b,1,1790936795.0
r15_arch_y11_vistod15_base100_s50n,B,P1supp_B_20261002,152b4f496500f189b98b3ebfeb3b311d,100,ed11152f9aa50771e5381bf351ca0d78,1,1790936795.0
r15_arch_y11_vistod15_lr005_100ep_s46n,B,P1supp_B_20261002,6ec1970617586b9988ac2266b11a5343,100,44d324f70375ed749802948ac86fae31,1,1790936795.0
r15_arch_y11_vistod15_lr005_100ep_s48n,B,P1supp_B_20261002,90f14d777b9c5d62ba2484c191edd110,100,5a1f40695371ddc5999ba24d5584a701,1,1790936795.0
r15_arch_y11_vistod15_lr005_100ep_s50n,B,P1supp_B_20261002,11f67218962e1d841a66f9771b3b1585,100,f6852a3ddd6c5081be4bd7570c074b68,1,1790936795.0
r15_arch_y12_vistod15_base100_s42n,B,P1supp_B_20261002,5709979dcb5019d1aa9be22f8bf859f5,100,a97957b97b2dfc0820b82b51bb2f9be6,1,1790936795.0
r15_arch_y12_vistod15_base100_s44n,B,P1supp_B_20261002,6c439285531f991aa692147e44e8b4fa,100,71d213338e1a24baa56a6ce7b61e5d68,1,1790936795.0
r15_arch_y12_vistod15_base100_s46n,B,P1supp_B_20261002,81e2cae1df573a4539eb0e2b89c60c2c,100,ce123f0391091a8d650ce4f9b94e1d59,1,1790936795.0
r15_arch_y12_vistod15_base100_s48n,B,P1supp_B_20261002,e114be3932776757ce55ea236839170e,100,4b87702dfc7eef900705fad66baecf85,1,1790936795.0
r15_arch_y12_vistod15_base100_s50n,B,P1supp_B_20261002,196e35fc6c7aea0113b43d660fe02d66,100,d9ae1aed9c19cad9dd4525e46c2e4ca5,1,1790936795.0
r15_arch_y12_vistod15_lr005_100ep_s42n,B,P1supp_B_20261002,3c8dc7c116f1811e4407c619057ec0d4,100,638a27686490c162766cab9b78ad04d6,1,1790936795.0
r15_arch_y12_vistod15_lr005_100ep_s44n,B,P1supp_B_20261002,b15ba7dbff8df7fb750666e9ba7606b8,100,a73d7aba184cb95d7dbfed7444604fa2,1,1790936795.0
r15_arch_y12_vistod15_lr005_100ep_s46n,B,P1supp_B_20261002,3031609d7afbcdd0f99406324dd5108d,100,37bc94f4946726311736b9ed28622234,1,1790936795.0
r15_arch_y12_vistod15_lr005_100ep_s48n,B,P1supp_B_20261002,58f4ab4acf9197d0a17d4aba19d1d003,100,54ce0b4083a0d28f9315cf48172e12d5,1,1790936795.0
r15_arch_y12_vistod15_lr005_100ep_s50n,B,P1supp_B_20261002,bffe9619defcf0b8911373793e50ab56,100,2b93eee8936fcdb65f8e4a15d4ab3c40,1,1790936795.0
s2ae_10p_100ep_base_s42n,B,P1ext_B_20261001,e5d43a8dedd2081153c4652f12b24103,100,e1ecc304b7f8a6fc8a9ea855e9f6201a,1,1790859732.938401
s2ae_10p_100ep_base_s43n,B,P1ext_B_20261001,7614b15dada3a6494df135d1853783c0,100,de4bb0e4be0c2ae80bbdc2d890530c9b,1,1790859732.938401
s2ae_10p_100ep_base_s44n,B,P1ext_B_20261001,c820e8ff15e56c4907a82ef2dc2334b2,100,70e7558dcd0c33569949599c2ed5b6d2,1,1790859732.938401
s2ae_10p_100ep_base_s45n,B,P1ext_B_20261001,0aa21bdf8bb5e3e7d09f789e55eb7f13,100,3db3e0cc443b2b757290b3dbd7d9c15e,1,1790859732.9456697
s2ae_10p_100ep_base_s46n,B,P1ext_B_20261001,528d58cb7577b3549d3abdaed5d7a5a1,100,6e98693c38a27d78b5f7aa6dd826fee4,1,1790859732.9456697
s2ae_10p_100ep_base_s47n,B,P1ext_B_20261001,7c1e88aa6ba5c2cd03727452ec60a8f1,100,ff430c22fe09ffb9434e9603ecfd5fde,1,1790859732.946674
s2ae_10p_100ep_base_s48n,B,P1ext_B_20261001,dd89e6ed764d1363768f50f7dd3e1cdf,100,9b0c1e9979e7371ac8687bf459c6df35,1,1790859732.946674
s2ae_10p_100ep_base_s49n,B,P1ext_B_20261001,4eb894655c53867c8021e9d2a15352e3,100,e03c32f5d1b1517efa3e950b5dfd8870,1,1790859732.9481761
s2ae_10p_100ep_base_s50n,B,P1ext_B_20261001,a31371d9cef428d47d61ea8188351059,100,be04d171911278ec0267d2f4cecaed95,1,1790859732.9490132
s2ae_10p_100ep_base_s51n,B,P1ext_B_20261001,a8807d513c06850e2d584038dbf624c3,100,1ee63345a2e5b7d44d7f7a724c8bb7d6,1,1790859732.9490132
s2ae_10p_100ep_lr005_s42n,B,P1ext_B_20261001,6b8e10ea11145cf10f6b47f1b98a504a,100,75eee476bc8ace8e0b292f9595b04303,1,1790859732.9490132
s2ae_10p_100ep_lr005_s43n,B,P1ext_B_20261001,4a31ef4a9ae84fd35b19c56efbb1c470,100,27fa7e72d2a651221fc71eb470c147c6,1,1790859732.9490132
s2ae_10p_100ep_lr005_s44n,B,P1ext_B_20261001,f8c699bd72e608b7b481e93880326e16,100,526fc4b127e6d1a333af80ad024d922b,1,1790859732.952048
s2ae_10p_100ep_lr005_s45n,B,P1ext_B_20261001,563f5bf68adca45dd76ca72e481eeb4f,100,06934607f9509fa6a0bd0bc8aec93223,1,1790859732.9530518
s2ae_10p_100ep_lr005_s46n,B,P1ext_B_20261001,d1f710f8be6eee9e055069bca7a1dd9e,100,ceb4fe3e73c06bbce6f36b2d8ce885dd,1,1790859732.9540646
s2ae_10p_100ep_lr005_s47n,B,P1ext_B_20261001,14462b951504909f6f4273c8608c12de,100,1b251f311165557501ee98c46c1fb76f,1,1790859732.9540646
s2ae_10p_100ep_lr005_s48n,B,P1ext_B_20261001,af356309386f0218d5ad1b7fe9e36f41,100,2e688a830ae4c16eb3ed29b71eb4d914,1,1790859732.9540646
s2ae_10p_100ep_lr005_s49n,B,P1ext_B_20261001,b47949e1dc702bf9fd917ad370ac0d02,100,d16ca617ebf7571d5dd17ada2d03cbcb,1,1790859732.9540646
s2ae_10p_100ep_lr005_s50n,B,P1ext_B_20261001,4a3c01dabfc2c59787afa8cb56fac8d2,100,afcf2b9f57c1453728fdfc0ca7dc772a,1,1790859732.9540646
s2ae_10p_100ep_lr005_s51n,B,P1ext_B_20261001,4e68e8bbb41a8f325e8ce7b078262f57,100,acbff4d39ba0d06414bb28deb72dcf5b,1,1790859732.9540646
s2ae_30p_100ep_base_s42n,B,P1ext_B_20261001,21ba075d46e1c219c31825fc08c7d1ae,100,24ab5678ed72b1341558a981603d570a,1,1790859732.9540646
s2ae_30p_100ep_base_s43n,B,P1ext_B_20261001,d8625a0120540d02da1cfeed8d891d00,100,1c8654be848d6eaa8f0c48d9875d987c,1,1790859732.9582167
s2ae_30p_100ep_base_s44n,B,P1ext_B_20261001,cfe50b0bf6f98761257540ce04cdf1bb,100,d54624ad59bb07ee78565edaa42cf36a,1,1790859732.9582167
s2ae_30p_100ep_base_s45n,B,P1ext_B_20261001,75fb2948f7cb2da37fc627915a55b9c2,100,ea9fefb65c0e48ed28ea4e0f39117a96,1,1790859732.9582167
s2ae_30p_100ep_base_s46n,B,P1ext_B_20261001,cb95805c36c9c7c2af02651aa7be4a77,100,bcad8c379cb134209e6fde2f12e94b72,1,1790859732.9582167
s2ae_30p_100ep_base_s47n,B,P1ext_B_20261001,26502a66feaad3ed148cb974ff3d4ae8,100,c51226062787def6d93643dd7857278b,1,1790859732.9582167
s2ae_30p_100ep_base_s48n,B,P1ext_B_20261001,6c094d85953ee87173295ccc9e1ddb15,100,4c68696312c7243a9b0355791e46f825,1,1790859732.9582167
s2ae_30p_100ep_base_s49n,B,P1ext_B_20261001,2baf6e51e638deda73af0384d350081f,100,809fc0a4cb36a71b3ef94f3cca627772,1,1790859732.9582167
s2ae_30p_100ep_base_s50n,B,P1ext_B_20261001,c1a97ce85eb5ecd6cf14deb6d44c890b,100,ecd6237a221c8555a755f881478edd90,1,1790859732.9582167
s2ae_30p_100ep_base_s51n,B,P1ext_B_20261001,63cd944174d8a95ab171bdd89f108e5f,100,a34c34c8758a9990049c2f62e8d4eb17,1,1790859732.9582167
s2ae_30p_100ep_lr005_s42n,B,P1ext_B_20261001,4882e64f4aab0dffa54a3a6ff9d6373d,100,ab2e02f8313517a45d58502c96f273cc,1,1790859732.9582167
s2ae_30p_100ep_lr005_s43n,B,P1ext_B_20261001,e077c58b7a7007ebbe1408cca42c65ae,100,f04b999da7b05644e848b33c777e0d28,1,1790859732.9582167
s2ae_30p_100ep_lr005_s44n,B,P1ext_B_20261001,dd87344761437bfa26fd6effbc11188f,100,277852d377965091c123d55c8e6767e0,1,1790859732.9582167
s2ae_30p_100ep_lr005_s45n,B,P1ext_B_20261001,2208743d2aa2aa75d25ed664cab959c7,100,ef9d7241baf6371ce2b4581c4e476351,1,1790859732.9582167
s2ae_30p_100ep_lr005_s46n,B,P1ext_B_20261001,1e28c4125c2581e69d0ccfea56b8385d,100,4c31e111760aed026d1a9b371ff83487,1,1790859732.9582167
s2ae_30p_100ep_lr005_s47n,B,P1ext_B_20261001,624e05e054821bc48c36d9f0b45aceda,100,69c1a5b2ab2eb1dddafe0f0f365a9257,1,1790859732.9582167
s2ae_30p_100ep_lr005_s48n,B,P1ext_B_20261001,4b788276c628d68e7e97199de66033fa,100,cf702f45b6d9853ea3a93ada96638b41,1,1790859732.9582167
s2ae_30p_100ep_lr005_s49n,B,P1ext_B_20261001,3e9895f67b7dd8c902330d3bda1306fc,100,ad65302120780847847428e4235c2723,1,1790859732.9689524
s2ae_30p_100ep_lr005_s50n,B,P1ext_B_20261001,880d8f6fdfe358c8e894b211aaaa45d4,100,321e073e92208c3b0a1de32fe8212fa9,1,1790859732.96946
s2ae_30p_100ep_lr005_s51n,B,P1ext_B_20261001,d910b6fa51fa6d55c9ab399b3c28a15f,100,f76bff99da83f21ffed9b3e3b9427a44,1,1790859732.96946
s2ae_50p_100ep_base_s42n,B,P1ext_B_20261001,633535b1c552f7e3c65c3c19a9743a19,100,20322df60b8cacd0134b5b0d9746a1fc,1,1790859732.96946
s2ae_50p_100ep_base_s43n,B,P1ext_B_20261001,dfd4000e0722651339229246ab433e66,100,ecfc01926aa701a551668a1a102e11a2,1,1790859732.96946
s2ae_50p_100ep_base_s44n,B,P1ext_B_20261001,2d629503c06d268dce886265eaec8e9c,100,9d3ea180d04ed49ab30fab6953f84cbc,1,1790859732.96946
s2ae_50p_100ep_base_s45n,B,P1ext_B_20261001,c3c96df64deb85b8d9a2751e7237ca18,100,8ec4970e7e99bfa592ceb8530586d2e9,1,1790859732.96946
s2ae_50p_100ep_base_s46n,B,P1ext_B_20261001,ddc57e5f940250f2be33feb323c95866,100,1ad2fdf0d86b8bc98f8ddfc858b42470,1,1790859732.96946
s2ae_50p_100ep_base_s47n,B,P1ext_B_20261001,e732065603b5dac2ffc50de63310eb17,100,178438de96b37c93e7f90432e5413176,1,1790859732.96946
s2ae_50p_100ep_base_s48n,B,P1ext_B_20261001,85efd962317a94b2ecdf8ef86d496c4e,100,dc94dda281fdf83bb0618f9286f3b41a,1,1790859732.96946
s2ae_50p_100ep_base_s49n,B,P1ext_B_20261001,1006b50036a06c7d2e2781739913a8bb,100,0a54ca9138787bec8f09ab6757fe58b4,1,1790859732.96946
s2ae_50p_100ep_base_s50n,B,P1ext_B_20261001,23b5b4cf438bf332f6fdbd2635032883,100,a8d0ead345cfb46f4227a25feaaebe0e,1,1790859732.96946
s2ae_50p_100ep_base_s51n,B,P1ext_B_20261001,d0fa759c39e3bcdc5514a9b3ebf81bc1,100,b1269828b98d9fa19f31aadec64b5ccb,1,1790859732.96946
s2ae_50p_100ep_lr005_s42n,B,P1ext_B_20261001,623050ebecfd1e7a07e0aff7f7322bfd,100,64928e95b7032538abd3dfbcef5f6d73,1,1790859732.9783697
s2ae_50p_100ep_lr005_s43n,B,P1ext_B_20261001,9929b1c4e7a027d025d559e2900236bc,100,f524f02af2bd0b03f579e46544d434c6,1,1790859732.9783697
s2ae_50p_100ep_lr005_s44n,B,P1ext_B_20261001,9b585d3012a2fc39ffe70f889b903992,100,570aa1980b9dbbe885823ed4e675652b,1,1790859732.9783697
s2ae_50p_100ep_lr005_s45n,B,P1ext_B_20261001,a11349209196cb9d3e36e006c4b9a006,100,24d00c79896f72633cca77f5243bb51c,1,1790859732.9783697
s2ae_50p_100ep_lr005_s46n,B,P1ext_B_20261001,2873909123d8b8bb726b3c8d3350133b,100,d283f601462b8e2843fd276f1b9b01c4,1,1790859732.9783697
s2ae_50p_100ep_lr005_s47n,B,P1ext_B_20261001,954e572a6e185895b40f2ff4b57ad277,100,94661134c4d2656b380dcf43bd060dd6,1,1790859732.9783697
s2ae_50p_100ep_lr005_s48n,B,P1ext_B_20261001,6a7dd4dffa45e29f862e8f9195251dfc,100,0ae918aacf73300836984369932609a1,1,1790859732.983485
s2ae_50p_100ep_lr005_s49n,B,P1ext_B_20261001,7186b93175b343d2251141c96dbff5be,100,aa6c61cce7896399336e7eac81e17335,1,1790859732.9844909
s2ae_50p_100ep_lr005_s50n,B,P1ext_B_20261001,655e78fde15b636a48a3ddce9d67231d,100,811c02a8949b583a28b0309e32f26c5a,1,1790859732.985492
s2ae_50p_100ep_lr005_s51n,B,P1ext_B_20261001,a1acbceb3ffc342839623ff21ec6294f,100,60ec3b480504809b58bfa8e3748c7b59,1,1790859732.9865007
s2hv_10p_100ep_base_s42n,B,B_csv_20260930,9f4a60aa21c580ef0c8c48bfc616595c,100,b7a628fabb584105d5d279901091f337,1,1790691588.0
s2hv_10p_100ep_base_s43n,B,B_csv_20260930,c281d76a89218c2055c05d6ee8abf912,100,b3e74fdf7cc1bddaea8f729fdb137e2c,1,1790749351.0
s2hv_10p_100ep_base_s44n,B,B_csv_20260930,a06cc30a7de440b5e10024164aa8cb88,100,3040ad244eb547851ae6344e6bcac08c,1,1790691955.0
s2hv_10p_100ep_lr005_s42n,B,B_csv_20260930,9798968fed069c1de7b0d2479842d767,100,f35971cde911fa1e37cb36cf747bffef,1,1790738317.0
s2hv_10p_100ep_lr005_s43n,B,B_csv_20260930,5d17f480f0af3d8807fd8719fac88aa1,100,7d6c8efb0ddce858a5ff44df6d7cb863,1,1790692318.0
s2hv_10p_100ep_lr005_s44n,B,B_csv_20260930,1a0b1bb87d78062793e8beb5b0d6c23c,100,6c951f5a801785856fb3d73734c0f126,1,1790748567.0
s2hv_10p_30ep_base_s42n,B,B_csv_20260930,19fc2413cc3a6aba84b6ecc701b2526f,30,3b3b73ba60511a62ab2aefb99e22dfce,1,1790690775.0
s2hv_10p_30ep_base_s43n,B,B_csv_20260930,c78b58ef9c64d60285b54f08bd9b7d3a,30,b8eb7a7b2ce6f71d2bedfa2b76f663cc,1,1790737779.0
s2hv_10p_30ep_base_s44n,B,B_csv_20260930,7e39e84797725395109913beb267e964,30,1a425211e5d841e212f731a101d4e4a8,1,1790691073.0
s2hv_10p_30ep_lr005_s42n,B,B_csv_20260930,a4364dbbb4c6bb70eec6f0dff4be6243,30,658d61a4311eab6dfaa6bf9c649efd7d,1,1790752466.0
s2hv_10p_30ep_lr005_s43n,B,B_csv_20260930,a2f9ede88b46f4e5616d24889332ef44,30,7ff32e3aafd5b2a6aaa241ad6477c5b7,1,1790691218.0
s2hv_10p_30ep_lr005_s44n,B,B_csv_20260930,e07b60b5db35f642ff3c0f0c51b107cc,30,ec8e4206a7fb5c228d9c18ede5630ce9,1,1790737949.0
s2hv_20p_100ep_base_s42n,B,B_csv_20260930,2156e3e64e0210fa4891c314028eb80d,100,ff0cf9b7745146757b4c47308746903c,1,1790693276.0
s2hv_20p_100ep_base_s43n,B,B_csv_20260930,02745311c1ab570e32e79faee8b278d1,100,330058943b8349da9255e8c6f3612f90,1,1790749002.0
s2hv_20p_100ep_base_s44n,B,B_csv_20260930,047a14324dc7be23357bed4322d145a6,100,951176322e562ac36a328e85f120f619,1,1790693716.0
s2hv_20p_100ep_lr005_s42n,B,B_csv_20260930,ae823fd40a4b1a803e83be3c5a131b3a,100,d61cbd4805e9cc7e35710a739d752602,1,1790739079.0
s2hv_20p_100ep_lr005_s43n,B,B_csv_20260930,5fca518ef297c84e952bdd6d68082d5c,100,2d4d8564e75d8fa9637d63eb6e212a85,1,1790694174.0
s2hv_20p_100ep_lr005_s44n,B,B_csv_20260930,e601ef390058e6f936bbbeb2840b19ce,100,785fbf04ccd2250829df387d930cbd94,1,1790750029.0
s2hv_20p_30ep_base_s42n,B,B_csv_20260930,224e8c58877964d59f8b1a50c9bc518e,30,cbd8716820cedb1799769f82da0e3c43,1,1790692487.0
s2hv_20p_30ep_base_s43n,B,B_csv_20260930,65358255deafe5447a5e829e78a4853a,30,01d47607323aeb3eb44d9613fdacd752,1,1790738474.0
s2hv_20p_30ep_base_s44n,B,B_csv_20260930,ad03435e15d4de7bfc02a95edc617774,30,9fbc2a798368d46600bab874c5ac1f12,1,1790692684.0
s2hv_20p_30ep_lr005_s42n,B,B_csv_20260930,c95339bc85a6019c0e2b6003d3f3bd0e,30,7764bea2b4dc3cea8777413f11071d5a,1,1790749536.0
s2hv_20p_30ep_lr005_s43n,B,B_csv_20260930,1fe8c1d5c2eb3e735e56c04b1f942629,30,1a1907efae968f54ba493bacc919b428,1,1790692842.0
s2hv_20p_30ep_lr005_s44n,B,B_csv_20260930,63bd265576e81faf19dffe3c7d289f73,30,42d601cb98f4ea80d4c16c4b8d6c9859,1,1790738660.0
s2hv_30p_100ep_base_s42n,B,B_csv_20260930,7a64cc46cdb7a3f3f8fdf1d8e234206d,100,bf9c5b4e8daf4c98b5861042f44ca107,1,1790695349.0
s2hv_30p_100ep_base_s43n,B,B_csv_20260930,b91b8c56d7bae6e80d8cd22c1499aa40,100,ce227a89adca6cf0f1cfefcc2d4c32e5,1,1790750607.0
s2hv_30p_100ep_base_s44n,B,B_csv_20260930,a13004686c876dcbeec22d8dfd97b207,100,5c9d21392117551fddf99eda8cffb257,1,1790695898.0
s2hv_30p_100ep_lr005_s42n,B,B_csv_20260930,1e2d1392bdc2bf7ff01756d3f5d2e589,100,b2b495006a1dba1066094aef08122cd8,1,1790740062.0
s2hv_30p_100ep_lr005_s43n,B,B_csv_20260930,5e0e359bb6acd837c006fb5e7bfece43,100,eb74a08cdac5f7aad23fa0031c0dda33,1,1790696096.0
s2hv_30p_100ep_lr005_s44n,B,B_csv_20260930,ad35309eadb722469cdc371bcb9cfb7f,100,aa41c8c89179dead82e5b729effd566d,1,1790749771.0
s2hv_30p_30ep_base_s42n,B,B_csv_20260930,c68600e3e3a66d3183bb37996270e9b7,30,4da8958d875fc524ebc02df0806b196e,1,1790694370.0
s2hv_30p_30ep_base_s43n,B,B_csv_20260930,7ae2d5eacde77a0ca4e3d0c96463ecfa,30,6409189e198e86a0c66d01a831d56b2d,1,1790739283.0
s2hv_30p_30ep_base_s44n,B,B_csv_20260930,55d5114dc9c4029aa5ff5d770ee51599,30,ad120e4389967decff89c79948930f19,1,1790694570.0
s2hv_30p_30ep_lr005_s42n,B,B_csv_20260930,73658fe849326f21f76e5ff10a921a58,30,dc9c79b9f1d439d539f3ced4066da023,1,1790749222.0
s2hv_30p_30ep_lr005_s43n,B,B_csv_20260930,ac35facc342a604a6b55ba8d02db7aa1,30,900dedf73646929758336540d6e37b6c,1,1790694809.0
s2hv_30p_30ep_lr005_s44n,B,B_csv_20260930,0552efe8aba6a2311bde70ba1f34a296,30,0d0f5a563b2c31ed8fed344bc120e54f,1,1790739563.0
s2hv_40p_100ep_base_s42n,B,B_csv_20260930,51ae3774ce53c24283035e6b90701f14,100,376b9cf799dfb91087b7e588d13c7c0d,1,1790696964.0
s2hv_40p_100ep_base_s43n,B,B_csv_20260930,552e0e84246b18600021aeaf5553e5d2,100,04f59c59a19d0d015e44d842f1fa2e2a,1,1790750432.0
s2hv_40p_100ep_base_s44n,B,B_csv_20260930,e95aac3f0eaff97dafda89f35510b38f,100,7a462fced574e647e094b7771f789d46,1,1790697008.0
s2hv_40p_100ep_lr005_s42n,B,B_csv_20260930,e12fe2df74b84070d31525e01a43a201,100,49f0a54d6fc94fc76203285d6db9e1f1,1,1790741044.0
s2hv_40p_100ep_lr005_s43n,B,B_csv_20260930,f46488787c569ced77d949165e723c21,100,a461a71d8a8fc0ae5b3ae078bafd3e60,1,1790697535.0
s2hv_40p_100ep_lr005_s44n,B,B_csv_20260930,186d4545de77a682edb936072c98af1c,100,eb8eec850730135a52a51544dbe142b6,1,1790751413.0
s2hv_40p_30ep_base_s42n,B,B_csv_20260930,a73ccad891689984e754b877cb4a8d51,30,0ceaca33ce92d53f72292577e19b4461,1,1790696142.0
s2hv_40p_30ep_base_s43n,B,B_csv_20260930,d79d2899abe8df33abd7eef573c36b3f,30,d89b759d52f8a25c9a0cde0a0b31d188,1,1790740278.0
s2hv_40p_30ep_base_s44n,B,B_csv_20260930,41339d8e8e88de540da83a2df3a54ca8,30,2e4f90990d426be16668eef2af3ff351,1,1790696345.0
s2hv_40p_30ep_lr005_s42n,B,B_csv_20260930,0ac98e0684fb6e6ae83630a591752e8a,30,5e76db8ff706c95e7b6a03e952b02c19,1,1790750865.0
s2hv_40p_30ep_lr005_s43n,B,B_csv_20260930,e5d46dc0210a0b3f89341073a4b6ac7e,30,883a0cde91374c432feef5da7cdf53f7,1,1790696382.0
s2hv_40p_30ep_lr005_s44n,B,B_csv_20260930,f6c70fabc84b8184d9a1b7325e5bd3b5,30,712aecdfa950149c43e23cf7f7eef706,1,1790740497.0
s2hv_50p_100ep_base_s42n,B,B_csv_20260930,f02ca045c204424ec6f70fa2c8ef72e7,100,ee04b65512bee57a38b8ca9ae19ba17e,1,1790698281.0
s2hv_50p_100ep_base_s43n,B,B_csv_20260930,a6ae985932091faf414fb432a1d9985f,100,6060db7b2b943dd359c8344e49be79a6,1,1790752048.0
s2hv_50p_100ep_base_s44n,B,B_csv_20260930,69a9e12337d036005585de0e1862f745,100,0c6aef77176107476a8f841df7b37bef,1,1790698508.0
s2hv_50p_100ep_lr005_s42n,B,B_csv_20260930,0511fad3ac46e698516ce91c78db15b6,100,da3c6f7087b14660689fbc45968d586b,1,1790742061.0
s2hv_50p_100ep_lr005_s43n,B,B_csv_20260930,7460cd375a54250f0a224497376900de,100,b19f1c7f131ce6b0be35475714618b8a,1,1790698919.0
s2hv_50p_100ep_lr005_s44n,B,B_csv_20260930,213b9d2b061dd8cf46875f92a63ec118,100,d6d5ec2d4c4199c14faaba1f76a86532,1,1790751339.0
s2hv_50p_30ep_base_s42n,B,B_csv_20260930,5b5497907eccf9baa495b62d68215ce3,30,63301cfbda55d7b8a047a8194352cd5f,1,1790697265.0
s2hv_50p_30ep_base_s43n,B,B_csv_20260930,1566bd54f2ea9af63f81712f033253cb,30,8aa342281eacbc869338654f8e5a3deb,1,1790741277.0
s2hv_50p_30ep_base_s44n,B,B_csv_20260930,bafb00c2a3342dc01d15754dcfa66422,30,b3d302f4b217a0b3e2c177677d8b3fe6,1,1790697501.0
s2hv_50p_30ep_lr005_s42n,B,B_csv_20260930,79fe98d308528e61e74ce0576137f83d,30,8f7b5ead4df94be5d032c1d7257e090a,1,1790750713.0
s2hv_50p_30ep_lr005_s43n,B,B_csv_20260930,e55eca9859cc95effe377ebcf68b9e03,30,c68012e1680a42220e37ab890d6396ca,1,1790697773.0
s2hv_50p_30ep_lr005_s44n,B,B_csv_20260930,02e4d5f8aef5de015d8a44f4c94d3b07,30,79d4153efae2fdf1da47a0bd29439761,1,1790741504.0
s2mk_10p_100ep_base_s42n,B,B_csv_20260930,73e00049f28efdd0a799f41c8eee3eba,100,0cdb710409c94b6387f6b58561b103cc,1,1790629156.0
s2mk_10p_100ep_base_s43n,B,B_csv_20260930,02a325a54162edd62b127f2b82655168,100,5fa9d795c9727d9ac9ef464f8bce8dac,1,1790742707.0
s2mk_10p_100ep_base_s44n,B,B_csv_20260930,f59f5c872d472f22d356175ee927218d,100,4b1d622869d914b3f877488dcb12860b,1,1790629795.0
s2mk_10p_100ep_lr005_s42n,B,B_csv_20260930,708ebf5b90d45030e07e64095cb9cd4e,100,af8a9db4c213995df0d189abc8e8f0b2,1,1790646698.0
s2mk_10p_100ep_lr005_s43n,B,B_csv_20260930,60b7df2f1fc9846825bdf1a32f2a2ecb,100,8495c375ee80315059236677675e4234,1,1790630426.0
s2mk_10p_100ep_lr005_s44n,B,B_csv_20260930,98565cd8d6ddc6c94f258b10f274befd,100,55986b8c71f6fb3659f0eb43c6b9ca1e,1,1790699498.0
s2mk_10p_30ep_base_s42n,B,B_csv_20260930,dddde26fa24348441813ef3205415f8e,30,1c9caa0cb542ba9492e9876b7748b7da,1,1790628047.0
s2mk_10p_30ep_base_s43n,B,B_csv_20260930,fe0634a0c72fbe93cfb3f870c8d6fdc4,30,11ccd45168174ca3047866798ab4ba21,1,1790645770.0
s2mk_10p_30ep_base_s44n,B,B_csv_20260930,5f2459e188631f53997308eb9d75b069,30,2af0e738ee5420c5151c3c8cf528e228,1,1790628296.0
s2mk_10p_30ep_lr005_s42n,B,B_csv_20260930,d1b3f07fefbfcdb239d74d1ab7f95630,30,b7a197e794c925ae14680e2387811aea,1,1790698760.0
s2mk_10p_30ep_lr005_s43n,B,B_csv_20260930,1db7f95415c05fd7fdd4fcd3ac5ca0e0,30,0c38c569944031154742222f251a8306,1,1790628530.0
s2mk_10p_30ep_lr005_s44n,B,B_csv_20260930,5f4681cde7c1686131cc96b4d6a981b8,30,c840b1335b563e776513bc75bab489e2,1,1790646020.0
s2mk_20p_100ep_base_s42n,B,B_csv_20260930,829d21acfcfc40a2442d15b2cf4a820b,100,7807aa87aac20183f54c0f89f9a6b329,1,1790632358.0
s2mk_20p_100ep_base_s43n,B,B_csv_20260930,92acef88b03ba5661e61b36d9835b660,100,c920c8d5b6350d46c0ef7ccb9dd0cf1c,1,1790752306.0
s2mk_20p_100ep_base_s44n,B,B_csv_20260930,ae1ec321fb0c26b7ddd6a3ce5acf0b3c,100,4a4af38ce752fdcbab61d2cf83c2fc7b,1,1790633300.0
s2mk_20p_100ep_lr005_s42n,B,B_csv_20260930,19abf7b5d7e5aa39fc2542f9dfcc5696,100,05084db21799a7915cb11ae53b5171e4,1,1790648346.0
s2mk_20p_100ep_lr005_s43n,B,B_csv_20260930,dd248090ead17a1e70ed21f01d3189ab,100,ebf23d48b60d10970f2eabf191a22fa5,1,1790634254.0
s2mk_20p_100ep_lr005_s44n,B,B_csv_20260930,4cba95300dd3b65fd8593c6b670b6a29,100,22ac41d0d687f009fe7a291da65ff785,1,1790700308.0
s2mk_20p_30ep_base_s42n,B,B_csv_20260930,f8d7833954026752e3837d8d750e94b2,30,86276750b78efe750abd5cfd6efc61da,1,1790630808.0
s2mk_20p_30ep_base_s43n,B,B_csv_20260930,bfd72b5d83733352af851c52c36652f1,30,d314a5996d6e7750c97de4057248ed29,1,1790647026.0
s2mk_20p_30ep_base_s44n,B,B_csv_20260930,a6c8b84413be8059035c13cf3d649b97,30,3d5fb06cb310b8ce2edfa1675128bd28,1,1790631130.0
s2mk_20p_30ep_lr005_s42n,B,B_csv_20260930,7f98348deab9442630789cb21676f778,30,37f4da53d1076cfe12d6a8193fc96c8e,1,1790699268.0
s2mk_20p_30ep_lr005_s43n,B,B_csv_20260930,f8bb636dc9972ab4abf0bee573f5ba06,30,877922d43fbe4a2c34ab5f8922124f55,1,1790631449.0
s2mk_20p_30ep_lr005_s44n,B,B_csv_20260930,d29c08e96fb2ff03c8f76a5e0dfca2a8,30,8c23b9669d18d490563c150504aaec4d,1,1790647384.0
s2mk_30p_100ep_base_s42n,B,B_csv_20260930,0d3674dd6d5500a1c49b8d66ca73e7f3,100,f34b2bbaaf4f9919d32921c77b60de4a,1,1790636775.0
s2mk_30p_100ep_base_s43n,B,B_csv_20260930,e2db6e6a96935b110348ead673a65e23,100,2272320b4652a628e375608849c53643,1,1790701650.0
s2mk_30p_100ep_base_s44n,B,B_csv_20260930,d424e61b33396f48c3cd6f3e9f9b5299,100,3248fe17036e92e2ba3711e0714ac417,1,1790638034.0
s2mk_30p_100ep_lr005_s42n,B,B_csv_20260930,912a64c4b5f63b2d7afb72e1c02948f1,100,e718d49ead9c5227f3815d3585ef6118,1,1790650441.0
s2mk_30p_100ep_lr005_s43n,B,B_csv_20260930,a40156bd152ff9c3b8538dc20aaff600,100,0578e0fc14ce9157881c53a95f3bc6e8,1,1790639253.0
s2mk_30p_100ep_lr005_s44n,B,B_csv_20260930,f5b7662aec3653106bcdc32df2c24b54,100,09f1e9f68cc9427df3f1fa818c95d5c7,1,1790701329.0
s2mk_30p_30ep_base_s42n,B,B_csv_20260930,3d5248671e09d012a36d8fd2f4995e75,30,c010c3b19deeeb11ba4678caada5f5b7,1,1790634679.0
s2mk_30p_30ep_base_s43n,B,B_csv_20260930,4607c0716df2b3c16bf567f58efbe176,30,4e5c89e3fadf93103411c0b58becd33c,1,1790648766.0
s2mk_30p_30ep_base_s44n,B,B_csv_20260930,995c8ffc49b532f25416d7e2a1704c1c,30,27c6bc034dbdf078daa680e87932520f,1,1790635101.0
s2mk_30p_30ep_lr005_s42n,B,B_csv_20260930,a718ab563677e3663a8de7a08867464c,30,1041c15b0458f2c4ae4e64183c47d0da,1,1790699989.0
s2mk_30p_30ep_lr005_s43n,B,B_csv_20260930,0953329ba7d4c304018bc1b3a31db73d,30,767a0cf7b1410b073d241eb7e8d8e036,1,1790635516.0
s2mk_30p_30ep_lr005_s44n,B,B_csv_20260930,bd977a68b9c7c24f4de8dfe470f2bf77,30,57a729a867781650d5fd323666ce32ba,1,1790649204.0
s2mk_40p_100ep_base_s42n,B,B_csv_20260930,a1d9afd7d5b171c3de68d8c699bdbf6f,100,a1b862019362bc28fee352dd58b3b079,1,1790642253.0
s2mk_40p_100ep_base_s43n,B,B_csv_20260930,51ecc2270a944852fb59c5868b4d3b49,100,d7ddd15232720b8fa35d5f40896a1833,1,1790702969.0
s2mk_40p_100ep_base_s44n,B,B_csv_20260930,c26e562f5813297f0e77ecc4881bc30b,100,a8b040aac44952e3b58475a00549e18c,1,1790643805.0
s2mk_40p_100ep_lr005_s42n,B,B_csv_20260930,228b04d055395d5603f0b0efe8c65c44,100,bbb33eb2084786f1dc2503c9ebb5e6d3,1,1790653116.0
s2mk_40p_100ep_lr005_s43n,B,B_csv_20260930,39938f03d5fac7ffcd114703f5629e85,100,15de273cc10a02c1c97b1952f06be229,1,1790645414.0
s2mk_40p_100ep_lr005_s44n,B,B_csv_20260930,a6bdd94035396d19c1e41784bc72aff3,100,47d2c4b2f3304ed7bfd87c727fc8584a,1,1790703826.0
s2mk_40p_30ep_base_s42n,B,B_csv_20260930,16274c8900f6f078162cb23c5ac71345,30,11dc4d8fb6b1b172313bc12ee57a7694,1,1790639784.0
s2mk_40p_30ep_base_s43n,B,B_csv_20260930,65eda0f4c444a4d17aacc8dbbf025386,30,c23786e31392ca947336422af0664eef,1,1790650946.0
s2mk_40p_30ep_base_s44n,B,B_csv_20260930,f697cb5c296ca163390fb34dd4e90ff7,30,fb5ef0daf9c92be670c7e05d89536679,1,1790640272.0
s2mk_40p_30ep_lr005_s42n,B,B_csv_20260930,6cdc905fd907bbc5fa821d1f40072e56,30,a8afe1f5a9759b213354d0aa338c750e,1,1790702200.0
s2mk_40p_30ep_lr005_s43n,B,B_csv_20260930,d857f17f41602d051c9745bb596df50f,30,498f3e337d29ab5300f4e60bad0f0d23,1,1790640742.0
s2mk_40p_30ep_lr005_s44n,B,B_csv_20260930,b7d60dea182886e6806eec801256616f,30,201c74010d62f7ad09f7eac1a6ab92eb,1,1790651477.0
s2mk_50p_100ep_base_s42n,B,B_csv_20260930,8ca390b9de6f376a600408c33333907c,100,8465926bd21671c9c6612e71a69ab887,1,1790656779.0
s2mk_50p_100ep_base_s43n,B,B_csv_20260930,9d1dd3b65af653fa32b37463d1546abc,100,eff0ff3afa1d67caba64ff841e9630c4,1,1790706373.0
s2mk_50p_100ep_base_s44n,B,B_csv_20260930,dc1458d140646c76a7e2fc39ba1cd6fd,100,b2dab97b828a5566c3bbefb1fbcb7e75,1,1790658585.0
s2mk_50p_100ep_lr005_s42n,B,B_csv_20260930,d601631b52dda060698494ae48079d5f,100,3d245d48910e36100d5076f936899d5a,1,1790706067.0
s2mk_50p_100ep_lr005_s43n,B,B_csv_20260930,ea278b76732a0abc92c1940b02071460,100,56f3f67d77ef2fec56aa23848a4a26ad,1,1790660426.0
s2mk_50p_100ep_lr005_s44n,B,B_csv_20260930,82a4101a8c2e8cf754923515a961a5f6,100,ecb13daf485fe9600c0329e10f771a29,1,1790708274.0
s2mk_50p_30ep_base_s42n,B,B_csv_20260930,4b86731f1d230bcb95c66fb985f13665,30,7b856885714170e0a62dfa46e0056726,1,1790653734.0
s2mk_50p_30ep_base_s43n,B,B_csv_20260930,79fccb0637fb2890dc38ba66a3e6c987,30,d0b43a72fa3fd22add6e867b855b471f,1,1790703577.0
s2mk_50p_30ep_base_s44n,B,B_csv_20260930,b6d8fe6cf7cf4e5f41ae102d3dbf46b0,30,59a633bb113ba92408de864edf8acca6,1,1790654331.0
s2mk_50p_30ep_lr005_s42n,B,B_csv_20260930,4606895ae90210e55432d1baafb5526f,30,18884b704a94a69e0097fde591705982,1,1790704465.0
s2mk_50p_30ep_lr005_s43n,B,B_csv_20260930,3141ebea7cae71495a7e9c80a68679b4,30,4ff8dea7662b3cb606a9cd5c030ddd1e,1,1790654939.0
s2mk_50p_30ep_lr005_s44n,B,B_csv_20260930,f747096cdc80ca1841d1071fb3fa9618,30,a650461dce32f2f8866935bbaa1b827d,1,1790704207.0
s2sm_10p_100ep_base_s42n,B,B_csv_20260930,3378cfa6cefc58f56ea1682344b75f91,100,d2643ca99d570ba777482b5e77fe8400,1,1790665229.0
s2sm_10p_100ep_base_s43n,B,B_csv_20260930,ed80b93c46b6b610a5d06379a590d649,100,978b2cca7e3cb61d3aace0a283c94768,1,1790711444.0
s2sm_10p_100ep_base_s44n,B,B_csv_20260930,dd72f2fa8f0e02ee86684e6321f0a65f,100,59dfa2d3d1c8ba9101e05f6543f106b2,1,1790667620.0
s2sm_10p_100ep_lr005_s42n,B,B_csv_20260930,be218e3e54a7ada7e32f58297acb68a2,100,4d5fc70fbacf6491f14d934abae6ba1b,1,1790710076.0
s2sm_10p_100ep_lr005_s43n,B,B_csv_20260930,69f28cb6e386f5de2c00658435143e7e,100,b2173b01e06d9fdb229db1685680af02,1,1790670029.0
s2sm_10p_100ep_lr005_s44n,B,B_csv_20260930,6ec4be77bbefbe69e604dbd037054914,100,bfe1ade752325696117ef60e63cf34b2,1,1790713814.0
s2sm_10p_30ep_base_s42n,B,B_csv_20260930,6a87dd4b19c6b3f916c3d7f679c158fa,30,d4dabfcc50a5a15cf3cf4a3960e507b4,1,1790661210.0
s2sm_10p_30ep_base_s43n,B,B_csv_20260930,06e36a78beb0801472f402e13308f744,30,4accacefe2527cb07bf0fa3757dc9a99,1,1790706866.0
s2sm_10p_30ep_base_s44n,B,B_csv_20260930,50e5649d3c1301f5447a0b52e4759b93,30,7cf87bc8f17df71c939b0faae75505b0,1,1790661991.0
s2sm_10p_30ep_lr005_s42n,B,B_csv_20260930,4487d9d5f2927141d61a911945043d1b,30,491bb575b7fee01c1cbfb27260d2e59c,1,1790709052.0
s2sm_10p_30ep_lr005_s43n,B,B_csv_20260930,245c3b1d6390f3cb1294b263e2e005fb,30,c5f9906beffcc58062daa3fa41ecc22c,1,1790662808.0
s2sm_10p_30ep_lr005_s44n,B,B_csv_20260930,1ea65abf8e5e64ab5c7dd700446b6cbd,30,292b6cda9eb6dc6ac5402f3aacefe4e3,1,1790707672.0
s2sm_20p_100ep_base_s42n,B,B_csv_20260930,29c0623b7153732e46e2bfd860413f62,100,3bbcd403518dd63ab6eefd5755defd7a,1,1790676510.0
s2sm_20p_100ep_base_s43n,B,B_csv_20260930,f4808dd7843234245c641b3bc66d814d,100,5fa72381612f4b42e3ed1f9ec5d7feb0,1,1790717933.0
s2sm_20p_100ep_base_s44n,B,B_csv_20260930,19bfd42992b1403e53ef8444b94091ed,100,8ea7e16b18910be632a3adfa1d2d7cd4,1,1790649068.0
s2sm_20p_100ep_lr005_s42n,B,B_csv_20260930,d2e1a5c0ba26b83430da915da116173e,100,c295d293b02b2d37898563c1cb6b3e87,1,1790715126.0
s2sm_20p_100ep_lr005_s43n,B,B_csv_20260930,b490895358cf3021ffead015a4d990a7,100,8d1ce2f3999135d56bff4dfca58f7bc5,1,1790652296.0
s2sm_20p_100ep_lr005_s44n,B,B_csv_20260930,7484613e4acb03b5d1ae7e9e07b6faca,100,cfad16835be2c44f0403a7c75ad3a6b9,1,1790721085.0
s2sm_20p_30ep_base_s42n,B,B_csv_20260930,275e5d795d36b39d64f2790d68b5a6b8,30,30fe8ea36d1c43b3482fc4ec9f25c6a3,1,1790671046.0
s2sm_20p_30ep_base_s43n,B,B_csv_20260930,a6aec51fbf8b393b2b4fde778160dd67,30,ac167305dcbb54d2f894a008bf5d9048,1,1790711089.0
s2sm_20p_30ep_base_s44n,B,B_csv_20260930,5ad5582970aab63743e19ce75cf12e82,30,1e4b234590e74bcae9bbc102258712ba,1,1790672127.0
s2sm_20p_30ep_lr005_s42n,B,B_csv_20260930,b16abb494636cd228447b15552d96325,30,ef055ca96dc8cdb529e264cfec391aca,1,1790714807.0
s2sm_20p_30ep_lr005_s43n,B,B_csv_20260930,fc9574e557b7a646756daf6bd908617a,30,e2b8d67e92cfdffa7a42d168b530a120,1,1790673260.0
s2sm_20p_30ep_lr005_s44n,B,B_csv_20260930,b6ed359c22279e726ec570343d00782e,30,963982de5b89e0a79a511777fe0eed55,1,1790712071.0
s2sm_30p_100ep_base_s42n,B,B_csv_20260930,821502b9e7002af3b99fd25ca95b37af,100,bf64aa9851cc29a7a444b9d4940049a9,1,1790660426.0
s2sm_30p_100ep_base_s43n,B,B_csv_20260930,afbaf6dc21561abc5cb12186311557a6,100,e6faf581ed7fc5a80e2f80b8f27aba75,1,1790726277.0
s2sm_30p_100ep_base_s44n,B,B_csv_20260930,894943c32ff6cbf9b743bdf1f54c9813,100,7947acf3125de11681359a4386fbafd7,1,1790664389.0
s2sm_30p_100ep_lr005_s42n,B,B_csv_20260930,e71bf1f69dd37c25034bd8ef57ea206a,100,81de7a2a681e028df7d2fe3749baef5a,1,1790721438.0
s2sm_30p_100ep_lr005_s43n,B,B_csv_20260930,bb52eff7d5ffdc19290469b5ccd0661d,100,02d044be9f4de5317c7db990f8fcd6e7,1,1790668188.0
s2sm_30p_100ep_lr005_s44n,B,B_csv_20260930,dc8429a834eafbaf0e303f3694af6a01,100,0d5c3f21ad122219ea439f35f52d6d41,1,1790730039.0
s2sm_30p_30ep_base_s42n,B,B_csv_20260930,d2f198496dfd2a2cd91db20066d96afa,30,310fa0a533de667893c9ad24fef0b419,1,1790653676.0
s2sm_30p_30ep_base_s43n,B,B_csv_20260930,05a2c1986d0aecc1a9474240b09ed002,30,6b8fe4e15e99560b7b650ee47d79f2e9,1,1790716316.0
s2sm_30p_30ep_base_s44n,B,B_csv_20260930,52ea71c233d4c4cc44dfb3e283a6f2b4,30,748856da9046822901c3a3a8d46f40f5,1,1790655011.0
s2sm_30p_30ep_lr005_s42n,B,B_csv_20260930,065da058a6f47b7a73c27f89f83fe661,30,f699939af38395332d58f7d902a4d930,1,1790722329.0
s2sm_30p_30ep_lr005_s43n,B,B_csv_20260930,c5088e96602f731db488c4e34c858787,30,72c8d042d8f64fffe95fc97c53b3c0ec,1,1790656300.0
s2sm_30p_30ep_lr005_s44n,B,B_csv_20260930,077803dbd9c9ada99ce0139f737d16b9,30,b016216817b9b340bc8b6e0331cf0f19,1,1790717531.0
s2sm_40p_100ep_base_s42n,B,B_csv_20260930,081c88b9b9e7d1c51a46eab71e6d9c86,100,fcf68daaf276855ded9252da987bcba9,1,1790677558.0
s2sm_40p_100ep_base_s43n,B,B_csv_20260930,5b83ab4b3a5bb26c9b1fd6ac2e1b3fd7,100,aff1c0c1509f89f4ad7937a2ae1d27ad,1,1790736274.0
s2sm_40p_100ep_base_s44n,B,B_csv_20260930,6b9db049810985116c5f18479113395c,100,f5e2bb09e51c0a1adc52d72f04c60712,1,1790681393.0
s2sm_40p_100ep_lr005_s42n,B,B_csv_20260930,b1a79c6df15e1dd8e22d73be24c16321,100,88435031b4eacf19a79ebfb16fb2933d,1,1790728774.0
s2sm_40p_100ep_lr005_s43n,B,B_csv_20260930,bfdab86aad52d9c91f0e693b138358f6,100,4718467a2d9ab966cbe26051f9a7a41b,1,1790682266.0
s2sm_40p_100ep_lr005_s44n,B,B_csv_20260930,9c43643515f1a9098e9975c411469059,100,80655100cc4dd6752b490c71272a091e,1,1790741654.0
s2sm_40p_30ep_base_s42n,B,B_csv_20260930,994dfcef6b141aeb9f2a6a7141d9b5f0,30,1e2a1d9038b6358afc9ea2370aa6bec1,1,1790669773.0
s2sm_40p_30ep_base_s43n,B,B_csv_20260930,b9eda65e15854e8be7e9235291825bfa,30,caae86498d7319a185f255a699ad5ad4,1,1790722902.0
s2sm_40p_30ep_base_s44n,B,B_csv_20260930,1f03f8c4f7815b69995b9672b0d54c9a,30,c735fdaa67e735952d30cb3618f65809,1,1790671221.0
s2sm_40p_30ep_lr005_s42n,B,B_csv_20260930,ec1fb7b4861cedb07a0c4c8aa63b39bf,30,98ded0a5a5cb39bb415d9011ba60c0e3,1,1790731458.0
s2sm_40p_30ep_lr005_s43n,B,B_csv_20260930,a1bd245571af15515cdcea3610130b2a,30,a44e356880b2f5d908b21cea094733d4,1,1790672706.0
s2sm_40p_30ep_lr005_s44n,B,B_csv_20260930,0ad7ee06e66002034085b309b2d28cb6,30,d5140dfc254c947c19c8a6ee72a15460,1,1790724400.0
s2sm_50p_100ep_base_s42n,B,B_csv_20260930,eb7378051fa09cf27668af29d86eea64,100,4c68062cd71c9b77f4a29f66e48e8828,1,1790689459.0
s2sm_50p_100ep_base_s43n,B,B_csv_20260930,9a9f8cbf347988716b53096bf2ec1414,100,a4bbb30172018e8d647ff0ef5523aa2d,1,1790748205.0
s2sm_50p_100ep_base_s44n,B,B_csv_20260930,fb3eef4dde72557a5e13b1e3411e051a,100,d9a31c9560f3a597b7a16d5205f226a6,1,1790690525.0
s2sm_50p_100ep_lr005_s42n,B,B_csv_20260930,9c65a6ab975313519df3645ae791c6d3,100,900fbf7282dcff9b670d0c7ee0a83acf,1,1790737554.0
s2sm_50p_100ep_lr005_s43n,B,B_csv_20260930,500431253c8f844695aed846a0feacc0,100,4cf8b80f52980551f351429b6b772442,1,1790695531.0
s2sm_50p_100ep_lr005_s44n,B,B_csv_20260930,737baf1a684203e0afe36eea419e1d14,100,0a675fcdf2dd5208b3a2c2338b133735,1,1790748909.0
s2sm_50p_30ep_base_s42n,B,B_csv_20260930,49b0799c75032243dcc4fcedd225cd35,30,5690f5018fe9e48e2b2f4821d9c3e47b,1,1790683251.0
s2sm_50p_30ep_base_s43n,B,B_csv_20260930,89f5b674f389c9f5e23a5a302d8b65fc,30,4987d770e3680126d44d7a21e97037a8,1,1790730400.0
s2sm_50p_30ep_base_s44n,B,B_csv_20260930,ee5f70705d011b8f2350b0cebdb9ac3c,30,f3a355be61c010b3a8d183b4f71108ab,1,1790684018.0
s2sm_50p_30ep_lr005_s42n,B,B_csv_20260930,aebc613f59864889f91d6350d7d15d78,30,b9ca281492f1008f348a2afda502ec13,1,1790743411.0
s2sm_50p_30ep_lr005_s43n,B,B_csv_20260930,69df3ad41d437915861d869d01561b7e,30,cc57ebcfdef704d8a55e09da5c42180b,1,1790684975.0
s2sm_50p_30ep_lr005_s44n,B,B_csv_20260930,6f6c6972759794093c4d87d5d9d61619,30,552690de0ded7d0c7b5267f3f93c3e60,1,1790732011.0
sfchd_tonly_base100,B,B_csv_20260930,77bf965ddcb12748164dbb21082787fe,100,debb270f1ce40bcfb51ab85d844cad6a,1,1788598658.0
sfchd_tonly_base30,B,B_csv_20260930,74ab93bc9149bf2d662cd2db019f59ba,30,1688ce2f322cda31a9034319e4132fc0,1,1788596086.0
sfix_shwd2sf_44a,B,B_csv_20260930,9bd509980786cdba345c7020ccb7d84a,20,595d77af9ec5b512b6ea9a74b87038aa,1,1788630456.0
sfix_shwd2sf_44b,B,B_csv_20260930,dc70afa142b1dee4b3f0c3c1bac9080e,20,2e7588b10beca50c6099f01d0e3bd6aa,1,1788631008.0
sfix_shwd2sf_45a,B,B_csv_20260930,4a214fe4ad89ff506727f8699ed65423,20,91a418d2d758116b248b0d5ff1a58483,1,1788631568.0
sfix_shwd2sf_45b,B,B_csv_20260930,2ad63a00072912c0496bf1bedd4207eb,20,f3794041cb5af58a7a3f181561d7ae36,1,1788632110.0
sgh_200ep_base_s42n,B,B_csv_20260930,69d414215459ff05b62215b658575c7d,200,9a6923a941f51c2dcbe43c7d537cb5cc,1,1790518665.0
sgh_30ep_base_s42n,B,B_csv_20260930,a490ce2e6943fe54e72ce0c399c6b194,30,1002c4ffe63f40e5270d763afd718ac7,1,1790494518.0
sgh_30ep_base_s43n,B,B_csv_20260930,09e0c3d69eb682549f0010dc7f38c247,30,1de5b70e33d93e8b84fd124b28e58e0e,1,1790495358.0
sgh_30ep_base_s44n,B,B_csv_20260930,8dc7eff80210af9d8075fe02b12dc9d5,30,151f9509dc528022b15e9a7083e6262b,1,1790496581.0
sgh_30ep_lr005_s42n,B,B_csv_20260930,e37799e658f5ad8627f09a1b8d0e8184,30,5bdd40f31f804e5d0d09f376601bb80d,1,1790494935.0
sgh_30ep_lr005_s43n,B,B_csv_20260930,83898886913abcc351e090635890e569,30,869a3d718f9d9b17bd6ba29b02694c65,1,1790496262.0
sgh_30ep_lr005_s44n,B,B_csv_20260930,fd00515ae9e0e746878d7499a6b5b92d,30,5bd36519ea573c68481d59e5154b040b,1,1790496880.0
shwd2sf_adamw_lr001_100ep_s42n,B,B_csv_20260930,0724a2059c691fc7eca4ea7195c83650,100,a610bd9cc1783fcf916e12b47f196f31,1,1789135280.0
shwd2sf_adamw_lr0025_100ep_s42n,B,B_csv_20260930,99b133da15b68761a8c8aeb3468b9bca,100,024abac1c8bd008d566ded70948fee9f,1,1789137782.0
shwd2sf_b10p_base100_s42n,B,B_csv_20260930,c7da646f2b8b3f6409270a5e48197215,100,200f24fc071ee1360b6cd7c3356fdbf6,1,1789105246.0
shwd2sf_b10p_lr005_100ep_s42n,B,B_csv_20260930,96d793dca497d677476908bcb9a89ec2,100,1b3729425185c115977b5fd7b9a1a252,1,1789107323.0
shwd2sf_b20p_base100_s42n,B,B_csv_20260930,adab5ca588b008d64867f5a279ce4fa7,100,3bf75f874926288e3e967d27dd5f7514,1,1789117067.0
shwd2sf_b20p_lr005_100ep_s42n,B,B_csv_20260930,ac14c3621e0627d0f8afb57ed85214ed,100,f29fbaba013db82f2f1fcb249d915d63,1,1789119662.0
shwd2sf_b30p_base100_s42n,B,B_csv_20260930,6bfe52beacf5327d0015e8314a4366a4,100,9fd4f5c867f99a0a109d92a9f1812ffd,1,1789111286.0
shwd2sf_b30p_lr005_100ep_s42n,B,B_csv_20260930,a23b2c835fd6c593e08fcb7f4e5c242e,100,da928e1c173fd231ebefcbb50042ea22,1,1789114336.0
shwd2sf_b50p_base100_s42n,B,B_csv_20260930,463cba1eeb6ba61bb29d1ee773002f0c,100,4dfcd5453eb707762fda133451bf7d87,1,1789125467.0
shwd2sf_b50p_lr005_100ep_s42n,B,B_csv_20260930,4cfcae73f9123b678f241a382ad7fd7a,100,2d137392d4345a7722021e84b994a475,1,1789129509.0
shwd2sf_base100,B,B_csv_20260930,a2476f4403f9a4dda7fd3ce47570df2f,100,2cc4d9e3a0db9b7247a6cca07cdeb3dc,1,1788546240.0
shwd2sf_base100_s42n,B,B_csv_20260930,3e2e6fc7d5bb383cdd1b37dbe977306a,100,69d94de9eddb36950740624d75bbdfe5,1,1788674052.0
shwd2sf_base100_s43n,B,B_csv_20260930,2128d8b3ac4d982afb87e7aede4a9adb,100,0a3aaba9b4f6a99c3b1c62ffb44665b0,1,1788686065.0
shwd2sf_base100_s44n,B,B_csv_20260930,ac9cb97c611567f1a4eaa8dfef73f7d8,100,f354e0f25af8be58c776d970d30a82c1,1,1788688568.0
shwd2sf_base100_s45n,B,B_csv_20260930,3450e92622e9d598b25e283057148e93,100,67077bb75645074396ac66d45736cc70,1,1788940566.0
shwd2sf_base100_s46n,B,B_csv_20260930,091b9446ab2ab8eec6b79f363461c27c,100,7abe1297c241a1df90b08d831345c0c6,1,1788952739.0
shwd2sf_base100_s47n,B,B_csv_20260930,8edef08b59a1a03ea340160a582dc478,100,12bd6dfafe0ad963dbc30c751d6b738e,1,1788964809.0
shwd2sf_base100_s48n,B,B_csv_20260930,8b548375e933faff8460683740314f61,100,866f10955495609101c121affcc18d1c,1,1788976682.0
shwd2sf_base100_s49n,B,B_csv_20260930,ca4ee561d37a7ffbe30fb9c1845a2f68,100,64acdeccc673e17fc341ccd6f15fb648,1,1788988454.0
shwd2sf_base100_s50n,B,B_csv_20260930,523d7e1e39cf1d75c3d5edfb57d8801d,100,337e47e84195d21e3a67ff1f3f825c9f,1,1789000223.0
shwd2sf_base100_s51n,B,B_csv_20260930,011ce56721ced2be434f0cf5e727dbfb,100,b6ca03d5c4ab83b7d412dc18a7b47418,1,1789012073.0
shwd2sf_base100_v3_s42n,B,B_csv_20260930,e43fbec62e16b341df2a457742b8d3f7,100,131bd336e97e7dae61df5e28065197af,1,1789019191.0
shwd2sf_base200_s42n,B,B_csv_20260930,fd48cf24c0a0ef789ddaeb82d78e1995,173,a5ca591eeb5cdfccced1657b1f7e3adc,1,1789142016.0
shwd2sf_base30,B,B_csv_20260930,0955549e3cdcbdf379fce072085e85ac,30,4f8cd41fc1d6802049c25984e31589e0,1,1788543770.0
shwd2sf_base30_s42n,B,B_csv_20260930,ca7fc1fb38c9c032df266a4465c630db,30,b301e1f4fd07f2dc6d93de1c8c47e531,1,1788768170.0
shwd2sf_base30_s43n,B,B_csv_20260930,c31a378cb6698c4b31db5f9c3413019f,30,c06fe72d7486c413a798fc69ae543d76,1,1788828838.0
shwd2sf_base30_s44n,B,B_csv_20260930,08b5645de372e3ceb2a8b8375d7a2cdd,30,d2d80ad85c280b89b9930fcf3b733b62,1,1788829641.0
shwd2sf_base50_s42n,B,B_csv_20260930,165ef7c6e3d31e2edfea55b759b9fdd6,50,0e64cb87934dc01b8cd11a07ad54ebde,1,1788710147.0
shwd2sf_base50_s43n,B,B_csv_20260930,375977aebe27921e50c0b703f6c3509a,50,8e1ea334ef87920e1cec5412832277b7,1,1788763488.0
shwd2sf_base50_s44n,B,B_csv_20260930,662a106600b19e1057ed938a99dcbffe,50,4db0c710721248462cc7d68b14b25a9f,1,1788764766.0
shwd2sf_coslr_base100_s42n,B,B_csv_20260930,289d3d4e6118f0e4298b50d69bfd69a1,100,83c2bec79ada5ab8ec873cc94dd19e65,1,1789094163.0
shwd2sf_coslr_base30_s42n,B,B_csv_20260930,e33c97975d81c2117bb271224b9ba1b0,30,66ed8c64ec28ee6e8198fe7f1762d60f,1,1789091692.0
shwd2sf_frz9_base100_s42n,B,B_csv_20260930,c78e8e0c53ea9f5be56ef5a5cfe4dbaa,100,a273c7eda14b23148a130d26f9cb2298,1,1789149686.0
shwd2sf_frz9_base30_s42n,B,B_csv_20260930,5572c9bbeadc52d47c54ec43eed3344d,30,2226a64e753273ff7207dfe257ef3c1a,1,1789147542.0
shwd2sf_lr0025_100ep_s42n,B,B_csv_20260930,6af3ed46761b55e09089a120f5ebbb8d,100,aa11612d48adb254e745bf1da406ac89,1,1789050909.0
shwd2sf_lr0025_30ep_s42n,B,B_csv_20260930,88cefc6beb3e6cf26927d8edcc29d29a,30,a6bfbb13aca07c41448d6eb2b4707f1e,1,1789041404.0
shwd2sf_lr0025_50ep_s42n,B,B_csv_20260930,e61c7c14860e3f844dd32ff4dc2f5af2,50,ba9a7180035aab3b39678d06a3140fec,1,1789046980.0
shwd2sf_lr005_100ep,B,B_csv_20260930,4258b1bcbd8c631badb1b9ba5f82debd,100,c24a70ad79ab9645d62c7edbaf97b5bd,1,1788550749.0
shwd2sf_lr005_100ep_s42n,B,B_csv_20260930,4ec3aa06d80b6c4d91b21ff34adc77a1,100,296e23f71485a7ef27a83a3550184ddc,1,1788676481.0
shwd2sf_lr005_100ep_s43n,B,B_csv_20260930,e8cfacfec3b9bdf1b5d816ceec07efda,100,979cec3ac06be5b5ad4f7f1f6bcc4421,1,1788757536.0
shwd2sf_lr005_100ep_s44,B,B_csv_20260930,0edf04e8b41ebd072a00b81bb3b0dce3,100,48649a30f70659904a38ec53c4dfe0b1,1,1788640922.0
shwd2sf_lr005_100ep_s44n,B,B_csv_20260930,a2543edcc06545f0a9bbeff1ba1337cb,100,bb60570a825d0dff2a1dc6cb688f7db7,1,1788760018.0
shwd2sf_lr005_100ep_s45,B,B_csv_20260930,c71a3fc9d8d6e16be3e5c291694a21b9,100,4379f6ae1a8bac49f444c4be8fde9474,1,1788643393.0
shwd2sf_lr005_100ep_s45n,B,B_csv_20260930,6c13baa9371d58680057e5096e9f4c88,100,379958d65dff1f5e1ee671db04cffc8b,1,1788943192.0
shwd2sf_lr005_100ep_s46n,B,B_csv_20260930,2bd287d5d66294b39735d92af49860f8,100,93d220ce52a12550ac765d355760727a,1,1788955286.0
shwd2sf_lr005_100ep_s47n,B,B_csv_20260930,029818ab3fd3ec99efcd21863ade481a,100,8fa5d9aeb8e8aa3f30fa737004793663,1,1788967369.0
shwd2sf_lr005_100ep_s48n,B,B_csv_20260930,ca046fd150725dc21f3e94a8254bf7ad,100,814ec9da2539f0e492ed0ac483fd1461,1,1788979230.0
shwd2sf_lr005_100ep_s49n,B,B_csv_20260930,570d728453146abff78b83cdc9f95ae5,100,1b557107df7abf6149d17a4a56892a04,1,1788991009.0
shwd2sf_lr005_100ep_s50n,B,B_csv_20260930,406097bfc191df376bf24b2fd14bdbb3,100,b15e598ba34f20b1137d204b100e8fb6,1,1789002785.0
shwd2sf_lr005_100ep_s51n,B,B_csv_20260930,0a4ec5dd24fbce7df2388f428c7e2aec,100,a159357ee11ccef3d02de506575ffcd7,1,1789014705.0
shwd2sf_lr005_150ep,B,B_csv_20260930,6498eb3fff2accad798e5eef8f8b64c7,150,1077f51412bf9fc24d645ad52e4c8002,1,1788580263.0
shwd2sf_lr005_200ep,B,B_csv_20260930,682eed128b98a58a25bcfe58bbb52cc2,200,c3a65f7282f99a4a164a3a86d3839d72,1,1788585141.0
shwd2sf_lr005_200ep_s42n,B,B_csv_20260930,9f0fae29cfd15547d87cf737cebe2da7,200,91641ae25cfb870fba7298257665d30c,1,1789146861.0
shwd2sf_lr005_30ep,B,B_csv_20260930,9b670f4c79025de9b0aedaec71814d43,30,f29aa776d43edc746d7d1ab622360bce,1,1788547021.0
shwd2sf_lr005_30ep_s42n,B,B_csv_20260930,c6931d30ec0a3e54e927fda01680514d,30,8aaf1369df50ba9fa1de191af5a05a1e,1,1788768984.0
shwd2sf_lr005_30ep_s43n,B,B_csv_20260930,491410f76e928cde12bbeed154dc22ba,30,e8d342b8fd5de73e7878318405abac6d,1,1788830444.0
shwd2sf_lr005_30ep_s44n,B,B_csv_20260930,3994035110b3a8ac870450a113851f18,30,1eeba18fefc7c0a7e68359713eb6abcd,1,1788831246.0
shwd2sf_lr005_50ep,B,B_csv_20260930,b3fb5e38f3d6ed98f65b0c83131ffce1,50,96f6a21057846b8b6af6f4c39d8af311,1,1788548287.0
shwd2sf_lr005_50ep_s42n,B,B_csv_20260930,1ba60a0a72c25933cd859fcf51778a03,50,b761f5b96d2d6041f266d9f5b127a854,1,1788711411.0
shwd2sf_lr005_50ep_s43n,B,B_csv_20260930,881a5b54821819871314e3a728859ef0,50,b98e219921bc0bc948c604712c923f48,1,1788766032.0
shwd2sf_lr005_50ep_s44n,B,B_csv_20260930,acb50ffb49b6ed799d43a1b17297a45b,50,92c48976b5ee7cb1268610ea201e0326,1,1788767337.0
shwd2sf_lr010_100ep_s42n,B,B_csv_20260930,9396cb6ac34f3fd71efae134dee94a42,100,0ac29151df81cd5202a06ac2417de951,1,1789053501.0
shwd2sf_lr010_30ep_s42n,B,B_csv_20260930,0415fddd7f7dfafe1d2d886f3f463b97,30,3b999a256fe002b8aac9f3f570a9f0d8,1,1789042346.0
shwd2sf_lr010_50ep_s42n,B,B_csv_20260930,f545574d7d70a4714020d9d0331579ce,50,c1fe098cfa6745593aa9d60e3a97cfab,1,1789048312.0
shwd2sf_lr020_100ep_s42n,B,B_csv_20260930,2a75e3a52a760262824a9f22c5bc8a25,100,6b69ad1b012ff1e9e3076b606e8e1879,1,1789132792.0
shwd2sf_lr020_30ep_s42n,B,B_csv_20260930,c74274f09f3cfac875b46cace6c4c976,30,9fa40fb353d2e9483a4133e69a9806fb,1,1789130304.0
shwd2sf_lw01_lr005_100ep_s42n,B,B_csv_20260930,d4c62e06bfceee08dfcbf5dcbec7a39d,100,0290df3dd125a146f73ed39794559da8,1,1789186604.0
shwd2sf_lw01_lr005_100ep_s43n,B,B_csv_20260930,5c70c9e95020b169385fd25c5d096f69,100,986ceb9c5f3a00d2cad9d6593fd9557e,1,1789189135.0
shwd2sf_lw01_lr005_100ep_s44n,B,B_csv_20260930,1ba526576e93b671eb2e5529ecd7d140,100,b4ec72d2213174c04cb93c50a9b7accb,1,1789191710.0
shwd2sf_lw01_lr005_30ep_s42n,B,B_csv_20260930,f385f1233db9e43fdebbcd064ea49c8d,30,f6dbb8a5271a2a329adff2d24c1c84fc,1,1789192515.0
shwd2sf_lw01_lr005_30ep_s43n,B,B_csv_20260930,33f18f9caf06aa45001f48d574d659c8,30,81e8a392d21fffa84ca439b8efcb90df,1,1789193351.0
shwd2sf_lw01_lr005_30ep_s44n,B,B_csv_20260930,62f469c35b7f8d22aa166a1fdd5c3809,30,69b15d69c3726f74ceb71e0d158a53d9,1,1789194205.0
shwd2sf_lw03_lr005_100ep_s42n,B,B_csv_20260930,74a9468f8b282a412902a1acf76f6543,100,475260fca50acaf4be70cdb44d6a2c1c,1,1789789284.0
shwd2sf_lw03_lr005_100ep_s43n,B,B_csv_20260930,b843482f483dac7415c49dd501fd2778,100,ab4d68c3386e2f9936cb73dc28f71f5d,1,1789791845.0
shwd2sf_lw03_lr005_100ep_s44n,B,B_csv_20260930,01af16d013226919263db02eeaa539af,100,d63db3c9c13b864f4ff2c3e86f81cb46,1,1789794347.0
shwd2sf_lw03_lr005_30ep_s42n,B,B_csv_20260930,10189a99a37d9102247d123824cabeae,30,de3c654e24af06fcdf499aaf7e5eec29,1,1789785052.0
shwd2sf_lw03_lr005_30ep_s43n,B,B_csv_20260930,42fec9e5a61ce98bce76c657907e77d6,30,f0d24d28e6d3ca01c554e8f2f0a0c033,1,1789785883.0
shwd2sf_lw03_lr005_30ep_s44n,B,B_csv_20260930,5c5d2a24d3b7118febe673e086ac1aa6,30,f631892d9a27feffc576286c964c16e2,1,1789786708.0
shwd2sf_modC2fEMA_v2_100ep_s42n,B,B_csv_20260930,611428a32e4a47b193ecab3fa0bd1356,100,553107a9ddbeaf76865c198a29aba2b2,1,1788789196.0
shwd2sf_modCA_v2_100ep_s42n,B,B_csv_20260930,5102ef346fff9b09a547b1b65de89268,100,1894f9e7086825026127044a4ee45a53,1,1789024775.0
shwd2sf_modCBAM_v2_100ep_s42n,B,B_csv_20260930,7cc8d4f82a7da65a6dbac073bb09f53b,100,616f71cdef59e527a6ffd324f59f40f7,1,1788786654.0
shwd2sf_modECAplus_v2_100ep_s42n,B,B_csv_20260930,869de067bc40dd0a59a911192edb0ed8,100,7401f1f720039b94efbe1375ca0d6a13,1,1789030131.0
shwd2sf_modEMA_v2_100ep_s42n,B,B_csv_20260930,4edf40d48c36fce52988da0ffb3ab8c7,100,fd055513290493821923d1455a195882,1,1789027489.0
shwd2sf_modGAM_v2_100ep_s42n,B,B_csv_20260930,7d08ba13340dd967f76cb11807375322,100,ea30c84452a0507ad6ec7042bff31419,1,1789035411.0
shwd2sf_modSA_v2_100ep_s42n,B,B_csv_20260930,7f59674dfb4436e4f798199027ef5a55,100,c75b3a85de0d954dae8412a3d1b06a83,1,1789032764.0
shwd2sf_modSE_v2_100ep_s42n,B,B_csv_20260930,5b21cf1f9dc5403431a1316760d014e4,100,42975645423d8b576bbcce838af99e37,1,1788791814.0
shwd2sf_modSimAM_v2_100ep_s42n,B,B_csv_20260930,ab10445a8e7710fd654ff7ae90bf594d,100,f1851e6b267f20b1d66f4f4f801c4225,1,1789021923.0
shwd2sf_pretrain,B,B_csv_20260930,2c9ce19700477db4ad53d89882b04341,30,9f494debf58dff87504a99930dddfa20,1,1788542959.0
shwd2sf_pws_100ep,B,B_csv_20260930,3c688f2fd845d2632143c64c06b9d048,100,366a03a4e42710d6106d042246c48318,1,1788555683.0
shwd2sf_sns_100ep,B,B_csv_20260930,e77eb6a899e63b6e6c8efd53589138a2,100,2e8146d59137f6fb5a66c09c9072d94e,1,1788553214.0
shwd2sf_sns_100ep_s44,B,B_csv_20260930,d46740a2b4088f1bd4dfaab6027b95df,100,3d02dcb9c5d26647bffd8e6eac2082f6,1,1788635990.0
shwd2sf_sns_100ep_s45,B,B_csv_20260930,f0602dfec7f02e2a8b0f51638e0e22a7,100,655d165637e1659e34af6dcc97ad9019,1,1788638451.0
smoke2sf_base100,B,B_csv_20260930,bb828ee7e78e4029ddc2aa894e7a48c8,100,fedd4fc742df8660c019edc71f49596f,1,1788693612.0
smoke2sf_base100_s42n,B,B_csv_20260930,367e984c0ad1eb494ec91b956430eae1,100,8c354f1cdf483fdcc9847d7c3ec180f7,1,1788714017.0
smoke2sf_base100_s43n,B,B_csv_20260930,114c4402591668b5dd2c43b0c5f932b4,100,c96afa2334ad043e894a3b5905eb0851,1,1788699210.0
smoke2sf_base100_s44n,B,B_csv_20260930,a3f804d1c72934667121f40cfb7a3945,100,03b08391f64029177fe0852da6d0299a,1,1788701676.0
smoke2sf_base100_s45n,B,B_csv_20260930,ad203ffefd07222be8642d023526d61f,100,23bdb0e0236e5bfdd8cb68c84d9b4089,1,1788935381.0
smoke2sf_base100_s46n,B,B_csv_20260930,35b349f3e71c9b1310d71db6f7f628a9,100,54e8c6fba0e818e353153666901be393,1,1788947489.0
smoke2sf_base100_s47n,B,B_csv_20260930,b68df32955e4a4561b061e5eddd3a3b0,100,51679d2e53fcfa4c742da480f1bc02d9,1,1788959623.0
smoke2sf_base100_s48n,B,B_csv_20260930,1eaac22658aa08c78f6b1a04c8e06afc,100,a5b9e74c101c72a624e95681d31aae2d,1,1788971538.0
smoke2sf_base100_s49n,B,B_csv_20260930,6c0054b105e1d492aa6b7560ae6c6809,100,6649ee15e8e9bc78d8043e67632770bd,1,1788983367.0
smoke2sf_base100_s50n,B,B_csv_20260930,a6a90a0fafd648a062bf6dd171ab8f62,100,9999eade2e71e3cd329f2871ef0d2c00,1,1788995119.0
smoke2sf_base100_s51n,B,B_csv_20260930,322e4e62581d652869e60b74b14bbece,100,e98ef8cd4ab581263e9ba8a591574d16,1,1789006923.0
smoke2sf_base30_s42n,B,B_csv_20260930,88a5e25c91140e1311f4d7cde048ebd4,30,536469b986f39fb401591388eb61626f,1,1789043178.0
smoke2sf_lr0025_100ep_s42n,B,B_csv_20260930,571237c7b29395fef59559ae2e232135,100,d420fa385c4656946a1314973582cc38,1,1789056080.0
smoke2sf_lr0025_30ep_s42n,B,B_csv_20260930,376e282a348a3a9704fb014eb2365ff1,30,2ddcc54def41d2675b04b1da3a39f353,1,1789044820.0
smoke2sf_lr005_100ep,B,B_csv_20260930,06090c00e744695646afc98ed23a44d7,100,1f8208a71e588b1f6f5de6df6489d4f3,1,1788691122.0
smoke2sf_lr005_100ep_s42n,B,B_csv_20260930,1976b8ede8f08e1fc5002eaff3734d4a,100,8d31c3e2b7e95d473ed76ac300a8b4e7,1,1788716467.0
smoke2sf_lr005_100ep_s43n,B,B_csv_20260930,27d330ead9e83ca20982bdf6bcb7ad10,100,0c9f0dd1cb13b87a1fc09e52ca9d2b5d,1,1788704136.0
smoke2sf_lr005_100ep_s44n,B,B_csv_20260930,c8d3974302f557bb24da3cb48a0f0bb0,100,3afaa7c611bbb625b83b3ff871e10885,1,1788706577.0
smoke2sf_lr005_100ep_s45n,B,B_csv_20260930,e96a200e46c636fbe78c3b810370f73e,100,21bec949c926114c2892c8dc5bb0038d,1,1788937964.0
smoke2sf_lr005_100ep_s46n,B,B_csv_20260930,e8f29c51d1b18d14c9e1c498d9252cd2,100,11a035084db5bd334fabd9429cc324d2,1,1788950126.0
smoke2sf_lr005_100ep_s47n,B,B_csv_20260930,d87bba00eec1017970b851414cc81c04,100,a8d4f62466da416ac024dc58c5bec7be,1,1788962255.0
smoke2sf_lr005_100ep_s48n,B,B_csv_20260930,6d96604846ab75316628526352a5878b,100,fd6d0d444a00b96af4a835cfe51aa77b,1,1788974121.0
smoke2sf_lr005_100ep_s49n,B,B_csv_20260930,abf76dcdf6206b25b76065b7ae2bffdf,100,51db3ff471821b3bee01691c18d8d992,1,1788985908.0
smoke2sf_lr005_100ep_s50n,B,B_csv_20260930,e08107bfe1e9f32a17c572e74e2a8463,100,6c4260ec3082d62fa177170b056cdb96,1,1788997671.0
smoke2sf_lr005_100ep_s51n,B,B_csv_20260930,830371454531b0b764122da5e52ff42c,100,51ded6db45a662971ab52ef5b246cf81,1,1789009467.0
smoke2sf_lr005_30ep_s42n,B,B_csv_20260930,7d2e2a2a66bed29e52162fba82fd3c6f,30,a680d81edd92c5b02bb655102cc36f7f,1,1789044000.0
smoke2sf_lr010_100ep_s42n,B,B_csv_20260930,0e1c0304a797ab5281c92e96fb047398,100,1822c9a220d53687a9523936dd75df45,1,1789090909.0
smoke2sf_lr010_30ep_s42n,B,B_csv_20260930,f18fe5f7b0e3bb42d5a24188cd356ccf,30,d77ba60a3ccf85e27eb691371b0d8c9b,1,1789045642.0
smoke_pretrain,B,B_csv_20260930,85a10c710e76da0fdfe0111db99af486,30,0b4ce43fed027ead4d88ebb06171e01d,1,1788363806.0
smoke_pretrain_nc2,B,B_csv_20260930,2333419a1154f7b784c12abc328e6ef6,1,302c17d399a9e484f9be6ef9261425a5,1,1788629561.0
smoke_s45n_3ep,B,B_csv_20260930,7115b5caec63dcaa1028121844b8b9e5,3,032f36c1d4b5836a74fb1a0840d880cf,1,1788932352.0
smoke_s45rep_3ep,B,B_csv_20260930,2d1171cd7329c1b193f130b9507d8251,3,4c46ee7438eb81422b6bb14e7dade4f4,1,1788932618.0
smoke_s46n_3ep,B,B_csv_20260930,18fb5f6256ea278e254c198792b5f433,3,c8adab45082f8b3a5fc863bf7d778802,1,1788932487.0
smoke_sns_pretrain,B,B_csv_20260930,deb8fd84fa1e2835fc0e3b7d0768f7f8,30,ba4fad2de4a20c1b079d9114f42b09a0,1,1788601475.0
smokefs_adamw_lr005_100ep,B,B_csv_20260930,c2637ebd54cec11230ba9f3c8891b816,100,6bfcc0a49e867959f2153e186cfccef3,1,1788650268.0
smokefs_base100,B,B_csv_20260930,59510ca58decba0fcbe54ff9f36893bf,100,ffc918877ae6920d0e3308b444ddbea2,1,1788372035.0
smokefs_base100_s43n,B,B_csv_20260930,4c9d0d1066ba60773a83bbf1c81435e1,100,ebbc0fa49b850f25571fc387020aa113,1,1789764665.0
smokefs_base100_s44n,B,B_csv_20260930,3008b9749b7e6f6c618243642332ff40,100,2a5a15dbc71673125e15fad9435d2319,1,1789777910.0
smokefs_base30,B,B_csv_20260930,c810d4e4c04eae8681306e4841ffcca6,30,4a7d2bfc9fb6befe89f7d99796a8c7b7,1,1788365748.0
smokefs_base30_s43,B,B_csv_20260930,1cf1b2c533b394faf4680a3f4d486115,30,53b1d4e5db862c2e98348ccdfc8ec610,1,1788480193.0
smokefs_base30_s44,B,B_csv_20260930,b9ecba82c6c8123ae7e03e18ed89ec16,30,ec80eeafa7e839055ef35e01df5f5f2c,1,1788482203.0
smokefs_base50,B,B_csv_20260930,17bf7af0cd2c9b8a188b326ea8a10168,50,d17220272732c1bca9deee100393f04f,1,1788452393.0
smokefs_css_100ep,B,B_csv_20260930,890355f38038bdaf7643b564bfc4a831,100,c85c2246ab24e42d4a26d03e5950907d,1,1788388478.0
smokefs_css_30ep,B,B_csv_20260930,d89a1913b464ada3cd3fb5c4a5d4711d,30,346622a48f5d1da5a833f94f2d06d189,1,1788491562.0
smokefs_lr005_100ep,B,B_csv_20260930,56e0242c15ecc6b451f763b83343313b,100,0885b0f6abbc40fee02dcad46a4447ec,1,1788515581.0
smokefs_lr005_100ep_s43n,B,B_csv_20260930,a994e2ec1e10226b48de9e3a2b191fbb,100,852e91c6ff4b81776740cd6ce6bf1024,1,1789771406.0
smokefs_lr005_100ep_s44n,B,B_csv_20260930,949ece5691b150e02de4be3282a4b783,100,c1b8cbc508a2f190b866bd670a96f6d9,1,1789784222.0
smokefs_lr005_150ep,B,B_csv_20260930,38456307a94b47c71b5ee2798cb19186,150,0b15cd95f43ddae39c7534f67c0266b4,1,1788566036.0
smokefs_lr005_200ep,B,B_csv_20260930,c334e4bde2904516bbdeeb9b5b49c81c,158,0f684d8fbc8d6a665aa2d68cacefb8e9,1,1788576620.0
smokefs_lr005_30ep,B,B_csv_20260930,98b00dca45f6280c751cab0d55eab6c0,30,c224b905548864418a9a161735d03bd4,1,1788373980.0
smokefs_lr005_30ep_s43,B,B_csv_20260930,2eab5ab8d8e2adbf8d6567cd5a447002,30,7cdfd8ca799c730363363c4a8d548706,1,1788476155.0
smokefs_lr005_30ep_s44,B,B_csv_20260930,75b8d29eb66b67fa2b7314b033e26540,30,570e8a9daaea62b1b496088cbb6c7cfb,1,1788478168.0
smokefs_lr005_50ep,B,B_csv_20260930,84842371774d31ceda536a343c3ba8f8,50,354a0f631d6eaf0694598c49b13c4f68,1,1788455717.0
smokefs_pws_100ep,B,B_csv_20260930,ef38589b12cc7bdb1ecad51c46b589b4,100,db934ae44f5eeab76832cef8ca8407b4,1,1788396794.0
smokefs_pws_30ep,B,B_csv_20260930,c04fc447853b6f9d9d9fbae6201e8242,30,6793cc7b205261137c14df9954973fdb,1,1788390446.0
smokefs_pws_50ep,B,B_csv_20260930,f7b2ae7687bdc177866ff8cbab3835ed,50,fba7d69ef38a4d94c2da93044d5dd90c,1,1788489519.0
smokefs_sns_100ep,B,B_csv_20260930,3da29eb262c94d4f6c7f4e9393130905,100,5407ec1c4ab5f499b464d231d61eb4bc,1,1788382195.0
smokefs_sns_100ep_s43,B,B_csv_20260930,668bcfe0030850018b4423c595281c43,100,2037cf3aceb6d27e576a741ff5e9c4d6,1,1788533002.0
smokefs_sns_100ep_s44,B,B_csv_20260930,47402f42b59b2563cec36cc31385fec8,100,e66a0a188ec2e0f4484149fa9c8002e0,1,1788539651.0
smokefs_sns_30ep,B,B_csv_20260930,56de1f160fd706857885b2bb8d73f887,30,0b5bc6382e063aae2db54a224f3cd756,1,1788375925.0
smokefs_sns_30ep_s43,B,B_csv_20260930,3954cac6f304fe18a95e4ba3dec53440,30,7df48d91853a985d0faf3539e241d0d1,1,1788496616.0
smokefs_sns_30ep_s44,B,B_csv_20260930,18effe3ed2266304ad6c001246eb5ad9,30,eded9fb8ae9c7e036cb3830076c468ac,1,1788498623.0
smokefs_sns_50ep,B,B_csv_20260930,66e462e75a6d8dab8e98f6844d0f7651,50,b8e8542208d01527ffdc8bfd6886e5b2,1,1788486274.0
smokefs_sns_50ep_s43,B,B_csv_20260930,0f2645ead9d62d23467ad08973017712,50,08c990fdbb8183aa320531ce9cc6c2d8,1,1788523258.0
smokefs_sns_50ep_s44,B,B_csv_20260930,2c609628d813d08e7881a8f8d136c7d7,50,c15438742db542857ca9adca2df4779a,1,1788526619.0
smokefs_sns_src_shapeiou_ft_s44,B,B_csv_20260930,06fa019109dce1e6b64ead2c26b0e4a6,100,e571f8ff748072ad5ba4c01054c5f006,1,1788608011.0
smokefs_sns_src_shapeiou_ft_s45,B,B_csv_20260930,57cc6a3d23a7cf6469f3403018fc6732,100,6b559f67f4c89a52c2a4c4a5d22dd0c1,1,1788614667.0
smokefs_sns_src_sns_ft_s44,B,B_csv_20260930,08d29b08dd67561fa1164c8101dbba85,100,0f2af917550f3db93ba671baa6273f3b,1,1788621174.0
smokefs_sns_src_sns_ft_s45,B,B_csv_20260930,c155ca9611645780212426d35315b59f,100,f1a95ee1d7b2a2f14d4b1854cb270e7e,1,1788627555.0
sns_100ep_cds,B,B_csv_20260930,73e96b7fbb128a27ceba6596a00c17ba,100,10997590f47bd965815e31e88370e637,1,1788359063.0
sns_30ep_cds,B,B_csv_20260930,2514d16253704f5fc61e0c5b2de7909a,30,a58e078d38984c57b7ee28f601b6fd5c,1,1788357959.0
srh_30ep_base_s42n,B,B_csv_20260930,6903f4fa188b516d63abd0743f9179fb,30,90a043ed665424782f0152a1163a7c81,1,1790498555.0
srh_30ep_base_s43n,B,B_csv_20260930,fbb58bda103c3b96adb08edc568fee6a,30,14ac77c1910ee19af890f533cad60168,1,1790503624.0
srh_30ep_base_s44n,B,B_csv_20260930,d0b5f6f90a301b7a62e9cd1ce0a935dc,30,87bd32a4085bd6e0ac55a0ff9072c932,1,1790508747.0
srh_30ep_lr005_s42n,B,B_csv_20260930,3f98dcf313fcc530c78b2a514f3b0775,30,49e02daf1fd6771c8c0fb13316f946b1,1,1790501181.0
srh_30ep_lr005_s43n,B,B_csv_20260930,1f9b08f4232d770ff1967ad919e5cd18,30,3d2bb4da5fd9422ffad2f9b6cc33d219,1,1790506177.0
srh_30ep_lr005_s44n,B,B_csv_20260930,d4492126e305bb750f82240611993edf,30,0479bcddccdf2a5419d17344848a0545,1,1790511186.0
t1b_aitodtovis_base100_s42n,B,B_csv_20260930,54ca9aa26f86894b2a1dc00fdf9bf9bd,100,8360a10be74b6f413b289c78d6bbf976,1,1789266527.0
t1b_aitodtovis_base100_s43n,B,B_csv_20260930,bdee44ab0156acd4e211f675a0c6f727,100,ade2bc427f28f1542027efa7214422a4,1,1789269104.0
t1b_aitodtovis_base100_s44n,B,B_csv_20260930,41c31f7ccc6e6b3948c308c9001b10dc,100,38a331f70be239d7d148c29c41a43b7d,1,1789271495.0
t1b_aitodtovis_base100_s45n,B,B_csv_20260930,79b1ddc3c0116294cb4ecd3a650af7fe,100,2b730a6b7b597201fbde2851ec2bb322,1,1789273895.0
t1b_aitodtovis_base100_s46n,B,B_csv_20260930,4e0e558297be01c2cc908bfde7688a7e,100,6594009070301ed20a3a0d1aab7b67de,1,1789280028.0
t1b_aitodtovis_base100_s47n,B,B_csv_20260930,df83019d42c0d85af8ac623f85a68557,100,dba4b265a339b363b850e06df366960d,1,1789282425.0
t1b_aitodtovis_base100_s48n,B,B_csv_20260930,282283ac71dc7d94d61e36219f818f8f,100,7bf8e27dd82f60237bea53215c691dae,1,1789284839.0
t1b_aitodtovis_base100_s49n,B,B_csv_20260930,eceecc2095c525efb87560b7b59659cb,100,ccb9102d56639809bf31f07ffb1c8c60,1,1789287214.0
t1b_aitodtovis_base100_s50n,B,B_csv_20260930,77c65506f630e0b1ba7d1957218ce04d,100,c0671494d14f2daec8f2b27ced6ae634,1,1789289591.0
t1b_aitodtovis_base100_s51n,B,B_csv_20260930,98bdbc428bc4ab54e767142f5bc91d6e,100,bc5b9f9f29a075080a5693ef8315420f,1,1789291963.0
t1b_aitodtovis_lr005_100ep_s42n,B,B_csv_20260930,5b6d1ac9ed217ac90facab334f9273c4,100,035cb1aefdccddb40c1e1173b54f7430,1,1789267904.0
t1b_aitodtovis_lr005_100ep_s43n,B,B_csv_20260930,feb018b8b6e87119bfd8a15c03cebdff,100,b1c7aaf5ef45ca82bf4e463c3e646c0b,1,1789270285.0
t1b_aitodtovis_lr005_100ep_s44n,B,B_csv_20260930,7b4a6b55e54100cb89dc2c3e886f839e,100,c42e658a67385d6f983cb8daa268a819,1,1789272679.0
t1b_aitodtovis_lr005_100ep_s45n,B,B_csv_20260930,b0d7f51923ea0699b00a6477dd36e3b7,100,6fd539d120918b58508eb7a1ca4da65a,1,1789275090.0
t1b_aitodtovis_lr005_100ep_s46n,B,B_csv_20260930,bde8ac69a08eb427d6681072d42d1a4e,100,6fbb8fe0cefdc8d17c3fea4507341c12,1,1789281221.0
t1b_aitodtovis_lr005_100ep_s47n,B,B_csv_20260930,095782dfa86231b5533c0e0b5207e29b,100,653fd6b45521940314b977ed3e115150,1,1789283622.0
t1b_aitodtovis_lr005_100ep_s48n,B,B_csv_20260930,401d6713083bbb22a1d66a069ee8e1e4,100,3a155f4dbff23b47d64c952e8bee1bcc,1,1789286012.0
t1b_aitodtovis_lr005_100ep_s49n,B,B_csv_20260930,18a9aeba4fa38f690fd1003de4660e1c,100,dff63789e20a522fd00bd4ca2b258136,1,1789288391.0
t1b_aitodtovis_lr005_100ep_s50n,B,B_csv_20260930,161319fa8cbf349d693505fd886cd4f2,100,9adabd83047f616eea0eff2bc551a98f,1,1789290767.0
t1b_aitodtovis_lr005_100ep_s51n,B,B_csv_20260930,e45b13c3e12372c76db20ae9eb2bf8e7,100,93c8bd661dee49433aa57ea08882962f,1,1789293138.0
t1c_vistod15_base100_s42n,B,B_csv_20260930,0ce31db0953e1db0b0edaef7a59d8479,100,ec6b7e49b870064b779aee44bdd47977,1,1789294004.0
t1c_vistod15_base100_s43n,B,B_csv_20260930,b4f67ac7113545c5eb007d36573fb092,100,95f237436426e80a10582a1111d6a2d3,1,1789295746.0
t1c_vistod15_base100_s44n,B,B_csv_20260930,bebc3247ec39fbf3d11f3f1a629a11b9,100,a8a7e671005a469b48aa4b61f1585493,1,1789297607.0
t1c_vistod15_base100_s45n,B,B_csv_20260930,f4939231b46036f551a1c77deeef0c8f,100,182f3f49a34cbaa7b3f2cf78c39b9b09,1,1789299245.0
t1c_vistod15_base100_s46n,B,B_csv_20260930,768042ca1a1cef7e2282d32a134239d5,100,ab7e686569b6607e5400bc895d51a210,1,1789300955.0
t1c_vistod15_base100_s47n,B,B_csv_20260930,37ea95707a57c2ee4d3882e523978ba7,100,e4dfc4a3a8162060a6a3801b07f55fa3,1,1789302748.0
t1c_vistod15_base100_s48n,B,B_csv_20260930,d3d56a5be7957a8827b5924df7da7d52,100,5668e3fdb894bbf4cd3f038cbffee9d6,1,1789304491.0
t1c_vistod15_base100_s49n,B,B_csv_20260930,9f2192f9632ccf8561e41942f8d08c1e,100,2f1112067a7d686a59fdd40beb4ccba2,1,1789306172.0
t1c_vistod15_base100_s50n,B,B_csv_20260930,fd82af2f0a3751830ab3abfd6bf15c51,100,b648d06de9e9e0110531786026fba7cd,1,1789307866.0
t1c_vistod15_base100_s51n,B,B_csv_20260930,ecc9085f514b0b93ccf1ed7ba77e1793,100,50b8f8fa034430d06d94c0ce1009d301,1,1789309675.0
t1c_vistod15_lr005_100ep_s42n,B,B_csv_20260930,5f765a5064448b6f7b9a883b0c8abadd,100,e226d034d700c09460dc9dc7c755e4b5,1,1789294861.0
t1c_vistod15_lr005_100ep_s43n,B,B_csv_20260930,dc5f9d6d214dfd1e3b12ab7a2ace5a5e,100,5d1d294350b68039eae34546290a4e0b,1,1789296765.0
t1c_vistod15_lr005_100ep_s44n,B,B_csv_20260930,1464c1217b4bfdff1fe63c5d1b88e11a,100,6b3aa52b8a7035642d24320099901566,1,1789298458.0
t1c_vistod15_lr005_100ep_s45n,B,B_csv_20260930,3e047379f42b012ad6aadb8a2feb9d9e,100,83d808b4c9b065c3fc98ca90f8c79336,1,1789300083.0
t1c_vistod15_lr005_100ep_s46n,B,B_csv_20260930,e25022e2f203f718b9a20da83af04d1f,100,78da1c2153d148fedfbc246ac581b9db,1,1789301870.0
t1c_vistod15_lr005_100ep_s47n,B,B_csv_20260930,27534d049d605134fd44c7cb447ff476,100,e5111a9f7e0e2c2cae89fb987620fef1,1,1789303629.0
t1c_vistod15_lr005_100ep_s48n,B,B_csv_20260930,9244de76523db51acc5ef2310e3136d0,100,8d4458f5f5f71202c22672891d13c7de,1,1789305361.0
t1c_vistod15_lr005_100ep_s49n,B,B_csv_20260930,e1b41c58f4ac2c5e1b47b22ea54865ab,100,fd68239510b5516041f77f722e8d2af5,1,1789307018.0
t1c_vistod15_lr005_100ep_s50n,B,B_csv_20260930,425adf8a253db5254e95a95df51857c4,100,abe027a94337fa94277d5343b1741f05,1,1789308823.0
t1c_vistod15_lr005_100ep_s51n,B,B_csv_20260930,568d3a1eb7177fd788930b3e36f6b081,100,9f4678ad75788c11c58cd1423615dde5,1,1789310570.0
t1d_dotatod15_base100_s42n,B,B_csv_20260930,803b4613613245d2367d0d54ae7e2203,100,42bc53dd35f35f5922db4e73d6333b17,1,1789318758.0
t1d_dotatod15_base100_s43n,B,B_csv_20260930,6e7d5fade3c60c3ab037fd6ce8ca8b38,100,be6c9a06e04734eb7dbb656353990c55,1,1789320422.0
t1d_dotatod15_base100_s44n,B,B_csv_20260930,0e6baa012c64de5ac19e0ee0d0dafcf6,100,af324520233084ab2fe797b82810edae,1,1789322080.0
t1d_dotatod15_base100_s45n,B,B_csv_20260930,1e5dc9813bd2f1dba51403bcfcad305f,100,7e8a43660343ef5572a134bd0d8bcec7,1,1789323702.0
t1d_dotatod15_base100_s46n,B,B_csv_20260930,952071ef891c1fe17e334490cb80a718,100,f3f1c3910ce6c3024f19b0fd21828d96,1,1789325324.0
t1d_dotatod15_base100_s47n,B,B_csv_20260930,69eda7469db13b1336675f61892183e6,100,750605483be2a2fe662b827e59a2d6bc,1,1789326961.0
t1d_dotatod15_base100_s48n,B,B_csv_20260930,c9a9cddef715154ef44821267f771733,100,c37a4232ec3bc3e702b209cbcbb73360,1,1789328612.0
t1d_dotatod15_lr005_100ep_s42n,B,B_csv_20260930,613537368108e336c859d44c4bc71c1c,100,35aa4b5f6af50de48825e213799992bd,1,1789319584.0
t1d_dotatod15_lr005_100ep_s43n,B,B_csv_20260930,140264780de8c3ce238398e102d44a9e,100,c297d1cb42b5a828fa4c49094c6010ec,1,1789321255.0
t1d_dotatod15_lr005_100ep_s44n,B,B_csv_20260930,73c275eb7ced788afbaccb3f245c383b,100,6be88814bdee35b4a1a601a61c3c5a4d,1,1789322888.0
t1d_dotatod15_lr005_100ep_s45n,B,B_csv_20260930,33cb06fd945ded215ff440c08a4fc376,100,b310aed0e292d8c5588923a340519592,1,1789324514.0
t1d_dotatod15_lr005_100ep_s46n,B,B_csv_20260930,c1284e8ca769fe47ba2de5d038105def,100,03b05d53beac1c516b70a061c2102a40,1,1789326135.0
t1d_dotatod15_lr005_100ep_s47n,B,B_csv_20260930,5c821c94b0d85bfd7a89c898d900b5d3,100,b8878fca3b674ebd5b24501084538a2c,1,1789327786.0
t1d_dotatod15_lr005_100ep_s48n,B,B_csv_20260930,995db6d16f412bd6024c3a282540f874,100,5116954d480f72978808f79d8cc79b75,1,1789329448.0
t2_mask2mende_base100_s42n,B,B_csv_20260930,a800c677a93593755f2e2223aa01a258,100,13c491e66fa538b0a82aab1d7582189c,1,1789311324.0
t2_mask2mende_base100_s43n,B,B_csv_20260930,03c661f31529c6a4de0e4c2ca705d95a,100,f42f1dba19b3354d0a7dca0ed8a7cf5a,1,1789312794.0
t2_mask2mende_base100_s44n,B,B_csv_20260930,515f4c12a6f49e17d62c7ae86219e4bd,100,74afabb4fb4ae1446d0a62a5c708b3ed,1,1789314245.0
t2_mask2mende_base100_s45n,B,B_csv_20260930,f2b472b29566f576204560c7023a629b,100,3f904532010103c8681103eb26b1f86f,1,1789315697.0
t2_mask2mende_base100_s46n,B,B_csv_20260930,644399bea470401969ba81f303ddd5df,100,c11a249740db351350a94fcd7e1e5a02,1,1789317161.0
t2_mask2mende_base100_s47n,B,P1ext_B_20261001,711ccda837c3984b28f52be3d22d7fd9,100,9b58a08154210bddc38f7eabd53a051a,1,1790859732.9865007
t2_mask2mende_base100_s48n,B,P1ext_B_20261001,0f3d700d258fe20d89285841fbbff450,100,0d6e74411f2a71e0927ae19d5b64bfb5,1,1790859732.9874976
t2_mask2mende_base100_s49n,B,P1ext_B_20261001,b4704f767568a445a16d597d593f73dc,100,b0bd765a17110843e537ab369088d1a3,1,1790859732.9874976
t2_mask2mende_base100_s50n,B,P1ext_B_20261001,b649a377cd4d6cd59e1fb1dd4052a876,100,3f0da1fc9f1f883d1e234ac3d547be37,1,1790859732.9884975
t2_mask2mende_base100_s51n,B,P1ext_B_20261001,ba1b99cd9e692cfbcc4a2c8ab2bd8844,100,5928a05ea69d90e5a5f6a8b8aa5a19b9,1,1790859732.9890184
t2_mask2mende_lr005_100ep_s42n,B,B_csv_20260930,cc2b9b1084592b3953bf44363023a41b,100,f636e7e99065b6687c86fb85d9f14f65,1,1789312064.0
t2_mask2mende_lr005_100ep_s43n,B,B_csv_20260930,4656c0ff16c6a052a715b6572fd4be76,100,de1c14e0e21db45bb974299d4bd05924,1,1789313516.0
t2_mask2mende_lr005_100ep_s44n,B,B_csv_20260930,7d6ea124a1ee753abdd85766e2c83e9d,100,be549d00e785ecd497ec1ff15420b099,1,1789314983.0
t2_mask2mende_lr005_100ep_s45n,B,B_csv_20260930,3a9d48c9b6efbe41ac2a91bfede4954e,100,10ef273b75917274e97299bebf5e591e,1,1789316445.0
t2_mask2mende_lr005_100ep_s46n,B,B_csv_20260930,98be419cf280c6666a6b963084a7bf85,100,ab5850f89a4518488dcf45e9256decbc,1,1789317888.0
t2_mask2mende_lr005_100ep_s47n,B,P1ext_B_20261001,3459c75d59edfcc1e686023458ac6a81,100,292c063c24b368de8465ebee2ebe2eab,1,1790859732.9900236
t2_mask2mende_lr005_100ep_s48n,B,P1ext_B_20261001,85f3f4fb0fbf5599969bfa5f9e8798c5,100,69040f2e0082acdb8bd765d560974dd2,1,1790859732.9900236
t2_mask2mende_lr005_100ep_s49n,B,P1ext_B_20261001,47c27c88c54cfd4fca3e2058b1b6a3c1,100,8033dd54d371651dcb4d9696d7148c6d,1,1790859732.991016
t2_mask2mende_lr005_100ep_s50n,B,P1ext_B_20261001,4307d53820f78fa4c3d887e4cd388f7a,100,9b068cc4d2fe60fbcd7b74ca751a9962,1,1790859732.9920156
t2_mask2mende_lr005_100ep_s51n,B,P1ext_B_20261001,75e2e8cc63075b35c92e0256ee54b22d,100,027622f9b891af2084ecb2a84277981e,1,1790859732.9920156
vd15_30ep_base_s42n,B,B_csv_20260930,2ffa9e96b4044c8c37f21b793a0f1f1c,30,0ce48512e68eb3021711f99d8227aed7,1,1790490509.0
vd15_30ep_base_s43n,B,B_csv_20260930,2972947ba4f63a7f47435434bfa21ab3,30,d9199e82a3d742eff3843a4d908798d0,1,1790492129.0
vd15_30ep_base_s44n,B,B_csv_20260930,3022b16e95e3c10e5858465dfb485eda,30,4285b6f62b868033df634786ecc5f221,1,1790493455.0
vd15_30ep_lr005_s42n,B,B_csv_20260930,853bddea4680177a3d89b73cf9f66e8f,30,94389d174aef75169f5fb145b1c08c38,1,1790491474.0
vd15_30ep_lr005_s43n,B,B_csv_20260930,02d5ec8b4a78e85bd766afecb1340104,30,28b973029dce38d00c3bb2ff3d296fa9,1,1790492777.0
vd15_30ep_lr005_s44n,B,B_csv_20260930,6fee7104f0f2990b2edf26568606c144,30,21346b5ba9ad36c6ec7aec05c2647949,1,1790494098.0
visdrone_base100,B,B_csv_20260930,d9e664365438e510959a013758aaf929,100,f6fe370c6e5b255355569c5a6581dac2,1,1788334821.0
visdrone_base100_s42n,B,B_csv_20260930,f8d9eb611b94f30a76c419d960b744ee,100,129345f98c2a957c17c9a229538bd86b,1,1789155975.0
visdrone_base30,B,B_csv_20260930,f79ce6ec349c0d7983d26c1b564f9924,30,6aea30850d191b6d22cf9be3e3a76830,1,1788333641.0
visdrone_lr005_100ep_s42n,B,B_csv_20260930,db1aa51dbdc251a0c40de31b32d7a0a4,100,5f9e87b2d5435d5c53508ab0751c0380,1,1789157244.0
visdrone_lr005_30ep,B,B_csv_20260930,259290bd1671d13b0e0972e6d977368d,30,7b536b762aac2b0ae2d26e10c2bfb98e,1,1788335198.0
visdrone_pretrain,B,B_csv_20260930,41239b89a436208808661b9c810d1493,30,6d48476ea03052c58e1a94b6f5b08432,1,1788333257.0
visdrone_pws_30ep,B,B_csv_20260930,f169956c0c889517b81543b398e1c308,30,d4f1986cfd36de88ecb474dc79f3f82b,1,1788447572.0
visdrone_sns_30ep,B,B_csv_20260930,45285ec5932489ead92172346b2d5a68,30,3920a94cec6e4e14c6a86be82444d762,1,1788335570.0
vvhr_200ep_base_s44n,B,B_csv_20260930,10e021cfd4002540aea40618db73658b,200,8b6d8ecc8318806e202970ffc855fc0c,1,1790517495.0
vvhr_30ep_base_s42n,B,B_csv_20260930,16ffa2240dcc681e6a2f94b22d28494b,30,f10c1ca4eda4b20b36ead72bd5f57639,1,1790494351.0
vvhr_30ep_base_s43n,B,B_csv_20260930,1883fa1f887a5dff924448638fc18dcb,30,77a3e6c9cf8beb3c3fd507a08a66e714,1,1790494724.0
vvhr_30ep_base_s44n,B,B_csv_20260930,a61cde603e4c2d9c1b1c2329bc6e1cd3,30,4c2430a5762040be1102308cdb048d7c,1,1790495065.0
vvhr_30ep_lr005_s42n,B,B_csv_20260930,46a3ab9248b103482bf9b1af45d49b89,30,6acf9ca3d33eb813536e1c7a3b4e9d76,1,1790494520.0
vvhr_30ep_lr005_s43n,B,B_csv_20260930,a29d16eebcad95cfbf59796d367250e1,30,5d7dd3b4809e4193c2669cfc60a84dc2,1,1790494901.0
vvhr_30ep_lr005_s44n,B,B_csv_20260930,9c7458124192d93ec9fd62ea67628fa5,30,46894067e10d744f6b805f2f72be8928,1,1790495251.0
xcal_B_s42n,B,B_csv_20260930,6fc48a93d7729e9e2ae78a436a1accef,20,166e0ed83df137f600559042bd851807,1,1790487193.0
y11_sf_base100_s42n,B,B_csv_20260930,730ce9012c01934c50da4fce4f8f195d,100,3faf47ca7a60a8639a91e69c5474ace4,1,1789199543.0
y11_sf_base100_s43n,B,B_csv_20260930,e4d18a727cb3adbd7cb863d7b9368cce,100,bce43ab18bc09af6e7d324faa627a7f9,1,1789204416.0
y11_sf_base100_s44n,B,B_csv_20260930,b89369f567acfef96a01dadfbdee92c5,100,0c1e8fc77a6ea9ff50576a9dcbb154d0,1,1789209044.0
y11_sf_base30_s42n,B,B_csv_20260930,b09ee49c07d1640217c11013b967353d,30,9d27bd373ef7fecf97a634c9177606c8,1,1789212064.0
y11_sf_base30_s43n,B,B_csv_20260930,95849dcda261fc33f2ef61608afee826,30,700041389bb1ebfcae9601a7b4aa8d5a,1,1789213556.0
y11_sf_base30_s44n,B,B_csv_20260930,be52b07b2940a4406580de968222ffc3,30,7cf192715db09a2bd83e881ab009bc62,1,1789215042.0
y11_sf_base30_s45n,B,P1ext_B_20261001,edcdc9f7bb299ad6f8ef4cabb4ca9f2b,30,2d1391a0180a8a3ad552fd84b57f322e,1,1790859732.9930148
y11_sf_base30_s46n,B,P1ext_B_20261001,d7a74da6fb85dad3cd87576d7aed2d82,30,860bcfc7dc5ce49d8a6cb1e950618c47,1,1790859732.9940145
y11_sf_base30_s47n,B,P1ext_B_20261001,8eb8cc27ff127e7eced28fbaf9e31b1c,30,48f310a3cf17a44c2df1adb53b78cabc,1,1790859732.9940145
y11_sf_base30_s48n,B,P1ext_B_20261001,be868e59d466c77b346fe79f57e1c9a1,30,83ebd59c0006bcbd0acabaacf68516eb,1,1790859732.9950147
y11_sf_base30_s49n,B,P1ext_B_20261001,d07ff9bb6edddcf585ae35fd18ed3096,30,70960416b8f5bdc42578128281b2bc06,1,1790859732.9950147
y11_sf_base30_s50n,B,P1ext_B_20261001,59cda69969092f90956ae558fdc96485,30,be70a654d6930a2ce84a5c88a338911d,1,1790859732.996022
y11_sf_base30_s51n,B,P1ext_B_20261001,84440330ac678b86d50f5eb2b4c4862a,30,bce6a14191cf2ce47c984557bb9c9635,1,1790859732.9970224
y11_sf_lr005_100ep_s42n,B,B_csv_20260930,87df65de9add448c4a322923c2845eab,100,a7c7c97a281d8705e3ba2038dd270ecd,1,1789202067.0
y11_sf_lr005_100ep_s43n,B,B_csv_20260930,aa493356325348611a2a3cca2d72312e,100,4a770856a3666888ff3d6b9d3debf17a,1,1789206761.0
y11_sf_lr005_100ep_s44n,B,B_csv_20260930,a0a286464e5010549d8d51c3c56e8a41,100,5899f3cefc57bba8b46221078fb176ea,1,1789211338.0
y11_sf_lr005_30ep_s42n,B,B_csv_20260930,aa3a246c7809b33960aa87dd73111898,30,a54bb8c058f108f7bd05149f47c6a0c1,1,1789212800.0
y11_sf_lr005_30ep_s43n,B,B_csv_20260930,b9f9c712429288256390e211d05f81a4,30,3ead7724575f83da116cf4a022949309,1,1789214290.0
y11_sf_lr005_30ep_s44n,B,B_csv_20260930,0aa48693fdfa643a9d93d1128da4ab8d,30,c9a8b5c1ef14c647b2ddf7eb5eaa1ae1,1,1789215774.0
y11_sf_lr005_30ep_s45n,B,P1ext_B_20261001,dd6ada2ebad34aa8b58175cdfd4641af,30,913bed9dd3b72189b3f7705494595eb6,1,1790859732.9970224
y11_sf_lr005_30ep_s46n,B,P1ext_B_20261001,f41c29c889fcaca1defcf2c7404f7a24,30,7707ed37ee24dda19b07dd3edddc55c0,1,1790859732.9970224
y11_sf_lr005_30ep_s47n,B,P1ext_B_20261001,56105bce354f9c3e95a5119a3ee0a034,30,094d0717424a0e282eeded28d9f37d43,1,1790859732.9985285
y11_sf_lr005_30ep_s48n,B,P1ext_B_20261001,084a15af925c0e873244c190903d246d,30,44a03932241532ea672ff2cd532437d9,1,1790859732.999533
y11_sf_lr005_30ep_s49n,B,P1ext_B_20261001,15529e9ec088573ac513d80471b7f5a1,30,ca5d587d9cd0dc75b290a42d14b73608,1,1790859732.999533
y11_sf_lr005_30ep_s50n,B,P1ext_B_20261001,d9c1f89ae2570b8475d1385eb74e47c5,30,97a08f15f6be72eabf2676bbd396d8ba,1,1790859733.0017152
y11_sf_lr005_30ep_s51n,B,P1ext_B_20261001,b45dcbc0b17a719435f9eaa7ec97d3fe,30,14eb37e27abfd2f3b3e872088429c03f,1,1790859733.0017152
y11_shwd_pretrain,B,B_csv_20260930,6fc4123feb2817f70e1a51f3070174ea,30,1a012585e2875727bac74dfd279b7278,1,1789196717.0
