run,machine,family,backbone,confidence,source,chain
_PARTIAL_b2_smoke2sf_lr005_200ep_s44n_052324,A,b2,yolo12n,high,args-chain,`_PARTIAL_b2_smoke2sf_lr005_200ep_s44n_052324`.`model` = `smoke_pretrain.pt` → `smoke_pretrain`.`model` = `yolo12n.pt`
_PARTIAL_b2_smoke2sf_lr005_200ep_s47n_052324,A,b2,yolo12n,high,args-chain,`_PARTIAL_b2_smoke2sf_lr005_200ep_s47n_052324`.`model` = `smoke_pretrain.pt` → `smoke_pretrain`.`model` = `yolo12n.pt`
_PARTIAL_cal_noss_20260926,A,cal,yolo12n,high,args-chain,`_PARTIAL_cal_noss_20260926`.`model` = `shwd2sf_pretrain.pt` → `shwd2sf_pretrain`.`model` = `yolo12n.pt`
_PARTIAL_cg_200ep_base_s42n_091556,B,cg,yolo12n,high,args-chain,`_PARTIAL_cg_200ep_base_s42n_091556`.`model` = `chv_pretrain.pt` → `chv_pretrain`.`model` = `yolo12n.pt`
_PARTIAL_cg_200ep_base_s43n_095303,B,cg,yolo12n,high,args-chain,`_PARTIAL_cg_200ep_base_s43n_095303`.`model` = `chv_pretrain.pt` → `chv_pretrain`.`model` = `yolo12n.pt`
_PARTIAL_cg_200ep_base_s44n_103534,B,cg,yolo12n,high,args-chain,`_PARTIAL_cg_200ep_base_s44n_103534`.`model` = `chv_pretrain.pt` → `chv_pretrain`.`model` = `yolo12n.pt`
_PARTIAL_cg_200ep_lr005_s42n_093319,B,cg,yolo12n,high,args-chain,`_PARTIAL_cg_200ep_lr005_s42n_093319`.`model` = `chv_pretrain.pt` → `chv_pretrain`.`model` = `yolo12n.pt`
_PARTIAL_cg_200ep_lr005_s43n_101643,B,cg,yolo12n,high,args-chain,`_PARTIAL_cg_200ep_lr005_s43n_101643`.`model` = `chv_pretrain.pt` → `chv_pretrain`.`model` = `yolo12n.pt`
_PARTIAL_cg_200ep_lr005_s44n_105252,B,cg,yolo12n,high,args-chain,`_PARTIAL_cg_200ep_lr005_s44n_105252`.`model` = `chv_pretrain.pt` → `chv_pretrain`.`model` = `yolo12n.pt`
_PARTIAL_dv_10p_lr005_s48n_052324,A,dv,yolo12n,high,args-chain,`_PARTIAL_dv_10p_lr005_s48n_052324`.`model` = `visdrone_pretrain.pt` → `visdrone_pretrain`.`model` = `yolo12n.pt`
_PARTIAL_dv_50p_lr005_s45n_052324,A,dv,yolo12n,high,args-chain,`_PARTIAL_dv_50p_lr005_s45n_052324`.`model` = `visdrone_pretrain.pt` → `visdrone_pretrain`.`model` = `yolo12n.pt`
_PARTIAL_la_10p_base_s42n_054923,A,la,yolo12n,high,args-chain,`_PARTIAL_la_10p_base_s42n_054923`.`model` = `shwd2sf_pretrain.pt` → `shwd2sf_pretrain`.`model` = `yolo12n.pt`
_PARTIAL_la_10p_lr005_s45n_052324,A,la,yolo12n,high,args-chain,`_PARTIAL_la_10p_lr005_s45n_052324`.`model` = `shwd2sf_pretrain.pt` → `shwd2sf_pretrain`.`model` = `yolo12n.pt`
_PARTIAL_la_50p_base_s42n_153645,A,la,yolo12n,high,log,日志模型签名 `yolov12n summary`（_PARTIAL_la_50p_base_s42n_153645）
_PARTIAL_la_50p_base_s44n_052324,A,la,yolo12n,high,args-chain,`_PARTIAL_la_50p_base_s44n_052324`.`model` = `shwd2sf_pretrain.pt` → `shwd2sf_pretrain`.`model` = `yolo12n.pt`
_PARTIAL_sgh_200ep_base_s43n_145800,B,sgh,yolo12n,high,args-chain,`_PARTIAL_sgh_200ep_base_s43n_145800`.`model` = `shwd2sf_pretrain.pt` → `shwd2sf_pretrain`.`model` = `yolo12n.pt`
_PARTIAL_sgh_200ep_base_s44n_083223,B,sgh,yolo12n,high,log,日志模型签名 `yolov12n summary`（_PARTIAL_sgh_200ep_base_s44n_083223）
_PARTIAL_sgh_200ep_base_s44n_153748,B,sgh,yolo12n,high,log,日志模型签名 `yolov12n summary`（_PARTIAL_sgh_200ep_base_s44n_153748）
_PARTIAL_sgh_200ep_lr005_s42n_143909,B,sgh,yolo12n,high,args-chain,`_PARTIAL_sgh_200ep_lr005_s42n_143909`.`model` = `shwd2sf_pretrain.pt` → `shwd2sf_pretrain`.`model` = `yolo12n.pt`
_PARTIAL_sgh_200ep_lr005_s43n_152301,B,sgh,yolo12n,high,args-chain,`_PARTIAL_sgh_200ep_lr005_s43n_152301`.`model` = `shwd2sf_pretrain.pt` → `shwd2sf_pretrain`.`model` = `yolo12n.pt`
_PARTIAL_sgh_200ep_lr005_s44n_085552,B,sgh,yolo12n,high,args-chain,`_PARTIAL_sgh_200ep_lr005_s44n_085552`.`model` = `shwd2sf_pretrain.pt` → `shwd2sf_pretrain`.`model` = `yolo12n.pt`
_PARTIAL_srh_200ep_base_s42n_121326,B,srh,yolo12n,high,args-chain,`_PARTIAL_srh_200ep_base_s42n_121326`.`model` = `shwd2sf_pretrain.pt` → `shwd2sf_pretrain`.`model` = `yolo12n.pt`
_PARTIAL_srh_200ep_base_s42n_153728,B,srh,yolo12n,high,args-chain,`_PARTIAL_srh_200ep_base_s42n_153728`.`model` = `shwd2sf_pretrain.pt` → `shwd2sf_pretrain`.`model` = `yolo12n.pt`
_PARTIAL_srh_200ep_base_s43n_201114,B,srh,yolo12n,high,args-chain,`_PARTIAL_srh_200ep_base_s43n_201114`.`model` = `shwd2sf_pretrain.pt` → `shwd2sf_pretrain`.`model` = `yolo12n.pt`
_PARTIAL_srh_200ep_base_s44n_145824,B,srh,yolo12n,high,args-chain,`_PARTIAL_srh_200ep_base_s44n_145824`.`model` = `shwd2sf_pretrain.pt` → `shwd2sf_pretrain`.`model` = `yolo12n.pt`
_PARTIAL_srh_200ep_lr005_s42n_162831,B,srh,yolo12n,high,args-chain,`_PARTIAL_srh_200ep_lr005_s42n_162831`.`model` = `shwd2sf_pretrain.pt` → `shwd2sf_pretrain`.`model` = `yolo12n.pt`
_PARTIAL_srh_200ep_lr005_s43n_190904,B,srh,yolo12n,high,args-chain,`_PARTIAL_srh_200ep_lr005_s43n_190904`.`model` = `shwd2sf_pretrain.pt` → `shwd2sf_pretrain`.`model` = `yolo12n.pt`
_PARTIAL_srh_200ep_lr005_s44n_000046,B,srh,yolo12n,high,args-chain,`_PARTIAL_srh_200ep_lr005_s44n_000046`.`model` = `shwd2sf_pretrain.pt` → `shwd2sf_pretrain`.`model` = `yolo12n.pt`
_PARTIAL_vvhr_200ep_base_s42n_130009,B,vvhr,yolo12n,high,args-chain,`_PARTIAL_vvhr_200ep_base_s42n_130009`.`model` = `visdrone_pretrain.pt` → `visdrone_pretrain`.`model` = `yolo12n.pt`
_PARTIAL_vvhr_200ep_base_s43n_132037,B,vvhr,yolo12n,high,args-chain,`_PARTIAL_vvhr_200ep_base_s43n_132037`.`model` = `visdrone_pretrain.pt` → `visdrone_pretrain`.`model` = `yolo12n.pt`
_PARTIAL_vvhr_200ep_lr005_s42n_130930,B,vvhr,yolo12n,high,args-chain,`_PARTIAL_vvhr_200ep_lr005_s42n_130930`.`model` = `visdrone_pretrain.pt` → `visdrone_pretrain`.`model` = `yolo12n.pt`
_PARTIAL_vvhr_200ep_lr005_s43n_133340,B,vvhr,yolo12n,high,args-chain,`_PARTIAL_vvhr_200ep_lr005_s43n_133340`.`model` = `visdrone_pretrain.pt` → `visdrone_pretrain`.`model` = `yolo12n.pt`
_PARTIAL_vvhr_200ep_lr005_s44n_140703,B,vvhr,yolo12n,high,args-chain,`_PARTIAL_vvhr_200ep_lr005_s44n_140703`.`model` = `visdrone_pretrain.pt` → `visdrone_pretrain`.`model` = `yolo12n.pt`
_PARTIAL_y26_shwd_pretrain_054939,A,y26,yolo26n,high,args-chain,`_PARTIAL_y26_shwd_pretrain_054939`.`model` = `yolo26n.pt`
a0_100_10p_100ep_base_s42n,A,a0,yolo12n,high,args-chain,`a0_100_10p_100ep_base_s42n`.`model` = `shwd_pretrain_100ep.pt` → `shwd_pretrain_100ep`.`model` = `yolo12n.pt`
a0_100_10p_100ep_base_s43n,A,a0,yolo12n,high,args-chain,`a0_100_10p_100ep_base_s43n`.`model` = `shwd_pretrain_100ep.pt` → `shwd_pretrain_100ep`.`model` = `yolo12n.pt`
a0_100_10p_100ep_base_s44n,A,a0,yolo12n,high,args-chain,`a0_100_10p_100ep_base_s44n`.`model` = `shwd_pretrain_100ep.pt` → `shwd_pretrain_100ep`.`model` = `yolo12n.pt`
a0_100_10p_100ep_lr005_s42n,A,a0,yolo12n,high,args-chain,`a0_100_10p_100ep_lr005_s42n`.`model` = `shwd_pretrain_100ep.pt` → `shwd_pretrain_100ep`.`model` = `yolo12n.pt`
a0_100_10p_100ep_lr005_s43n,A,a0,yolo12n,high,args-chain,`a0_100_10p_100ep_lr005_s43n`.`model` = `shwd_pretrain_100ep.pt` → `shwd_pretrain_100ep`.`model` = `yolo12n.pt`
a0_100_10p_100ep_lr005_s44n,A,a0,yolo12n,high,args-chain,`a0_100_10p_100ep_lr005_s44n`.`model` = `shwd_pretrain_100ep.pt` → `shwd_pretrain_100ep`.`model` = `yolo12n.pt`
a0_100_10p_30ep_base_s42n,A,a0,yolo12n,high,args-chain,`a0_100_10p_30ep_base_s42n`.`model` = `shwd_pretrain_100ep.pt` → `shwd_pretrain_100ep`.`model` = `yolo12n.pt`
a0_100_10p_30ep_base_s43n,A,a0,yolo12n,high,args-chain,`a0_100_10p_30ep_base_s43n`.`model` = `shwd_pretrain_100ep.pt` → `shwd_pretrain_100ep`.`model` = `yolo12n.pt`
a0_100_10p_30ep_base_s44n,A,a0,yolo12n,high,args-chain,`a0_100_10p_30ep_base_s44n`.`model` = `shwd_pretrain_100ep.pt` → `shwd_pretrain_100ep`.`model` = `yolo12n.pt`
a0_100_10p_30ep_lr005_s42n,A,a0,yolo12n,high,args-chain,`a0_100_10p_30ep_lr005_s42n`.`model` = `shwd_pretrain_100ep.pt` → `shwd_pretrain_100ep`.`model` = `yolo12n.pt`
a0_100_10p_30ep_lr005_s43n,A,a0,yolo12n,high,args-chain,`a0_100_10p_30ep_lr005_s43n`.`model` = `shwd_pretrain_100ep.pt` → `shwd_pretrain_100ep`.`model` = `yolo12n.pt`
a0_100_10p_30ep_lr005_s44n,A,a0,yolo12n,high,args-chain,`a0_100_10p_30ep_lr005_s44n`.`model` = `shwd_pretrain_100ep.pt` → `shwd_pretrain_100ep`.`model` = `yolo12n.pt`
a0_100_20p_100ep_base_s42n,A,a0,yolo12n,high,args-chain,`a0_100_20p_100ep_base_s42n`.`model` = `shwd_pretrain_100ep.pt` → `shwd_pretrain_100ep`.`model` = `yolo12n.pt`
a0_100_20p_100ep_base_s43n,A,a0,yolo12n,high,args-chain,`a0_100_20p_100ep_base_s43n`.`model` = `shwd_pretrain_100ep.pt` → `shwd_pretrain_100ep`.`model` = `yolo12n.pt`
a0_100_20p_100ep_base_s44n,A,a0,yolo12n,high,args-chain,`a0_100_20p_100ep_base_s44n`.`model` = `shwd_pretrain_100ep.pt` → `shwd_pretrain_100ep`.`model` = `yolo12n.pt`
a0_100_20p_100ep_lr005_s42n,A,a0,yolo12n,high,args-chain,`a0_100_20p_100ep_lr005_s42n`.`model` = `shwd_pretrain_100ep.pt` → `shwd_pretrain_100ep`.`model` = `yolo12n.pt`
a0_100_20p_100ep_lr005_s43n,A,a0,yolo12n,high,args-chain,`a0_100_20p_100ep_lr005_s43n`.`model` = `shwd_pretrain_100ep.pt` → `shwd_pretrain_100ep`.`model` = `yolo12n.pt`
a0_100_20p_100ep_lr005_s44n,A,a0,yolo12n,high,args-chain,`a0_100_20p_100ep_lr005_s44n`.`model` = `shwd_pretrain_100ep.pt` → `shwd_pretrain_100ep`.`model` = `yolo12n.pt`
a0_100_20p_30ep_base_s42n,A,a0,yolo12n,high,args-chain,`a0_100_20p_30ep_base_s42n`.`model` = `shwd_pretrain_100ep.pt` → `shwd_pretrain_100ep`.`model` = `yolo12n.pt`
a0_100_20p_30ep_base_s43n,A,a0,yolo12n,high,args-chain,`a0_100_20p_30ep_base_s43n`.`model` = `shwd_pretrain_100ep.pt` → `shwd_pretrain_100ep`.`model` = `yolo12n.pt`
a0_100_20p_30ep_base_s44n,A,a0,yolo12n,high,args-chain,`a0_100_20p_30ep_base_s44n`.`model` = `shwd_pretrain_100ep.pt` → `shwd_pretrain_100ep`.`model` = `yolo12n.pt`
a0_100_20p_30ep_lr005_s42n,A,a0,yolo12n,high,args-chain,`a0_100_20p_30ep_lr005_s42n`.`model` = `shwd_pretrain_100ep.pt` → `shwd_pretrain_100ep`.`model` = `yolo12n.pt`
a0_100_20p_30ep_lr005_s43n,A,a0,yolo12n,high,args-chain,`a0_100_20p_30ep_lr005_s43n`.`model` = `shwd_pretrain_100ep.pt` → `shwd_pretrain_100ep`.`model` = `yolo12n.pt`
a0_100_20p_30ep_lr005_s44n,A,a0,yolo12n,high,args-chain,`a0_100_20p_30ep_lr005_s44n`.`model` = `shwd_pretrain_100ep.pt` → `shwd_pretrain_100ep`.`model` = `yolo12n.pt`
a0_100_30p_100ep_base_s42n,A,a0,yolo12n,high,args-chain,`a0_100_30p_100ep_base_s42n`.`model` = `shwd_pretrain_100ep.pt` → `shwd_pretrain_100ep`.`model` = `yolo12n.pt`
a0_100_30p_100ep_base_s43n,A,a0,yolo12n,high,args-chain,`a0_100_30p_100ep_base_s43n`.`model` = `shwd_pretrain_100ep.pt` → `shwd_pretrain_100ep`.`model` = `yolo12n.pt`
a0_100_30p_100ep_base_s44n,A,a0,yolo12n,high,args-chain,`a0_100_30p_100ep_base_s44n`.`model` = `shwd_pretrain_100ep.pt` → `shwd_pretrain_100ep`.`model` = `yolo12n.pt`
a0_100_30p_100ep_lr005_s42n,A,a0,yolo12n,high,args-chain,`a0_100_30p_100ep_lr005_s42n`.`model` = `shwd_pretrain_100ep.pt` → `shwd_pretrain_100ep`.`model` = `yolo12n.pt`
a0_100_30p_100ep_lr005_s43n,A,a0,yolo12n,high,args-chain,`a0_100_30p_100ep_lr005_s43n`.`model` = `shwd_pretrain_100ep.pt` → `shwd_pretrain_100ep`.`model` = `yolo12n.pt`
a0_100_30p_100ep_lr005_s44n,A,a0,yolo12n,high,args-chain,`a0_100_30p_100ep_lr005_s44n`.`model` = `shwd_pretrain_100ep.pt` → `shwd_pretrain_100ep`.`model` = `yolo12n.pt`
a0_100_30p_30ep_base_s42n,A,a0,yolo12n,high,args-chain,`a0_100_30p_30ep_base_s42n`.`model` = `shwd_pretrain_100ep.pt` → `shwd_pretrain_100ep`.`model` = `yolo12n.pt`
a0_100_30p_30ep_base_s43n,A,a0,yolo12n,high,args-chain,`a0_100_30p_30ep_base_s43n`.`model` = `shwd_pretrain_100ep.pt` → `shwd_pretrain_100ep`.`model` = `yolo12n.pt`
a0_100_30p_30ep_base_s44n,A,a0,yolo12n,high,args-chain,`a0_100_30p_30ep_base_s44n`.`model` = `shwd_pretrain_100ep.pt` → `shwd_pretrain_100ep`.`model` = `yolo12n.pt`
a0_100_30p_30ep_lr005_s42n,A,a0,yolo12n,high,args-chain,`a0_100_30p_30ep_lr005_s42n`.`model` = `shwd_pretrain_100ep.pt` → `shwd_pretrain_100ep`.`model` = `yolo12n.pt`
a0_100_30p_30ep_lr005_s43n,A,a0,yolo12n,high,args-chain,`a0_100_30p_30ep_lr005_s43n`.`model` = `shwd_pretrain_100ep.pt` → `shwd_pretrain_100ep`.`model` = `yolo12n.pt`
a0_100_30p_30ep_lr005_s44n,A,a0,yolo12n,high,args-chain,`a0_100_30p_30ep_lr005_s44n`.`model` = `shwd_pretrain_100ep.pt` → `shwd_pretrain_100ep`.`model` = `yolo12n.pt`
a0_100_40p_100ep_base_s42n,A,a0,yolo12n,high,args-chain,`a0_100_40p_100ep_base_s42n`.`model` = `shwd_pretrain_100ep.pt` → `shwd_pretrain_100ep`.`model` = `yolo12n.pt`
a0_100_40p_100ep_base_s43n,A,a0,yolo12n,high,args-chain,`a0_100_40p_100ep_base_s43n`.`model` = `shwd_pretrain_100ep.pt` → `shwd_pretrain_100ep`.`model` = `yolo12n.pt`
a0_100_40p_100ep_base_s44n,A,a0,yolo12n,high,args-chain,`a0_100_40p_100ep_base_s44n`.`model` = `shwd_pretrain_100ep.pt` → `shwd_pretrain_100ep`.`model` = `yolo12n.pt`
a0_100_40p_100ep_lr005_s42n,A,a0,yolo12n,high,args-chain,`a0_100_40p_100ep_lr005_s42n`.`model` = `shwd_pretrain_100ep.pt` → `shwd_pretrain_100ep`.`model` = `yolo12n.pt`
a0_100_40p_100ep_lr005_s43n,A,a0,yolo12n,high,args-chain,`a0_100_40p_100ep_lr005_s43n`.`model` = `shwd_pretrain_100ep.pt` → `shwd_pretrain_100ep`.`model` = `yolo12n.pt`
a0_100_40p_100ep_lr005_s44n,A,a0,yolo12n,high,args-chain,`a0_100_40p_100ep_lr005_s44n`.`model` = `shwd_pretrain_100ep.pt` → `shwd_pretrain_100ep`.`model` = `yolo12n.pt`
a0_100_40p_30ep_base_s42n,A,a0,yolo12n,high,args-chain,`a0_100_40p_30ep_base_s42n`.`model` = `shwd_pretrain_100ep.pt` → `shwd_pretrain_100ep`.`model` = `yolo12n.pt`
a0_100_40p_30ep_base_s43n,A,a0,yolo12n,high,args-chain,`a0_100_40p_30ep_base_s43n`.`model` = `shwd_pretrain_100ep.pt` → `shwd_pretrain_100ep`.`model` = `yolo12n.pt`
a0_100_40p_30ep_base_s44n,A,a0,yolo12n,high,args-chain,`a0_100_40p_30ep_base_s44n`.`model` = `shwd_pretrain_100ep.pt` → `shwd_pretrain_100ep`.`model` = `yolo12n.pt`
a0_100_40p_30ep_lr005_s42n,A,a0,yolo12n,high,args-chain,`a0_100_40p_30ep_lr005_s42n`.`model` = `shwd_pretrain_100ep.pt` → `shwd_pretrain_100ep`.`model` = `yolo12n.pt`
a0_100_40p_30ep_lr005_s43n,A,a0,yolo12n,high,args-chain,`a0_100_40p_30ep_lr005_s43n`.`model` = `shwd_pretrain_100ep.pt` → `shwd_pretrain_100ep`.`model` = `yolo12n.pt`
a0_100_40p_30ep_lr005_s44n,A,a0,yolo12n,high,args-chain,`a0_100_40p_30ep_lr005_s44n`.`model` = `shwd_pretrain_100ep.pt` → `shwd_pretrain_100ep`.`model` = `yolo12n.pt`
a0_100_50p_100ep_base_s42n,A,a0,yolo12n,high,args-chain,`a0_100_50p_100ep_base_s42n`.`model` = `shwd_pretrain_100ep.pt` → `shwd_pretrain_100ep`.`model` = `yolo12n.pt`
a0_100_50p_100ep_base_s43n,A,a0,yolo12n,high,args-chain,`a0_100_50p_100ep_base_s43n`.`model` = `shwd_pretrain_100ep.pt` → `shwd_pretrain_100ep`.`model` = `yolo12n.pt`
a0_100_50p_100ep_base_s44n,A,a0,yolo12n,high,args-chain,`a0_100_50p_100ep_base_s44n`.`model` = `shwd_pretrain_100ep.pt` → `shwd_pretrain_100ep`.`model` = `yolo12n.pt`
a0_100_50p_100ep_lr005_s42n,A,a0,yolo12n,high,args-chain,`a0_100_50p_100ep_lr005_s42n`.`model` = `shwd_pretrain_100ep.pt` → `shwd_pretrain_100ep`.`model` = `yolo12n.pt`
a0_100_50p_100ep_lr005_s43n,A,a0,yolo12n,high,args-chain,`a0_100_50p_100ep_lr005_s43n`.`model` = `shwd_pretrain_100ep.pt` → `shwd_pretrain_100ep`.`model` = `yolo12n.pt`
a0_100_50p_100ep_lr005_s44n,A,a0,yolo12n,high,args-chain,`a0_100_50p_100ep_lr005_s44n`.`model` = `shwd_pretrain_100ep.pt` → `shwd_pretrain_100ep`.`model` = `yolo12n.pt`
a0_100_50p_30ep_base_s42n,A,a0,yolo12n,high,args-chain,`a0_100_50p_30ep_base_s42n`.`model` = `shwd_pretrain_100ep.pt` → `shwd_pretrain_100ep`.`model` = `yolo12n.pt`
a0_100_50p_30ep_base_s43n,A,a0,yolo12n,high,args-chain,`a0_100_50p_30ep_base_s43n`.`model` = `shwd_pretrain_100ep.pt` → `shwd_pretrain_100ep`.`model` = `yolo12n.pt`
a0_100_50p_30ep_base_s44n,A,a0,yolo12n,high,args-chain,`a0_100_50p_30ep_base_s44n`.`model` = `shwd_pretrain_100ep.pt` → `shwd_pretrain_100ep`.`model` = `yolo12n.pt`
a0_100_50p_30ep_lr005_s42n,A,a0,yolo12n,high,args-chain,`a0_100_50p_30ep_lr005_s42n`.`model` = `shwd_pretrain_100ep.pt` → `shwd_pretrain_100ep`.`model` = `yolo12n.pt`
a0_100_50p_30ep_lr005_s43n,A,a0,yolo12n,high,args-chain,`a0_100_50p_30ep_lr005_s43n`.`model` = `shwd_pretrain_100ep.pt` → `shwd_pretrain_100ep`.`model` = `yolo12n.pt`
a0_100_50p_30ep_lr005_s44n,A,a0,yolo12n,high,args-chain,`a0_100_50p_30ep_lr005_s44n`.`model` = `shwd_pretrain_100ep.pt` → `shwd_pretrain_100ep`.`model` = `yolo12n.pt`
a0_30_10p_100ep_base_s43n,A,a0,yolo12n,high,args-chain,`a0_30_10p_100ep_base_s43n`.`model` = `shwd2sf_pretrain.pt` → `shwd2sf_pretrain`.`model` = `yolo12n.pt`
a0_30_10p_100ep_lr005_s42n,A,a0,yolo12n,high,args-chain,`a0_30_10p_100ep_lr005_s42n`.`model` = `shwd2sf_pretrain.pt` → `shwd2sf_pretrain`.`model` = `yolo12n.pt`
a0_30_10p_100ep_lr005_s44n,A,a0,yolo12n,high,args-chain,`a0_30_10p_100ep_lr005_s44n`.`model` = `shwd2sf_pretrain.pt` → `shwd2sf_pretrain`.`model` = `yolo12n.pt`
a0_30_10p_30ep_base_s42n,A,a0,yolo12n,high,args-chain,`a0_30_10p_30ep_base_s42n`.`model` = `shwd2sf_pretrain.pt` → `shwd2sf_pretrain`.`model` = `yolo12n.pt`
a0_30_10p_30ep_base_s43n,A,a0,yolo12n,high,args-chain,`a0_30_10p_30ep_base_s43n`.`model` = `shwd2sf_pretrain.pt` → `shwd2sf_pretrain`.`model` = `yolo12n.pt`
a0_30_10p_30ep_base_s44n,A,a0,yolo12n,high,args-chain,`a0_30_10p_30ep_base_s44n`.`model` = `shwd2sf_pretrain.pt` → `shwd2sf_pretrain`.`model` = `yolo12n.pt`
a0_30_10p_30ep_lr005_s42n,A,a0,yolo12n,high,args-chain,`a0_30_10p_30ep_lr005_s42n`.`model` = `shwd2sf_pretrain.pt` → `shwd2sf_pretrain`.`model` = `yolo12n.pt`
a0_30_10p_30ep_lr005_s43n,A,a0,yolo12n,high,args-chain,`a0_30_10p_30ep_lr005_s43n`.`model` = `shwd2sf_pretrain.pt` → `shwd2sf_pretrain`.`model` = `yolo12n.pt`
a0_30_10p_30ep_lr005_s44n,A,a0,yolo12n,high,args-chain,`a0_30_10p_30ep_lr005_s44n`.`model` = `shwd2sf_pretrain.pt` → `shwd2sf_pretrain`.`model` = `yolo12n.pt`
a0_30_20p_100ep_base_s42n,A,a0,yolo12n,high,args-chain,`a0_30_20p_100ep_base_s42n`.`model` = `shwd2sf_pretrain.pt` → `shwd2sf_pretrain`.`model` = `yolo12n.pt`
a0_30_20p_100ep_base_s43n,A,a0,yolo12n,high,args-chain,`a0_30_20p_100ep_base_s43n`.`model` = `shwd2sf_pretrain.pt` → `shwd2sf_pretrain`.`model` = `yolo12n.pt`
a0_30_20p_100ep_base_s44n,A,a0,yolo12n,high,args-chain,`a0_30_20p_100ep_base_s44n`.`model` = `shwd2sf_pretrain.pt` → `shwd2sf_pretrain`.`model` = `yolo12n.pt`
a0_30_20p_100ep_lr005_s42n,A,a0,yolo12n,high,args-chain,`a0_30_20p_100ep_lr005_s42n`.`model` = `shwd2sf_pretrain.pt` → `shwd2sf_pretrain`.`model` = `yolo12n.pt`
a0_30_20p_100ep_lr005_s43n,A,a0,yolo12n,high,args-chain,`a0_30_20p_100ep_lr005_s43n`.`model` = `shwd2sf_pretrain.pt` → `shwd2sf_pretrain`.`model` = `yolo12n.pt`
a0_30_20p_100ep_lr005_s44n,A,a0,yolo12n,high,args-chain,`a0_30_20p_100ep_lr005_s44n`.`model` = `shwd2sf_pretrain.pt` → `shwd2sf_pretrain`.`model` = `yolo12n.pt`
a0_30_20p_30ep_base_s42n,A,a0,yolo12n,high,args-chain,`a0_30_20p_30ep_base_s42n`.`model` = `shwd2sf_pretrain.pt` → `shwd2sf_pretrain`.`model` = `yolo12n.pt`
a0_30_20p_30ep_base_s43n,A,a0,yolo12n,high,args-chain,`a0_30_20p_30ep_base_s43n`.`model` = `shwd2sf_pretrain.pt` → `shwd2sf_pretrain`.`model` = `yolo12n.pt`
a0_30_20p_30ep_base_s44n,A,a0,yolo12n,high,args-chain,`a0_30_20p_30ep_base_s44n`.`model` = `shwd2sf_pretrain.pt` → `shwd2sf_pretrain`.`model` = `yolo12n.pt`
a0_30_20p_30ep_lr005_s42n,A,a0,yolo12n,high,args-chain,`a0_30_20p_30ep_lr005_s42n`.`model` = `shwd2sf_pretrain.pt` → `shwd2sf_pretrain`.`model` = `yolo12n.pt`
a0_30_20p_30ep_lr005_s43n,A,a0,yolo12n,high,args-chain,`a0_30_20p_30ep_lr005_s43n`.`model` = `shwd2sf_pretrain.pt` → `shwd2sf_pretrain`.`model` = `yolo12n.pt`
a0_30_20p_30ep_lr005_s44n,A,a0,yolo12n,high,args-chain,`a0_30_20p_30ep_lr005_s44n`.`model` = `shwd2sf_pretrain.pt` → `shwd2sf_pretrain`.`model` = `yolo12n.pt`
a0_30_30p_30ep_base_s42n,A,a0,yolo12n,high,args-chain,`a0_30_30p_30ep_base_s42n`.`model` = `shwd2sf_pretrain.pt` → `shwd2sf_pretrain`.`model` = `yolo12n.pt`
a0_30_30p_30ep_base_s43n,A,a0,yolo12n,high,args-chain,`a0_30_30p_30ep_base_s43n`.`model` = `shwd2sf_pretrain.pt` → `shwd2sf_pretrain`.`model` = `yolo12n.pt`
a0_30_30p_30ep_base_s44n,A,a0,yolo12n,high,args-chain,`a0_30_30p_30ep_base_s44n`.`model` = `shwd2sf_pretrain.pt` → `shwd2sf_pretrain`.`model` = `yolo12n.pt`
a0_30_30p_30ep_lr005_s42n,A,a0,yolo12n,high,args-chain,`a0_30_30p_30ep_lr005_s42n`.`model` = `shwd2sf_pretrain.pt` → `shwd2sf_pretrain`.`model` = `yolo12n.pt`
a0_30_30p_30ep_lr005_s43n,A,a0,yolo12n,high,args-chain,`a0_30_30p_30ep_lr005_s43n`.`model` = `shwd2sf_pretrain.pt` → `shwd2sf_pretrain`.`model` = `yolo12n.pt`
a0_30_30p_30ep_lr005_s44n,A,a0,yolo12n,high,args-chain,`a0_30_30p_30ep_lr005_s44n`.`model` = `shwd2sf_pretrain.pt` → `shwd2sf_pretrain`.`model` = `yolo12n.pt`
a0_30_40p_100ep_base_s42n,A,a0,yolo12n,high,args-chain,`a0_30_40p_100ep_base_s42n`.`model` = `shwd2sf_pretrain.pt` → `shwd2sf_pretrain`.`model` = `yolo12n.pt`
a0_30_40p_100ep_base_s43n,A,a0,yolo12n,high,args-chain,`a0_30_40p_100ep_base_s43n`.`model` = `shwd2sf_pretrain.pt` → `shwd2sf_pretrain`.`model` = `yolo12n.pt`
a0_30_40p_100ep_base_s44n,A,a0,yolo12n,high,args-chain,`a0_30_40p_100ep_base_s44n`.`model` = `shwd2sf_pretrain.pt` → `shwd2sf_pretrain`.`model` = `yolo12n.pt`
a0_30_40p_100ep_lr005_s42n,A,a0,yolo12n,high,args-chain,`a0_30_40p_100ep_lr005_s42n`.`model` = `shwd2sf_pretrain.pt` → `shwd2sf_pretrain`.`model` = `yolo12n.pt`
a0_30_40p_100ep_lr005_s43n,A,a0,yolo12n,high,args-chain,`a0_30_40p_100ep_lr005_s43n`.`model` = `shwd2sf_pretrain.pt` → `shwd2sf_pretrain`.`model` = `yolo12n.pt`
a0_30_40p_100ep_lr005_s44n,A,a0,yolo12n,high,args-chain,`a0_30_40p_100ep_lr005_s44n`.`model` = `shwd2sf_pretrain.pt` → `shwd2sf_pretrain`.`model` = `yolo12n.pt`
a0_30_40p_30ep_base_s42n,A,a0,yolo12n,high,args-chain,`a0_30_40p_30ep_base_s42n`.`model` = `shwd2sf_pretrain.pt` → `shwd2sf_pretrain`.`model` = `yolo12n.pt`
a0_30_40p_30ep_base_s43n,A,a0,yolo12n,high,args-chain,`a0_30_40p_30ep_base_s43n`.`model` = `shwd2sf_pretrain.pt` → `shwd2sf_pretrain`.`model` = `yolo12n.pt`
a0_30_40p_30ep_base_s44n,A,a0,yolo12n,high,args-chain,`a0_30_40p_30ep_base_s44n`.`model` = `shwd2sf_pretrain.pt` → `shwd2sf_pretrain`.`model` = `yolo12n.pt`
a0_30_40p_30ep_lr005_s42n,A,a0,yolo12n,high,args-chain,`a0_30_40p_30ep_lr005_s42n`.`model` = `shwd2sf_pretrain.pt` → `shwd2sf_pretrain`.`model` = `yolo12n.pt`
a0_30_40p_30ep_lr005_s43n,A,a0,yolo12n,high,args-chain,`a0_30_40p_30ep_lr005_s43n`.`model` = `shwd2sf_pretrain.pt` → `shwd2sf_pretrain`.`model` = `yolo12n.pt`
a0_30_40p_30ep_lr005_s44n,A,a0,yolo12n,high,args-chain,`a0_30_40p_30ep_lr005_s44n`.`model` = `shwd2sf_pretrain.pt` → `shwd2sf_pretrain`.`model` = `yolo12n.pt`
a0_30_50p_30ep_base_s42n,A,a0,yolo12n,high,args-chain,`a0_30_50p_30ep_base_s42n`.`model` = `shwd2sf_pretrain.pt` → `shwd2sf_pretrain`.`model` = `yolo12n.pt`
a0_30_50p_30ep_base_s43n,A,a0,yolo12n,high,args-chain,`a0_30_50p_30ep_base_s43n`.`model` = `shwd2sf_pretrain.pt` → `shwd2sf_pretrain`.`model` = `yolo12n.pt`
a0_30_50p_30ep_base_s44n,A,a0,yolo12n,high,args-chain,`a0_30_50p_30ep_base_s44n`.`model` = `shwd2sf_pretrain.pt` → `shwd2sf_pretrain`.`model` = `yolo12n.pt`
a0_30_50p_30ep_lr005_s42n,A,a0,yolo12n,high,args-chain,`a0_30_50p_30ep_lr005_s42n`.`model` = `shwd2sf_pretrain.pt` → `shwd2sf_pretrain`.`model` = `yolo12n.pt`
a0_30_50p_30ep_lr005_s43n,A,a0,yolo12n,high,args-chain,`a0_30_50p_30ep_lr005_s43n`.`model` = `shwd2sf_pretrain.pt` → `shwd2sf_pretrain`.`model` = `yolo12n.pt`
a0_30_50p_30ep_lr005_s44n,A,a0,yolo12n,high,args-chain,`a0_30_50p_30ep_lr005_s44n`.`model` = `shwd2sf_pretrain.pt` → `shwd2sf_pretrain`.`model` = `yolo12n.pt`
a2d15_base100_s42n,B,a2d15,yolo12n,high,log,日志模型签名 `yolov12n summary`（a2d15_base100_s42n）
a2d15_base100_s43n,B,a2d15,yolo12n,high,log,日志模型签名 `yolov12n summary`（a2d15_base100_s43n）
a2d15_base100_s44n,B,a2d15,yolo12n,high,args-chain,`a2d15_base100_s44n`.`model` = `aitod_pretrain.pt` → `aitod_pretrain`.`model` = `yolo12n.pt`
a2d15_base100_s45n,B,a2d15,yolo12n,high,args-chain,`a2d15_base100_s45n`.`model` = `aitod_pretrain.pt` → `aitod_pretrain`.`model` = `yolo12n.pt`
a2d15_base100_s46n,B,a2d15,yolo12n,high,args-chain,`a2d15_base100_s46n`.`model` = `aitod_pretrain.pt` → `aitod_pretrain`.`model` = `yolo12n.pt`
a2d15_base100_s47n,B,a2d15,yolo12n,high,args-chain,`a2d15_base100_s47n`.`model` = `aitod_pretrain.pt` → `aitod_pretrain`.`model` = `yolo12n.pt`
a2d15_base100_s48n,B,a2d15,yolo12n,high,args-chain,`a2d15_base100_s48n`.`model` = `aitod_pretrain.pt` → `aitod_pretrain`.`model` = `yolo12n.pt`
a2d15_base100_s49n,B,a2d15,yolo12n,high,args-chain,`a2d15_base100_s49n`.`model` = `aitod_pretrain.pt` → `aitod_pretrain`.`model` = `yolo12n.pt`
a2d15_base100_s50n,B,a2d15,yolo12n,high,args-chain,`a2d15_base100_s50n`.`model` = `aitod_pretrain.pt` → `aitod_pretrain`.`model` = `yolo12n.pt`
a2d15_base100_s51n,B,a2d15,yolo12n,high,args-chain,`a2d15_base100_s51n`.`model` = `aitod_pretrain.pt` → `aitod_pretrain`.`model` = `yolo12n.pt`
a2d15_lr005_100ep_s42n,B,a2d15,yolo12n,high,args-chain,`a2d15_lr005_100ep_s42n`.`model` = `aitod_pretrain.pt` → `aitod_pretrain`.`model` = `yolo12n.pt`
a2d15_lr005_100ep_s43n,B,a2d15,yolo12n,high,args-chain,`a2d15_lr005_100ep_s43n`.`model` = `aitod_pretrain.pt` → `aitod_pretrain`.`model` = `yolo12n.pt`
a2d15_lr005_100ep_s44n,B,a2d15,yolo12n,high,args-chain,`a2d15_lr005_100ep_s44n`.`model` = `aitod_pretrain.pt` → `aitod_pretrain`.`model` = `yolo12n.pt`
a2d15_lr005_100ep_s45n,B,a2d15,yolo12n,high,args-chain,`a2d15_lr005_100ep_s45n`.`model` = `aitod_pretrain.pt` → `aitod_pretrain`.`model` = `yolo12n.pt`
a2d15_lr005_100ep_s46n,B,a2d15,yolo12n,high,args-chain,`a2d15_lr005_100ep_s46n`.`model` = `aitod_pretrain.pt` → `aitod_pretrain`.`model` = `yolo12n.pt`
a2d15_lr005_100ep_s47n,B,a2d15,yolo12n,high,args-chain,`a2d15_lr005_100ep_s47n`.`model` = `aitod_pretrain.pt` → `aitod_pretrain`.`model` = `yolo12n.pt`
a2d15_lr005_100ep_s48n,B,a2d15,yolo12n,high,args-chain,`a2d15_lr005_100ep_s48n`.`model` = `aitod_pretrain.pt` → `aitod_pretrain`.`model` = `yolo12n.pt`
a2d15_lr005_100ep_s49n,B,a2d15,yolo12n,high,args-chain,`a2d15_lr005_100ep_s49n`.`model` = `aitod_pretrain.pt` → `aitod_pretrain`.`model` = `yolo12n.pt`
a2d15_lr005_100ep_s50n,B,a2d15,yolo12n,high,args-chain,`a2d15_lr005_100ep_s50n`.`model` = `aitod_pretrain.pt` → `aitod_pretrain`.`model` = `yolo12n.pt`
a2d15_lr005_100ep_s51n,B,a2d15,yolo12n,high,args-chain,`a2d15_lr005_100ep_s51n`.`model` = `aitod_pretrain.pt` → `aitod_pretrain`.`model` = `yolo12n.pt`
a5_base_aug101_s42n,B,a5,yolo12n,high,log,日志模型签名 `yolov12n summary`（a5_base_aug101_s42n）
a5_base_aug202_s42n,B,a5,yolo12n,high,log,日志模型签名 `yolov12n summary`（a5_base_aug202_s42n）
a5_base_aug303_s42n,B,a5,yolo12n,high,log,日志模型签名 `yolov12n summary`（a5_base_aug303_s42n）
a5_lr005_aug101_s42n,B,a5,yolo12n,high,log,日志模型签名 `yolov12n summary`（a5_lr005_aug101_s42n）
a5a_lr005_aug101_s42n,A,a5a,yolo12n,high,log,日志模型签名 `yolov12n summary`（a5a_lr005_aug101_s42n）
a5a_lr005_aug202_s42n,A,a5a,yolo12n,high,args-chain,`a5a_lr005_aug202_s42n`.`model` = `shwd2sf_pretrain.pt` → `shwd2sf_pretrain`.`model` = `yolo12n.pt`
a5a_lr005_aug303_s42n,A,a5a,yolo12n,high,log,日志模型签名 `yolov12n summary`（a5a_lr005_aug303_s42n）
a5s_base_aug101_s42n,A,a5s,yolo12n,high,args-chain,`a5s_base_aug101_s42n`.`model` = `smoke_pretrain_nc2.pt` → `smoke_pretrain_nc2`.`model` = `smoke_pretrain.pt` → `smoke_pretrain`.`model` = `yolo12n.pt`
a5s_base_aug202_s42n,A,a5s,yolo12n,high,args-chain,`a5s_base_aug202_s42n`.`model` = `smoke_pretrain_nc2.pt` → `smoke_pretrain_nc2`.`model` = `smoke_pretrain.pt` → `smoke_pretrain`.`model` = `yolo12n.pt`
a5s_base_aug303_s42n,A,a5s,yolo12n,high,args-chain,`a5s_base_aug303_s42n`.`model` = `smoke_pretrain_nc2.pt` → `smoke_pretrain_nc2`.`model` = `smoke_pretrain.pt` → `smoke_pretrain`.`model` = `yolo12n.pt`
a5s_lr005_aug101_s42n,A,a5s,yolo12n,high,args-chain,`a5s_lr005_aug101_s42n`.`model` = `smoke_pretrain_nc2.pt` → `smoke_pretrain_nc2`.`model` = `smoke_pretrain.pt` → `smoke_pretrain`.`model` = `yolo12n.pt`
a5s_lr005_aug202_s42n,A,a5s,yolo12n,high,args-chain,`a5s_lr005_aug202_s42n`.`model` = `smoke_pretrain_nc2.pt` → `smoke_pretrain_nc2`.`model` = `smoke_pretrain.pt` → `smoke_pretrain`.`model` = `yolo12n.pt`
a5s_lr005_aug303_s42n,A,a5s,yolo12n,high,args-chain,`a5s_lr005_aug303_s42n`.`model` = `smoke_pretrain_nc2.pt` → `smoke_pretrain_nc2`.`model` = `smoke_pretrain.pt` → `smoke_pretrain`.`model` = `yolo12n.pt`
aitod_base100,B,aitod,yolo12n,high,args-chain,`aitod_base100`.`model` = `aitod_pretrain.pt` → `aitod_pretrain`.`model` = `yolo12n.pt`
aitod_base30,B,aitod,yolo12n,high,args-chain,`aitod_base30`.`model` = `aitod_pretrain.pt` → `aitod_pretrain`.`model` = `yolo12n.pt`
aitod_lr005_30ep,B,aitod,yolo12n,high,args-chain,`aitod_lr005_30ep`.`model` = `aitod_pretrain.pt` → `aitod_pretrain`.`model` = `yolo12n.pt`
aitod_pretrain,B,aitod,yolo12n,high,log,日志模型签名 `yolov12n summary`（aitod_pretrain）
aitod_pws_30ep,B,aitod,yolo12n,high,args-chain,`aitod_pws_30ep`.`model` = `aitod_pretrain.pt` → `aitod_pretrain`.`model` = `yolo12n.pt`
aitod_sns_30ep,B,aitod,yolo12n,high,args-chain,`aitod_sns_30ep`.`model` = `aitod_pretrain.pt` → `aitod_pretrain`.`model` = `yolo12n.pt`
aitod_vis_base100_s52n,A,aitod,yolo12n,high,log,日志模型签名 `yolov12n summary`（aitod_vis_base100_s52n）
aitod_vis_base100_s53n,A,aitod,yolo12n,high,log,日志模型签名 `yolov12n summary`（aitod_vis_base100_s53n）
aitod_vis_base100_s54n,A,aitod,yolo12n,high,log,日志模型签名 `yolov12n summary`（aitod_vis_base100_s54n）
aitod_vis_lr005_100ep_s52n,A,aitod,yolo12n,high,log,日志模型签名 `yolov12n summary`（aitod_vis_lr005_100ep_s52n）
aitod_vis_lr005_100ep_s53n,A,aitod,yolo12n,high,log,日志模型签名 `yolov12n summary`（aitod_vis_lr005_100ep_s53n）
aitod_vis_lr005_100ep_s54n,A,aitod,yolo12n,high,log,日志模型签名 `yolov12n summary`（aitod_vis_lr005_100ep_s54n）
amod_ADown_30ep_s42n,B,amod,unknown(shapeiou_fusion_best),low,args-chain,`amod_ADown_30ep_s42n`.`model` = `shapeiou_fusion_best.pt`
amod_C2fEMA_v2_30ep_s43n,B,amod,unknown(shapeiou_fusion_best),low,args-chain,`amod_C2fEMA_v2_30ep_s43n`.`model` = `shapeiou_fusion_best.pt`
amod_C2fEMA_v2_30ep_s44n,B,amod,unknown(shapeiou_fusion_best),low,args-chain,`amod_C2fEMA_v2_30ep_s44n`.`model` = `shapeiou_fusion_best.pt`
amod_GSConv_30ep_s42n,B,amod,yolo12n,high,log,日志模型签名 `yolov12n summary`（amod_GSConv_30ep_s42n）
amod_SE_NK_v2_30ep_s42n,B,amod,unknown(shapeiou_fusion_best),low,args-chain,`amod_SE_NK_v2_30ep_s42n`.`model` = `shapeiou_fusion_best.pt`
amod_SE_NK_v4_30ep_s42n,B,amod,yolo12n,high,log,日志模型签名 `yolov12n summary`（amod_SE_NK_v4_30ep_s42n）
amod_SE_v2_30ep_s43n,B,amod,unknown(shapeiou_fusion_best),low,args-chain,`amod_SE_v2_30ep_s43n`.`model` = `shapeiou_fusion_best.pt`
amod_SE_v2_30ep_s44n,B,amod,unknown(shapeiou_fusion_best),low,args-chain,`amod_SE_v2_30ep_s44n`.`model` = `shapeiou_fusion_best.pt`
amod_base_30ep_s42n,B,amod,yolo12n,high,log,日志模型签名 `yolov12n summary`（amod_base_30ep_s42n）
b2_shwd2sf_base100_s42n,A,b2,yolo12n,high,args-chain,`b2_shwd2sf_base100_s42n`.`model` = `shwd2sf_pretrain.pt` → `shwd2sf_pretrain`.`model` = `yolo12n.pt`
b2_shwd2sf_base100_s43n,A,b2,yolo12n,high,args-chain,`b2_shwd2sf_base100_s43n`.`model` = `shwd2sf_pretrain.pt` → `shwd2sf_pretrain`.`model` = `yolo12n.pt`
b2_shwd2sf_base100_s44n,A,b2,yolo12n,high,args-chain,`b2_shwd2sf_base100_s44n`.`model` = `shwd2sf_pretrain.pt` → `shwd2sf_pretrain`.`model` = `yolo12n.pt`
b2_shwd2sf_base100_s45n,A,b2,yolo12n,high,args-chain,`b2_shwd2sf_base100_s45n`.`model` = `shwd2sf_pretrain.pt` → `shwd2sf_pretrain`.`model` = `yolo12n.pt`
b2_shwd2sf_base100_s46n,A,b2,yolo12n,high,log,日志模型签名 `yolov12n summary`（b2_shwd2sf_base100_s46n）
b2_shwd2sf_base100_s46n.incomplete_20260923_003042,A,b2,yolo12n,high,log,日志模型签名 `yolov12n summary`（b2_shwd2sf_base100_s46n.incomplete_20260923_003042）
b2_shwd2sf_base100_s47n,A,b2,yolo12n,high,log,日志模型签名 `yolov12n summary`（b2_shwd2sf_base100_s47n）
b2_shwd2sf_base100_s47n.incomplete_20260923_003042,A,b2,yolo12n,high,log,日志模型签名 `yolov12n summary`（b2_shwd2sf_base100_s47n.incomplete_20260923_003042）
b2_shwd2sf_base100_s48n,A,b2,yolo12n,high,log,日志模型签名 `yolov12n summary`（b2_shwd2sf_base100_s48n）
b2_shwd2sf_base100_s48n.incomplete_20260923_003042,A,b2,yolo12n,high,log,日志模型签名 `yolov12n summary`（b2_shwd2sf_base100_s48n.incomplete_20260923_003042）
b2_shwd2sf_base100_s49n,A,b2,yolo12n,high,log,日志模型签名 `yolov12n summary`（b2_shwd2sf_base100_s49n）
b2_shwd2sf_base100_s49n.incomplete_20260923_003042,A,b2,yolo12n,high,log,日志模型签名 `yolov12n summary`（b2_shwd2sf_base100_s49n.incomplete_20260923_003042）
b2_shwd2sf_base100_s50n,A,b2,yolo12n,high,args-chain,`b2_shwd2sf_base100_s50n`.`model` = `shwd2sf_pretrain.pt` → `shwd2sf_pretrain`.`model` = `yolo12n.pt`
b2_shwd2sf_base100_s51n,A,b2,yolo12n,high,args-chain,`b2_shwd2sf_base100_s51n`.`model` = `shwd2sf_pretrain.pt` → `shwd2sf_pretrain`.`model` = `yolo12n.pt`
b2_shwd2sf_base200_s42n,A,b2,yolo12n,high,args-chain,`b2_shwd2sf_base200_s42n`.`model` = `shwd2sf_pretrain.pt` → `shwd2sf_pretrain`.`model` = `yolo12n.pt`
b2_shwd2sf_base200_s43n,A,b2,yolo12n,high,args-chain,`b2_shwd2sf_base200_s43n`.`model` = `shwd2sf_pretrain.pt` → `shwd2sf_pretrain`.`model` = `yolo12n.pt`
b2_shwd2sf_base200_s44n,A,b2,yolo12n,high,args-chain,`b2_shwd2sf_base200_s44n`.`model` = `shwd2sf_pretrain.pt` → `shwd2sf_pretrain`.`model` = `yolo12n.pt`
b2_shwd2sf_base200_s45n,A,b2,yolo12n,high,args-chain,`b2_shwd2sf_base200_s45n`.`model` = `shwd2sf_pretrain.pt` → `shwd2sf_pretrain`.`model` = `yolo12n.pt`
b2_shwd2sf_base200_s46n,A,b2,yolo12n,high,log,日志模型签名 `yolov12n summary`（b2_shwd2sf_base200_s46n）
b2_shwd2sf_base200_s46n.incomplete_20260923_125622,A,b2,yolo12n,high,log,日志模型签名 `yolov12n summary`（b2_shwd2sf_base200_s46n.incomplete_20260923_125622）
b2_shwd2sf_base200_s47n,A,b2,yolo12n,high,log,日志模型签名 `yolov12n summary`（b2_shwd2sf_base200_s47n）
b2_shwd2sf_base200_s47n.incomplete_20260923_125622,A,b2,yolo12n,high,log,日志模型签名 `yolov12n summary`（b2_shwd2sf_base200_s47n.incomplete_20260923_125622）
b2_shwd2sf_base200_s48n,A,b2,yolo12n,high,log,日志模型签名 `yolov12n summary`（b2_shwd2sf_base200_s48n）
b2_shwd2sf_base200_s48n.incomplete_20260923_125622,A,b2,yolo12n,high,log,日志模型签名 `yolov12n summary`（b2_shwd2sf_base200_s48n.incomplete_20260923_125622）
b2_shwd2sf_base200_s49n,A,b2,yolo12n,high,log,日志模型签名 `yolov12n summary`（b2_shwd2sf_base200_s49n）
b2_shwd2sf_base200_s49n.incomplete_20260923_125622,A,b2,yolo12n,high,log,日志模型签名 `yolov12n summary`（b2_shwd2sf_base200_s49n.incomplete_20260923_125622）
b2_shwd2sf_base200_s50n,A,b2,yolo12n,high,args-chain,`b2_shwd2sf_base200_s50n`.`model` = `shwd2sf_pretrain.pt` → `shwd2sf_pretrain`.`model` = `yolo12n.pt`
b2_shwd2sf_base200_s51n,A,b2,yolo12n,high,args-chain,`b2_shwd2sf_base200_s51n`.`model` = `shwd2sf_pretrain.pt` → `shwd2sf_pretrain`.`model` = `yolo12n.pt`
b2_shwd2sf_base300_s42n,A,b2,yolo12n,high,log,日志模型签名 `yolov12n summary`（b2_shwd2sf_base300_s42n）
b2_shwd2sf_base300_s42n.incomplete_20260924_100748,A,b2,yolo12n,high,log,日志模型签名 `yolov12n summary`（b2_shwd2sf_base300_s42n.incomplete_20260924_100748）
b2_shwd2sf_base300_s47n,A,b2,yolo12n,high,log,日志模型签名 `yolov12n summary`（b2_shwd2sf_base300_s47n）
b2_shwd2sf_base300_s47n.incomplete_20260924_100748,A,b2,yolo12n,high,log,日志模型签名 `yolov12n summary`（b2_shwd2sf_base300_s47n.incomplete_20260924_100748）
b2_shwd2sf_base30_s42n,A,b2,yolo12n,high,args-chain,`b2_shwd2sf_base30_s42n`.`model` = `shwd2sf_pretrain.pt` → `shwd2sf_pretrain`.`model` = `yolo12n.pt`
b2_shwd2sf_base30_s43n,A,b2,yolo12n,high,args-chain,`b2_shwd2sf_base30_s43n`.`model` = `shwd2sf_pretrain.pt` → `shwd2sf_pretrain`.`model` = `yolo12n.pt`
b2_shwd2sf_base30_s44n,A,b2,yolo12n,high,args-chain,`b2_shwd2sf_base30_s44n`.`model` = `shwd2sf_pretrain.pt` → `shwd2sf_pretrain`.`model` = `yolo12n.pt`
b2_shwd2sf_base30_s45n,A,b2,yolo12n,high,args-chain,`b2_shwd2sf_base30_s45n`.`model` = `shwd2sf_pretrain.pt` → `shwd2sf_pretrain`.`model` = `yolo12n.pt`
b2_shwd2sf_base30_s46n,A,b2,yolo12n,high,args-chain,`b2_shwd2sf_base30_s46n`.`model` = `shwd2sf_pretrain.pt` → `shwd2sf_pretrain`.`model` = `yolo12n.pt`
b2_shwd2sf_base30_s47n,A,b2,yolo12n,high,args-chain,`b2_shwd2sf_base30_s47n`.`model` = `shwd2sf_pretrain.pt` → `shwd2sf_pretrain`.`model` = `yolo12n.pt`
b2_shwd2sf_base30_s48n,A,b2,yolo12n,high,args-chain,`b2_shwd2sf_base30_s48n`.`model` = `shwd2sf_pretrain.pt` → `shwd2sf_pretrain`.`model` = `yolo12n.pt`
b2_shwd2sf_base30_s49n,A,b2,yolo12n,high,args-chain,`b2_shwd2sf_base30_s49n`.`model` = `shwd2sf_pretrain.pt` → `shwd2sf_pretrain`.`model` = `yolo12n.pt`
b2_shwd2sf_base30_s50n,A,b2,yolo12n,high,args-chain,`b2_shwd2sf_base30_s50n`.`model` = `shwd2sf_pretrain.pt` → `shwd2sf_pretrain`.`model` = `yolo12n.pt`
b2_shwd2sf_base30_s51n,A,b2,yolo12n,high,args-chain,`b2_shwd2sf_base30_s51n`.`model` = `shwd2sf_pretrain.pt` → `shwd2sf_pretrain`.`model` = `yolo12n.pt`
b2_shwd2sf_base50_s42n,A,b2,yolo12n,high,args-chain,`b2_shwd2sf_base50_s42n`.`model` = `shwd2sf_pretrain.pt` → `shwd2sf_pretrain`.`model` = `yolo12n.pt`
b2_shwd2sf_base50_s43n,A,b2,yolo12n,high,args-chain,`b2_shwd2sf_base50_s43n`.`model` = `shwd2sf_pretrain.pt` → `shwd2sf_pretrain`.`model` = `yolo12n.pt`
b2_shwd2sf_base50_s44n,A,b2,yolo12n,high,args-chain,`b2_shwd2sf_base50_s44n`.`model` = `shwd2sf_pretrain.pt` → `shwd2sf_pretrain`.`model` = `yolo12n.pt`
b2_shwd2sf_base50_s45n,A,b2,yolo12n,high,args-chain,`b2_shwd2sf_base50_s45n`.`model` = `shwd2sf_pretrain.pt` → `shwd2sf_pretrain`.`model` = `yolo12n.pt`
b2_shwd2sf_base50_s46n,A,b2,yolo12n,high,args-chain,`b2_shwd2sf_base50_s46n`.`model` = `shwd2sf_pretrain.pt` → `shwd2sf_pretrain`.`model` = `yolo12n.pt`
b2_shwd2sf_base50_s47n,A,b2,yolo12n,high,args-chain,`b2_shwd2sf_base50_s47n`.`model` = `shwd2sf_pretrain.pt` → `shwd2sf_pretrain`.`model` = `yolo12n.pt`
b2_shwd2sf_base50_s48n,A,b2,yolo12n,high,args-chain,`b2_shwd2sf_base50_s48n`.`model` = `shwd2sf_pretrain.pt` → `shwd2sf_pretrain`.`model` = `yolo12n.pt`
b2_shwd2sf_base50_s49n,A,b2,yolo12n,high,args-chain,`b2_shwd2sf_base50_s49n`.`model` = `shwd2sf_pretrain.pt` → `shwd2sf_pretrain`.`model` = `yolo12n.pt`
b2_shwd2sf_base50_s50n,A,b2,yolo12n,high,args-chain,`b2_shwd2sf_base50_s50n`.`model` = `shwd2sf_pretrain.pt` → `shwd2sf_pretrain`.`model` = `yolo12n.pt`
b2_shwd2sf_base50_s51n,A,b2,yolo12n,high,args-chain,`b2_shwd2sf_base50_s51n`.`model` = `shwd2sf_pretrain.pt` → `shwd2sf_pretrain`.`model` = `yolo12n.pt`
b2_shwd2sf_lr005_100ep_s42n,A,b2,yolo12n,high,args-chain,`b2_shwd2sf_lr005_100ep_s42n`.`model` = `shwd2sf_pretrain.pt` → `shwd2sf_pretrain`.`model` = `yolo12n.pt`
b2_shwd2sf_lr005_100ep_s43n,A,b2,yolo12n,high,args-chain,`b2_shwd2sf_lr005_100ep_s43n`.`model` = `shwd2sf_pretrain.pt` → `shwd2sf_pretrain`.`model` = `yolo12n.pt`
b2_shwd2sf_lr005_100ep_s44n,A,b2,yolo12n,high,args-chain,`b2_shwd2sf_lr005_100ep_s44n`.`model` = `shwd2sf_pretrain.pt` → `shwd2sf_pretrain`.`model` = `yolo12n.pt`
b2_shwd2sf_lr005_100ep_s45n,A,b2,yolo12n,high,args-chain,`b2_shwd2sf_lr005_100ep_s45n`.`model` = `shwd2sf_pretrain.pt` → `shwd2sf_pretrain`.`model` = `yolo12n.pt`
b2_shwd2sf_lr005_100ep_s46n,A,b2,yolo12n,high,args-chain,`b2_shwd2sf_lr005_100ep_s46n`.`model` = `shwd2sf_pretrain.pt` → `shwd2sf_pretrain`.`model` = `yolo12n.pt`
b2_shwd2sf_lr005_100ep_s47n,A,b2,yolo12n,high,args-chain,`b2_shwd2sf_lr005_100ep_s47n`.`model` = `shwd2sf_pretrain.pt` → `shwd2sf_pretrain`.`model` = `yolo12n.pt`
b2_shwd2sf_lr005_100ep_s48n,A,b2,yolo12n,high,args-chain,`b2_shwd2sf_lr005_100ep_s48n`.`model` = `shwd2sf_pretrain.pt` → `shwd2sf_pretrain`.`model` = `yolo12n.pt`
b2_shwd2sf_lr005_100ep_s49n,A,b2,yolo12n,high,args-chain,`b2_shwd2sf_lr005_100ep_s49n`.`model` = `shwd2sf_pretrain.pt` → `shwd2sf_pretrain`.`model` = `yolo12n.pt`
b2_shwd2sf_lr005_100ep_s50n,A,b2,yolo12n,high,args-chain,`b2_shwd2sf_lr005_100ep_s50n`.`model` = `shwd2sf_pretrain.pt` → `shwd2sf_pretrain`.`model` = `yolo12n.pt`
b2_shwd2sf_lr005_100ep_s51n,A,b2,yolo12n,high,args-chain,`b2_shwd2sf_lr005_100ep_s51n`.`model` = `shwd2sf_pretrain.pt` → `shwd2sf_pretrain`.`model` = `yolo12n.pt`
b2_shwd2sf_lr005_200ep_s42n,A,b2,yolo12n,high,args-chain,`b2_shwd2sf_lr005_200ep_s42n`.`model` = `shwd2sf_pretrain.pt` → `shwd2sf_pretrain`.`model` = `yolo12n.pt`
b2_shwd2sf_lr005_200ep_s43n,A,b2,yolo12n,high,args-chain,`b2_shwd2sf_lr005_200ep_s43n`.`model` = `shwd2sf_pretrain.pt` → `shwd2sf_pretrain`.`model` = `yolo12n.pt`
b2_shwd2sf_lr005_200ep_s44n,A,b2,yolo12n,high,args-chain,`b2_shwd2sf_lr005_200ep_s44n`.`model` = `shwd2sf_pretrain.pt` → `shwd2sf_pretrain`.`model` = `yolo12n.pt`
b2_shwd2sf_lr005_200ep_s45n,A,b2,yolo12n,high,args-chain,`b2_shwd2sf_lr005_200ep_s45n`.`model` = `shwd2sf_pretrain.pt` → `shwd2sf_pretrain`.`model` = `yolo12n.pt`
b2_shwd2sf_lr005_200ep_s46n,A,b2,yolo12n,high,args-chain,`b2_shwd2sf_lr005_200ep_s46n`.`model` = `shwd2sf_pretrain.pt` → `shwd2sf_pretrain`.`model` = `yolo12n.pt`
b2_shwd2sf_lr005_200ep_s47n,A,b2,yolo12n,high,args-chain,`b2_shwd2sf_lr005_200ep_s47n`.`model` = `shwd2sf_pretrain.pt` → `shwd2sf_pretrain`.`model` = `yolo12n.pt`
b2_shwd2sf_lr005_200ep_s48n,A,b2,yolo12n,high,args-chain,`b2_shwd2sf_lr005_200ep_s48n`.`model` = `shwd2sf_pretrain.pt` → `shwd2sf_pretrain`.`model` = `yolo12n.pt`
b2_shwd2sf_lr005_200ep_s49n,A,b2,yolo12n,high,args-chain,`b2_shwd2sf_lr005_200ep_s49n`.`model` = `shwd2sf_pretrain.pt` → `shwd2sf_pretrain`.`model` = `yolo12n.pt`
b2_shwd2sf_lr005_200ep_s50n,A,b2,yolo12n,high,args-chain,`b2_shwd2sf_lr005_200ep_s50n`.`model` = `shwd2sf_pretrain.pt` → `shwd2sf_pretrain`.`model` = `yolo12n.pt`
b2_shwd2sf_lr005_200ep_s51n,A,b2,yolo12n,high,args-chain,`b2_shwd2sf_lr005_200ep_s51n`.`model` = `shwd2sf_pretrain.pt` → `shwd2sf_pretrain`.`model` = `yolo12n.pt`
b2_shwd2sf_lr005_300ep_s42n,A,b2,yolo12n,high,args-chain,`b2_shwd2sf_lr005_300ep_s42n`.`model` = `shwd2sf_pretrain.pt` → `shwd2sf_pretrain`.`model` = `yolo12n.pt`
b2_shwd2sf_lr005_300ep_s47n,A,b2,yolo12n,high,args-chain,`b2_shwd2sf_lr005_300ep_s47n`.`model` = `shwd2sf_pretrain.pt` → `shwd2sf_pretrain`.`model` = `yolo12n.pt`
b2_shwd2sf_lr005_30ep_s42n,A,b2,yolo12n,high,args-chain,`b2_shwd2sf_lr005_30ep_s42n`.`model` = `shwd2sf_pretrain.pt` → `shwd2sf_pretrain`.`model` = `yolo12n.pt`
b2_shwd2sf_lr005_30ep_s43n,A,b2,yolo12n,high,args-chain,`b2_shwd2sf_lr005_30ep_s43n`.`model` = `shwd2sf_pretrain.pt` → `shwd2sf_pretrain`.`model` = `yolo12n.pt`
b2_shwd2sf_lr005_30ep_s44n,A,b2,yolo12n,high,args-chain,`b2_shwd2sf_lr005_30ep_s44n`.`model` = `shwd2sf_pretrain.pt` → `shwd2sf_pretrain`.`model` = `yolo12n.pt`
b2_shwd2sf_lr005_30ep_s45n,A,b2,yolo12n,high,args-chain,`b2_shwd2sf_lr005_30ep_s45n`.`model` = `shwd2sf_pretrain.pt` → `shwd2sf_pretrain`.`model` = `yolo12n.pt`
b2_shwd2sf_lr005_30ep_s46n,A,b2,yolo12n,high,args-chain,`b2_shwd2sf_lr005_30ep_s46n`.`model` = `shwd2sf_pretrain.pt` → `shwd2sf_pretrain`.`model` = `yolo12n.pt`
b2_shwd2sf_lr005_30ep_s47n,A,b2,yolo12n,high,args-chain,`b2_shwd2sf_lr005_30ep_s47n`.`model` = `shwd2sf_pretrain.pt` → `shwd2sf_pretrain`.`model` = `yolo12n.pt`
b2_shwd2sf_lr005_30ep_s48n,A,b2,yolo12n,high,args-chain,`b2_shwd2sf_lr005_30ep_s48n`.`model` = `shwd2sf_pretrain.pt` → `shwd2sf_pretrain`.`model` = `yolo12n.pt`
b2_shwd2sf_lr005_30ep_s49n,A,b2,yolo12n,high,args-chain,`b2_shwd2sf_lr005_30ep_s49n`.`model` = `shwd2sf_pretrain.pt` → `shwd2sf_pretrain`.`model` = `yolo12n.pt`
b2_shwd2sf_lr005_30ep_s50n,A,b2,yolo12n,high,args-chain,`b2_shwd2sf_lr005_30ep_s50n`.`model` = `shwd2sf_pretrain.pt` → `shwd2sf_pretrain`.`model` = `yolo12n.pt`
b2_shwd2sf_lr005_30ep_s51n,A,b2,yolo12n,high,args-chain,`b2_shwd2sf_lr005_30ep_s51n`.`model` = `shwd2sf_pretrain.pt` → `shwd2sf_pretrain`.`model` = `yolo12n.pt`
b2_shwd2sf_lr005_50ep_s42n,A,b2,yolo12n,high,args-chain,`b2_shwd2sf_lr005_50ep_s42n`.`model` = `shwd2sf_pretrain.pt` → `shwd2sf_pretrain`.`model` = `yolo12n.pt`
b2_shwd2sf_lr005_50ep_s43n,A,b2,yolo12n,high,args-chain,`b2_shwd2sf_lr005_50ep_s43n`.`model` = `shwd2sf_pretrain.pt` → `shwd2sf_pretrain`.`model` = `yolo12n.pt`
b2_shwd2sf_lr005_50ep_s44n,A,b2,yolo12n,high,args-chain,`b2_shwd2sf_lr005_50ep_s44n`.`model` = `shwd2sf_pretrain.pt` → `shwd2sf_pretrain`.`model` = `yolo12n.pt`
b2_shwd2sf_lr005_50ep_s45n,A,b2,yolo12n,high,args-chain,`b2_shwd2sf_lr005_50ep_s45n`.`model` = `shwd2sf_pretrain.pt` → `shwd2sf_pretrain`.`model` = `yolo12n.pt`
b2_shwd2sf_lr005_50ep_s46n,A,b2,yolo12n,high,args-chain,`b2_shwd2sf_lr005_50ep_s46n`.`model` = `shwd2sf_pretrain.pt` → `shwd2sf_pretrain`.`model` = `yolo12n.pt`
b2_shwd2sf_lr005_50ep_s47n,A,b2,yolo12n,high,args-chain,`b2_shwd2sf_lr005_50ep_s47n`.`model` = `shwd2sf_pretrain.pt` → `shwd2sf_pretrain`.`model` = `yolo12n.pt`
b2_shwd2sf_lr005_50ep_s48n,A,b2,yolo12n,high,args-chain,`b2_shwd2sf_lr005_50ep_s48n`.`model` = `shwd2sf_pretrain.pt` → `shwd2sf_pretrain`.`model` = `yolo12n.pt`
b2_shwd2sf_lr005_50ep_s49n,A,b2,yolo12n,high,args-chain,`b2_shwd2sf_lr005_50ep_s49n`.`model` = `shwd2sf_pretrain.pt` → `shwd2sf_pretrain`.`model` = `yolo12n.pt`
b2_shwd2sf_lr005_50ep_s50n,A,b2,yolo12n,high,args-chain,`b2_shwd2sf_lr005_50ep_s50n`.`model` = `shwd2sf_pretrain.pt` → `shwd2sf_pretrain`.`model` = `yolo12n.pt`
b2_shwd2sf_lr005_50ep_s51n,A,b2,yolo12n,high,args-chain,`b2_shwd2sf_lr005_50ep_s51n`.`model` = `shwd2sf_pretrain.pt` → `shwd2sf_pretrain`.`model` = `yolo12n.pt`
b2_smoke2sf_base100_s42n,B,b2,yolo12n,high,args-chain,`b2_smoke2sf_base100_s42n`.`model` = `smoke_pretrain.pt` → `smoke_pretrain`.`model` = `yolo12n.pt`
b2_smoke2sf_base100_s43n,B,b2,yolo12n,high,args-chain,`b2_smoke2sf_base100_s43n`.`model` = `smoke_pretrain.pt` → `smoke_pretrain`.`model` = `yolo12n.pt`
b2_smoke2sf_base100_s44n,B,b2,yolo12n,high,log,日志模型签名 `yolov12n summary`（b2_smoke2sf_base100_s44n）
b2_smoke2sf_base100_s44n.incomplete_20260923_072315,B,b2,yolo12n,high,log,日志模型签名 `yolov12n summary`（b2_smoke2sf_base100_s44n.incomplete_20260923_072315）
b2_smoke2sf_base100_s45n,B,b2,yolo12n,high,log,日志模型签名 `yolov12n summary`（b2_smoke2sf_base100_s45n）
b2_smoke2sf_base100_s45n.incomplete_20260923_072315,B,b2,yolo12n,high,log,日志模型签名 `yolov12n summary`（b2_smoke2sf_base100_s45n.incomplete_20260923_072315）
b2_smoke2sf_base100_s46n,B,b2,yolo12n,high,args-chain,`b2_smoke2sf_base100_s46n`.`model` = `smoke_pretrain.pt` → `smoke_pretrain`.`model` = `yolo12n.pt`
b2_smoke2sf_base100_s47n,B,b2,yolo12n,high,args-chain,`b2_smoke2sf_base100_s47n`.`model` = `smoke_pretrain.pt` → `smoke_pretrain`.`model` = `yolo12n.pt`
b2_smoke2sf_base100_s48n,B,b2,yolo12n,high,args-chain,`b2_smoke2sf_base100_s48n`.`model` = `smoke_pretrain.pt` → `smoke_pretrain`.`model` = `yolo12n.pt`
b2_smoke2sf_base100_s49n,B,b2,yolo12n,high,args-chain,`b2_smoke2sf_base100_s49n`.`model` = `smoke_pretrain.pt` → `smoke_pretrain`.`model` = `yolo12n.pt`
b2_smoke2sf_base100_s50n,B,b2,yolo12n,high,args-chain,`b2_smoke2sf_base100_s50n`.`model` = `smoke_pretrain.pt` → `smoke_pretrain`.`model` = `yolo12n.pt`
b2_smoke2sf_base100_s51n,B,b2,yolo12n,high,args-chain,`b2_smoke2sf_base100_s51n`.`model` = `smoke_pretrain.pt` → `smoke_pretrain`.`model` = `yolo12n.pt`
b2_smoke2sf_base200_s42n,A,b2,yolo12n,high,log,日志模型签名 `yolov12n summary`（b2_smoke2sf_base200_s42n）
b2_smoke2sf_base200_s42n,B,b2,yolo12n,high,log,日志模型签名 `yolov12n summary`（b2_smoke2sf_base200_s42n）
b2_smoke2sf_base200_s42n.incomplete_20260923_180301,B,b2,yolo12n,high,log,日志模型签名 `yolov12n summary`（b2_smoke2sf_base200_s42n.incomplete_20260923_180301）
b2_smoke2sf_base200_s42n.incomplete_20260923_180524,B,b2,yolo12n,high,log,日志模型签名 `yolov12n summary`（b2_smoke2sf_base200_s42n.incomplete_20260923_180524）
b2_smoke2sf_base200_s43n,A,b2,yolo12n,high,log,日志模型签名 `yolov12n summary`（b2_smoke2sf_base200_s43n）
b2_smoke2sf_base200_s43n,B,b2,yolo12n,high,log,日志模型签名 `yolov12n summary`（b2_smoke2sf_base200_s43n）
b2_smoke2sf_base200_s43n.incomplete_20260923_180301,B,b2,yolo12n,high,log,日志模型签名 `yolov12n summary`（b2_smoke2sf_base200_s43n.incomplete_20260923_180301）
b2_smoke2sf_base200_s43n.incomplete_20260923_180524,B,b2,yolo12n,high,log,日志模型签名 `yolov12n summary`（b2_smoke2sf_base200_s43n.incomplete_20260923_180524）
b2_smoke2sf_base200_s44n,A,b2,yolo12n,high,args-chain,`b2_smoke2sf_base200_s44n`.`model` = `smoke_pretrain.pt` → `smoke_pretrain`.`model` = `yolo12n.pt`
b2_smoke2sf_base200_s44n,B,b2,yolo12n,high,args-chain,`b2_smoke2sf_base200_s44n`.`model` = `smoke_pretrain.pt` → `smoke_pretrain`.`model` = `yolo12n.pt`
b2_smoke2sf_base200_s45n,A,b2,yolo12n,high,log,日志模型签名 `yolov12n summary`（b2_smoke2sf_base200_s45n）
b2_smoke2sf_base200_s45n,B,b2,yolo12n,high,log,日志模型签名 `yolov12n summary`（b2_smoke2sf_base200_s45n）
b2_smoke2sf_base200_s46n,A,b2,yolo12n,high,args-chain,`b2_smoke2sf_base200_s46n`.`model` = `smoke_pretrain.pt` → `smoke_pretrain`.`model` = `yolo12n.pt`
b2_smoke2sf_base200_s46n,B,b2,yolo12n,high,args-chain,`b2_smoke2sf_base200_s46n`.`model` = `smoke_pretrain.pt` → `smoke_pretrain`.`model` = `yolo12n.pt`
b2_smoke2sf_base200_s47n,A,b2,yolo12n,high,log,日志模型签名 `yolov12n summary`（b2_smoke2sf_base200_s47n）
b2_smoke2sf_base200_s47n,B,b2,yolo12n,high,log,日志模型签名 `yolov12n summary`（b2_smoke2sf_base200_s47n）
b2_smoke2sf_base200_s48n,B,b2,yolo12n,high,log,日志模型签名 `yolov12n summary`（b2_smoke2sf_base200_s48n）
b2_smoke2sf_base200_s49n,B,b2,yolo12n,high,args-chain,`b2_smoke2sf_base200_s49n`.`model` = `smoke_pretrain.pt` → `smoke_pretrain`.`model` = `yolo12n.pt`
b2_smoke2sf_base200_s50n,B,b2,yolo12n,high,args-chain,`b2_smoke2sf_base200_s50n`.`model` = `smoke_pretrain.pt` → `smoke_pretrain`.`model` = `yolo12n.pt`
b2_smoke2sf_base200_s51n,B,b2,yolo12n,high,args-chain,`b2_smoke2sf_base200_s51n`.`model` = `smoke_pretrain.pt` → `smoke_pretrain`.`model` = `yolo12n.pt`
b2_smoke2sf_base300_s42n,B,b2,yolo12n,high,log,日志模型签名 `yolov12n summary`（b2_smoke2sf_base300_s42n）
b2_smoke2sf_base300_s42n.incomplete_20260924_095226,A,b2,yolo12n,high,log,日志模型签名 `yolov12n summary`（b2_smoke2sf_base300_s42n.incomplete_20260924_095226）
b2_smoke2sf_base300_s42n.incomplete_20260924_100239,A,b2,yolo12n,high,log,日志模型签名 `yolov12n summary`（b2_smoke2sf_base300_s42n.incomplete_20260924_100239）
b2_smoke2sf_base300_s42n.incomplete_20260924_104028,B,b2,yolo12n,high,log,日志模型签名 `yolov12n summary`（b2_smoke2sf_base300_s42n.incomplete_20260924_104028）
b2_smoke2sf_base300_s42n.incomplete_20260924_111455,B,b2,yolo12n,high,log,日志模型签名 `yolov12n summary`（b2_smoke2sf_base300_s42n.incomplete_20260924_111455）
b2_smoke2sf_base300_s42n.incomplete_20260924_112001,B,b2,yolo12n,high,log,日志模型签名 `yolov12n summary`（b2_smoke2sf_base300_s42n.incomplete_20260924_112001）
b2_smoke2sf_base300_s42n.incomplete_20260924_113530,B,b2,yolo12n,high,log,日志模型签名 `yolov12n summary`（b2_smoke2sf_base300_s42n.incomplete_20260924_113530）
b2_smoke2sf_base30_s42n,B,b2,yolo12n,high,args-chain,`b2_smoke2sf_base30_s42n`.`model` = `smoke_pretrain.pt` → `smoke_pretrain`.`model` = `yolo12n.pt`
b2_smoke2sf_base30_s43n,B,b2,yolo12n,high,args-chain,`b2_smoke2sf_base30_s43n`.`model` = `smoke_pretrain.pt` → `smoke_pretrain`.`model` = `yolo12n.pt`
b2_smoke2sf_base30_s44n,B,b2,yolo12n,high,args-chain,`b2_smoke2sf_base30_s44n`.`model` = `smoke_pretrain.pt` → `smoke_pretrain`.`model` = `yolo12n.pt`
b2_smoke2sf_base30_s45n,B,b2,yolo12n,high,args-chain,`b2_smoke2sf_base30_s45n`.`model` = `smoke_pretrain.pt` → `smoke_pretrain`.`model` = `yolo12n.pt`
b2_smoke2sf_base30_s46n,B,b2,yolo12n,high,args-chain,`b2_smoke2sf_base30_s46n`.`model` = `smoke_pretrain.pt` → `smoke_pretrain`.`model` = `yolo12n.pt`
b2_smoke2sf_base30_s47n,B,b2,yolo12n,high,args-chain,`b2_smoke2sf_base30_s47n`.`model` = `smoke_pretrain.pt` → `smoke_pretrain`.`model` = `yolo12n.pt`
b2_smoke2sf_base30_s48n,B,b2,yolo12n,high,args-chain,`b2_smoke2sf_base30_s48n`.`model` = `smoke_pretrain.pt` → `smoke_pretrain`.`model` = `yolo12n.pt`
b2_smoke2sf_base30_s49n,B,b2,yolo12n,high,args-chain,`b2_smoke2sf_base30_s49n`.`model` = `smoke_pretrain.pt` → `smoke_pretrain`.`model` = `yolo12n.pt`
b2_smoke2sf_base30_s50n.incomplete_20260924_104028,B,b2,yolo12n,high,args-chain,`b2_smoke2sf_base30_s50n.incomplete_20260924_104028`.`model` = `smoke_pretrain.pt` → `smoke_pretrain`.`model` = `yolo12n.pt`
b2_smoke2sf_base30_s51n,B,b2,yolo12n,high,args-chain,`b2_smoke2sf_base30_s51n`.`model` = `smoke_pretrain.pt` → `smoke_pretrain`.`model` = `yolo12n.pt`
b2_smoke2sf_base50_s42n,B,b2,yolo12n,high,log,日志模型签名 `yolov12n summary`（b2_smoke2sf_base50_s42n）
b2_smoke2sf_base50_s42n.incomplete_20260923_003114,B,b2,yolo12n,high,log,日志模型签名 `yolov12n summary`（b2_smoke2sf_base50_s42n.incomplete_20260923_003114）
b2_smoke2sf_base50_s43n,B,b2,yolo12n,high,log,日志模型签名 `yolov12n summary`（b2_smoke2sf_base50_s43n）
b2_smoke2sf_base50_s43n.incomplete_20260923_003114,B,b2,yolo12n,high,log,日志模型签名 `yolov12n summary`（b2_smoke2sf_base50_s43n.incomplete_20260923_003114）
b2_smoke2sf_base50_s44n,B,b2,yolo12n,high,args-chain,`b2_smoke2sf_base50_s44n`.`model` = `smoke_pretrain.pt` → `smoke_pretrain`.`model` = `yolo12n.pt`
b2_smoke2sf_base50_s45n,B,b2,yolo12n,high,args-chain,`b2_smoke2sf_base50_s45n`.`model` = `smoke_pretrain.pt` → `smoke_pretrain`.`model` = `yolo12n.pt`
b2_smoke2sf_base50_s46n,B,b2,yolo12n,high,args-chain,`b2_smoke2sf_base50_s46n`.`model` = `smoke_pretrain.pt` → `smoke_pretrain`.`model` = `yolo12n.pt`
b2_smoke2sf_base50_s47n,B,b2,yolo12n,high,args-chain,`b2_smoke2sf_base50_s47n`.`model` = `smoke_pretrain.pt` → `smoke_pretrain`.`model` = `yolo12n.pt`
b2_smoke2sf_base50_s48n,B,b2,yolo12n,high,log,日志模型签名 `yolov12n summary`（b2_smoke2sf_base50_s48n）
b2_smoke2sf_base50_s48n.incomplete_20260923_003114,B,b2,yolo12n,high,log,日志模型签名 `yolov12n summary`（b2_smoke2sf_base50_s48n.incomplete_20260923_003114）
b2_smoke2sf_base50_s49n,B,b2,yolo12n,high,log,日志模型签名 `yolov12n summary`（b2_smoke2sf_base50_s49n）
b2_smoke2sf_base50_s49n.incomplete_20260923_003114,B,b2,yolo12n,high,log,日志模型签名 `yolov12n summary`（b2_smoke2sf_base50_s49n.incomplete_20260923_003114）
b2_smoke2sf_base50_s50n,B,b2,yolo12n,high,args-chain,`b2_smoke2sf_base50_s50n`.`model` = `smoke_pretrain.pt` → `smoke_pretrain`.`model` = `yolo12n.pt`
b2_smoke2sf_base50_s51n,B,b2,yolo12n,high,args-chain,`b2_smoke2sf_base50_s51n`.`model` = `smoke_pretrain.pt` → `smoke_pretrain`.`model` = `yolo12n.pt`
b2_smoke2sf_lr002_100ep_s42n,B,b2,yolo12n,high,log,日志模型签名 `yolov12n summary`（b2_smoke2sf_lr002_100ep_s42n）
b2_smoke2sf_lr002_100ep_s42n.incomplete_20260924_095226,A,b2,yolo12n,high,log,日志模型签名 `yolov12n summary`（b2_smoke2sf_lr002_100ep_s42n.incomplete_20260924_095226）
b2_smoke2sf_lr002_100ep_s42n.incomplete_20260924_100239,A,b2,yolo12n,high,log,日志模型签名 `yolov12n summary`（b2_smoke2sf_lr002_100ep_s42n.incomplete_20260924_100239）
b2_smoke2sf_lr002_100ep_s43n,B,b2,yolo12n,high,log,日志模型签名 `yolov12n summary`（b2_smoke2sf_lr002_100ep_s43n）
b2_smoke2sf_lr002_100ep_s43n.incomplete_20260924_104028,B,b2,yolo12n,high,log,日志模型签名 `yolov12n summary`（b2_smoke2sf_lr002_100ep_s43n.incomplete_20260924_104028）
b2_smoke2sf_lr002_100ep_s43n.incomplete_20260924_111455,B,b2,yolo12n,high,log,日志模型签名 `yolov12n summary`（b2_smoke2sf_lr002_100ep_s43n.incomplete_20260924_111455）
b2_smoke2sf_lr002_100ep_s43n.incomplete_20260924_112001,B,b2,yolo12n,high,log,日志模型签名 `yolov12n summary`（b2_smoke2sf_lr002_100ep_s43n.incomplete_20260924_112001）
b2_smoke2sf_lr002_100ep_s43n.incomplete_20260924_113530,B,b2,yolo12n,high,log,日志模型签名 `yolov12n summary`（b2_smoke2sf_lr002_100ep_s43n.incomplete_20260924_113530）
b2_smoke2sf_lr002_200ep_s42n.incomplete_20260924_095226,A,b2,yolo12n,high,log,日志模型签名 `yolov12n summary`（b2_smoke2sf_lr002_200ep_s42n.incomplete_20260924_095226）
b2_smoke2sf_lr002_200ep_s42n.incomplete_20260924_100239,A,b2,yolo12n,high,log,日志模型签名 `yolov12n summary`（b2_smoke2sf_lr002_200ep_s42n.incomplete_20260924_100239）
b2_smoke2sf_lr002_200ep_s42n.incomplete_20260924_104028,B,b2,yolo12n,high,log,日志模型签名 `yolov12n summary`（b2_smoke2sf_lr002_200ep_s42n.incomplete_20260924_104028）
b2_smoke2sf_lr002_200ep_s42n.incomplete_20260924_111455,B,b2,yolo12n,high,log,日志模型签名 `yolov12n summary`（b2_smoke2sf_lr002_200ep_s42n.incomplete_20260924_111455）
b2_smoke2sf_lr002_200ep_s42n.incomplete_20260924_112001,B,b2,yolo12n,high,log,日志模型签名 `yolov12n summary`（b2_smoke2sf_lr002_200ep_s42n.incomplete_20260924_112001）
b2_smoke2sf_lr002_200ep_s42n.incomplete_20260924_113530,B,b2,yolo12n,high,log,日志模型签名 `yolov12n summary`（b2_smoke2sf_lr002_200ep_s42n.incomplete_20260924_113530）
b2_smoke2sf_lr002_200ep_s43n.incomplete_20260924_104028,B,b2,yolo12n,high,args-chain,`b2_smoke2sf_lr002_200ep_s43n.incomplete_20260924_104028`.`model` = `smoke_pretrain.pt` → `smoke_pretrain`.`model` = `yolo12n.pt`
b2_smoke2sf_lr005_100ep_s42n,B,b2,yolo12n,high,args-chain,`b2_smoke2sf_lr005_100ep_s42n`.`model` = `smoke_pretrain.pt` → `smoke_pretrain`.`model` = `yolo12n.pt`
b2_smoke2sf_lr005_100ep_s43n,B,b2,yolo12n,high,args-chain,`b2_smoke2sf_lr005_100ep_s43n`.`model` = `smoke_pretrain.pt` → `smoke_pretrain`.`model` = `yolo12n.pt`
b2_smoke2sf_lr005_100ep_s44n,B,b2,yolo12n,high,args-chain,`b2_smoke2sf_lr005_100ep_s44n`.`model` = `smoke_pretrain.pt` → `smoke_pretrain`.`model` = `yolo12n.pt`
b2_smoke2sf_lr005_100ep_s45n,B,b2,yolo12n,high,args-chain,`b2_smoke2sf_lr005_100ep_s45n`.`model` = `smoke_pretrain.pt` → `smoke_pretrain`.`model` = `yolo12n.pt`
b2_smoke2sf_lr005_100ep_s46n,B,b2,yolo12n,high,args-chain,`b2_smoke2sf_lr005_100ep_s46n`.`model` = `smoke_pretrain.pt` → `smoke_pretrain`.`model` = `yolo12n.pt`
b2_smoke2sf_lr005_100ep_s47n,B,b2,yolo12n,high,log,日志模型签名 `yolov12n summary`（b2_smoke2sf_lr005_100ep_s47n）
b2_smoke2sf_lr005_100ep_s47n.incomplete_20260923_072315,B,b2,yolo12n,high,log,日志模型签名 `yolov12n summary`（b2_smoke2sf_lr005_100ep_s47n.incomplete_20260923_072315）
b2_smoke2sf_lr005_100ep_s48n,B,b2,yolo12n,high,log,日志模型签名 `yolov12n summary`（b2_smoke2sf_lr005_100ep_s48n）
b2_smoke2sf_lr005_100ep_s48n.incomplete_20260923_072315,B,b2,yolo12n,high,log,日志模型签名 `yolov12n summary`（b2_smoke2sf_lr005_100ep_s48n.incomplete_20260923_072315）
b2_smoke2sf_lr005_100ep_s49n,B,b2,yolo12n,high,args-chain,`b2_smoke2sf_lr005_100ep_s49n`.`model` = `smoke_pretrain.pt` → `smoke_pretrain`.`model` = `yolo12n.pt`
b2_smoke2sf_lr005_100ep_s50n,B,b2,yolo12n,high,args-chain,`b2_smoke2sf_lr005_100ep_s50n`.`model` = `smoke_pretrain.pt` → `smoke_pretrain`.`model` = `yolo12n.pt`
b2_smoke2sf_lr005_100ep_s51n,B,b2,yolo12n,high,args-chain,`b2_smoke2sf_lr005_100ep_s51n`.`model` = `smoke_pretrain.pt` → `smoke_pretrain`.`model` = `yolo12n.pt`
b2_smoke2sf_lr005_100ep_s51n.incomplete_20260923_171729,B,b2,yolo12n,high,args-chain,`b2_smoke2sf_lr005_100ep_s51n.incomplete_20260923_171729`.`model` = `smoke_pretrain.pt` → `smoke_pretrain`.`model` = `yolo12n.pt`
b2_smoke2sf_lr005_200ep_s42n,A,b2,yolo12n,high,args-chain,`b2_smoke2sf_lr005_200ep_s42n`.`model` = `smoke_pretrain.pt` → `smoke_pretrain`.`model` = `yolo12n.pt`
b2_smoke2sf_lr005_200ep_s42n,B,b2,yolo12n,high,args-chain,`b2_smoke2sf_lr005_200ep_s42n`.`model` = `smoke_pretrain.pt` → `smoke_pretrain`.`model` = `yolo12n.pt`
b2_smoke2sf_lr005_200ep_s43n,A,b2,yolo12n,high,args-chain,`b2_smoke2sf_lr005_200ep_s43n`.`model` = `smoke_pretrain.pt` → `smoke_pretrain`.`model` = `yolo12n.pt`
b2_smoke2sf_lr005_200ep_s43n,B,b2,yolo12n,high,args-chain,`b2_smoke2sf_lr005_200ep_s43n`.`model` = `smoke_pretrain.pt` → `smoke_pretrain`.`model` = `yolo12n.pt`
b2_smoke2sf_lr005_200ep_s44n,B,b2,yolo12n,high,args-chain,`b2_smoke2sf_lr005_200ep_s44n`.`model` = `smoke_pretrain.pt` → `smoke_pretrain`.`model` = `yolo12n.pt`
b2_smoke2sf_lr005_200ep_s45n,A,b2,yolo12n,high,args-chain,`b2_smoke2sf_lr005_200ep_s45n`.`model` = `smoke_pretrain.pt` → `smoke_pretrain`.`model` = `yolo12n.pt`
b2_smoke2sf_lr005_200ep_s45n,B,b2,yolo12n,high,args-chain,`b2_smoke2sf_lr005_200ep_s45n`.`model` = `smoke_pretrain.pt` → `smoke_pretrain`.`model` = `yolo12n.pt`
b2_smoke2sf_lr005_200ep_s46n,A,b2,yolo12n,high,args-chain,`b2_smoke2sf_lr005_200ep_s46n`.`model` = `smoke_pretrain.pt` → `smoke_pretrain`.`model` = `yolo12n.pt`
b2_smoke2sf_lr005_200ep_s46n,B,b2,yolo12n,high,args-chain,`b2_smoke2sf_lr005_200ep_s46n`.`model` = `smoke_pretrain.pt` → `smoke_pretrain`.`model` = `yolo12n.pt`
b2_smoke2sf_lr005_200ep_s47n,B,b2,yolo12n,high,args-chain,`b2_smoke2sf_lr005_200ep_s47n`.`model` = `smoke_pretrain.pt` → `smoke_pretrain`.`model` = `yolo12n.pt`
b2_smoke2sf_lr005_200ep_s48n,B,b2,yolo12n,high,args-chain,`b2_smoke2sf_lr005_200ep_s48n`.`model` = `smoke_pretrain.pt` → `smoke_pretrain`.`model` = `yolo12n.pt`
b2_smoke2sf_lr005_200ep_s49n,B,b2,yolo12n,high,args-chain,`b2_smoke2sf_lr005_200ep_s49n`.`model` = `smoke_pretrain.pt` → `smoke_pretrain`.`model` = `yolo12n.pt`
b2_smoke2sf_lr005_200ep_s50n,B,b2,yolo12n,high,args-chain,`b2_smoke2sf_lr005_200ep_s50n`.`model` = `smoke_pretrain.pt` → `smoke_pretrain`.`model` = `yolo12n.pt`
b2_smoke2sf_lr005_200ep_s51n,B,b2,yolo12n,high,args-chain,`b2_smoke2sf_lr005_200ep_s51n`.`model` = `smoke_pretrain.pt` → `smoke_pretrain`.`model` = `yolo12n.pt`
b2_smoke2sf_lr005_300ep_s42n.incomplete_20260924_095226,A,b2,yolo12n,high,log,日志模型签名 `yolov12n summary`（b2_smoke2sf_lr005_300ep_s42n.incomplete_20260924_095226）
b2_smoke2sf_lr005_300ep_s42n.incomplete_20260924_100239,A,b2,yolo12n,high,log,日志模型签名 `yolov12n summary`（b2_smoke2sf_lr005_300ep_s42n.incomplete_20260924_100239）
b2_smoke2sf_lr005_300ep_s42n.incomplete_20260924_104028,B,b2,yolo12n,high,log,日志模型签名 `yolov12n summary`（b2_smoke2sf_lr005_300ep_s42n.incomplete_20260924_104028）
b2_smoke2sf_lr005_300ep_s42n.incomplete_20260924_111455,B,b2,yolo12n,high,log,日志模型签名 `yolov12n summary`（b2_smoke2sf_lr005_300ep_s42n.incomplete_20260924_111455）
b2_smoke2sf_lr005_300ep_s42n.incomplete_20260924_112001,B,b2,yolo12n,high,log,日志模型签名 `yolov12n summary`（b2_smoke2sf_lr005_300ep_s42n.incomplete_20260924_112001）
b2_smoke2sf_lr005_300ep_s42n.incomplete_20260924_113530,B,b2,yolo12n,high,log,日志模型签名 `yolov12n summary`（b2_smoke2sf_lr005_300ep_s42n.incomplete_20260924_113530）
b2_smoke2sf_lr005_30ep_s42n,B,b2,yolo12n,high,args-chain,`b2_smoke2sf_lr005_30ep_s42n`.`model` = `smoke_pretrain.pt` → `smoke_pretrain`.`model` = `yolo12n.pt`
b2_smoke2sf_lr005_30ep_s43n,B,b2,yolo12n,high,args-chain,`b2_smoke2sf_lr005_30ep_s43n`.`model` = `smoke_pretrain.pt` → `smoke_pretrain`.`model` = `yolo12n.pt`
b2_smoke2sf_lr005_30ep_s44n,B,b2,yolo12n,high,args-chain,`b2_smoke2sf_lr005_30ep_s44n`.`model` = `smoke_pretrain.pt` → `smoke_pretrain`.`model` = `yolo12n.pt`
b2_smoke2sf_lr005_30ep_s45n,B,b2,yolo12n,high,args-chain,`b2_smoke2sf_lr005_30ep_s45n`.`model` = `smoke_pretrain.pt` → `smoke_pretrain`.`model` = `yolo12n.pt`
b2_smoke2sf_lr005_30ep_s46n,B,b2,yolo12n,high,args-chain,`b2_smoke2sf_lr005_30ep_s46n`.`model` = `smoke_pretrain.pt` → `smoke_pretrain`.`model` = `yolo12n.pt`
b2_smoke2sf_lr005_30ep_s47n,B,b2,yolo12n,high,args-chain,`b2_smoke2sf_lr005_30ep_s47n`.`model` = `smoke_pretrain.pt` → `smoke_pretrain`.`model` = `yolo12n.pt`
b2_smoke2sf_lr005_30ep_s48n,B,b2,yolo12n,high,args-chain,`b2_smoke2sf_lr005_30ep_s48n`.`model` = `smoke_pretrain.pt` → `smoke_pretrain`.`model` = `yolo12n.pt`
b2_smoke2sf_lr005_30ep_s49n,B,b2,yolo12n,high,args-chain,`b2_smoke2sf_lr005_30ep_s49n`.`model` = `smoke_pretrain.pt` → `smoke_pretrain`.`model` = `yolo12n.pt`
b2_smoke2sf_lr005_30ep_s50n.incomplete_20260924_104028,B,b2,yolo12n,high,args-chain,`b2_smoke2sf_lr005_30ep_s50n.incomplete_20260924_104028`.`model` = `smoke_pretrain.pt` → `smoke_pretrain`.`model` = `yolo12n.pt`
b2_smoke2sf_lr005_30ep_s51n,B,b2,yolo12n,high,args-chain,`b2_smoke2sf_lr005_30ep_s51n`.`model` = `smoke_pretrain.pt` → `smoke_pretrain`.`model` = `yolo12n.pt`
b2_smoke2sf_lr005_50ep_s42n,B,b2,yolo12n,high,args-chain,`b2_smoke2sf_lr005_50ep_s42n`.`model` = `smoke_pretrain.pt` → `smoke_pretrain`.`model` = `yolo12n.pt`
b2_smoke2sf_lr005_50ep_s43n,B,b2,yolo12n,high,args-chain,`b2_smoke2sf_lr005_50ep_s43n`.`model` = `smoke_pretrain.pt` → `smoke_pretrain`.`model` = `yolo12n.pt`
b2_smoke2sf_lr005_50ep_s44n,B,b2,yolo12n,high,args-chain,`b2_smoke2sf_lr005_50ep_s44n`.`model` = `smoke_pretrain.pt` → `smoke_pretrain`.`model` = `yolo12n.pt`
b2_smoke2sf_lr005_50ep_s45n,B,b2,yolo12n,high,args-chain,`b2_smoke2sf_lr005_50ep_s45n`.`model` = `smoke_pretrain.pt` → `smoke_pretrain`.`model` = `yolo12n.pt`
b2_smoke2sf_lr005_50ep_s46n,B,b2,yolo12n,high,args-chain,`b2_smoke2sf_lr005_50ep_s46n`.`model` = `smoke_pretrain.pt` → `smoke_pretrain`.`model` = `yolo12n.pt`
b2_smoke2sf_lr005_50ep_s47n,B,b2,yolo12n,high,args-chain,`b2_smoke2sf_lr005_50ep_s47n`.`model` = `smoke_pretrain.pt` → `smoke_pretrain`.`model` = `yolo12n.pt`
b2_smoke2sf_lr005_50ep_s48n,B,b2,yolo12n,high,args-chain,`b2_smoke2sf_lr005_50ep_s48n`.`model` = `smoke_pretrain.pt` → `smoke_pretrain`.`model` = `yolo12n.pt`
b2_smoke2sf_lr005_50ep_s49n,B,b2,yolo12n,high,args-chain,`b2_smoke2sf_lr005_50ep_s49n`.`model` = `smoke_pretrain.pt` → `smoke_pretrain`.`model` = `yolo12n.pt`
b2_smoke2sf_lr005_50ep_s50n,B,b2,yolo12n,high,args-chain,`b2_smoke2sf_lr005_50ep_s50n`.`model` = `smoke_pretrain.pt` → `smoke_pretrain`.`model` = `yolo12n.pt`
b2_smoke2sf_lr005_50ep_s51n,B,b2,yolo12n,high,args-chain,`b2_smoke2sf_lr005_50ep_s51n`.`model` = `smoke_pretrain.pt` → `smoke_pretrain`.`model` = `yolo12n.pt`
b2_y11_sf_base100_s42n,B,b2,yolo11n,high,args-chain,`b2_y11_sf_base100_s42n`.`model` = `y11_shwd_pretrain.pt` → `y11_shwd_pretrain`.`model` = `yolo11n.pt`
b2_y11_sf_base100_s43n,B,b2,yolo11n,high,args-chain,`b2_y11_sf_base100_s43n`.`model` = `y11_shwd_pretrain.pt` → `y11_shwd_pretrain`.`model` = `yolo11n.pt`
b2_y11_sf_base100_s44n,B,b2,yolo11n,high,args-chain,`b2_y11_sf_base100_s44n`.`model` = `y11_shwd_pretrain.pt` → `y11_shwd_pretrain`.`model` = `yolo11n.pt`
b2_y11_sf_base100_s45n,B,b2,yolo11n,high,args-chain,`b2_y11_sf_base100_s45n`.`model` = `y11_shwd_pretrain.pt` → `y11_shwd_pretrain`.`model` = `yolo11n.pt`
b2_y11_sf_base100_s46n,B,b2,yolo11n,high,args-chain,`b2_y11_sf_base100_s46n`.`model` = `y11_shwd_pretrain.pt` → `y11_shwd_pretrain`.`model` = `yolo11n.pt`
b2_y11_sf_base100_s47n,B,b2,yolo11n,high,args-chain,`b2_y11_sf_base100_s47n`.`model` = `y11_shwd_pretrain.pt` → `y11_shwd_pretrain`.`model` = `yolo11n.pt`
b2_y11_sf_base100_s48n,B,b2,yolo11n,high,args-chain,`b2_y11_sf_base100_s48n`.`model` = `y11_shwd_pretrain.pt` → `y11_shwd_pretrain`.`model` = `yolo11n.pt`
b2_y11_sf_base100_s49n,B,b2,yolo11n,high,args-chain,`b2_y11_sf_base100_s49n`.`model` = `y11_shwd_pretrain.pt` → `y11_shwd_pretrain`.`model` = `yolo11n.pt`
b2_y11_sf_base100_s50n,B,b2,yolo11n,high,args-chain,`b2_y11_sf_base100_s50n`.`model` = `y11_shwd_pretrain.pt` → `y11_shwd_pretrain`.`model` = `yolo11n.pt`
b2_y11_sf_base100_s51n,B,b2,yolo11n,high,args-chain,`b2_y11_sf_base100_s51n`.`model` = `y11_shwd_pretrain.pt` → `y11_shwd_pretrain`.`model` = `yolo11n.pt`
b2_y11_sf_lr005_100ep_s42n,B,b2,yolo11n,high,args-chain,`b2_y11_sf_lr005_100ep_s42n`.`model` = `y11_shwd_pretrain.pt` → `y11_shwd_pretrain`.`model` = `yolo11n.pt`
b2_y11_sf_lr005_100ep_s43n,B,b2,yolo11n,high,args-chain,`b2_y11_sf_lr005_100ep_s43n`.`model` = `y11_shwd_pretrain.pt` → `y11_shwd_pretrain`.`model` = `yolo11n.pt`
b2_y11_sf_lr005_100ep_s44n,B,b2,yolo11n,high,args-chain,`b2_y11_sf_lr005_100ep_s44n`.`model` = `y11_shwd_pretrain.pt` → `y11_shwd_pretrain`.`model` = `yolo11n.pt`
b2_y11_sf_lr005_100ep_s45n,B,b2,yolo11n,high,args-chain,`b2_y11_sf_lr005_100ep_s45n`.`model` = `y11_shwd_pretrain.pt` → `y11_shwd_pretrain`.`model` = `yolo11n.pt`
b2_y11_sf_lr005_100ep_s46n,B,b2,yolo11n,high,args-chain,`b2_y11_sf_lr005_100ep_s46n`.`model` = `y11_shwd_pretrain.pt` → `y11_shwd_pretrain`.`model` = `yolo11n.pt`
b2_y11_sf_lr005_100ep_s47n,B,b2,yolo11n,high,args-chain,`b2_y11_sf_lr005_100ep_s47n`.`model` = `y11_shwd_pretrain.pt` → `y11_shwd_pretrain`.`model` = `yolo11n.pt`
b2_y11_sf_lr005_100ep_s48n,B,b2,yolo11n,high,args-chain,`b2_y11_sf_lr005_100ep_s48n`.`model` = `y11_shwd_pretrain.pt` → `y11_shwd_pretrain`.`model` = `yolo11n.pt`
b2_y11_sf_lr005_100ep_s49n,B,b2,yolo11n,high,args-chain,`b2_y11_sf_lr005_100ep_s49n`.`model` = `y11_shwd_pretrain.pt` → `y11_shwd_pretrain`.`model` = `yolo11n.pt`
b2_y11_sf_lr005_100ep_s50n,B,b2,yolo11n,high,args-chain,`b2_y11_sf_lr005_100ep_s50n`.`model` = `y11_shwd_pretrain.pt` → `y11_shwd_pretrain`.`model` = `yolo11n.pt`
b2_y11_sf_lr005_100ep_s51n,B,b2,yolo11n,high,args-chain,`b2_y11_sf_lr005_100ep_s51n`.`model` = `y11_shwd_pretrain.pt` → `y11_shwd_pretrain`.`model` = `yolo11n.pt`
b2r_shwd2sf_100_ctl81_s42,B,b2r,unknown(epoch80),low,args-chain,`b2r_shwd2sf_100_ctl81_s42`.`model` = `epoch80.pt`
b2r_shwd2sf_100_ctl81_s43,B,b2r,unknown(epoch80),low,args-chain,`b2r_shwd2sf_100_ctl81_s43`.`model` = `epoch80.pt`
b2r_shwd2sf_100_ctl81_s44,B,b2r,unknown(epoch80),low,args-chain,`b2r_shwd2sf_100_ctl81_s44`.`model` = `epoch80.pt`
b2r_shwd2sf_100_ctl81_s45,B,b2r,unknown(epoch80),low,args-chain,`b2r_shwd2sf_100_ctl81_s45`.`model` = `epoch80.pt`
b2r_shwd2sf_100_ctl81_s46,B,b2r,unknown(epoch80),low,args-chain,`b2r_shwd2sf_100_ctl81_s46`.`model` = `epoch80.pt`
b2r_shwd2sf_100_ctl81_s47,B,b2r,unknown(epoch80),low,args-chain,`b2r_shwd2sf_100_ctl81_s47`.`model` = `epoch80.pt`
b2r_shwd2sf_100_ctl81_s48,B,b2r,unknown(epoch80),low,args-chain,`b2r_shwd2sf_100_ctl81_s48`.`model` = `epoch80.pt`
b2r_shwd2sf_100_ctl81_s49,B,b2r,unknown(epoch80),low,args-chain,`b2r_shwd2sf_100_ctl81_s49`.`model` = `epoch80.pt`
b2r_shwd2sf_100_ctl81_s50,B,b2r,unknown(epoch80),low,args-chain,`b2r_shwd2sf_100_ctl81_s50`.`model` = `epoch80.pt`
b2r_shwd2sf_100_ctl81_s51,B,b2r,unknown(epoch80),low,args-chain,`b2r_shwd2sf_100_ctl81_s51`.`model` = `epoch80.pt`
b2r_shwd2sf_100_ret81_s42,B,b2r,unknown(epoch80),low,args-chain,`b2r_shwd2sf_100_ret81_s42`.`model` = `epoch80.pt`
b2r_shwd2sf_100_ret81_s43,B,b2r,unknown(epoch80),low,args-chain,`b2r_shwd2sf_100_ret81_s43`.`model` = `epoch80.pt`
b2r_shwd2sf_100_ret81_s44,B,b2r,unknown(epoch80),low,args-chain,`b2r_shwd2sf_100_ret81_s44`.`model` = `epoch80.pt`
b2r_shwd2sf_100_ret81_s45,B,b2r,unknown(epoch80),low,args-chain,`b2r_shwd2sf_100_ret81_s45`.`model` = `epoch80.pt`
b2r_shwd2sf_100_ret81_s46,B,b2r,unknown(epoch80),low,args-chain,`b2r_shwd2sf_100_ret81_s46`.`model` = `epoch80.pt`
b2r_shwd2sf_100_ret81_s47,B,b2r,unknown(epoch80),low,args-chain,`b2r_shwd2sf_100_ret81_s47`.`model` = `epoch80.pt`
b2r_shwd2sf_100_ret81_s48,B,b2r,unknown(epoch80),low,args-chain,`b2r_shwd2sf_100_ret81_s48`.`model` = `epoch80.pt`
b2r_shwd2sf_100_ret81_s49,B,b2r,unknown(epoch80),low,args-chain,`b2r_shwd2sf_100_ret81_s49`.`model` = `epoch80.pt`
b2r_shwd2sf_100_ret81_s50,B,b2r,unknown(epoch80),low,args-chain,`b2r_shwd2sf_100_ret81_s50`.`model` = `epoch80.pt`
b2r_shwd2sf_100_ret81_s51,B,b2r,unknown(epoch80),low,args-chain,`b2r_shwd2sf_100_ret81_s51`.`model` = `epoch80.pt`
base100_cds,B,base100,yolo12n,high,args-chain,`base100_cds`.`model` = `mafa_pretrain.pt` → `mafa_pretrain`.`model` = `yolo12n.pt`
base30_cds,B,base30,yolo12n,high,args-chain,`base30_cds`.`model` = `mafa_pretrain.pt` → `mafa_pretrain`.`model` = `yolo12n.pt`
calA_gpu0_base30_s42n,A,calA,yolo12n,high,log,日志模型签名 `yolov12n summary`（calA_gpu0_base30_s42n）
calA_gpu1_base30_s42n,A,calA,yolo12n,high,log,日志模型签名 `yolov12n summary`（calA_gpu1_base30_s42n）
calB2_smoke2sf_base30_s42n,B,calB2,yolo12n,high,log,日志模型签名 `yolov12n summary`（calB2_smoke2sf_base30_s42n）
calB2_y11_sf_base100_s42n,B,calB2,yolo11n,high,log,日志模型签名 `yolo11n summary`（calB2_y11_sf_base100_s42n）
calB_bitid_base30_s42n,B,calB,yolo12n,high,log,日志模型签名 `yolov12n summary`（calB_bitid_base30_s42n）
calB_bitid_base30_s43n,B,calB,yolo12n,high,log,日志模型签名 `yolov12n summary`（calB_bitid_base30_s43n）
cal_shwd2sf_base100_s42n_ss,A,cal,yolo12n,high,log,日志模型签名 `yolov12n summary`（cal_shwd2sf_base100_s42n_ss）
cg_30ep_base_s42n,B,cg,yolo12n,high,args-chain,`cg_30ep_base_s42n`.`model` = `chv_pretrain.pt` → `chv_pretrain`.`model` = `yolo12n.pt`
cg_30ep_base_s43n,B,cg,yolo12n,high,args-chain,`cg_30ep_base_s43n`.`model` = `chv_pretrain.pt` → `chv_pretrain`.`model` = `yolo12n.pt`
cg_30ep_base_s44n,B,cg,yolo12n,high,args-chain,`cg_30ep_base_s44n`.`model` = `chv_pretrain.pt` → `chv_pretrain`.`model` = `yolo12n.pt`
cg_30ep_lr005_s42n,B,cg,yolo12n,high,args-chain,`cg_30ep_lr005_s42n`.`model` = `chv_pretrain.pt` → `chv_pretrain`.`model` = `yolo12n.pt`
cg_30ep_lr005_s43n,B,cg,yolo12n,high,args-chain,`cg_30ep_lr005_s43n`.`model` = `chv_pretrain.pt` → `chv_pretrain`.`model` = `yolo12n.pt`
cg_30ep_lr005_s44n,B,cg,yolo12n,high,args-chain,`cg_30ep_lr005_s44n`.`model` = `chv_pretrain.pt` → `chv_pretrain`.`model` = `yolo12n.pt`
chv_pretrain,A,chv,yolo12n,high,args-chain,`chv_pretrain`.`model` = `yolo12n.pt`
css_100ep_cds,B,css,yolo12n,high,args-chain,`css_100ep_cds`.`model` = `mafa_pretrain.pt` → `mafa_pretrain`.`model` = `yolo12n.pt`
d15_ai_base100_s45n,A,d15,yolo12n,high,log,日志模型签名 `yolov12n summary`（d15_ai_base100_s45n）
d15_ai_base100_s46n,A,d15,yolo12n,high,log,日志模型签名 `yolov12n summary`（d15_ai_base100_s46n）
d15_ai_base100_s47n,A,d15,yolo12n,high,log,日志模型签名 `yolov12n summary`（d15_ai_base100_s47n）
d15_ai_base100_s48n,A,d15,yolo12n,high,log,日志模型签名 `yolov12n summary`（d15_ai_base100_s48n）
d15_ai_base100_s49n,A,d15,yolo12n,high,log,日志模型签名 `yolov12n summary`（d15_ai_base100_s49n）
d15_ai_base100_s50n,A,d15,yolo12n,high,log,日志模型签名 `yolov12n summary`（d15_ai_base100_s50n）
d15_ai_base100_s51n,A,d15,yolo12n,high,log,日志模型签名 `yolov12n summary`（d15_ai_base100_s51n）
d15_ai_base100_s52n,A,d15,yolo12n,high,log,日志模型签名 `yolov12n summary`（d15_ai_base100_s52n）
d15_ai_base100_s53n,A,d15,yolo12n,high,log,日志模型签名 `yolov12n summary`（d15_ai_base100_s53n）
d15_ai_base100_s54n,A,d15,yolo12n,high,log,日志模型签名 `yolov12n summary`（d15_ai_base100_s54n）
d15_ai_lr005_100ep_s45n,A,d15,yolo12n,high,log,日志模型签名 `yolov12n summary`（d15_ai_lr005_100ep_s45n）
d15_ai_lr005_100ep_s46n,A,d15,yolo12n,high,log,日志模型签名 `yolov12n summary`（d15_ai_lr005_100ep_s46n）
d15_ai_lr005_100ep_s47n,A,d15,yolo12n,high,log,日志模型签名 `yolov12n summary`（d15_ai_lr005_100ep_s47n）
d15_ai_lr005_100ep_s48n,A,d15,yolo12n,high,log,日志模型签名 `yolov12n summary`（d15_ai_lr005_100ep_s48n）
d15_ai_lr005_100ep_s49n,A,d15,yolo12n,high,log,日志模型签名 `yolov12n summary`（d15_ai_lr005_100ep_s49n）
d15_ai_lr005_100ep_s50n,A,d15,yolo12n,high,log,日志模型签名 `yolov12n summary`（d15_ai_lr005_100ep_s50n）
d15_ai_lr005_100ep_s51n,A,d15,yolo12n,high,log,日志模型签名 `yolov12n summary`（d15_ai_lr005_100ep_s51n）
d15_ai_lr005_100ep_s52n,A,d15,yolo12n,high,log,日志模型签名 `yolov12n summary`（d15_ai_lr005_100ep_s52n）
d15_ai_lr005_100ep_s53n,A,d15,yolo12n,high,log,日志模型签名 `yolov12n summary`（d15_ai_lr005_100ep_s53n）
d15_ai_lr005_100ep_s54n,A,d15,yolo12n,high,log,日志模型签名 `yolov12n summary`（d15_ai_lr005_100ep_s54n）
dd15_200ep_base_s42n,B,dd15,yolo12n,high,args-chain,`dd15_200ep_base_s42n`.`model` = `dota_pretrain.pt` → `dota_pretrain`.`model` = `yolo12n.pt`
dd15_200ep_base_s43n,B,dd15,yolo12n,high,args-chain,`dd15_200ep_base_s43n`.`model` = `dota_pretrain.pt` → `dota_pretrain`.`model` = `yolo12n.pt`
dd15_200ep_base_s44n,B,dd15,yolo12n,high,args-chain,`dd15_200ep_base_s44n`.`model` = `dota_pretrain.pt` → `dota_pretrain`.`model` = `yolo12n.pt`
dd15_200ep_lr005_s42n,B,dd15,yolo12n,high,args-chain,`dd15_200ep_lr005_s42n`.`model` = `dota_pretrain.pt` → `dota_pretrain`.`model` = `yolo12n.pt`
dd15_200ep_lr005_s43n,B,dd15,yolo12n,high,args-chain,`dd15_200ep_lr005_s43n`.`model` = `dota_pretrain.pt` → `dota_pretrain`.`model` = `yolo12n.pt`
dd15_200ep_lr005_s44n,B,dd15,yolo12n,high,args-chain,`dd15_200ep_lr005_s44n`.`model` = `dota_pretrain.pt` → `dota_pretrain`.`model` = `yolo12n.pt`
dd15_30ep_base_s42n,B,dd15,yolo12n,high,args-chain,`dd15_30ep_base_s42n`.`model` = `dota_pretrain.pt` → `dota_pretrain`.`model` = `yolo12n.pt`
dd15_30ep_base_s43n,B,dd15,yolo12n,high,args-chain,`dd15_30ep_base_s43n`.`model` = `dota_pretrain.pt` → `dota_pretrain`.`model` = `yolo12n.pt`
dd15_30ep_base_s44n,B,dd15,yolo12n,high,args-chain,`dd15_30ep_base_s44n`.`model` = `dota_pretrain.pt` → `dota_pretrain`.`model` = `yolo12n.pt`
dd15_30ep_lr005_s42n,B,dd15,yolo12n,high,args-chain,`dd15_30ep_lr005_s42n`.`model` = `dota_pretrain.pt` → `dota_pretrain`.`model` = `yolo12n.pt`
dd15_30ep_lr005_s43n,B,dd15,yolo12n,high,args-chain,`dd15_30ep_lr005_s43n`.`model` = `dota_pretrain.pt` → `dota_pretrain`.`model` = `yolo12n.pt`
dd15_30ep_lr005_s44n,B,dd15,yolo12n,high,args-chain,`dd15_30ep_lr005_s44n`.`model` = `dota_pretrain.pt` → `dota_pretrain`.`model` = `yolo12n.pt`
dota15_base100,B,dota15,yolo12n,high,args-chain,`dota15_base100`.`model` = `dota15_pretrain.pt` → `dota15_pretrain`.`model` = `yolo12n.pt`
dota15_base100_s42n,B,dota15,yolo12n,high,args-chain,`dota15_base100_s42n`.`model` = `dota15_pretrain.pt` → `dota15_pretrain`.`model` = `yolo12n.pt`
dota15_base100_s43n,B,dota15,yolo12n,high,args-chain,`dota15_base100_s43n`.`model` = `dota15_pretrain.pt` → `dota15_pretrain`.`model` = `yolo12n.pt`
dota15_base100_s44n,B,dota15,yolo12n,high,args-chain,`dota15_base100_s44n`.`model` = `dota15_pretrain.pt` → `dota15_pretrain`.`model` = `yolo12n.pt`
dota15_base100_s45n,B,dota15,yolo12n,high,args-chain,`dota15_base100_s45n`.`model` = `dota15_pretrain.pt` → `dota15_pretrain`.`model` = `yolo12n.pt`
dota15_base100_s46n,B,dota15,yolo12n,high,args-chain,`dota15_base100_s46n`.`model` = `dota15_pretrain.pt` → `dota15_pretrain`.`model` = `yolo12n.pt`
dota15_base100_s47n,B,dota15,yolo12n,high,args-chain,`dota15_base100_s47n`.`model` = `dota15_pretrain.pt` → `dota15_pretrain`.`model` = `yolo12n.pt`
dota15_base100_s48n,B,dota15,yolo12n,high,args-chain,`dota15_base100_s48n`.`model` = `dota15_pretrain.pt` → `dota15_pretrain`.`model` = `yolo12n.pt`
dota15_base100_s49n,B,dota15,yolo12n,high,args-chain,`dota15_base100_s49n`.`model` = `dota15_pretrain.pt` → `dota15_pretrain`.`model` = `yolo12n.pt`
dota15_base100_s50n,B,dota15,yolo12n,high,args-chain,`dota15_base100_s50n`.`model` = `dota15_pretrain.pt` → `dota15_pretrain`.`model` = `yolo12n.pt`
dota15_base100_s51n,B,dota15,yolo12n,high,args-chain,`dota15_base100_s51n`.`model` = `dota15_pretrain.pt` → `dota15_pretrain`.`model` = `yolo12n.pt`
dota15_base30,B,dota15,yolo12n,high,args-chain,`dota15_base30`.`model` = `dota15_pretrain.pt` → `dota15_pretrain`.`model` = `yolo12n.pt`
dota15_css_100ep,B,dota15,yolo12n,high,args-chain,`dota15_css_100ep`.`model` = `dota15_pretrain.pt` → `dota15_pretrain`.`model` = `yolo12n.pt`
dota15_lr005_100ep,B,dota15,yolo12n,high,log,日志模型签名 `yolov12n summary`（dota15_lr005_100ep）
dota15_lr005_100ep_s42n,B,dota15,yolo12n,high,args-chain,`dota15_lr005_100ep_s42n`.`model` = `dota15_pretrain.pt` → `dota15_pretrain`.`model` = `yolo12n.pt`
dota15_lr005_100ep_s43n,B,dota15,yolo12n,high,args-chain,`dota15_lr005_100ep_s43n`.`model` = `dota15_pretrain.pt` → `dota15_pretrain`.`model` = `yolo12n.pt`
dota15_lr005_100ep_s44n,B,dota15,yolo12n,high,args-chain,`dota15_lr005_100ep_s44n`.`model` = `dota15_pretrain.pt` → `dota15_pretrain`.`model` = `yolo12n.pt`
dota15_lr005_100ep_s45n,B,dota15,yolo12n,high,args-chain,`dota15_lr005_100ep_s45n`.`model` = `dota15_pretrain.pt` → `dota15_pretrain`.`model` = `yolo12n.pt`
dota15_lr005_100ep_s46n,B,dota15,yolo12n,high,args-chain,`dota15_lr005_100ep_s46n`.`model` = `dota15_pretrain.pt` → `dota15_pretrain`.`model` = `yolo12n.pt`
dota15_lr005_100ep_s47n,B,dota15,yolo12n,high,args-chain,`dota15_lr005_100ep_s47n`.`model` = `dota15_pretrain.pt` → `dota15_pretrain`.`model` = `yolo12n.pt`
dota15_lr005_100ep_s48n,B,dota15,yolo12n,high,args-chain,`dota15_lr005_100ep_s48n`.`model` = `dota15_pretrain.pt` → `dota15_pretrain`.`model` = `yolo12n.pt`
dota15_lr005_100ep_s49n,B,dota15,yolo12n,high,args-chain,`dota15_lr005_100ep_s49n`.`model` = `dota15_pretrain.pt` → `dota15_pretrain`.`model` = `yolo12n.pt`
dota15_lr005_100ep_s50n,B,dota15,yolo12n,high,args-chain,`dota15_lr005_100ep_s50n`.`model` = `dota15_pretrain.pt` → `dota15_pretrain`.`model` = `yolo12n.pt`
dota15_lr005_100ep_s51n,B,dota15,yolo12n,high,args-chain,`dota15_lr005_100ep_s51n`.`model` = `dota15_pretrain.pt` → `dota15_pretrain`.`model` = `yolo12n.pt`
dota15_lr005_30ep,B,dota15,yolo12n,high,args-chain,`dota15_lr005_30ep`.`model` = `dota15_pretrain.pt` → `dota15_pretrain`.`model` = `yolo12n.pt`
dota15_pretrain,B,dota15,yolo12n,high,log,日志模型签名 `yolov12n summary`（dota15_pretrain）
dota15_pws_100ep,B,dota15,yolo12n,high,args-chain,`dota15_pws_100ep`.`model` = `dota15_pretrain.pt` → `dota15_pretrain`.`model` = `yolo12n.pt`
dota15_pws_30ep,B,dota15,yolo12n,high,log,日志模型签名 `yolov12n summary`（dota15_pws_30ep）
dota15_sns_100ep,B,dota15,yolo12n,high,log,日志模型签名 `yolov12n summary`（dota15_sns_100ep）
dota15_sns_30ep,B,dota15,yolo12n,high,args-chain,`dota15_sns_30ep`.`model` = `dota15_pretrain.pt` → `dota15_pretrain`.`model` = `yolo12n.pt`
dota_base100,B,dota,yolo12n,high,args-chain,`dota_base100`.`model` = `dota_pretrain.pt` → `dota_pretrain`.`model` = `yolo12n.pt`
dota_base30,B,dota,yolo12n,high,args-chain,`dota_base30`.`model` = `dota_pretrain.pt` → `dota_pretrain`.`model` = `yolo12n.pt`
dota_lr005_30ep,B,dota,yolo12n,high,args-chain,`dota_lr005_30ep`.`model` = `dota_pretrain.pt` → `dota_pretrain`.`model` = `yolo12n.pt`
dota_pretrain,B,dota,yolo12n,high,log,日志模型签名 `yolov12n summary`（dota_pretrain）
dota_sns_30ep,B,dota,yolo12n,high,args-chain,`dota_sns_30ep`.`model` = `dota_pretrain.pt` → `dota_pretrain`.`model` = `yolo12n.pt`
dv_10p_base_s42n,A,dv,yolo12n,high,log,日志模型签名 `yolov12n summary`（dv_10p_base_s42n）
dv_10p_base_s43n,A,dv,yolo12n,high,log,日志模型签名 `yolov12n summary`（dv_10p_base_s43n）
dv_10p_base_s44n,A,dv,yolo12n,high,args-chain,`dv_10p_base_s44n`.`model` = `visdrone_pretrain.pt` → `visdrone_pretrain`.`model` = `yolo12n.pt`
dv_10p_lr005_s42n,A,dv,yolo12n,high,args-chain,`dv_10p_lr005_s42n`.`model` = `visdrone_pretrain.pt` → `visdrone_pretrain`.`model` = `yolo12n.pt`
dv_10p_lr005_s43n,A,dv,yolo12n,high,args-chain,`dv_10p_lr005_s43n`.`model` = `visdrone_pretrain.pt` → `visdrone_pretrain`.`model` = `yolo12n.pt`
dv_10p_lr005_s44n,A,dv,yolo12n,high,args-chain,`dv_10p_lr005_s44n`.`model` = `visdrone_pretrain.pt` → `visdrone_pretrain`.`model` = `yolo12n.pt`
dv_30p_base_s42n,A,dv,yolo12n,high,args-chain,`dv_30p_base_s42n`.`model` = `visdrone_pretrain.pt` → `visdrone_pretrain`.`model` = `yolo12n.pt`
dv_30p_base_s43n,A,dv,yolo12n,high,args-chain,`dv_30p_base_s43n`.`model` = `visdrone_pretrain.pt` → `visdrone_pretrain`.`model` = `yolo12n.pt`
dv_30p_base_s44n,A,dv,yolo12n,high,args-chain,`dv_30p_base_s44n`.`model` = `visdrone_pretrain.pt` → `visdrone_pretrain`.`model` = `yolo12n.pt`
dv_30p_lr005_s42n,A,dv,yolo12n,high,args-chain,`dv_30p_lr005_s42n`.`model` = `visdrone_pretrain.pt` → `visdrone_pretrain`.`model` = `yolo12n.pt`
dv_30p_lr005_s43n,A,dv,yolo12n,high,args-chain,`dv_30p_lr005_s43n`.`model` = `visdrone_pretrain.pt` → `visdrone_pretrain`.`model` = `yolo12n.pt`
dv_30p_lr005_s44n,A,dv,yolo12n,high,args-chain,`dv_30p_lr005_s44n`.`model` = `visdrone_pretrain.pt` → `visdrone_pretrain`.`model` = `yolo12n.pt`
dv_50p_base_s42n,A,dv,yolo12n,high,args-chain,`dv_50p_base_s42n`.`model` = `visdrone_pretrain.pt` → `visdrone_pretrain`.`model` = `yolo12n.pt`
dv_50p_base_s43n,A,dv,yolo12n,high,log,日志模型签名 `yolov12n summary`（dv_50p_base_s43n）
dv_50p_base_s44n,A,dv,yolo12n,high,args-chain,`dv_50p_base_s44n`.`model` = `visdrone_pretrain.pt` → `visdrone_pretrain`.`model` = `yolo12n.pt`
dv_50p_lr005_s42n,A,dv,yolo12n,high,args-chain,`dv_50p_lr005_s42n`.`model` = `visdrone_pretrain.pt` → `visdrone_pretrain`.`model` = `yolo12n.pt`
dv_50p_lr005_s43n,A,dv,yolo12n,high,args-chain,`dv_50p_lr005_s43n`.`model` = `visdrone_pretrain.pt` → `visdrone_pretrain`.`model` = `yolo12n.pt`
dv_50p_lr005_s44n,A,dv,yolo12n,high,args-chain,`dv_50p_lr005_s44n`.`model` = `visdrone_pretrain.pt` → `visdrone_pretrain`.`model` = `yolo12n.pt`
fsin_base100,B,fsin,yolo12n,high,args-chain,`fsin_base100`.`model` = `fsin_pretrain.pt` → `fsin_pretrain`.`model` = `yolo12n.pt`
fsin_base30,B,fsin,yolo12n,high,args-chain,`fsin_base30`.`model` = `fsin_pretrain.pt` → `fsin_pretrain`.`model` = `yolo12n.pt`
fsin_base50,B,fsin,yolo12n,high,args-chain,`fsin_base50`.`model` = `fsin_pretrain.pt` → `fsin_pretrain`.`model` = `yolo12n.pt`
fsin_css_100ep,B,fsin,yolo12n,high,args-chain,`fsin_css_100ep`.`model` = `fsin_pretrain.pt` → `fsin_pretrain`.`model` = `yolo12n.pt`
fsin_css_30ep,B,fsin,yolo12n,high,args-chain,`fsin_css_30ep`.`model` = `fsin_pretrain.pt` → `fsin_pretrain`.`model` = `yolo12n.pt`
fsin_lr005_30ep,B,fsin,yolo12n,high,args-chain,`fsin_lr005_30ep`.`model` = `fsin_pretrain.pt` → `fsin_pretrain`.`model` = `yolo12n.pt`
fsin_lr005_50ep,B,fsin,yolo12n,high,args-chain,`fsin_lr005_50ep`.`model` = `fsin_pretrain.pt` → `fsin_pretrain`.`model` = `yolo12n.pt`
fsin_pretrain,B,fsin,yolo12n,high,args-chain,`fsin_pretrain`.`model` = `yolo12n.pt`
fsin_pws_100ep,B,fsin,yolo12n,high,args-chain,`fsin_pws_100ep`.`model` = `fsin_pretrain.pt` → `fsin_pretrain`.`model` = `yolo12n.pt`
fsin_pws_30ep,B,fsin,yolo12n,high,args-chain,`fsin_pws_30ep`.`model` = `fsin_pretrain.pt` → `fsin_pretrain`.`model` = `yolo12n.pt`
fsin_sns_100ep,B,fsin,yolo12n,high,args-chain,`fsin_sns_100ep`.`model` = `fsin_pretrain.pt` → `fsin_pretrain`.`model` = `yolo12n.pt`
fsin_sns_30ep,B,fsin,yolo12n,high,args-chain,`fsin_sns_30ep`.`model` = `fsin_pretrain.pt` → `fsin_pretrain`.`model` = `yolo12n.pt`
g1p_c2v_base100_s42n,A,g1p,yolo12n,high,args-chain,`g1p_c2v_base100_s42n`.`model` = `dota15_pretrain.pt` → `dota15_pretrain`.`model` = `yolo12n.pt`
g1p_c2v_base100_s43n,A,g1p,yolo12n,high,args-chain,`g1p_c2v_base100_s43n`.`model` = `dota15_pretrain.pt` → `dota15_pretrain`.`model` = `yolo12n.pt`
g1p_c2v_base100_s44n,A,g1p,yolo12n,high,args-chain,`g1p_c2v_base100_s44n`.`model` = `dota15_pretrain.pt` → `dota15_pretrain`.`model` = `yolo12n.pt`
g1p_c2v_base100_s45n,A,g1p,yolo12n,high,args-chain,`g1p_c2v_base100_s45n`.`model` = `dota15_pretrain.pt` → `dota15_pretrain`.`model` = `yolo12n.pt`
g1p_c2v_base100_s46n,A,g1p,yolo12n,high,args-chain,`g1p_c2v_base100_s46n`.`model` = `dota15_pretrain.pt` → `dota15_pretrain`.`model` = `yolo12n.pt`
g1p_c2v_lr005_100ep_s42n,A,g1p,yolo12n,high,args-chain,`g1p_c2v_lr005_100ep_s42n`.`model` = `dota15_pretrain.pt` → `dota15_pretrain`.`model` = `yolo12n.pt`
g1p_c2v_lr005_100ep_s43n,A,g1p,yolo12n,high,args-chain,`g1p_c2v_lr005_100ep_s43n`.`model` = `dota15_pretrain.pt` → `dota15_pretrain`.`model` = `yolo12n.pt`
g1p_c2v_lr005_100ep_s44n,A,g1p,yolo12n,high,args-chain,`g1p_c2v_lr005_100ep_s44n`.`model` = `dota15_pretrain.pt` → `dota15_pretrain`.`model` = `yolo12n.pt`
g1p_c2v_lr005_100ep_s45n,A,g1p,yolo12n,high,args-chain,`g1p_c2v_lr005_100ep_s45n`.`model` = `dota15_pretrain.pt` → `dota15_pretrain`.`model` = `yolo12n.pt`
g1p_c2v_lr005_100ep_s46n,A,g1p,yolo12n,high,args-chain,`g1p_c2v_lr005_100ep_s46n`.`model` = `dota15_pretrain.pt` → `dota15_pretrain`.`model` = `yolo12n.pt`
g2_vlarge_base100_s42n,B,g2,yolo12n,high,args-chain,`g2_vlarge_base100_s42n`.`model` = `dota15_pretrain.pt` → `dota15_pretrain`.`model` = `yolo12n.pt`
g2_vlarge_base100_s43n,B,g2,yolo12n,high,args-chain,`g2_vlarge_base100_s43n`.`model` = `dota15_pretrain.pt` → `dota15_pretrain`.`model` = `yolo12n.pt`
g2_vlarge_base100_s44n,B,g2,yolo12n,high,args-chain,`g2_vlarge_base100_s44n`.`model` = `dota15_pretrain.pt` → `dota15_pretrain`.`model` = `yolo12n.pt`
g2_vlarge_base100_s45n,B,g2,yolo12n,high,args-chain,`g2_vlarge_base100_s45n`.`model` = `dota15_pretrain.pt` → `dota15_pretrain`.`model` = `yolo12n.pt`
g2_vlarge_base100_s46n,B,g2,yolo12n,high,args-chain,`g2_vlarge_base100_s46n`.`model` = `dota15_pretrain.pt` → `dota15_pretrain`.`model` = `yolo12n.pt`
g2_vlarge_lr005_100ep_s42n,B,g2,yolo12n,high,args-chain,`g2_vlarge_lr005_100ep_s42n`.`model` = `dota15_pretrain.pt` → `dota15_pretrain`.`model` = `yolo12n.pt`
g2_vlarge_lr005_100ep_s43n,B,g2,yolo12n,high,args-chain,`g2_vlarge_lr005_100ep_s43n`.`model` = `dota15_pretrain.pt` → `dota15_pretrain`.`model` = `yolo12n.pt`
g2_vlarge_lr005_100ep_s44n,B,g2,yolo12n,high,args-chain,`g2_vlarge_lr005_100ep_s44n`.`model` = `dota15_pretrain.pt` → `dota15_pretrain`.`model` = `yolo12n.pt`
g2_vlarge_lr005_100ep_s45n,B,g2,yolo12n,high,args-chain,`g2_vlarge_lr005_100ep_s45n`.`model` = `dota15_pretrain.pt` → `dota15_pretrain`.`model` = `yolo12n.pt`
g2_vlarge_lr005_100ep_s46n,B,g2,yolo12n,high,args-chain,`g2_vlarge_lr005_100ep_s46n`.`model` = `dota15_pretrain.pt` → `dota15_pretrain`.`model` = `yolo12n.pt`
g2_vsmall_base100_s42n,B,g2,yolo12n,high,args-chain,`g2_vsmall_base100_s42n`.`model` = `dota15_pretrain.pt` → `dota15_pretrain`.`model` = `yolo12n.pt`
g2_vsmall_base100_s43n,B,g2,yolo12n,high,args-chain,`g2_vsmall_base100_s43n`.`model` = `dota15_pretrain.pt` → `dota15_pretrain`.`model` = `yolo12n.pt`
g2_vsmall_base100_s44n,B,g2,yolo12n,high,args-chain,`g2_vsmall_base100_s44n`.`model` = `dota15_pretrain.pt` → `dota15_pretrain`.`model` = `yolo12n.pt`
g2_vsmall_base100_s45n,B,g2,yolo12n,high,args-chain,`g2_vsmall_base100_s45n`.`model` = `dota15_pretrain.pt` → `dota15_pretrain`.`model` = `yolo12n.pt`
g2_vsmall_base100_s46n,B,g2,yolo12n,high,args-chain,`g2_vsmall_base100_s46n`.`model` = `dota15_pretrain.pt` → `dota15_pretrain`.`model` = `yolo12n.pt`
g2_vsmall_lr005_100ep_s42n,B,g2,yolo12n,high,args-chain,`g2_vsmall_lr005_100ep_s42n`.`model` = `dota15_pretrain.pt` → `dota15_pretrain`.`model` = `yolo12n.pt`
g2_vsmall_lr005_100ep_s43n,B,g2,yolo12n,high,args-chain,`g2_vsmall_lr005_100ep_s43n`.`model` = `dota15_pretrain.pt` → `dota15_pretrain`.`model` = `yolo12n.pt`
g2_vsmall_lr005_100ep_s44n,B,g2,yolo12n,high,args-chain,`g2_vsmall_lr005_100ep_s44n`.`model` = `dota15_pretrain.pt` → `dota15_pretrain`.`model` = `yolo12n.pt`
g2_vsmall_lr005_100ep_s45n,B,g2,yolo12n,high,args-chain,`g2_vsmall_lr005_100ep_s45n`.`model` = `dota15_pretrain.pt` → `dota15_pretrain`.`model` = `yolo12n.pt`
g2_vsmall_lr005_100ep_s46n,B,g2,yolo12n,high,args-chain,`g2_vsmall_lr005_100ep_s46n`.`model` = `dota15_pretrain.pt` → `dota15_pretrain`.`model` = `yolo12n.pt`
g3_e100_base_s42n,B,g3,yolo12n,high,args-chain,`g3_e100_base_s42n`.`model` = `dota15_pretrain.pt` → `dota15_pretrain`.`model` = `yolo12n.pt`
g3_e100_base_s43n,B,g3,yolo12n,high,args-chain,`g3_e100_base_s43n`.`model` = `dota15_pretrain.pt` → `dota15_pretrain`.`model` = `yolo12n.pt`
g3_e100_base_s44n,B,g3,yolo12n,high,args-chain,`g3_e100_base_s44n`.`model` = `dota15_pretrain.pt` → `dota15_pretrain`.`model` = `yolo12n.pt`
g3_e100_base_s45n,B,g3,yolo12n,high,args-chain,`g3_e100_base_s45n`.`model` = `dota15_pretrain.pt` → `dota15_pretrain`.`model` = `yolo12n.pt`
g3_e100_base_s46n,B,g3,yolo12n,high,args-chain,`g3_e100_base_s46n`.`model` = `dota15_pretrain.pt` → `dota15_pretrain`.`model` = `yolo12n.pt`
g3_e100_lr005_s42n,B,g3,yolo12n,high,args-chain,`g3_e100_lr005_s42n`.`model` = `dota15_pretrain.pt` → `dota15_pretrain`.`model` = `yolo12n.pt`
g3_e100_lr005_s43n,B,g3,yolo12n,high,args-chain,`g3_e100_lr005_s43n`.`model` = `dota15_pretrain.pt` → `dota15_pretrain`.`model` = `yolo12n.pt`
g3_e100_lr005_s44n,B,g3,yolo12n,high,args-chain,`g3_e100_lr005_s44n`.`model` = `dota15_pretrain.pt` → `dota15_pretrain`.`model` = `yolo12n.pt`
g3_e100_lr005_s45n,B,g3,yolo12n,high,args-chain,`g3_e100_lr005_s45n`.`model` = `dota15_pretrain.pt` → `dota15_pretrain`.`model` = `yolo12n.pt`
g3_e100_lr005_s46n,B,g3,yolo12n,high,args-chain,`g3_e100_lr005_s46n`.`model` = `dota15_pretrain.pt` → `dota15_pretrain`.`model` = `yolo12n.pt`
g3_e200_base_s42n,B,g3,yolo12n,high,args-chain,`g3_e200_base_s42n`.`model` = `dota15_pretrain.pt` → `dota15_pretrain`.`model` = `yolo12n.pt`
g3_e200_base_s43n,B,g3,yolo12n,high,args-chain,`g3_e200_base_s43n`.`model` = `dota15_pretrain.pt` → `dota15_pretrain`.`model` = `yolo12n.pt`
g3_e200_base_s44n,B,g3,yolo12n,high,args-chain,`g3_e200_base_s44n`.`model` = `dota15_pretrain.pt` → `dota15_pretrain`.`model` = `yolo12n.pt`
g3_e200_base_s45n,B,g3,yolo12n,high,args-chain,`g3_e200_base_s45n`.`model` = `dota15_pretrain.pt` → `dota15_pretrain`.`model` = `yolo12n.pt`
g3_e200_base_s46n,B,g3,yolo12n,high,args-chain,`g3_e200_base_s46n`.`model` = `dota15_pretrain.pt` → `dota15_pretrain`.`model` = `yolo12n.pt`
g3_e200_lr005_s42n,B,g3,yolo12n,high,args-chain,`g3_e200_lr005_s42n`.`model` = `dota15_pretrain.pt` → `dota15_pretrain`.`model` = `yolo12n.pt`
g3_e200_lr005_s43n,B,g3,yolo12n,high,args-chain,`g3_e200_lr005_s43n`.`model` = `dota15_pretrain.pt` → `dota15_pretrain`.`model` = `yolo12n.pt`
g3_e200_lr005_s44n,B,g3,yolo12n,high,args-chain,`g3_e200_lr005_s44n`.`model` = `dota15_pretrain.pt` → `dota15_pretrain`.`model` = `yolo12n.pt`
g3_e200_lr005_s45n,B,g3,yolo12n,high,args-chain,`g3_e200_lr005_s45n`.`model` = `dota15_pretrain.pt` → `dota15_pretrain`.`model` = `yolo12n.pt`
g3_e200_lr005_s46n,B,g3,yolo12n,high,args-chain,`g3_e200_lr005_s46n`.`model` = `dota15_pretrain.pt` → `dota15_pretrain`.`model` = `yolo12n.pt`
g3clean_e100_base_s42n,B,g3clean,yolo12n,high,args-chain,`g3clean_e100_base_s42n`.`model` = `dota15_pretrain.pt` → `dota15_pretrain`.`model` = `yolo12n.pt`
g3clean_e100_base_s43n,B,g3clean,yolo12n,high,args-chain,`g3clean_e100_base_s43n`.`model` = `dota15_pretrain.pt` → `dota15_pretrain`.`model` = `yolo12n.pt`
g3clean_e100_base_s44n,B,g3clean,yolo12n,high,args-chain,`g3clean_e100_base_s44n`.`model` = `dota15_pretrain.pt` → `dota15_pretrain`.`model` = `yolo12n.pt`
g3clean_e100_base_s45n,B,g3clean,yolo12n,high,args-chain,`g3clean_e100_base_s45n`.`model` = `dota15_pretrain.pt` → `dota15_pretrain`.`model` = `yolo12n.pt`
g3clean_e100_base_s46n,B,g3clean,yolo12n,high,args-chain,`g3clean_e100_base_s46n`.`model` = `dota15_pretrain.pt` → `dota15_pretrain`.`model` = `yolo12n.pt`
g3clean_e100_lr005_s42n,B,g3clean,yolo12n,high,args-chain,`g3clean_e100_lr005_s42n`.`model` = `dota15_pretrain.pt` → `dota15_pretrain`.`model` = `yolo12n.pt`
g3clean_e100_lr005_s43n,B,g3clean,yolo12n,high,args-chain,`g3clean_e100_lr005_s43n`.`model` = `dota15_pretrain.pt` → `dota15_pretrain`.`model` = `yolo12n.pt`
g3clean_e100_lr005_s44n,B,g3clean,yolo12n,high,args-chain,`g3clean_e100_lr005_s44n`.`model` = `dota15_pretrain.pt` → `dota15_pretrain`.`model` = `yolo12n.pt`
g3clean_e100_lr005_s45n,B,g3clean,yolo12n,high,args-chain,`g3clean_e100_lr005_s45n`.`model` = `dota15_pretrain.pt` → `dota15_pretrain`.`model` = `yolo12n.pt`
g3clean_e100_lr005_s46n,B,g3clean,yolo12n,high,args-chain,`g3clean_e100_lr005_s46n`.`model` = `dota15_pretrain.pt` → `dota15_pretrain`.`model` = `yolo12n.pt`
g3clean_e200_base_s42n,B,g3clean,yolo12n,high,args-chain,`g3clean_e200_base_s42n`.`model` = `dota15_pretrain.pt` → `dota15_pretrain`.`model` = `yolo12n.pt`
g3clean_e200_base_s43n,B,g3clean,yolo12n,high,args-chain,`g3clean_e200_base_s43n`.`model` = `dota15_pretrain.pt` → `dota15_pretrain`.`model` = `yolo12n.pt`
g3clean_e200_base_s44n,B,g3clean,yolo12n,high,args-chain,`g3clean_e200_base_s44n`.`model` = `dota15_pretrain.pt` → `dota15_pretrain`.`model` = `yolo12n.pt`
g3clean_e200_base_s45n,B,g3clean,yolo12n,high,args-chain,`g3clean_e200_base_s45n`.`model` = `dota15_pretrain.pt` → `dota15_pretrain`.`model` = `yolo12n.pt`
g3clean_e200_base_s46n,B,g3clean,yolo12n,high,args-chain,`g3clean_e200_base_s46n`.`model` = `dota15_pretrain.pt` → `dota15_pretrain`.`model` = `yolo12n.pt`
g3clean_e200_lr005_s42n,B,g3clean,yolo12n,high,args-chain,`g3clean_e200_lr005_s42n`.`model` = `dota15_pretrain.pt` → `dota15_pretrain`.`model` = `yolo12n.pt`
g3clean_e200_lr005_s43n,B,g3clean,yolo12n,high,args-chain,`g3clean_e200_lr005_s43n`.`model` = `dota15_pretrain.pt` → `dota15_pretrain`.`model` = `yolo12n.pt`
g3clean_e200_lr005_s44n,B,g3clean,yolo12n,high,args-chain,`g3clean_e200_lr005_s44n`.`model` = `dota15_pretrain.pt` → `dota15_pretrain`.`model` = `yolo12n.pt`
g3clean_e200_lr005_s45n,B,g3clean,yolo12n,high,args-chain,`g3clean_e200_lr005_s45n`.`model` = `dota15_pretrain.pt` → `dota15_pretrain`.`model` = `yolo12n.pt`
g3clean_e200_lr005_s46n,B,g3clean,yolo12n,high,args-chain,`g3clean_e200_lr005_s46n`.`model` = `dota15_pretrain.pt` → `dota15_pretrain`.`model` = `yolo12n.pt`
g3clean_e400_base_s42n,A,g3clean,yolo12n,high,args-chain,`g3clean_e400_base_s42n`.`model` = `dota15_pretrain.pt` → `dota15_pretrain`.`model` = `yolo12n.pt`
g3clean_e400_base_s43n,A,g3clean,yolo12n,high,args-chain,`g3clean_e400_base_s43n`.`model` = `dota15_pretrain.pt` → `dota15_pretrain`.`model` = `yolo12n.pt`
g3clean_e400_base_s44n,A,g3clean,yolo12n,high,args-chain,`g3clean_e400_base_s44n`.`model` = `dota15_pretrain.pt` → `dota15_pretrain`.`model` = `yolo12n.pt`
g3clean_e400_base_s45n,A,g3clean,yolo12n,high,args-chain,`g3clean_e400_base_s45n`.`model` = `dota15_pretrain.pt` → `dota15_pretrain`.`model` = `yolo12n.pt`
g3clean_e400_base_s46n,A,g3clean,yolo12n,high,args-chain,`g3clean_e400_base_s46n`.`model` = `dota15_pretrain.pt` → `dota15_pretrain`.`model` = `yolo12n.pt`
g3clean_e400_lr005_s42n,A,g3clean,yolo12n,high,args-chain,`g3clean_e400_lr005_s42n`.`model` = `dota15_pretrain.pt` → `dota15_pretrain`.`model` = `yolo12n.pt`
g3clean_e400_lr005_s43n,A,g3clean,yolo12n,high,args-chain,`g3clean_e400_lr005_s43n`.`model` = `dota15_pretrain.pt` → `dota15_pretrain`.`model` = `yolo12n.pt`
g3clean_e400_lr005_s44n,A,g3clean,yolo12n,high,args-chain,`g3clean_e400_lr005_s44n`.`model` = `dota15_pretrain.pt` → `dota15_pretrain`.`model` = `yolo12n.pt`
g3clean_e400_lr005_s45n,A,g3clean,yolo12n,high,args-chain,`g3clean_e400_lr005_s45n`.`model` = `dota15_pretrain.pt` → `dota15_pretrain`.`model` = `yolo12n.pt`
g3clean_e400_lr005_s46n,A,g3clean,yolo12n,high,args-chain,`g3clean_e400_lr005_s46n`.`model` = `dota15_pretrain.pt` → `dota15_pretrain`.`model` = `yolo12n.pt`
g3clean_e50_base_s42n,A,g3clean,yolo12n,high,args-chain,`g3clean_e50_base_s42n`.`model` = `dota15_pretrain.pt` → `dota15_pretrain`.`model` = `yolo12n.pt`
g3clean_e50_base_s42n_REP,B,g3clean,yolo12n,high,args-chain,`g3clean_e50_base_s42n_REP`.`model` = `dota15_pretrain.pt` → `dota15_pretrain`.`model` = `yolo12n.pt`
g3clean_e50_base_s43n,A,g3clean,yolo12n,high,args-chain,`g3clean_e50_base_s43n`.`model` = `dota15_pretrain.pt` → `dota15_pretrain`.`model` = `yolo12n.pt`
g3clean_e50_base_s43n_REP,B,g3clean,yolo12n,high,args-chain,`g3clean_e50_base_s43n_REP`.`model` = `dota15_pretrain.pt` → `dota15_pretrain`.`model` = `yolo12n.pt`
g3clean_e50_base_s43n_REP2,B,g3clean,yolo12n,high,args-chain,`g3clean_e50_base_s43n_REP2`.`model` = `dota15_pretrain.pt` → `dota15_pretrain`.`model` = `yolo12n.pt`
g3clean_e50_base_s43n_REP3,B,g3clean,yolo12n,high,args-chain,`g3clean_e50_base_s43n_REP3`.`model` = `dota15_pretrain.pt` → `dota15_pretrain`.`model` = `yolo12n.pt`
g3clean_e50_base_s44n,A,g3clean,yolo12n,high,args-chain,`g3clean_e50_base_s44n`.`model` = `dota15_pretrain.pt` → `dota15_pretrain`.`model` = `yolo12n.pt`
g3clean_e50_base_s45n,A,g3clean,yolo12n,high,args-chain,`g3clean_e50_base_s45n`.`model` = `dota15_pretrain.pt` → `dota15_pretrain`.`model` = `yolo12n.pt`
g3clean_e50_base_s45n_REP,B,g3clean,yolo12n,high,args-chain,`g3clean_e50_base_s45n_REP`.`model` = `dota15_pretrain.pt` → `dota15_pretrain`.`model` = `yolo12n.pt`
g3clean_e50_base_s45n_REP2,B,g3clean,yolo12n,high,args-chain,`g3clean_e50_base_s45n_REP2`.`model` = `dota15_pretrain.pt` → `dota15_pretrain`.`model` = `yolo12n.pt`
g3clean_e50_base_s45n_REP3,B,g3clean,yolo12n,high,args-chain,`g3clean_e50_base_s45n_REP3`.`model` = `dota15_pretrain.pt` → `dota15_pretrain`.`model` = `yolo12n.pt`
g3clean_e50_base_s46n,A,g3clean,yolo12n,high,args-chain,`g3clean_e50_base_s46n`.`model` = `dota15_pretrain.pt` → `dota15_pretrain`.`model` = `yolo12n.pt`
g3clean_e50_lr005_s42n,A,g3clean,yolo12n,high,args-chain,`g3clean_e50_lr005_s42n`.`model` = `dota15_pretrain.pt` → `dota15_pretrain`.`model` = `yolo12n.pt`
g3clean_e50_lr005_s43n,A,g3clean,yolo12n,high,args-chain,`g3clean_e50_lr005_s43n`.`model` = `dota15_pretrain.pt` → `dota15_pretrain`.`model` = `yolo12n.pt`
g3clean_e50_lr005_s43n_REP,B,g3clean,yolo12n,high,args-chain,`g3clean_e50_lr005_s43n_REP`.`model` = `dota15_pretrain.pt` → `dota15_pretrain`.`model` = `yolo12n.pt`
g3clean_e50_lr005_s43n_REP2,B,g3clean,yolo12n,high,args-chain,`g3clean_e50_lr005_s43n_REP2`.`model` = `dota15_pretrain.pt` → `dota15_pretrain`.`model` = `yolo12n.pt`
g3clean_e50_lr005_s43n_REP3,B,g3clean,yolo12n,high,args-chain,`g3clean_e50_lr005_s43n_REP3`.`model` = `dota15_pretrain.pt` → `dota15_pretrain`.`model` = `yolo12n.pt`
g3clean_e50_lr005_s44n,A,g3clean,yolo12n,high,args-chain,`g3clean_e50_lr005_s44n`.`model` = `dota15_pretrain.pt` → `dota15_pretrain`.`model` = `yolo12n.pt`
g3clean_e50_lr005_s45n,A,g3clean,yolo12n,high,args-chain,`g3clean_e50_lr005_s45n`.`model` = `dota15_pretrain.pt` → `dota15_pretrain`.`model` = `yolo12n.pt`
g3clean_e50_lr005_s46n,A,g3clean,yolo12n,high,args-chain,`g3clean_e50_lr005_s46n`.`model` = `dota15_pretrain.pt` → `dota15_pretrain`.`model` = `yolo12n.pt`
g3cleanb_e400_base_s42n,B,g3cleanb,yolo12n,high,args-chain,`g3cleanb_e400_base_s42n`.`model` = `dota15_pretrain.pt` → `dota15_pretrain`.`model` = `yolo12n.pt`
g3cleanb_e400_base_s43n,B,g3cleanb,yolo12n,high,args-chain,`g3cleanb_e400_base_s43n`.`model` = `dota15_pretrain.pt` → `dota15_pretrain`.`model` = `yolo12n.pt`
g3cleanb_e400_base_s44n,B,g3cleanb,yolo12n,high,args-chain,`g3cleanb_e400_base_s44n`.`model` = `dota15_pretrain.pt` → `dota15_pretrain`.`model` = `yolo12n.pt`
g3cleanb_e400_base_s45n,B,g3cleanb,yolo12n,high,args-chain,`g3cleanb_e400_base_s45n`.`model` = `dota15_pretrain.pt` → `dota15_pretrain`.`model` = `yolo12n.pt`
g3cleanb_e400_base_s46n,B,g3cleanb,yolo12n,high,args-chain,`g3cleanb_e400_base_s46n`.`model` = `dota15_pretrain.pt` → `dota15_pretrain`.`model` = `yolo12n.pt`
g3cleanb_e400_lr005_s42n,B,g3cleanb,yolo12n,high,args-chain,`g3cleanb_e400_lr005_s42n`.`model` = `dota15_pretrain.pt` → `dota15_pretrain`.`model` = `yolo12n.pt`
g3cleanb_e400_lr005_s43n,B,g3cleanb,yolo12n,high,args-chain,`g3cleanb_e400_lr005_s43n`.`model` = `dota15_pretrain.pt` → `dota15_pretrain`.`model` = `yolo12n.pt`
g3cleanb_e400_lr005_s44n,B,g3cleanb,yolo12n,high,args-chain,`g3cleanb_e400_lr005_s44n`.`model` = `dota15_pretrain.pt` → `dota15_pretrain`.`model` = `yolo12n.pt`
g3cleanb_e400_lr005_s45n,B,g3cleanb,yolo12n,high,args-chain,`g3cleanb_e400_lr005_s45n`.`model` = `dota15_pretrain.pt` → `dota15_pretrain`.`model` = `yolo12n.pt`
g3cleanb_e400_lr005_s46n,B,g3cleanb,yolo12n,high,args-chain,`g3cleanb_e400_lr005_s46n`.`model` = `dota15_pretrain.pt` → `dota15_pretrain`.`model` = `yolo12n.pt`
g3cleanb_e50_base_s42n,B,g3cleanb,yolo12n,high,args-chain,`g3cleanb_e50_base_s42n`.`model` = `dota15_pretrain.pt` → `dota15_pretrain`.`model` = `yolo12n.pt`
g3cleanb_e50_base_s43n,B,g3cleanb,yolo12n,high,args-chain,`g3cleanb_e50_base_s43n`.`model` = `dota15_pretrain.pt` → `dota15_pretrain`.`model` = `yolo12n.pt`
g3cleanb_e50_base_s44n,B,g3cleanb,yolo12n,high,args-chain,`g3cleanb_e50_base_s44n`.`model` = `dota15_pretrain.pt` → `dota15_pretrain`.`model` = `yolo12n.pt`
g3cleanb_e50_base_s45n,B,g3cleanb,yolo12n,high,args-chain,`g3cleanb_e50_base_s45n`.`model` = `dota15_pretrain.pt` → `dota15_pretrain`.`model` = `yolo12n.pt`
g3cleanb_e50_base_s46n,B,g3cleanb,yolo12n,high,args-chain,`g3cleanb_e50_base_s46n`.`model` = `dota15_pretrain.pt` → `dota15_pretrain`.`model` = `yolo12n.pt`
g3cleanb_e50_lr005_s42n,B,g3cleanb,yolo12n,high,args-chain,`g3cleanb_e50_lr005_s42n`.`model` = `dota15_pretrain.pt` → `dota15_pretrain`.`model` = `yolo12n.pt`
g3cleanb_e50_lr005_s43n,B,g3cleanb,yolo12n,high,args-chain,`g3cleanb_e50_lr005_s43n`.`model` = `dota15_pretrain.pt` → `dota15_pretrain`.`model` = `yolo12n.pt`
g3cleanb_e50_lr005_s44n,B,g3cleanb,yolo12n,high,args-chain,`g3cleanb_e50_lr005_s44n`.`model` = `dota15_pretrain.pt` → `dota15_pretrain`.`model` = `yolo12n.pt`
g3cleanb_e50_lr005_s45n,B,g3cleanb,yolo12n,high,args-chain,`g3cleanb_e50_lr005_s45n`.`model` = `dota15_pretrain.pt` → `dota15_pretrain`.`model` = `yolo12n.pt`
g3cleanb_e50_lr005_s46n,B,g3cleanb,yolo12n,high,args-chain,`g3cleanb_e50_lr005_s46n`.`model` = `dota15_pretrain.pt` → `dota15_pretrain`.`model` = `yolo12n.pt`
g3ext_e400_base_s42n,B,g3ext,yolo12n,high,args-chain,`g3ext_e400_base_s42n`.`model` = `dota15_pretrain.pt` → `dota15_pretrain`.`model` = `yolo12n.pt`
g3ext_e400_base_s43n,B,g3ext,yolo12n,high,args-chain,`g3ext_e400_base_s43n`.`model` = `dota15_pretrain.pt` → `dota15_pretrain`.`model` = `yolo12n.pt`
g3ext_e400_base_s44n,B,g3ext,yolo12n,high,args-chain,`g3ext_e400_base_s44n`.`model` = `dota15_pretrain.pt` → `dota15_pretrain`.`model` = `yolo12n.pt`
g3ext_e400_base_s45n,B,g3ext,yolo12n,high,args-chain,`g3ext_e400_base_s45n`.`model` = `dota15_pretrain.pt` → `dota15_pretrain`.`model` = `yolo12n.pt`
g3ext_e400_base_s46n,B,g3ext,yolo12n,high,args-chain,`g3ext_e400_base_s46n`.`model` = `dota15_pretrain.pt` → `dota15_pretrain`.`model` = `yolo12n.pt`
g3ext_e400_lr005_s42n,B,g3ext,yolo12n,high,args-chain,`g3ext_e400_lr005_s42n`.`model` = `dota15_pretrain.pt` → `dota15_pretrain`.`model` = `yolo12n.pt`
g3ext_e400_lr005_s43n,B,g3ext,yolo12n,high,args-chain,`g3ext_e400_lr005_s43n`.`model` = `dota15_pretrain.pt` → `dota15_pretrain`.`model` = `yolo12n.pt`
g3ext_e400_lr005_s44n,B,g3ext,yolo12n,high,args-chain,`g3ext_e400_lr005_s44n`.`model` = `dota15_pretrain.pt` → `dota15_pretrain`.`model` = `yolo12n.pt`
g3ext_e400_lr005_s45n,B,g3ext,yolo12n,high,args-chain,`g3ext_e400_lr005_s45n`.`model` = `dota15_pretrain.pt` → `dota15_pretrain`.`model` = `yolo12n.pt`
g3ext_e400_lr005_s46n,B,g3ext,yolo12n,high,args-chain,`g3ext_e400_lr005_s46n`.`model` = `dota15_pretrain.pt` → `dota15_pretrain`.`model` = `yolo12n.pt`
g3ext_e50_base_s42n,B,g3ext,yolo12n,high,args-chain,`g3ext_e50_base_s42n`.`model` = `dota15_pretrain.pt` → `dota15_pretrain`.`model` = `yolo12n.pt`
g3ext_e50_base_s43n,B,g3ext,yolo12n,high,args-chain,`g3ext_e50_base_s43n`.`model` = `dota15_pretrain.pt` → `dota15_pretrain`.`model` = `yolo12n.pt`
g3ext_e50_base_s44n,B,g3ext,yolo12n,high,args-chain,`g3ext_e50_base_s44n`.`model` = `dota15_pretrain.pt` → `dota15_pretrain`.`model` = `yolo12n.pt`
g3ext_e50_base_s45n,B,g3ext,yolo12n,high,args-chain,`g3ext_e50_base_s45n`.`model` = `dota15_pretrain.pt` → `dota15_pretrain`.`model` = `yolo12n.pt`
g3ext_e50_base_s46n,B,g3ext,yolo12n,high,args-chain,`g3ext_e50_base_s46n`.`model` = `dota15_pretrain.pt` → `dota15_pretrain`.`model` = `yolo12n.pt`
g3ext_e50_lr005_s42n,B,g3ext,yolo12n,high,args-chain,`g3ext_e50_lr005_s42n`.`model` = `dota15_pretrain.pt` → `dota15_pretrain`.`model` = `yolo12n.pt`
g3ext_e50_lr005_s43n,B,g3ext,yolo12n,high,args-chain,`g3ext_e50_lr005_s43n`.`model` = `dota15_pretrain.pt` → `dota15_pretrain`.`model` = `yolo12n.pt`
g3ext_e50_lr005_s44n,B,g3ext,yolo12n,high,args-chain,`g3ext_e50_lr005_s44n`.`model` = `dota15_pretrain.pt` → `dota15_pretrain`.`model` = `yolo12n.pt`
g3ext_e50_lr005_s45n,B,g3ext,yolo12n,high,args-chain,`g3ext_e50_lr005_s45n`.`model` = `dota15_pretrain.pt` → `dota15_pretrain`.`model` = `yolo12n.pt`
g3ext_e50_lr005_s46n,B,g3ext,yolo12n,high,args-chain,`g3ext_e50_lr005_s46n`.`model` = `dota15_pretrain.pt` → `dota15_pretrain`.`model` = `yolo12n.pt`
g4_mende3way_base100_s42n,A,g4,yolo12n,high,args-chain,`g4_mende3way_base100_s42n`.`model` = `mendein_pretrain.pt` → `mendein_pretrain`.`model` = `yolo12n.pt`
g4_mende3way_base100_s43n,A,g4,yolo12n,high,args-chain,`g4_mende3way_base100_s43n`.`model` = `mendein_pretrain.pt` → `mendein_pretrain`.`model` = `yolo12n.pt`
g4_mende3way_base100_s44n,A,g4,yolo12n,high,args-chain,`g4_mende3way_base100_s44n`.`model` = `mendein_pretrain.pt` → `mendein_pretrain`.`model` = `yolo12n.pt`
g4_mende3way_base100_s45n,A,g4,yolo12n,high,args-chain,`g4_mende3way_base100_s45n`.`model` = `mendein_pretrain.pt` → `mendein_pretrain`.`model` = `yolo12n.pt`
g4_mende3way_base100_s46n,A,g4,yolo12n,high,args-chain,`g4_mende3way_base100_s46n`.`model` = `mendein_pretrain.pt` → `mendein_pretrain`.`model` = `yolo12n.pt`
g4_mende3way_base100_s47n,A,g4,yolo12n,high,args-chain,`g4_mende3way_base100_s47n`.`model` = `mendein_pretrain.pt` → `mendein_pretrain`.`model` = `yolo12n.pt`
g4_mende3way_base100_s48n,A,g4,yolo12n,high,args-chain,`g4_mende3way_base100_s48n`.`model` = `mendein_pretrain.pt` → `mendein_pretrain`.`model` = `yolo12n.pt`
g4_mende3way_base100_s49n,A,g4,yolo12n,high,args-chain,`g4_mende3way_base100_s49n`.`model` = `mendein_pretrain.pt` → `mendein_pretrain`.`model` = `yolo12n.pt`
g4_mende3way_base100_s50n,A,g4,yolo12n,high,args-chain,`g4_mende3way_base100_s50n`.`model` = `mendein_pretrain.pt` → `mendein_pretrain`.`model` = `yolo12n.pt`
g4_mende3way_base100_s51n,A,g4,yolo12n,high,args-chain,`g4_mende3way_base100_s51n`.`model` = `mendein_pretrain.pt` → `mendein_pretrain`.`model` = `yolo12n.pt`
g4_mende3way_base100_s52n,A,g4,yolo12n,high,log,日志模型签名 `yolov12n summary`（g4_mende3way_base100_s52n）
g4_mende3way_base100_s53n,A,g4,yolo12n,high,log,日志模型签名 `yolov12n summary`（g4_mende3way_base100_s53n）
g4_mende3way_base100_s54n,A,g4,yolo12n,high,log,日志模型签名 `yolov12n summary`（g4_mende3way_base100_s54n）
g4_mende3way_lr005_100ep_s42n,A,g4,yolo12n,high,args-chain,`g4_mende3way_lr005_100ep_s42n`.`model` = `mendein_pretrain.pt` → `mendein_pretrain`.`model` = `yolo12n.pt`
g4_mende3way_lr005_100ep_s43n,A,g4,yolo12n,high,args-chain,`g4_mende3way_lr005_100ep_s43n`.`model` = `mendein_pretrain.pt` → `mendein_pretrain`.`model` = `yolo12n.pt`
g4_mende3way_lr005_100ep_s44n,A,g4,yolo12n,high,args-chain,`g4_mende3way_lr005_100ep_s44n`.`model` = `mendein_pretrain.pt` → `mendein_pretrain`.`model` = `yolo12n.pt`
g4_mende3way_lr005_100ep_s45n,A,g4,yolo12n,high,args-chain,`g4_mende3way_lr005_100ep_s45n`.`model` = `mendein_pretrain.pt` → `mendein_pretrain`.`model` = `yolo12n.pt`
g4_mende3way_lr005_100ep_s46n,A,g4,yolo12n,high,args-chain,`g4_mende3way_lr005_100ep_s46n`.`model` = `mendein_pretrain.pt` → `mendein_pretrain`.`model` = `yolo12n.pt`
g4_mende3way_lr005_100ep_s47n,A,g4,yolo12n,high,args-chain,`g4_mende3way_lr005_100ep_s47n`.`model` = `mendein_pretrain.pt` → `mendein_pretrain`.`model` = `yolo12n.pt`
g4_mende3way_lr005_100ep_s48n,A,g4,yolo12n,high,args-chain,`g4_mende3way_lr005_100ep_s48n`.`model` = `mendein_pretrain.pt` → `mendein_pretrain`.`model` = `yolo12n.pt`
g4_mende3way_lr005_100ep_s49n,A,g4,yolo12n,high,args-chain,`g4_mende3way_lr005_100ep_s49n`.`model` = `mendein_pretrain.pt` → `mendein_pretrain`.`model` = `yolo12n.pt`
g4_mende3way_lr005_100ep_s50n,A,g4,yolo12n,high,args-chain,`g4_mende3way_lr005_100ep_s50n`.`model` = `mendein_pretrain.pt` → `mendein_pretrain`.`model` = `yolo12n.pt`
g4_mende3way_lr005_100ep_s51n,A,g4,yolo12n,high,args-chain,`g4_mende3way_lr005_100ep_s51n`.`model` = `mendein_pretrain.pt` → `mendein_pretrain`.`model` = `yolo12n.pt`
g4_mende3way_lr005_100ep_s52n,A,g4,yolo12n,high,log,日志模型签名 `yolov12n summary`（g4_mende3way_lr005_100ep_s52n）
g4_mende3way_lr005_100ep_s53n,A,g4,yolo12n,high,log,日志模型签名 `yolov12n summary`（g4_mende3way_lr005_100ep_s53n）
g4_mende3way_lr005_100ep_s54n,A,g4,yolo12n,high,log,日志模型签名 `yolov12n summary`（g4_mende3way_lr005_100ep_s54n）
la_10p_base_s42n,A,la,yolo12n,high,args-chain,`la_10p_base_s42n`.`model` = `shwd2sf_pretrain.pt` → `shwd2sf_pretrain`.`model` = `yolo12n.pt`
la_10p_base_s43n,A,la,yolo12n,high,log,日志模型签名 `yolov12n summary`（la_10p_base_s43n）
la_10p_base_s44n,A,la,yolo12n,high,args-chain,`la_10p_base_s44n`.`model` = `shwd2sf_pretrain.pt` → `shwd2sf_pretrain`.`model` = `yolo12n.pt`
la_10p_lr005_s42n,A,la,yolo12n,high,args-chain,`la_10p_lr005_s42n`.`model` = `shwd2sf_pretrain.pt` → `shwd2sf_pretrain`.`model` = `yolo12n.pt`
la_10p_lr005_s43n,A,la,yolo12n,high,args-chain,`la_10p_lr005_s43n`.`model` = `shwd2sf_pretrain.pt` → `shwd2sf_pretrain`.`model` = `yolo12n.pt`
la_10p_lr005_s44n,A,la,yolo12n,high,args-chain,`la_10p_lr005_s44n`.`model` = `shwd2sf_pretrain.pt` → `shwd2sf_pretrain`.`model` = `yolo12n.pt`
la_30p_base_s42n,A,la,yolo12n,high,args-chain,`la_30p_base_s42n`.`model` = `shwd2sf_pretrain.pt` → `shwd2sf_pretrain`.`model` = `yolo12n.pt`
la_30p_base_s43n,A,la,yolo12n,high,args-chain,`la_30p_base_s43n`.`model` = `shwd2sf_pretrain.pt` → `shwd2sf_pretrain`.`model` = `yolo12n.pt`
la_30p_base_s44n,A,la,yolo12n,high,args-chain,`la_30p_base_s44n`.`model` = `shwd2sf_pretrain.pt` → `shwd2sf_pretrain`.`model` = `yolo12n.pt`
la_30p_lr005_s42n,A,la,yolo12n,high,args-chain,`la_30p_lr005_s42n`.`model` = `shwd2sf_pretrain.pt` → `shwd2sf_pretrain`.`model` = `yolo12n.pt`
la_30p_lr005_s43n,A,la,yolo12n,high,args-chain,`la_30p_lr005_s43n`.`model` = `shwd2sf_pretrain.pt` → `shwd2sf_pretrain`.`model` = `yolo12n.pt`
la_30p_lr005_s44n,A,la,yolo12n,high,args-chain,`la_30p_lr005_s44n`.`model` = `shwd2sf_pretrain.pt` → `shwd2sf_pretrain`.`model` = `yolo12n.pt`
la_50p_base_s42n,A,la,yolo12n,high,log,日志模型签名 `yolov12n summary`（la_50p_base_s42n）
la_50p_base_s43n,A,la,yolo12n,high,log,日志模型签名 `yolov12n summary`（la_50p_base_s43n）
la_50p_base_s44n,A,la,yolo12n,high,args-chain,`la_50p_base_s44n`.`model` = `shwd2sf_pretrain.pt` → `shwd2sf_pretrain`.`model` = `yolo12n.pt`
la_50p_lr005_s42n,A,la,yolo12n,high,args-chain,`la_50p_lr005_s42n`.`model` = `shwd2sf_pretrain.pt` → `shwd2sf_pretrain`.`model` = `yolo12n.pt`
la_50p_lr005_s43n,A,la,yolo12n,high,args-chain,`la_50p_lr005_s43n`.`model` = `shwd2sf_pretrain.pt` → `shwd2sf_pretrain`.`model` = `yolo12n.pt`
la_50p_lr005_s44n,A,la,yolo12n,high,args-chain,`la_50p_lr005_s44n`.`model` = `shwd2sf_pretrain.pt` → `shwd2sf_pretrain`.`model` = `yolo12n.pt`
lr005_30ep_cds,B,lr005,yolo12n,high,args-chain,`lr005_30ep_cds`.`model` = `mafa_pretrain.pt` → `mafa_pretrain`.`model` = `yolo12n.pt`
mafa_pretrain,B,mafa,yolo12n,high,log,日志模型签名 `yolov12n summary`（mafa_pretrain）
mask_base100,B,mask,yolo12n,high,args-chain,`mask_base100`.`model` = `mask_pretrain.pt` → `mask_pretrain`.`model` = `yolo12n.pt`
mask_base100_s42n,B,mask,yolo12n,high,log,日志模型签名 `yolov12n summary`（mask_base100_s42n）
mask_base30,B,mask,yolo12n,high,args-chain,`mask_base30`.`model` = `mask_pretrain.pt` → `mask_pretrain`.`model` = `yolo12n.pt`
mask_base30_s43,B,mask,yolo12n,high,args-chain,`mask_base30_s43`.`model` = `mask_pretrain.pt` → `mask_pretrain`.`model` = `yolo12n.pt`
mask_base30_s44,B,mask,yolo12n,high,args-chain,`mask_base30_s44`.`model` = `mask_pretrain.pt` → `mask_pretrain`.`model` = `yolo12n.pt`
mask_base50,B,mask,yolo12n,high,args-chain,`mask_base50`.`model` = `mask_pretrain.pt` → `mask_pretrain`.`model` = `yolo12n.pt`
mask_css_100ep,B,mask,yolo12n,high,args-chain,`mask_css_100ep`.`model` = `mask_pretrain.pt` → `mask_pretrain`.`model` = `yolo12n.pt`
mask_css_30ep,B,mask,yolo12n,high,args-chain,`mask_css_30ep`.`model` = `mask_pretrain.pt` → `mask_pretrain`.`model` = `yolo12n.pt`
mask_lr005_100ep_s42n,B,mask,yolo12n,high,args-chain,`mask_lr005_100ep_s42n`.`model` = `mask_pretrain.pt` → `mask_pretrain`.`model` = `yolo12n.pt`
mask_lr005_30ep,B,mask,yolo12n,high,args-chain,`mask_lr005_30ep`.`model` = `mask_pretrain.pt` → `mask_pretrain`.`model` = `yolo12n.pt`
mask_lr005_50ep,B,mask,yolo12n,high,args-chain,`mask_lr005_50ep`.`model` = `mask_pretrain.pt` → `mask_pretrain`.`model` = `yolo12n.pt`
mask_pretrain,B,mask,yolo12n,high,log,日志模型签名 `yolov12n summary`（mask_pretrain）
mask_pws_100ep,B,mask,yolo12n,high,args-chain,`mask_pws_100ep`.`model` = `mask_pretrain.pt` → `mask_pretrain`.`model` = `yolo12n.pt`
mask_pws_30ep,B,mask,yolo12n,high,args-chain,`mask_pws_30ep`.`model` = `mask_pretrain.pt` → `mask_pretrain`.`model` = `yolo12n.pt`
mask_sns_100ep,B,mask,yolo12n,high,log,日志模型签名 `yolov12n summary`（mask_sns_100ep）
mask_sns_30ep,B,mask,yolo12n,high,args-chain,`mask_sns_30ep`.`model` = `mask_pretrain.pt` → `mask_pretrain`.`model` = `yolo12n.pt`
mask_sns_30ep_s43,B,mask,yolo12n,high,args-chain,`mask_sns_30ep_s43`.`model` = `mask_pretrain.pt` → `mask_pretrain`.`model` = `yolo12n.pt`
mask_sns_30ep_s44,B,mask,yolo12n,high,args-chain,`mask_sns_30ep_s44`.`model` = `mask_pretrain.pt` → `mask_pretrain`.`model` = `yolo12n.pt`
mech_a_aitodtovis_base200_s42n,A,mech,yolo12n,high,log,日志模型签名 `yolov12n summary`（mech_a_aitodtovis_base200_s42n）
mech_a_aitodtovis_base200_s43n,A,mech,yolo12n,high,args-chain,`mech_a_aitodtovis_base200_s43n`.`model` = `aitod_pretrain.pt` → `aitod_pretrain`.`model` = `yolo12n.pt`
mech_a_aitodtovis_base200_s44n,A,mech,yolo12n,high,args-chain,`mech_a_aitodtovis_base200_s44n`.`model` = `aitod_pretrain.pt` → `aitod_pretrain`.`model` = `yolo12n.pt`
mech_a_aitodtovis_base200_s45n,A,mech,yolo12n,high,args-chain,`mech_a_aitodtovis_base200_s45n`.`model` = `aitod_pretrain.pt` → `aitod_pretrain`.`model` = `yolo12n.pt`
mech_a_aitodtovis_base200_s46n,A,mech,yolo12n,high,args-chain,`mech_a_aitodtovis_base200_s46n`.`model` = `aitod_pretrain.pt` → `aitod_pretrain`.`model` = `yolo12n.pt`
mech_a_aitodtovis_base200_s47n,A,mech,yolo12n,high,args-chain,`mech_a_aitodtovis_base200_s47n`.`model` = `aitod_pretrain.pt` → `aitod_pretrain`.`model` = `yolo12n.pt`
mech_a_aitodtovis_base200_s48n,A,mech,yolo12n,high,args-chain,`mech_a_aitodtovis_base200_s48n`.`model` = `aitod_pretrain.pt` → `aitod_pretrain`.`model` = `yolo12n.pt`
mech_a_aitodtovis_base200_s49n,A,mech,yolo12n,high,args-chain,`mech_a_aitodtovis_base200_s49n`.`model` = `aitod_pretrain.pt` → `aitod_pretrain`.`model` = `yolo12n.pt`
mech_a_aitodtovis_base200_s50n,A,mech,yolo12n,high,args-chain,`mech_a_aitodtovis_base200_s50n`.`model` = `aitod_pretrain.pt` → `aitod_pretrain`.`model` = `yolo12n.pt`
mech_a_aitodtovis_base200_s51n,A,mech,yolo12n,high,args-chain,`mech_a_aitodtovis_base200_s51n`.`model` = `aitod_pretrain.pt` → `aitod_pretrain`.`model` = `yolo12n.pt`
mech_a_aitodtovis_lr005_200ep_s42n,A,mech,yolo12n,high,args-chain,`mech_a_aitodtovis_lr005_200ep_s42n`.`model` = `aitod_pretrain.pt` → `aitod_pretrain`.`model` = `yolo12n.pt`
mech_a_aitodtovis_lr005_200ep_s43n,A,mech,yolo12n,high,args-chain,`mech_a_aitodtovis_lr005_200ep_s43n`.`model` = `aitod_pretrain.pt` → `aitod_pretrain`.`model` = `yolo12n.pt`
mech_a_aitodtovis_lr005_200ep_s44n,A,mech,yolo12n,high,args-chain,`mech_a_aitodtovis_lr005_200ep_s44n`.`model` = `aitod_pretrain.pt` → `aitod_pretrain`.`model` = `yolo12n.pt`
mech_a_aitodtovis_lr005_200ep_s45n,A,mech,yolo12n,high,args-chain,`mech_a_aitodtovis_lr005_200ep_s45n`.`model` = `aitod_pretrain.pt` → `aitod_pretrain`.`model` = `yolo12n.pt`
mech_a_aitodtovis_lr005_200ep_s46n,A,mech,yolo12n,high,args-chain,`mech_a_aitodtovis_lr005_200ep_s46n`.`model` = `aitod_pretrain.pt` → `aitod_pretrain`.`model` = `yolo12n.pt`
mech_a_aitodtovis_lr005_200ep_s47n,A,mech,yolo12n,high,args-chain,`mech_a_aitodtovis_lr005_200ep_s47n`.`model` = `aitod_pretrain.pt` → `aitod_pretrain`.`model` = `yolo12n.pt`
mech_a_aitodtovis_lr005_200ep_s48n,A,mech,yolo12n,high,args-chain,`mech_a_aitodtovis_lr005_200ep_s48n`.`model` = `aitod_pretrain.pt` → `aitod_pretrain`.`model` = `yolo12n.pt`
mech_a_aitodtovis_lr005_200ep_s49n,A,mech,yolo12n,high,args-chain,`mech_a_aitodtovis_lr005_200ep_s49n`.`model` = `aitod_pretrain.pt` → `aitod_pretrain`.`model` = `yolo12n.pt`
mech_a_aitodtovis_lr005_200ep_s50n,A,mech,yolo12n,high,args-chain,`mech_a_aitodtovis_lr005_200ep_s50n`.`model` = `aitod_pretrain.pt` → `aitod_pretrain`.`model` = `yolo12n.pt`
mech_a_aitodtovis_lr005_200ep_s51n,A,mech,yolo12n,high,args-chain,`mech_a_aitodtovis_lr005_200ep_s51n`.`model` = `aitod_pretrain.pt` → `aitod_pretrain`.`model` = `yolo12n.pt`
mech_b_vistod15_base200_s42n,B,mech,yolo12n,high,log,日志模型签名 `yolov12n summary`（mech_b_vistod15_base200_s42n）
mech_b_vistod15_base200_s43n,B,mech,yolo12n,high,args-chain,`mech_b_vistod15_base200_s43n`.`model` = `visdrone_pretrain.pt` → `visdrone_pretrain`.`model` = `yolo12n.pt`
mech_b_vistod15_base200_s44n,B,mech,yolo12n,high,args-chain,`mech_b_vistod15_base200_s44n`.`model` = `visdrone_pretrain.pt` → `visdrone_pretrain`.`model` = `yolo12n.pt`
mech_b_vistod15_base200_s45n,B,mech,yolo12n,high,args-chain,`mech_b_vistod15_base200_s45n`.`model` = `visdrone_pretrain.pt` → `visdrone_pretrain`.`model` = `yolo12n.pt`
mech_b_vistod15_base200_s46n,B,mech,yolo12n,high,args-chain,`mech_b_vistod15_base200_s46n`.`model` = `visdrone_pretrain.pt` → `visdrone_pretrain`.`model` = `yolo12n.pt`
mech_b_vistod15_base200_s47n,B,mech,yolo12n,high,args-chain,`mech_b_vistod15_base200_s47n`.`model` = `visdrone_pretrain.pt` → `visdrone_pretrain`.`model` = `yolo12n.pt`
mech_b_vistod15_base200_s48n,B,mech,yolo12n,high,args-chain,`mech_b_vistod15_base200_s48n`.`model` = `visdrone_pretrain.pt` → `visdrone_pretrain`.`model` = `yolo12n.pt`
mech_b_vistod15_base200_s49n,B,mech,yolo12n,high,args-chain,`mech_b_vistod15_base200_s49n`.`model` = `visdrone_pretrain.pt` → `visdrone_pretrain`.`model` = `yolo12n.pt`
mech_b_vistod15_base200_s50n,B,mech,yolo12n,high,args-chain,`mech_b_vistod15_base200_s50n`.`model` = `visdrone_pretrain.pt` → `visdrone_pretrain`.`model` = `yolo12n.pt`
mech_b_vistod15_base200_s51n,B,mech,yolo12n,high,args-chain,`mech_b_vistod15_base200_s51n`.`model` = `visdrone_pretrain.pt` → `visdrone_pretrain`.`model` = `yolo12n.pt`
mech_b_vistod15_lr005_200ep_s42n,B,mech,yolo12n,high,args-chain,`mech_b_vistod15_lr005_200ep_s42n`.`model` = `visdrone_pretrain.pt` → `visdrone_pretrain`.`model` = `yolo12n.pt`
mech_b_vistod15_lr005_200ep_s43n,B,mech,yolo12n,high,args-chain,`mech_b_vistod15_lr005_200ep_s43n`.`model` = `visdrone_pretrain.pt` → `visdrone_pretrain`.`model` = `yolo12n.pt`
mech_b_vistod15_lr005_200ep_s44n,B,mech,yolo12n,high,args-chain,`mech_b_vistod15_lr005_200ep_s44n`.`model` = `visdrone_pretrain.pt` → `visdrone_pretrain`.`model` = `yolo12n.pt`
mech_b_vistod15_lr005_200ep_s45n,B,mech,yolo12n,high,args-chain,`mech_b_vistod15_lr005_200ep_s45n`.`model` = `visdrone_pretrain.pt` → `visdrone_pretrain`.`model` = `yolo12n.pt`
mech_b_vistod15_lr005_200ep_s46n,B,mech,yolo12n,high,args-chain,`mech_b_vistod15_lr005_200ep_s46n`.`model` = `visdrone_pretrain.pt` → `visdrone_pretrain`.`model` = `yolo12n.pt`
mech_b_vistod15_lr005_200ep_s47n,B,mech,yolo12n,high,args-chain,`mech_b_vistod15_lr005_200ep_s47n`.`model` = `visdrone_pretrain.pt` → `visdrone_pretrain`.`model` = `yolo12n.pt`
mech_b_vistod15_lr005_200ep_s48n,B,mech,yolo12n,high,args-chain,`mech_b_vistod15_lr005_200ep_s48n`.`model` = `visdrone_pretrain.pt` → `visdrone_pretrain`.`model` = `yolo12n.pt`
mech_b_vistod15_lr005_200ep_s49n,B,mech,yolo12n,high,args-chain,`mech_b_vistod15_lr005_200ep_s49n`.`model` = `visdrone_pretrain.pt` → `visdrone_pretrain`.`model` = `yolo12n.pt`
mech_b_vistod15_lr005_200ep_s50n,B,mech,yolo12n,high,args-chain,`mech_b_vistod15_lr005_200ep_s50n`.`model` = `visdrone_pretrain.pt` → `visdrone_pretrain`.`model` = `yolo12n.pt`
mech_b_vistod15_lr005_200ep_s51n,B,mech,yolo12n,high,args-chain,`mech_b_vistod15_lr005_200ep_s51n`.`model` = `visdrone_pretrain.pt` → `visdrone_pretrain`.`model` = `yolo12n.pt`
mechctl_a_5ep_s42,A,mechctl,yolo12n,high,args-chain,`mechctl_a_5ep_s42`.`model` = `aitod_pretrain.pt` → `aitod_pretrain`.`model` = `yolo12n.pt`
mechctl_b_5ep_s42,B,mechctl,yolo12n,high,args-chain,`mechctl_b_5ep_s42`.`model` = `visdrone_pretrain.pt` → `visdrone_pretrain`.`model` = `yolo12n.pt`
mechctl_b_5ep_s42_onA,B,mechctl,yolo12n,high,args-chain,`mechctl_b_5ep_s42_onA`.`model` = `aitod_pretrain.pt` → `aitod_pretrain`.`model` = `yolo12n.pt`
mende_base100,B,mende,yolo12n,high,args-chain,`mende_base100`.`model` = `mafa_pretrain.pt` → `mafa_pretrain`.`model` = `yolo12n.pt`
mende_base100_s42n,B,mende,yolo12n,high,log,日志模型签名 `yolov12n summary`（mende_base100_s42n）
mende_base100_s44n,B,mende,yolo12n,high,args-chain,`mende_base100_s44n`.`model` = `mafa_pretrain.pt` → `mafa_pretrain`.`model` = `yolo12n.pt`
mende_base100_s45n,B,mende,yolo12n,high,args-chain,`mende_base100_s45n`.`model` = `mafa_pretrain.pt` → `mafa_pretrain`.`model` = `yolo12n.pt`
mende_base100ep_s43n,B,mende,yolo12n,high,args-chain,`mende_base100ep_s43n`.`model` = `mafa_pretrain.pt` → `mafa_pretrain`.`model` = `yolo12n.pt`
mende_base100ep_s46n,B,mende,yolo12n,high,args-chain,`mende_base100ep_s46n`.`model` = `mafa_pretrain.pt` → `mafa_pretrain`.`model` = `yolo12n.pt`
mende_base100ep_s47n,B,mende,yolo12n,high,args-chain,`mende_base100ep_s47n`.`model` = `mafa_pretrain.pt` → `mafa_pretrain`.`model` = `yolo12n.pt`
mende_base100ep_s48n,B,mende,yolo12n,high,args-chain,`mende_base100ep_s48n`.`model` = `mafa_pretrain.pt` → `mafa_pretrain`.`model` = `yolo12n.pt`
mende_base100ep_s49n,B,mende,yolo12n,high,args-chain,`mende_base100ep_s49n`.`model` = `mafa_pretrain.pt` → `mafa_pretrain`.`model` = `yolo12n.pt`
mende_base100ep_s50n,B,mende,yolo12n,high,args-chain,`mende_base100ep_s50n`.`model` = `mafa_pretrain.pt` → `mafa_pretrain`.`model` = `yolo12n.pt`
mende_base100ep_s51n,B,mende,yolo12n,high,args-chain,`mende_base100ep_s51n`.`model` = `mafa_pretrain.pt` → `mafa_pretrain`.`model` = `yolo12n.pt`
mende_base30,B,mende,yolo12n,high,log,日志模型签名 `yolov12n summary`（mende_base30）
mende_base50,B,mende,yolo12n,high,args-chain,`mende_base50`.`model` = `mafa_pretrain.pt` → `mafa_pretrain`.`model` = `yolo12n.pt`
mende_css_100ep,B,mende,yolo12n,high,args-chain,`mende_css_100ep`.`model` = `mafa_pretrain.pt` → `mafa_pretrain`.`model` = `yolo12n.pt`
mende_css_100ep_s43,B,mende,yolo12n,high,log,日志模型签名 `yolov12n summary`（mende_css_100ep_s43）
mende_css_100ep_s44,B,mende,yolo12n,high,args-chain,`mende_css_100ep_s44`.`model` = `mafa_pretrain.pt` → `mafa_pretrain`.`model` = `yolo12n.pt`
mende_css_100ep_s45,B,mende,yolo12n,high,args-chain,`mende_css_100ep_s45`.`model` = `mafa_pretrain.pt` → `mafa_pretrain`.`model` = `yolo12n.pt`
mende_css_30ep,B,mende,yolo12n,high,args-chain,`mende_css_30ep`.`model` = `mafa_pretrain.pt` → `mafa_pretrain`.`model` = `yolo12n.pt`
mende_jps_100ep_s44,B,mende,yolo12n,high,args-chain,`mende_jps_100ep_s44`.`model` = `mafa_pretrain.pt` → `mafa_pretrain`.`model` = `yolo12n.pt`
mende_jps_100ep_s45,B,mende,yolo12n,high,args-chain,`mende_jps_100ep_s45`.`model` = `mafa_pretrain.pt` → `mafa_pretrain`.`model` = `yolo12n.pt`
mende_lr005_100ep_s42n,B,mende,yolo12n,high,args-chain,`mende_lr005_100ep_s42n`.`model` = `mafa_pretrain.pt` → `mafa_pretrain`.`model` = `yolo12n.pt`
mende_lr005_100ep_s43n,B,mende,yolo12n,high,args-chain,`mende_lr005_100ep_s43n`.`model` = `mafa_pretrain.pt` → `mafa_pretrain`.`model` = `yolo12n.pt`
mende_lr005_100ep_s44n,B,mende,yolo12n,high,args-chain,`mende_lr005_100ep_s44n`.`model` = `mafa_pretrain.pt` → `mafa_pretrain`.`model` = `yolo12n.pt`
mende_lr005_100ep_s45n,B,mende,yolo12n,high,args-chain,`mende_lr005_100ep_s45n`.`model` = `mafa_pretrain.pt` → `mafa_pretrain`.`model` = `yolo12n.pt`
mende_lr005_100ep_s46n,B,mende,yolo12n,high,args-chain,`mende_lr005_100ep_s46n`.`model` = `mafa_pretrain.pt` → `mafa_pretrain`.`model` = `yolo12n.pt`
mende_lr005_100ep_s47n,B,mende,yolo12n,high,args-chain,`mende_lr005_100ep_s47n`.`model` = `mafa_pretrain.pt` → `mafa_pretrain`.`model` = `yolo12n.pt`
mende_lr005_100ep_s48n,B,mende,yolo12n,high,args-chain,`mende_lr005_100ep_s48n`.`model` = `mafa_pretrain.pt` → `mafa_pretrain`.`model` = `yolo12n.pt`
mende_lr005_100ep_s49n,B,mende,yolo12n,high,args-chain,`mende_lr005_100ep_s49n`.`model` = `mafa_pretrain.pt` → `mafa_pretrain`.`model` = `yolo12n.pt`
mende_lr005_100ep_s50n,B,mende,yolo12n,high,args-chain,`mende_lr005_100ep_s50n`.`model` = `mafa_pretrain.pt` → `mafa_pretrain`.`model` = `yolo12n.pt`
mende_lr005_100ep_s51n,B,mende,yolo12n,high,args-chain,`mende_lr005_100ep_s51n`.`model` = `mafa_pretrain.pt` → `mafa_pretrain`.`model` = `yolo12n.pt`
mende_lr005_30ep,B,mende,yolo12n,high,args-chain,`mende_lr005_30ep`.`model` = `mafa_pretrain.pt` → `mafa_pretrain`.`model` = `yolo12n.pt`
mende_lr005_50ep,B,mende,yolo12n,high,args-chain,`mende_lr005_50ep`.`model` = `mafa_pretrain.pt` → `mafa_pretrain`.`model` = `yolo12n.pt`
mende_pws_100ep,B,mende,yolo12n,high,args-chain,`mende_pws_100ep`.`model` = `mafa_pretrain.pt` → `mafa_pretrain`.`model` = `yolo12n.pt`
mende_pws_30ep,B,mende,yolo12n,high,args-chain,`mende_pws_30ep`.`model` = `mafa_pretrain.pt` → `mafa_pretrain`.`model` = `yolo12n.pt`
mende_pws_50ep,B,mende,yolo12n,high,args-chain,`mende_pws_50ep`.`model` = `mafa_pretrain.pt` → `mafa_pretrain`.`model` = `yolo12n.pt`
mende_sns_100ep,B,mende,yolo12n,high,args-chain,`mende_sns_100ep`.`model` = `mafa_pretrain.pt` → `mafa_pretrain`.`model` = `yolo12n.pt`
mende_sns_100ep_s42n,B,mende,yolo12n,high,args-chain,`mende_sns_100ep_s42n`.`model` = `mafa_pretrain.pt` → `mafa_pretrain`.`model` = `yolo12n.pt`
mende_sns_100ep_s44n,B,mende,yolo12n,high,args-chain,`mende_sns_100ep_s44n`.`model` = `mafa_pretrain.pt` → `mafa_pretrain`.`model` = `yolo12n.pt`
mende_sns_100ep_s45n,B,mende,yolo12n,high,args-chain,`mende_sns_100ep_s45n`.`model` = `mafa_pretrain.pt` → `mafa_pretrain`.`model` = `yolo12n.pt`
mende_sns_30ep,B,mende,yolo12n,high,args-chain,`mende_sns_30ep`.`model` = `mafa_pretrain.pt` → `mafa_pretrain`.`model` = `yolo12n.pt`
mende_sns_50ep,B,mende,yolo12n,high,args-chain,`mende_sns_50ep`.`model` = `mafa_pretrain.pt` → `mafa_pretrain`.`model` = `yolo12n.pt`
mende_sns_base100ep_s43n,A,mende,yolo12n,high,args-chain,`mende_sns_base100ep_s43n`.`model` = `mafa_pretrain.pt` → `mafa_pretrain`.`model` = `yolo12n.pt`
mende_sns_base100ep_s46n,A,mende,yolo12n,high,args-chain,`mende_sns_base100ep_s46n`.`model` = `mafa_pretrain.pt` → `mafa_pretrain`.`model` = `yolo12n.pt`
mende_sns_base100ep_s47n,A,mende,yolo12n,high,args-chain,`mende_sns_base100ep_s47n`.`model` = `mafa_pretrain.pt` → `mafa_pretrain`.`model` = `yolo12n.pt`
mende_sns_base100ep_s48n,A,mende,yolo12n,high,args-chain,`mende_sns_base100ep_s48n`.`model` = `mafa_pretrain.pt` → `mafa_pretrain`.`model` = `yolo12n.pt`
mende_sns_base100ep_s49n,A,mende,yolo12n,high,args-chain,`mende_sns_base100ep_s49n`.`model` = `mafa_pretrain.pt` → `mafa_pretrain`.`model` = `yolo12n.pt`
mende_sns_base100ep_s50n,A,mende,yolo12n,high,args-chain,`mende_sns_base100ep_s50n`.`model` = `mafa_pretrain.pt` → `mafa_pretrain`.`model` = `yolo12n.pt`
mende_sns_base100ep_s51n,A,mende,yolo12n,high,args-chain,`mende_sns_base100ep_s51n`.`model` = `mafa_pretrain.pt` → `mafa_pretrain`.`model` = `yolo12n.pt`
mende_sns_lr005_100ep_s43n,A,mende,yolo12n,high,args-chain,`mende_sns_lr005_100ep_s43n`.`model` = `mafa_pretrain.pt` → `mafa_pretrain`.`model` = `yolo12n.pt`
mende_sns_lr005_100ep_s46n,A,mende,yolo12n,high,args-chain,`mende_sns_lr005_100ep_s46n`.`model` = `mafa_pretrain.pt` → `mafa_pretrain`.`model` = `yolo12n.pt`
mende_sns_lr005_100ep_s47n,A,mende,yolo12n,high,args-chain,`mende_sns_lr005_100ep_s47n`.`model` = `mafa_pretrain.pt` → `mafa_pretrain`.`model` = `yolo12n.pt`
mende_sns_lr005_100ep_s48n,A,mende,yolo12n,high,args-chain,`mende_sns_lr005_100ep_s48n`.`model` = `mafa_pretrain.pt` → `mafa_pretrain`.`model` = `yolo12n.pt`
mende_sns_lr005_100ep_s49n,A,mende,yolo12n,high,args-chain,`mende_sns_lr005_100ep_s49n`.`model` = `mafa_pretrain.pt` → `mafa_pretrain`.`model` = `yolo12n.pt`
mende_sns_lr005_100ep_s50n,A,mende,yolo12n,high,args-chain,`mende_sns_lr005_100ep_s50n`.`model` = `mafa_pretrain.pt` → `mafa_pretrain`.`model` = `yolo12n.pt`
mende_sns_lr005_100ep_s51n,A,mende,yolo12n,high,args-chain,`mende_sns_lr005_100ep_s51n`.`model` = `mafa_pretrain.pt` → `mafa_pretrain`.`model` = `yolo12n.pt`
mendein_base100,B,mendein,yolo12n,high,args-chain,`mendein_base100`.`model` = `mendein_pretrain.pt` → `mendein_pretrain`.`model` = `yolo12n.pt`
mendein_base100_s42n,B,mendein,yolo12n,high,log,日志模型签名 `yolov12n summary`（mendein_base100_s42n）
mendein_base100_s43,B,mendein,yolo12n,high,args-chain,`mendein_base100_s43`.`model` = `mendein_pretrain.pt` → `mendein_pretrain`.`model` = `yolo12n.pt`
mendein_base100_s43n,A,mendein,yolo12n,high,args-chain,`mendein_base100_s43n`.`model` = `mendein_pretrain.pt` → `mendein_pretrain`.`model` = `yolo12n.pt`
mendein_base100_s44,B,mendein,yolo12n,high,args-chain,`mendein_base100_s44`.`model` = `mendein_pretrain.pt` → `mendein_pretrain`.`model` = `yolo12n.pt`
mendein_base100_s44n,A,mendein,yolo12n,high,args-chain,`mendein_base100_s44n`.`model` = `mendein_pretrain.pt` → `mendein_pretrain`.`model` = `yolo12n.pt`
mendein_base100_s45n,B,mendein,yolo12n,high,args-chain,`mendein_base100_s45n`.`model` = `mendein_pretrain.pt` → `mendein_pretrain`.`model` = `yolo12n.pt`
mendein_base100ep_s46n,B,mendein,yolo12n,high,args-chain,`mendein_base100ep_s46n`.`model` = `mendein_pretrain.pt` → `mendein_pretrain`.`model` = `yolo12n.pt`
mendein_base100ep_s47n,B,mendein,yolo12n,high,args-chain,`mendein_base100ep_s47n`.`model` = `mendein_pretrain.pt` → `mendein_pretrain`.`model` = `yolo12n.pt`
mendein_base100ep_s48n,B,mendein,yolo12n,high,args-chain,`mendein_base100ep_s48n`.`model` = `mendein_pretrain.pt` → `mendein_pretrain`.`model` = `yolo12n.pt`
mendein_base100ep_s49n,B,mendein,yolo12n,high,args-chain,`mendein_base100ep_s49n`.`model` = `mendein_pretrain.pt` → `mendein_pretrain`.`model` = `yolo12n.pt`
mendein_base100ep_s50n,B,mendein,yolo12n,high,args-chain,`mendein_base100ep_s50n`.`model` = `mendein_pretrain.pt` → `mendein_pretrain`.`model` = `yolo12n.pt`
mendein_base100ep_s51n,B,mendein,yolo12n,high,args-chain,`mendein_base100ep_s51n`.`model` = `mendein_pretrain.pt` → `mendein_pretrain`.`model` = `yolo12n.pt`
mendein_base30,B,mendein,yolo12n,high,args-chain,`mendein_base30`.`model` = `mendein_pretrain.pt` → `mendein_pretrain`.`model` = `yolo12n.pt`
mendein_base30_s43,B,mendein,yolo12n,high,args-chain,`mendein_base30_s43`.`model` = `mendein_pretrain.pt` → `mendein_pretrain`.`model` = `yolo12n.pt`
mendein_base30_s43n,B,mendein,yolo12n,high,log,日志模型签名 `yolov12n summary`（mendein_base30_s43n）
mendein_base30_s44,B,mendein,yolo12n,high,args-chain,`mendein_base30_s44`.`model` = `mendein_pretrain.pt` → `mendein_pretrain`.`model` = `yolo12n.pt`
mendein_base30_s44n,B,mendein,yolo12n,high,args-chain,`mendein_base30_s44n`.`model` = `mendein_pretrain.pt` → `mendein_pretrain`.`model` = `yolo12n.pt`
mendein_base50,B,mendein,yolo12n,high,log,日志模型签名 `yolov12n summary`（mendein_base50）
mendein_css_100ep,B,mendein,yolo12n,high,log,日志模型签名 `yolov12n summary`（mendein_css_100ep）
mendein_css_30ep,B,mendein,yolo12n,high,args-chain,`mendein_css_30ep`.`model` = `mendein_pretrain.pt` → `mendein_pretrain`.`model` = `yolo12n.pt`
mendein_lr005_100ep_s42,B,mendein,yolo12n,high,args-chain,`mendein_lr005_100ep_s42`.`model` = `mendein_pretrain.pt` → `mendein_pretrain`.`model` = `yolo12n.pt`
mendein_lr005_100ep_s43,B,mendein,yolo12n,high,args-chain,`mendein_lr005_100ep_s43`.`model` = `mendein_pretrain.pt` → `mendein_pretrain`.`model` = `yolo12n.pt`
mendein_lr005_100ep_s44,B,mendein,yolo12n,high,args-chain,`mendein_lr005_100ep_s44`.`model` = `mendein_pretrain.pt` → `mendein_pretrain`.`model` = `yolo12n.pt`
mendein_lr005_100ep_s45n,B,mendein,yolo12n,high,args-chain,`mendein_lr005_100ep_s45n`.`model` = `mendein_pretrain.pt` → `mendein_pretrain`.`model` = `yolo12n.pt`
mendein_lr005_100ep_s46n,B,mendein,yolo12n,high,args-chain,`mendein_lr005_100ep_s46n`.`model` = `mendein_pretrain.pt` → `mendein_pretrain`.`model` = `yolo12n.pt`
mendein_lr005_100ep_s47n,B,mendein,yolo12n,high,args-chain,`mendein_lr005_100ep_s47n`.`model` = `mendein_pretrain.pt` → `mendein_pretrain`.`model` = `yolo12n.pt`
mendein_lr005_100ep_s48n,B,mendein,yolo12n,high,args-chain,`mendein_lr005_100ep_s48n`.`model` = `mendein_pretrain.pt` → `mendein_pretrain`.`model` = `yolo12n.pt`
mendein_lr005_100ep_s49n,B,mendein,yolo12n,high,args-chain,`mendein_lr005_100ep_s49n`.`model` = `mendein_pretrain.pt` → `mendein_pretrain`.`model` = `yolo12n.pt`
mendein_lr005_100ep_s50n,B,mendein,yolo12n,high,args-chain,`mendein_lr005_100ep_s50n`.`model` = `mendein_pretrain.pt` → `mendein_pretrain`.`model` = `yolo12n.pt`
mendein_lr005_100ep_s51n,B,mendein,yolo12n,high,args-chain,`mendein_lr005_100ep_s51n`.`model` = `mendein_pretrain.pt` → `mendein_pretrain`.`model` = `yolo12n.pt`
mendein_lr005_30ep,B,mendein,yolo12n,high,args-chain,`mendein_lr005_30ep`.`model` = `mendein_pretrain.pt` → `mendein_pretrain`.`model` = `yolo12n.pt`
mendein_lr005_30ep_s43,B,mendein,yolo12n,high,args-chain,`mendein_lr005_30ep_s43`.`model` = `mendein_pretrain.pt` → `mendein_pretrain`.`model` = `yolo12n.pt`
mendein_lr005_30ep_s44,B,mendein,yolo12n,high,args-chain,`mendein_lr005_30ep_s44`.`model` = `mendein_pretrain.pt` → `mendein_pretrain`.`model` = `yolo12n.pt`
mendein_lr005_50ep,B,mendein,yolo12n,high,args-chain,`mendein_lr005_50ep`.`model` = `mendein_pretrain.pt` → `mendein_pretrain`.`model` = `yolo12n.pt`
mendein_pretrain,B,mendein,yolo12n,high,log,日志模型签名 `yolov12n summary`（mendein_pretrain）
mendein_pws_100ep,B,mendein,yolo12n,high,args-chain,`mendein_pws_100ep`.`model` = `mendein_pretrain.pt` → `mendein_pretrain`.`model` = `yolo12n.pt`
mendein_pws_100ep_s42n,B,mendein,yolo12n,high,log,日志模型签名 `yolov12n summary`（mendein_pws_100ep_s42n）
mendein_pws_100ep_s43,B,mendein,yolo12n,high,args-chain,`mendein_pws_100ep_s43`.`model` = `mendein_pretrain.pt` → `mendein_pretrain`.`model` = `yolo12n.pt`
mendein_pws_100ep_s43n,A,mendein,yolo12n,high,args-chain,`mendein_pws_100ep_s43n`.`model` = `mendein_pretrain.pt` → `mendein_pretrain`.`model` = `yolo12n.pt`
mendein_pws_100ep_s44,B,mendein,yolo12n,high,log,日志模型签名 `yolov12n summary`（mendein_pws_100ep_s44）
mendein_pws_100ep_s44n,A,mendein,yolo12n,high,args-chain,`mendein_pws_100ep_s44n`.`model` = `mendein_pretrain.pt` → `mendein_pretrain`.`model` = `yolo12n.pt`
mendein_pws_100ep_s45,B,mendein,yolo12n,high,args-chain,`mendein_pws_100ep_s45`.`model` = `mendein_pretrain.pt` → `mendein_pretrain`.`model` = `yolo12n.pt`
mendein_pws_30ep,B,mendein,yolo12n,high,args-chain,`mendein_pws_30ep`.`model` = `mendein_pretrain.pt` → `mendein_pretrain`.`model` = `yolo12n.pt`
mendein_pws_30ep_s43,B,mendein,yolo12n,high,args-chain,`mendein_pws_30ep_s43`.`model` = `mendein_pretrain.pt` → `mendein_pretrain`.`model` = `yolo12n.pt`
mendein_pws_30ep_s44,B,mendein,yolo12n,high,args-chain,`mendein_pws_30ep_s44`.`model` = `mendein_pretrain.pt` → `mendein_pretrain`.`model` = `yolo12n.pt`
mendein_pws_base100ep_s46n,A,mendein,yolo12n,high,args-chain,`mendein_pws_base100ep_s46n`.`model` = `mendein_pretrain.pt` → `mendein_pretrain`.`model` = `yolo12n.pt`
mendein_pws_base100ep_s47n,A,mendein,yolo12n,high,args-chain,`mendein_pws_base100ep_s47n`.`model` = `mendein_pretrain.pt` → `mendein_pretrain`.`model` = `yolo12n.pt`
mendein_pws_base100ep_s48n,A,mendein,yolo12n,high,args-chain,`mendein_pws_base100ep_s48n`.`model` = `mendein_pretrain.pt` → `mendein_pretrain`.`model` = `yolo12n.pt`
mendein_pws_base100ep_s49n,A,mendein,yolo12n,high,args-chain,`mendein_pws_base100ep_s49n`.`model` = `mendein_pretrain.pt` → `mendein_pretrain`.`model` = `yolo12n.pt`
mendein_pws_base100ep_s50n,A,mendein,yolo12n,high,args-chain,`mendein_pws_base100ep_s50n`.`model` = `mendein_pretrain.pt` → `mendein_pretrain`.`model` = `yolo12n.pt`
mendein_pws_base100ep_s51n,A,mendein,yolo12n,high,args-chain,`mendein_pws_base100ep_s51n`.`model` = `mendein_pretrain.pt` → `mendein_pretrain`.`model` = `yolo12n.pt`
mendein_pws_lr005_100ep_s46n,A,mendein,yolo12n,high,args-chain,`mendein_pws_lr005_100ep_s46n`.`model` = `mendein_pretrain.pt` → `mendein_pretrain`.`model` = `yolo12n.pt`
mendein_pws_lr005_100ep_s47n,A,mendein,yolo12n,high,args-chain,`mendein_pws_lr005_100ep_s47n`.`model` = `mendein_pretrain.pt` → `mendein_pretrain`.`model` = `yolo12n.pt`
mendein_pws_lr005_100ep_s48n,A,mendein,yolo12n,high,args-chain,`mendein_pws_lr005_100ep_s48n`.`model` = `mendein_pretrain.pt` → `mendein_pretrain`.`model` = `yolo12n.pt`
mendein_pws_lr005_100ep_s49n,A,mendein,yolo12n,high,args-chain,`mendein_pws_lr005_100ep_s49n`.`model` = `mendein_pretrain.pt` → `mendein_pretrain`.`model` = `yolo12n.pt`
mendein_pws_lr005_100ep_s50n,A,mendein,yolo12n,high,args-chain,`mendein_pws_lr005_100ep_s50n`.`model` = `mendein_pretrain.pt` → `mendein_pretrain`.`model` = `yolo12n.pt`
mendein_pws_lr005_100ep_s51n,A,mendein,yolo12n,high,args-chain,`mendein_pws_lr005_100ep_s51n`.`model` = `mendein_pretrain.pt` → `mendein_pretrain`.`model` = `yolo12n.pt`
mendein_sns_100ep,B,mendein,yolo12n,high,args-chain,`mendein_sns_100ep`.`model` = `mendein_pretrain.pt` → `mendein_pretrain`.`model` = `yolo12n.pt`
mendein_sns_30ep,B,mendein,yolo12n,high,args-chain,`mendein_sns_30ep`.`model` = `mendein_pretrain.pt` → `mendein_pretrain`.`model` = `yolo12n.pt`
ns30_s42n,A,ns30,yolo12n,high,log,日志模型签名 `yolov12n summary`（ns30_s42n）
ns50_s42n,A,ns50,yolo12n,high,log,日志模型签名 `yolov12n summary`（ns50_s42n）
oldenv_dv_10p_base_s43n,A,oldenv,yolo12n,high,args-chain,`oldenv_dv_10p_base_s43n`.`model` = `visdrone_pretrain.pt` → `visdrone_pretrain`.`model` = `yolo12n.pt`
oldenv_dv_10p_base_s44n,A,oldenv,yolo12n,high,args-chain,`oldenv_dv_10p_base_s44n`.`model` = `visdrone_pretrain.pt` → `visdrone_pretrain`.`model` = `yolo12n.pt`
oldenv_dv_10p_base_s45n,A,oldenv,yolo12n,high,args-chain,`oldenv_dv_10p_base_s45n`.`model` = `visdrone_pretrain.pt` → `visdrone_pretrain`.`model` = `yolo12n.pt`
oldenv_dv_10p_base_s46n,A,oldenv,yolo12n,high,args-chain,`oldenv_dv_10p_base_s46n`.`model` = `visdrone_pretrain.pt` → `visdrone_pretrain`.`model` = `yolo12n.pt`
oldenv_dv_10p_base_s47n,A,oldenv,yolo12n,high,args-chain,`oldenv_dv_10p_base_s47n`.`model` = `visdrone_pretrain.pt` → `visdrone_pretrain`.`model` = `yolo12n.pt`
oldenv_dv_10p_base_s48n,A,oldenv,yolo12n,high,args-chain,`oldenv_dv_10p_base_s48n`.`model` = `visdrone_pretrain.pt` → `visdrone_pretrain`.`model` = `yolo12n.pt`
oldenv_dv_10p_lr005_s43n,A,oldenv,yolo12n,high,args-chain,`oldenv_dv_10p_lr005_s43n`.`model` = `visdrone_pretrain.pt` → `visdrone_pretrain`.`model` = `yolo12n.pt`
oldenv_dv_10p_lr005_s44n,A,oldenv,yolo12n,high,args-chain,`oldenv_dv_10p_lr005_s44n`.`model` = `visdrone_pretrain.pt` → `visdrone_pretrain`.`model` = `yolo12n.pt`
oldenv_dv_10p_lr005_s45n,A,oldenv,yolo12n,high,args-chain,`oldenv_dv_10p_lr005_s45n`.`model` = `visdrone_pretrain.pt` → `visdrone_pretrain`.`model` = `yolo12n.pt`
oldenv_dv_10p_lr005_s46n,A,oldenv,yolo12n,high,args-chain,`oldenv_dv_10p_lr005_s46n`.`model` = `visdrone_pretrain.pt` → `visdrone_pretrain`.`model` = `yolo12n.pt`
oldenv_dv_10p_lr005_s47n,A,oldenv,yolo12n,high,args-chain,`oldenv_dv_10p_lr005_s47n`.`model` = `visdrone_pretrain.pt` → `visdrone_pretrain`.`model` = `yolo12n.pt`
oldenv_dv_50p_base_s43n,A,oldenv,yolo12n,high,args-chain,`oldenv_dv_50p_base_s43n`.`model` = `visdrone_pretrain.pt` → `visdrone_pretrain`.`model` = `yolo12n.pt`
oldenv_dv_50p_base_s44n,A,oldenv,yolo12n,high,args-chain,`oldenv_dv_50p_base_s44n`.`model` = `visdrone_pretrain.pt` → `visdrone_pretrain`.`model` = `yolo12n.pt`
oldenv_dv_50p_base_s45n,A,oldenv,yolo12n,high,args-chain,`oldenv_dv_50p_base_s45n`.`model` = `visdrone_pretrain.pt` → `visdrone_pretrain`.`model` = `yolo12n.pt`
oldenv_dv_50p_lr005_s43n,A,oldenv,yolo12n,high,args-chain,`oldenv_dv_50p_lr005_s43n`.`model` = `visdrone_pretrain.pt` → `visdrone_pretrain`.`model` = `yolo12n.pt`
oldenv_dv_50p_lr005_s44n,A,oldenv,yolo12n,high,args-chain,`oldenv_dv_50p_lr005_s44n`.`model` = `visdrone_pretrain.pt` → `visdrone_pretrain`.`model` = `yolo12n.pt`
oldenv_la_10p_base_s43n,A,oldenv,yolo12n,high,args-chain,`oldenv_la_10p_base_s43n`.`model` = `shwd2sf_pretrain.pt` → `shwd2sf_pretrain`.`model` = `yolo12n.pt`
oldenv_la_10p_base_s44n,A,oldenv,yolo12n,high,args-chain,`oldenv_la_10p_base_s44n`.`model` = `shwd2sf_pretrain.pt` → `shwd2sf_pretrain`.`model` = `yolo12n.pt`
oldenv_la_10p_base_s45n,A,oldenv,yolo12n,high,args-chain,`oldenv_la_10p_base_s45n`.`model` = `shwd2sf_pretrain.pt` → `shwd2sf_pretrain`.`model` = `yolo12n.pt`
oldenv_la_10p_lr005_s43n,A,oldenv,yolo12n,high,args-chain,`oldenv_la_10p_lr005_s43n`.`model` = `shwd2sf_pretrain.pt` → `shwd2sf_pretrain`.`model` = `yolo12n.pt`
oldenv_la_10p_lr005_s44n,A,oldenv,yolo12n,high,args-chain,`oldenv_la_10p_lr005_s44n`.`model` = `shwd2sf_pretrain.pt` → `shwd2sf_pretrain`.`model` = `yolo12n.pt`
oldenv_la_50p_base_s43n,A,oldenv,yolo12n,high,args-chain,`oldenv_la_50p_base_s43n`.`model` = `shwd2sf_pretrain.pt` → `shwd2sf_pretrain`.`model` = `yolo12n.pt`
oldenv_la_50p_lr005_s43n,A,oldenv,yolo12n,high,args-chain,`oldenv_la_50p_lr005_s43n`.`model` = `shwd2sf_pretrain.pt` → `shwd2sf_pretrain`.`model` = `yolo12n.pt`
pcb_pretrain,B,pcb,yolo12n,high,log,日志模型签名 `yolov12n summary`（pcb_pretrain）
pn_200ep_base_s42n,B,pn,yolo12n,high,args-chain,`pn_200ep_base_s42n`.`model` = `pcb_pretrain.pt` → `pcb_pretrain`.`model` = `yolo12n.pt`
pn_200ep_base_s43n,B,pn,yolo12n,high,args-chain,`pn_200ep_base_s43n`.`model` = `pcb_pretrain.pt` → `pcb_pretrain`.`model` = `yolo12n.pt`
pn_200ep_base_s44n,B,pn,yolo12n,high,args-chain,`pn_200ep_base_s44n`.`model` = `pcb_pretrain.pt` → `pcb_pretrain`.`model` = `yolo12n.pt`
pn_200ep_lr005_s42n,B,pn,yolo12n,high,args-chain,`pn_200ep_lr005_s42n`.`model` = `pcb_pretrain.pt` → `pcb_pretrain`.`model` = `yolo12n.pt`
pn_200ep_lr005_s43n,B,pn,yolo12n,high,args-chain,`pn_200ep_lr005_s43n`.`model` = `pcb_pretrain.pt` → `pcb_pretrain`.`model` = `yolo12n.pt`
pn_200ep_lr005_s44n,B,pn,yolo12n,high,args-chain,`pn_200ep_lr005_s44n`.`model` = `pcb_pretrain.pt` → `pcb_pretrain`.`model` = `yolo12n.pt`
pn_30ep_base_s42n,B,pn,yolo12n,high,args-chain,`pn_30ep_base_s42n`.`model` = `pcb_pretrain.pt` → `pcb_pretrain`.`model` = `yolo12n.pt`
pn_30ep_base_s43n,B,pn,yolo12n,high,args-chain,`pn_30ep_base_s43n`.`model` = `pcb_pretrain.pt` → `pcb_pretrain`.`model` = `yolo12n.pt`
pn_30ep_base_s44n,B,pn,yolo12n,high,args-chain,`pn_30ep_base_s44n`.`model` = `pcb_pretrain.pt` → `pcb_pretrain`.`model` = `yolo12n.pt`
pn_30ep_lr005_s42n,B,pn,yolo12n,high,args-chain,`pn_30ep_lr005_s42n`.`model` = `pcb_pretrain.pt` → `pcb_pretrain`.`model` = `yolo12n.pt`
pn_30ep_lr005_s43n,B,pn,yolo12n,high,args-chain,`pn_30ep_lr005_s43n`.`model` = `pcb_pretrain.pt` → `pcb_pretrain`.`model` = `yolo12n.pt`
pn_30ep_lr005_s44n,B,pn,yolo12n,high,args-chain,`pn_30ep_lr005_s44n`.`model` = `pcb_pretrain.pt` → `pcb_pretrain`.`model` = `yolo12n.pt`
pws_100ep_cds,B,pws,yolo12n,high,args-chain,`pws_100ep_cds`.`model` = `mafa_pretrain.pt` → `mafa_pretrain`.`model` = `yolo12n.pt`
pws_30ep_cds,B,pws,yolo12n,high,args-chain,`pws_30ep_cds`.`model` = `mafa_pretrain.pt` → `mafa_pretrain`.`model` = `yolo12n.pt`
r10_aitod20_base30_3way_s42n,A,r10,yolo12n,high,log,日志模型签名 `yolov12n summary`（r10_aitod20_base30_3way_s42n）
r10_aitod20_base30_3way_s42n,B,r10,yolo12n,high,log,日志模型签名 `yolov12n summary`（r10_aitod20_base30_3way_s42n）
r10_aitod20_base30_3way_s42n_REPB,B,r10,yolo12n,high,args-chain,`r10_aitod20_base30_3way_s42n_REPB`.`model` = `aitod_pretrain.pt` → `aitod_pretrain`.`model` = `yolo12n.pt`
r10_aitod20_base30_3way_s43n,A,r10,yolo12n,high,args-chain,`r10_aitod20_base30_3way_s43n`.`model` = `aitod_pretrain.pt` → `aitod_pretrain`.`model` = `yolo12n.pt`
r10_aitod20_base30_3way_s43n_REPB,B,r10,yolo12n,high,args-chain,`r10_aitod20_base30_3way_s43n_REPB`.`model` = `aitod_pretrain.pt` → `aitod_pretrain`.`model` = `yolo12n.pt`
r10_aitod20_base30_3way_s44n,A,r10,yolo12n,high,args-chain,`r10_aitod20_base30_3way_s44n`.`model` = `aitod_pretrain.pt` → `aitod_pretrain`.`model` = `yolo12n.pt`
r10_aitod20_base30_3way_s44n_REPB,B,r10,yolo12n,high,args-chain,`r10_aitod20_base30_3way_s44n_REPB`.`model` = `aitod_pretrain.pt` → `aitod_pretrain`.`model` = `yolo12n.pt`
r10_aitod20_base30_3way_s45n,A,r10,yolo12n,high,args-chain,`r10_aitod20_base30_3way_s45n`.`model` = `aitod_pretrain.pt` → `aitod_pretrain`.`model` = `yolo12n.pt`
r10_aitod20_base30_3way_s45n_REPB,B,r10,yolo12n,high,args-chain,`r10_aitod20_base30_3way_s45n_REPB`.`model` = `aitod_pretrain.pt` → `aitod_pretrain`.`model` = `yolo12n.pt`
r10_aitod20_base30_3way_s46n,A,r10,yolo12n,high,args-chain,`r10_aitod20_base30_3way_s46n`.`model` = `aitod_pretrain.pt` → `aitod_pretrain`.`model` = `yolo12n.pt`
r10_aitod20_base30_3way_s47n,A,r10,yolo12n,high,args-chain,`r10_aitod20_base30_3way_s47n`.`model` = `aitod_pretrain.pt` → `aitod_pretrain`.`model` = `yolo12n.pt`
r10_aitod20_base30_3way_s48n,A,r10,yolo12n,high,args-chain,`r10_aitod20_base30_3way_s48n`.`model` = `aitod_pretrain.pt` → `aitod_pretrain`.`model` = `yolo12n.pt`
r10_aitod20_base30_3way_s49n,A,r10,yolo12n,high,args-chain,`r10_aitod20_base30_3way_s49n`.`model` = `aitod_pretrain.pt` → `aitod_pretrain`.`model` = `yolo12n.pt`
r10_aitod20_base30_3way_s50n,A,r10,yolo12n,high,args-chain,`r10_aitod20_base30_3way_s50n`.`model` = `aitod_pretrain.pt` → `aitod_pretrain`.`model` = `yolo12n.pt`
r10_aitod20_base30_3way_s51n,A,r10,yolo12n,high,args-chain,`r10_aitod20_base30_3way_s51n`.`model` = `aitod_pretrain.pt` → `aitod_pretrain`.`model` = `yolo12n.pt`
r10_aitod20_lr005_30ep_3way_s42n,A,r10,yolo12n,high,log,日志模型签名 `yolov12n summary`（r10_aitod20_lr005_30ep_3way_s42n）
r10_aitod20_lr005_30ep_3way_s43n,A,r10,yolo12n,high,args-chain,`r10_aitod20_lr005_30ep_3way_s43n`.`model` = `aitod_pretrain.pt` → `aitod_pretrain`.`model` = `yolo12n.pt`
r10_aitod20_lr005_30ep_3way_s44n,A,r10,yolo12n,high,args-chain,`r10_aitod20_lr005_30ep_3way_s44n`.`model` = `aitod_pretrain.pt` → `aitod_pretrain`.`model` = `yolo12n.pt`
r10_aitod20_lr005_30ep_3way_s45n,A,r10,yolo12n,high,args-chain,`r10_aitod20_lr005_30ep_3way_s45n`.`model` = `aitod_pretrain.pt` → `aitod_pretrain`.`model` = `yolo12n.pt`
r10_aitod20_lr005_30ep_3way_s45n_PARTIAL_09200932,A,r10,yolo12n,high,args-chain,`r10_aitod20_lr005_30ep_3way_s45n_PARTIAL_09200932`.`model` = `aitod_pretrain.pt` → `aitod_pretrain`.`model` = `yolo12n.pt`
r10_aitod20_lr005_30ep_3way_s46n,A,r10,yolo12n,high,log,日志模型签名 `yolov12n summary`（r10_aitod20_lr005_30ep_3way_s46n）
r10_aitod20_lr005_30ep_3way_s47n,A,r10,yolo12n,high,args-chain,`r10_aitod20_lr005_30ep_3way_s47n`.`model` = `aitod_pretrain.pt` → `aitod_pretrain`.`model` = `yolo12n.pt`
r10_aitod20_lr005_30ep_3way_s47n_PARTIAL_09200932,A,r10,yolo12n,high,args-chain,`r10_aitod20_lr005_30ep_3way_s47n_PARTIAL_09200932`.`model` = `aitod_pretrain.pt` → `aitod_pretrain`.`model` = `yolo12n.pt`
r10_aitod20_lr005_30ep_3way_s47n_oomfix,A,r10,yolo12n,high,log,日志模型签名 `yolov12n summary`（r10_aitod20_lr005_30ep_3way_s47n_oomfix）
r10_aitod20_lr005_30ep_3way_s48n,A,r10,yolo12n,high,args-chain,`r10_aitod20_lr005_30ep_3way_s48n`.`model` = `aitod_pretrain.pt` → `aitod_pretrain`.`model` = `yolo12n.pt`
r10_aitod20_lr005_30ep_3way_s49n,A,r10,yolo12n,high,args-chain,`r10_aitod20_lr005_30ep_3way_s49n`.`model` = `aitod_pretrain.pt` → `aitod_pretrain`.`model` = `yolo12n.pt`
r10_aitod20_lr005_30ep_3way_s49n_PARTIAL_09200932,A,r10,yolo12n,high,args-chain,`r10_aitod20_lr005_30ep_3way_s49n_PARTIAL_09200932`.`model` = `aitod_pretrain.pt` → `aitod_pretrain`.`model` = `yolo12n.pt`
r10_aitod20_lr005_30ep_3way_s50n,A,r10,yolo12n,high,args-chain,`r10_aitod20_lr005_30ep_3way_s50n`.`model` = `aitod_pretrain.pt` → `aitod_pretrain`.`model` = `yolo12n.pt`
r10_aitod20_lr005_30ep_3way_s51n,A,r10,yolo12n,high,args-chain,`r10_aitod20_lr005_30ep_3way_s51n`.`model` = `aitod_pretrain.pt` → `aitod_pretrain`.`model` = `yolo12n.pt`
r10_aitod20_lr005_30ep_3way_s51n_PARTIAL_09200932,A,r10,yolo12n,high,args-chain,`r10_aitod20_lr005_30ep_3way_s51n_PARTIAL_09200932`.`model` = `aitod_pretrain.pt` → `aitod_pretrain`.`model` = `yolo12n.pt`
r10_d15d15_base30_3way_s42n,A,r10,yolo12n,high,log,日志模型签名 `yolov12n summary`（r10_d15d15_base30_3way_s42n）
r10_d15d15_base30_3way_s42n_OOMKILLED_0842,A,r10,yolo12n,high,args-chain,`r10_d15d15_base30_3way_s42n_OOMKILLED_0842`.`model` = `dota15_pretrain.pt` → `dota15_pretrain`.`model` = `yolo12n.pt`
r10_d15d15_base30_3way_s43n,A,r10,yolo12n,high,log,日志模型签名 `yolov12n summary`（r10_d15d15_base30_3way_s43n）
r10_d15d15_base30_3way_s44n,A,r10,yolo12n,high,args-chain,`r10_d15d15_base30_3way_s44n`.`model` = `dota15_pretrain.pt` → `dota15_pretrain`.`model` = `yolo12n.pt`
r10_d15d15_base30_3way_s45n,A,r10,yolo12n,high,log,日志模型签名 `yolov12n summary`（r10_d15d15_base30_3way_s45n）
r10_d15d15_base30_3way_s46n,A,r10,yolo12n,high,args-chain,`r10_d15d15_base30_3way_s46n`.`model` = `dota15_pretrain.pt` → `dota15_pretrain`.`model` = `yolo12n.pt`
r10_d15d15_base30_3way_s46n_oomfix,A,r10,yolo12n,high,log,日志模型签名 `yolov12n summary`（r10_d15d15_base30_3way_s46n_oomfix）
r10_d15d15_base30_3way_s47n,A,r10,yolo12n,high,args-chain,`r10_d15d15_base30_3way_s47n`.`model` = `dota15_pretrain.pt` → `dota15_pretrain`.`model` = `yolo12n.pt`
r10_d15d15_base30_3way_s48n,A,r10,yolo12n,high,args-chain,`r10_d15d15_base30_3way_s48n`.`model` = `dota15_pretrain.pt` → `dota15_pretrain`.`model` = `yolo12n.pt`
r10_d15d15_base30_3way_s49n,A,r10,yolo12n,high,args-chain,`r10_d15d15_base30_3way_s49n`.`model` = `dota15_pretrain.pt` → `dota15_pretrain`.`model` = `yolo12n.pt`
r10_d15d15_base30_3way_s50n,A,r10,yolo12n,high,args-chain,`r10_d15d15_base30_3way_s50n`.`model` = `dota15_pretrain.pt` → `dota15_pretrain`.`model` = `yolo12n.pt`
r10_d15d15_base30_3way_s51n,A,r10,yolo12n,high,args-chain,`r10_d15d15_base30_3way_s51n`.`model` = `dota15_pretrain.pt` → `dota15_pretrain`.`model` = `yolo12n.pt`
r10_d15d15_lr005_30ep_3way_s42n,A,r10,yolo12n,high,log,日志模型签名 `yolov12n summary`（r10_d15d15_lr005_30ep_3way_s42n）
r10_d15d15_lr005_30ep_3way_s42n_oomfix,A,r10,yolo12n,high,log,日志模型签名 `yolov12n summary`（r10_d15d15_lr005_30ep_3way_s42n_oomfix）
r10_d15d15_lr005_30ep_3way_s43n,A,r10,yolo12n,high,log,日志模型签名 `yolov12n summary`（r10_d15d15_lr005_30ep_3way_s43n）
r10_d15d15_lr005_30ep_3way_s43n_OOMKILLED_0842,A,r10,yolo12n,high,args-chain,`r10_d15d15_lr005_30ep_3way_s43n_OOMKILLED_0842`.`model` = `dota15_pretrain.pt` → `dota15_pretrain`.`model` = `yolo12n.pt`
r10_d15d15_lr005_30ep_3way_s43n_PARTIAL_1033,A,r10,yolo12n,high,log,日志模型签名 `yolov12n summary`（r10_d15d15_lr005_30ep_3way_s43n_PARTIAL_1033）
r10_d15d15_lr005_30ep_3way_s44n,A,r10,yolo12n,high,args-chain,`r10_d15d15_lr005_30ep_3way_s44n`.`model` = `dota15_pretrain.pt` → `dota15_pretrain`.`model` = `yolo12n.pt`
r10_d15d15_lr005_30ep_3way_s45n,A,r10,yolo12n,high,args-chain,`r10_d15d15_lr005_30ep_3way_s45n`.`model` = `dota15_pretrain.pt` → `dota15_pretrain`.`model` = `yolo12n.pt`
r10_d15d15_lr005_30ep_3way_s46n,A,r10,yolo12n,high,args-chain,`r10_d15d15_lr005_30ep_3way_s46n`.`model` = `dota15_pretrain.pt` → `dota15_pretrain`.`model` = `yolo12n.pt`
r10_d15d15_lr005_30ep_3way_s47n,A,r10,yolo12n,high,args-chain,`r10_d15d15_lr005_30ep_3way_s47n`.`model` = `dota15_pretrain.pt` → `dota15_pretrain`.`model` = `yolo12n.pt`
r10_d15d15_lr005_30ep_3way_s47n_oomfix,A,r10,yolo12n,high,log,日志模型签名 `yolov12n summary`（r10_d15d15_lr005_30ep_3way_s47n_oomfix）
r10_d15d15_lr005_30ep_3way_s48n,A,r10,yolo12n,high,args-chain,`r10_d15d15_lr005_30ep_3way_s48n`.`model` = `dota15_pretrain.pt` → `dota15_pretrain`.`model` = `yolo12n.pt`
r10_d15d15_lr005_30ep_3way_s49n,A,r10,yolo12n,high,args-chain,`r10_d15d15_lr005_30ep_3way_s49n`.`model` = `dota15_pretrain.pt` → `dota15_pretrain`.`model` = `yolo12n.pt`
r10_d15d15_lr005_30ep_3way_s50n,A,r10,yolo12n,high,args-chain,`r10_d15d15_lr005_30ep_3way_s50n`.`model` = `dota15_pretrain.pt` → `dota15_pretrain`.`model` = `yolo12n.pt`
r10_d15d15_lr005_30ep_3way_s51n,A,r10,yolo12n,high,args-chain,`r10_d15d15_lr005_30ep_3way_s51n`.`model` = `dota15_pretrain.pt` → `dota15_pretrain`.`model` = `yolo12n.pt`
r10_dota_base30_3way_s42n,A,r10,yolo12n,high,log,日志模型签名 `yolov12n summary`（r10_dota_base30_3way_s42n）
r10_dota_base30_3way_s43n,A,r10,yolo12n,high,args-chain,`r10_dota_base30_3way_s43n`.`model` = `dota_pretrain.pt` → `dota_pretrain`.`model` = `yolo12n.pt`
r10_dota_base30_3way_s44n,A,r10,yolo12n,high,args-chain,`r10_dota_base30_3way_s44n`.`model` = `dota_pretrain.pt` → `dota_pretrain`.`model` = `yolo12n.pt`
r10_dota_base30_3way_s45n,A,r10,yolo12n,high,log,日志模型签名 `yolov12n summary`（r10_dota_base30_3way_s45n）
r10_dota_base30_3way_s45n_oomfix,A,r10,yolo12n,high,log,日志模型签名 `yolov12n summary`（r10_dota_base30_3way_s45n_oomfix）
r10_dota_base30_3way_s46n,A,r10,yolo12n,high,args-chain,`r10_dota_base30_3way_s46n`.`model` = `dota_pretrain.pt` → `dota_pretrain`.`model` = `yolo12n.pt`
r10_dota_base30_3way_s47n,A,r10,yolo12n,high,args-chain,`r10_dota_base30_3way_s47n`.`model` = `dota_pretrain.pt` → `dota_pretrain`.`model` = `yolo12n.pt`
r10_dota_base30_3way_s48n,A,r10,yolo12n,high,args-chain,`r10_dota_base30_3way_s48n`.`model` = `dota_pretrain.pt` → `dota_pretrain`.`model` = `yolo12n.pt`
r10_dota_base30_3way_s49n,A,r10,yolo12n,high,args-chain,`r10_dota_base30_3way_s49n`.`model` = `dota_pretrain.pt` → `dota_pretrain`.`model` = `yolo12n.pt`
r10_dota_base30_3way_s50n,A,r10,yolo12n,high,args-chain,`r10_dota_base30_3way_s50n`.`model` = `dota_pretrain.pt` → `dota_pretrain`.`model` = `yolo12n.pt`
r10_dota_base30_3way_s51n,A,r10,yolo12n,high,args-chain,`r10_dota_base30_3way_s51n`.`model` = `dota_pretrain.pt` → `dota_pretrain`.`model` = `yolo12n.pt`
r10_dota_lr005_30ep_3way_s42n,A,r10,yolo12n,high,args-chain,`r10_dota_lr005_30ep_3way_s42n`.`model` = `dota_pretrain.pt` → `dota_pretrain`.`model` = `yolo12n.pt`
r10_dota_lr005_30ep_3way_s42n_oomfix,A,r10,yolo12n,high,log,日志模型签名 `yolov12n summary`（r10_dota_lr005_30ep_3way_s42n_oomfix）
r10_dota_lr005_30ep_3way_s43n,A,r10,yolo12n,high,args-chain,`r10_dota_lr005_30ep_3way_s43n`.`model` = `dota_pretrain.pt` → `dota_pretrain`.`model` = `yolo12n.pt`
r10_dota_lr005_30ep_3way_s44n,A,r10,yolo12n,high,args-chain,`r10_dota_lr005_30ep_3way_s44n`.`model` = `dota_pretrain.pt` → `dota_pretrain`.`model` = `yolo12n.pt`
r10_dota_lr005_30ep_3way_s45n,A,r10,yolo12n,high,log,日志模型签名 `yolov12n summary`（r10_dota_lr005_30ep_3way_s45n）
r10_dota_lr005_30ep_3way_s45n_PARTIAL_09200932,A,r10,yolo12n,high,log,日志模型签名 `yolov12n summary`（r10_dota_lr005_30ep_3way_s45n_PARTIAL_09200932）
r10_dota_lr005_30ep_3way_s46n,A,r10,yolo12n,high,args-chain,`r10_dota_lr005_30ep_3way_s46n`.`model` = `dota_pretrain.pt` → `dota_pretrain`.`model` = `yolo12n.pt`
r10_dota_lr005_30ep_3way_s47n,A,r10,yolo12n,high,args-chain,`r10_dota_lr005_30ep_3way_s47n`.`model` = `dota_pretrain.pt` → `dota_pretrain`.`model` = `yolo12n.pt`
r10_dota_lr005_30ep_3way_s48n,A,r10,yolo12n,high,args-chain,`r10_dota_lr005_30ep_3way_s48n`.`model` = `dota_pretrain.pt` → `dota_pretrain`.`model` = `yolo12n.pt`
r10_dota_lr005_30ep_3way_s49n,A,r10,yolo12n,high,args-chain,`r10_dota_lr005_30ep_3way_s49n`.`model` = `dota_pretrain.pt` → `dota_pretrain`.`model` = `yolo12n.pt`
r10_dota_lr005_30ep_3way_s50n,A,r10,yolo12n,high,args-chain,`r10_dota_lr005_30ep_3way_s50n`.`model` = `dota_pretrain.pt` → `dota_pretrain`.`model` = `yolo12n.pt`
r10_dota_lr005_30ep_3way_s51n,A,r10,yolo12n,high,args-chain,`r10_dota_lr005_30ep_3way_s51n`.`model` = `dota_pretrain.pt` → `dota_pretrain`.`model` = `yolo12n.pt`
r10_fire_base30_3way_s42n,A,r10,yolo12n,high,log,日志模型签名 `yolov12n summary`（r10_fire_base30_3way_s42n）
r10_fire_base30_3way_s43n,A,r10,yolo12n,high,args-chain,`r10_fire_base30_3way_s43n`.`model` = `fsin_pretrain.pt` → `fsin_pretrain`.`model` = `yolo12n.pt`
r10_fire_base30_3way_s44n,A,r10,yolo12n,high,args-chain,`r10_fire_base30_3way_s44n`.`model` = `fsin_pretrain.pt` → `fsin_pretrain`.`model` = `yolo12n.pt`
r10_fire_base30_3way_s45n,B,r10,yolo12n,high,args-chain,`r10_fire_base30_3way_s45n`.`model` = `fsin_pretrain.pt` → `fsin_pretrain`.`model` = `yolo12n.pt`
r10_fire_base30_3way_s46n,B,r10,yolo12n,high,args-chain,`r10_fire_base30_3way_s46n`.`model` = `fsin_pretrain.pt` → `fsin_pretrain`.`model` = `yolo12n.pt`
r10_fire_base30_3way_s47n,B,r10,yolo12n,high,args-chain,`r10_fire_base30_3way_s47n`.`model` = `fsin_pretrain.pt` → `fsin_pretrain`.`model` = `yolo12n.pt`
r10_fire_base30_3way_s48n,B,r10,yolo12n,high,args-chain,`r10_fire_base30_3way_s48n`.`model` = `fsin_pretrain.pt` → `fsin_pretrain`.`model` = `yolo12n.pt`
r10_fire_base30_3way_s49n,B,r10,yolo12n,high,args-chain,`r10_fire_base30_3way_s49n`.`model` = `fsin_pretrain.pt` → `fsin_pretrain`.`model` = `yolo12n.pt`
r10_fire_base30_3way_s50n,B,r10,yolo12n,high,args-chain,`r10_fire_base30_3way_s50n`.`model` = `fsin_pretrain.pt` → `fsin_pretrain`.`model` = `yolo12n.pt`
r10_fire_base30_3way_s51n,B,r10,yolo12n,high,args-chain,`r10_fire_base30_3way_s51n`.`model` = `fsin_pretrain.pt` → `fsin_pretrain`.`model` = `yolo12n.pt`
r10_fire_lr005_30ep_3way_s42n,A,r10,yolo12n,high,log,日志模型签名 `yolov12n summary`（r10_fire_lr005_30ep_3way_s42n）
r10_fire_lr005_30ep_3way_s43n,A,r10,yolo12n,high,args-chain,`r10_fire_lr005_30ep_3way_s43n`.`model` = `fsin_pretrain.pt` → `fsin_pretrain`.`model` = `yolo12n.pt`
r10_fire_lr005_30ep_3way_s44n,A,r10,yolo12n,high,args-chain,`r10_fire_lr005_30ep_3way_s44n`.`model` = `fsin_pretrain.pt` → `fsin_pretrain`.`model` = `yolo12n.pt`
r10_fire_lr005_30ep_3way_s45n,B,r10,yolo12n,high,args-chain,`r10_fire_lr005_30ep_3way_s45n`.`model` = `fsin_pretrain.pt` → `fsin_pretrain`.`model` = `yolo12n.pt`
r10_fire_lr005_30ep_3way_s46n,B,r10,yolo12n,high,args-chain,`r10_fire_lr005_30ep_3way_s46n`.`model` = `fsin_pretrain.pt` → `fsin_pretrain`.`model` = `yolo12n.pt`
r10_fire_lr005_30ep_3way_s47n,B,r10,yolo12n,high,args-chain,`r10_fire_lr005_30ep_3way_s47n`.`model` = `fsin_pretrain.pt` → `fsin_pretrain`.`model` = `yolo12n.pt`
r10_fire_lr005_30ep_3way_s48n,B,r10,yolo12n,high,args-chain,`r10_fire_lr005_30ep_3way_s48n`.`model` = `fsin_pretrain.pt` → `fsin_pretrain`.`model` = `yolo12n.pt`
r10_fire_lr005_30ep_3way_s49n,B,r10,yolo12n,high,args-chain,`r10_fire_lr005_30ep_3way_s49n`.`model` = `fsin_pretrain.pt` → `fsin_pretrain`.`model` = `yolo12n.pt`
r10_fire_lr005_30ep_3way_s50n,B,r10,yolo12n,high,args-chain,`r10_fire_lr005_30ep_3way_s50n`.`model` = `fsin_pretrain.pt` → `fsin_pretrain`.`model` = `yolo12n.pt`
r10_fire_lr005_30ep_3way_s51n,B,r10,yolo12n,high,args-chain,`r10_fire_lr005_30ep_3way_s51n`.`model` = `fsin_pretrain.pt` → `fsin_pretrain`.`model` = `yolo12n.pt`
r10_iv_src1,A,r10,yolo12n,high,log,日志模型签名 `yolov12n summary`（r10_iv_src1）
r10_iv_src1_base100_3way_s42n,A,r10,yolo12n,high,log,日志模型签名 `yolov12n summary`（r10_iv_src1_base100_3way_s42n）
r10_iv_src1_lr005_100ep_3way_s42n,A,r10,unknown(best),low,args-chain,`r10_iv_src1_lr005_100ep_3way_s42n`.`model` = `best.pt`
r10_iv_src2,A,r10,yolo12n,high,args-chain,`r10_iv_src2`.`model` = `yolo12n.pt`
r10_iv_src2_base100_3way_s42n,A,r10,unknown(best),low,args-chain,`r10_iv_src2_base100_3way_s42n`.`model` = `best.pt`
r10_iv_src2_lr005_100ep_3way_s42n,A,r10,unknown(best),low,args-chain,`r10_iv_src2_lr005_100ep_3way_s42n`.`model` = `best.pt`
r10_iv_src3,A,r10,yolo12n,high,log,日志模型签名 `yolov12n summary`（r10_iv_src3）
r10_iv_src3_base100_3way_s42n,A,r10,unknown(best),low,args-chain,`r10_iv_src3_base100_3way_s42n`.`model` = `best.pt`
r10_iv_src3_lr005_100ep_3way_s42n,A,r10,unknown(best),low,args-chain,`r10_iv_src3_lr005_100ep_3way_s42n`.`model` = `best.pt`
r10_mask20_base30_3way_s42n,A,r10,yolo12n,high,log,日志模型签名 `yolov12n summary`（r10_mask20_base30_3way_s42n）
r10_mask20_base30_3way_s43n,A,r10,yolo12n,high,args-chain,`r10_mask20_base30_3way_s43n`.`model` = `mask_pretrain.pt` → `mask_pretrain`.`model` = `yolo12n.pt`
r10_mask20_base30_3way_s44n,A,r10,yolo12n,high,args-chain,`r10_mask20_base30_3way_s44n`.`model` = `mask_pretrain.pt` → `mask_pretrain`.`model` = `yolo12n.pt`
r10_mask20_base30_3way_s45n,B,r10,yolo12n,high,args-chain,`r10_mask20_base30_3way_s45n`.`model` = `mask_pretrain.pt` → `mask_pretrain`.`model` = `yolo12n.pt`
r10_mask20_base30_3way_s46n,B,r10,yolo12n,high,args-chain,`r10_mask20_base30_3way_s46n`.`model` = `mask_pretrain.pt` → `mask_pretrain`.`model` = `yolo12n.pt`
r10_mask20_base30_3way_s47n,B,r10,yolo12n,high,args-chain,`r10_mask20_base30_3way_s47n`.`model` = `mask_pretrain.pt` → `mask_pretrain`.`model` = `yolo12n.pt`
r10_mask20_base30_3way_s48n,B,r10,yolo12n,high,args-chain,`r10_mask20_base30_3way_s48n`.`model` = `mask_pretrain.pt` → `mask_pretrain`.`model` = `yolo12n.pt`
r10_mask20_base30_3way_s49n,B,r10,yolo12n,high,args-chain,`r10_mask20_base30_3way_s49n`.`model` = `mask_pretrain.pt` → `mask_pretrain`.`model` = `yolo12n.pt`
r10_mask20_base30_3way_s50n,B,r10,yolo12n,high,args-chain,`r10_mask20_base30_3way_s50n`.`model` = `mask_pretrain.pt` → `mask_pretrain`.`model` = `yolo12n.pt`
r10_mask20_base30_3way_s51n,B,r10,yolo12n,high,args-chain,`r10_mask20_base30_3way_s51n`.`model` = `mask_pretrain.pt` → `mask_pretrain`.`model` = `yolo12n.pt`
r10_mask20_lr005_30ep_3way_s42n,A,r10,yolo12n,high,args-chain,`r10_mask20_lr005_30ep_3way_s42n`.`model` = `mask_pretrain.pt` → `mask_pretrain`.`model` = `yolo12n.pt`
r10_mask20_lr005_30ep_3way_s43n,A,r10,yolo12n,high,args-chain,`r10_mask20_lr005_30ep_3way_s43n`.`model` = `mask_pretrain.pt` → `mask_pretrain`.`model` = `yolo12n.pt`
r10_mask20_lr005_30ep_3way_s44n,A,r10,yolo12n,high,args-chain,`r10_mask20_lr005_30ep_3way_s44n`.`model` = `mask_pretrain.pt` → `mask_pretrain`.`model` = `yolo12n.pt`
r10_mask20_lr005_30ep_3way_s45n,B,r10,yolo12n,high,args-chain,`r10_mask20_lr005_30ep_3way_s45n`.`model` = `mask_pretrain.pt` → `mask_pretrain`.`model` = `yolo12n.pt`
r10_mask20_lr005_30ep_3way_s46n,B,r10,yolo12n,high,args-chain,`r10_mask20_lr005_30ep_3way_s46n`.`model` = `mask_pretrain.pt` → `mask_pretrain`.`model` = `yolo12n.pt`
r10_mask20_lr005_30ep_3way_s47n,B,r10,yolo12n,high,args-chain,`r10_mask20_lr005_30ep_3way_s47n`.`model` = `mask_pretrain.pt` → `mask_pretrain`.`model` = `yolo12n.pt`
r10_mask20_lr005_30ep_3way_s48n,B,r10,yolo12n,high,args-chain,`r10_mask20_lr005_30ep_3way_s48n`.`model` = `mask_pretrain.pt` → `mask_pretrain`.`model` = `yolo12n.pt`
r10_mask20_lr005_30ep_3way_s49n,B,r10,yolo12n,high,args-chain,`r10_mask20_lr005_30ep_3way_s49n`.`model` = `mask_pretrain.pt` → `mask_pretrain`.`model` = `yolo12n.pt`
r10_mask20_lr005_30ep_3way_s50n,B,r10,yolo12n,high,args-chain,`r10_mask20_lr005_30ep_3way_s50n`.`model` = `mask_pretrain.pt` → `mask_pretrain`.`model` = `yolo12n.pt`
r10_mask20_lr005_30ep_3way_s51n,B,r10,yolo12n,high,args-chain,`r10_mask20_lr005_30ep_3way_s51n`.`model` = `mask_pretrain.pt` → `mask_pretrain`.`model` = `yolo12n.pt`
r10_mende20_base30_3way_s42n,A,r10,yolo12n,high,args-chain,`r10_mende20_base30_3way_s42n`.`model` = `mendein_pretrain.pt` → `mendein_pretrain`.`model` = `yolo12n.pt`
r10_mende20_base30_3way_s43n,A,r10,yolo12n,high,args-chain,`r10_mende20_base30_3way_s43n`.`model` = `mendein_pretrain.pt` → `mendein_pretrain`.`model` = `yolo12n.pt`
r10_mende20_base30_3way_s44n,A,r10,yolo12n,high,args-chain,`r10_mende20_base30_3way_s44n`.`model` = `mendein_pretrain.pt` → `mendein_pretrain`.`model` = `yolo12n.pt`
r10_mende20_base30_3way_s45n,B,r10,yolo12n,high,log,日志模型签名 `yolov12n summary`（r10_mende20_base30_3way_s45n）
r10_mende20_base30_3way_s45n.PARTIAL_killed_0014,B,r10,yolo12n,high,args-chain,`r10_mende20_base30_3way_s45n.PARTIAL_killed_0014`.`model` = `mendein_pretrain.pt` → `mendein_pretrain`.`model` = `yolo12n.pt`
r10_mende20_base30_3way_s46n,B,r10,yolo12n,high,args-chain,`r10_mende20_base30_3way_s46n`.`model` = `mendein_pretrain.pt` → `mendein_pretrain`.`model` = `yolo12n.pt`
r10_mende20_base30_3way_s47n,B,r10,yolo12n,high,args-chain,`r10_mende20_base30_3way_s47n`.`model` = `mendein_pretrain.pt` → `mendein_pretrain`.`model` = `yolo12n.pt`
r10_mende20_base30_3way_s48n,B,r10,yolo12n,high,args-chain,`r10_mende20_base30_3way_s48n`.`model` = `mendein_pretrain.pt` → `mendein_pretrain`.`model` = `yolo12n.pt`
r10_mende20_base30_3way_s49n,B,r10,yolo12n,high,args-chain,`r10_mende20_base30_3way_s49n`.`model` = `mendein_pretrain.pt` → `mendein_pretrain`.`model` = `yolo12n.pt`
r10_mende20_base30_3way_s50n,B,r10,yolo12n,high,args-chain,`r10_mende20_base30_3way_s50n`.`model` = `mendein_pretrain.pt` → `mendein_pretrain`.`model` = `yolo12n.pt`
r10_mende20_base30_3way_s51n,B,r10,yolo12n,high,args-chain,`r10_mende20_base30_3way_s51n`.`model` = `mendein_pretrain.pt` → `mendein_pretrain`.`model` = `yolo12n.pt`
r10_mende20_lr005_30ep_3way_s42n,A,r10,yolo12n,high,args-chain,`r10_mende20_lr005_30ep_3way_s42n`.`model` = `mendein_pretrain.pt` → `mendein_pretrain`.`model` = `yolo12n.pt`
r10_mende20_lr005_30ep_3way_s43n,A,r10,yolo12n,high,args-chain,`r10_mende20_lr005_30ep_3way_s43n`.`model` = `mendein_pretrain.pt` → `mendein_pretrain`.`model` = `yolo12n.pt`
r10_mende20_lr005_30ep_3way_s44n,A,r10,yolo12n,high,args-chain,`r10_mende20_lr005_30ep_3way_s44n`.`model` = `mendein_pretrain.pt` → `mendein_pretrain`.`model` = `yolo12n.pt`
r10_mende20_lr005_30ep_3way_s45n,B,r10,yolo12n,high,log,日志模型签名 `yolov12n summary`（r10_mende20_lr005_30ep_3way_s45n）
r10_mende20_lr005_30ep_3way_s45n.PARTIAL_killed_0014,B,r10,yolo12n,high,args-chain,`r10_mende20_lr005_30ep_3way_s45n.PARTIAL_killed_0014`.`model` = `mendein_pretrain.pt` → `mendein_pretrain`.`model` = `yolo12n.pt`
r10_mende20_lr005_30ep_3way_s46n,B,r10,yolo12n,high,args-chain,`r10_mende20_lr005_30ep_3way_s46n`.`model` = `mendein_pretrain.pt` → `mendein_pretrain`.`model` = `yolo12n.pt`
r10_mende20_lr005_30ep_3way_s47n,B,r10,yolo12n,high,args-chain,`r10_mende20_lr005_30ep_3way_s47n`.`model` = `mendein_pretrain.pt` → `mendein_pretrain`.`model` = `yolo12n.pt`
r10_mende20_lr005_30ep_3way_s48n,B,r10,yolo12n,high,args-chain,`r10_mende20_lr005_30ep_3way_s48n`.`model` = `mendein_pretrain.pt` → `mendein_pretrain`.`model` = `yolo12n.pt`
r10_mende20_lr005_30ep_3way_s49n,B,r10,yolo12n,high,args-chain,`r10_mende20_lr005_30ep_3way_s49n`.`model` = `mendein_pretrain.pt` → `mendein_pretrain`.`model` = `yolo12n.pt`
r10_mende20_lr005_30ep_3way_s50n,B,r10,yolo12n,high,args-chain,`r10_mende20_lr005_30ep_3way_s50n`.`model` = `mendein_pretrain.pt` → `mendein_pretrain`.`model` = `yolo12n.pt`
r10_mende20_lr005_30ep_3way_s51n,B,r10,yolo12n,high,args-chain,`r10_mende20_lr005_30ep_3way_s51n`.`model` = `mendein_pretrain.pt` → `mendein_pretrain`.`model` = `yolo12n.pt`
r10_p_aitovis_base100_3way_s42n,A,r10,yolo12n,high,args-chain,`r10_p_aitovis_base100_3way_s42n`.`model` = `aitod_pretrain.pt` → `aitod_pretrain`.`model` = `yolo12n.pt`
r10_p_aitovis_base100_3way_s42n_REPB,B,r10,yolo12n,high,args-chain,`r10_p_aitovis_base100_3way_s42n_REPB`.`model` = `aitod_pretrain.pt` → `aitod_pretrain`.`model` = `yolo12n.pt`
r10_p_aitovis_base100_3way_s43n,A,r10,yolo12n,high,args-chain,`r10_p_aitovis_base100_3way_s43n`.`model` = `aitod_pretrain.pt` → `aitod_pretrain`.`model` = `yolo12n.pt`
r10_p_aitovis_base100_3way_s44n,A,r10,yolo12n,high,args-chain,`r10_p_aitovis_base100_3way_s44n`.`model` = `aitod_pretrain.pt` → `aitod_pretrain`.`model` = `yolo12n.pt`
r10_p_aitovis_base100_3way_s45n,A,r10,yolo12n,high,args-chain,`r10_p_aitovis_base100_3way_s45n`.`model` = `aitod_pretrain.pt` → `aitod_pretrain`.`model` = `yolo12n.pt`
r10_p_aitovis_base100_3way_s46n,A,r10,yolo12n,high,args-chain,`r10_p_aitovis_base100_3way_s46n`.`model` = `aitod_pretrain.pt` → `aitod_pretrain`.`model` = `yolo12n.pt`
r10_p_aitovis_base100_3way_s47n,A,r10,yolo12n,high,args-chain,`r10_p_aitovis_base100_3way_s47n`.`model` = `aitod_pretrain.pt` → `aitod_pretrain`.`model` = `yolo12n.pt`
r10_p_aitovis_base100_3way_s48n,A,r10,yolo12n,high,args-chain,`r10_p_aitovis_base100_3way_s48n`.`model` = `aitod_pretrain.pt` → `aitod_pretrain`.`model` = `yolo12n.pt`
r10_p_aitovis_base100_3way_s49n,A,r10,yolo12n,high,args-chain,`r10_p_aitovis_base100_3way_s49n`.`model` = `aitod_pretrain.pt` → `aitod_pretrain`.`model` = `yolo12n.pt`
r10_p_aitovis_base100_3way_s50n,A,r10,yolo12n,high,args-chain,`r10_p_aitovis_base100_3way_s50n`.`model` = `aitod_pretrain.pt` → `aitod_pretrain`.`model` = `yolo12n.pt`
r10_p_aitovis_base100_3way_s51n,A,r10,yolo12n,high,args-chain,`r10_p_aitovis_base100_3way_s51n`.`model` = `aitod_pretrain.pt` → `aitod_pretrain`.`model` = `yolo12n.pt`
r10_p_aitovis_lr005_100ep_3way_s42n,A,r10,yolo12n,high,args-chain,`r10_p_aitovis_lr005_100ep_3way_s42n`.`model` = `aitod_pretrain.pt` → `aitod_pretrain`.`model` = `yolo12n.pt`
r10_p_aitovis_lr005_100ep_3way_s42n_REPB,B,r10,yolo12n,high,args-chain,`r10_p_aitovis_lr005_100ep_3way_s42n_REPB`.`model` = `aitod_pretrain.pt` → `aitod_pretrain`.`model` = `yolo12n.pt`
r10_p_aitovis_lr005_100ep_3way_s43n,A,r10,yolo12n,high,args-chain,`r10_p_aitovis_lr005_100ep_3way_s43n`.`model` = `aitod_pretrain.pt` → `aitod_pretrain`.`model` = `yolo12n.pt`
r10_p_aitovis_lr005_100ep_3way_s44n,A,r10,yolo12n,high,args-chain,`r10_p_aitovis_lr005_100ep_3way_s44n`.`model` = `aitod_pretrain.pt` → `aitod_pretrain`.`model` = `yolo12n.pt`
r10_p_aitovis_lr005_100ep_3way_s45n,A,r10,yolo12n,high,args-chain,`r10_p_aitovis_lr005_100ep_3way_s45n`.`model` = `aitod_pretrain.pt` → `aitod_pretrain`.`model` = `yolo12n.pt`
r10_p_aitovis_lr005_100ep_3way_s46n,A,r10,yolo12n,high,args-chain,`r10_p_aitovis_lr005_100ep_3way_s46n`.`model` = `aitod_pretrain.pt` → `aitod_pretrain`.`model` = `yolo12n.pt`
r10_p_aitovis_lr005_100ep_3way_s47n,A,r10,yolo12n,high,args-chain,`r10_p_aitovis_lr005_100ep_3way_s47n`.`model` = `aitod_pretrain.pt` → `aitod_pretrain`.`model` = `yolo12n.pt`
r10_p_aitovis_lr005_100ep_3way_s48n,A,r10,yolo12n,high,args-chain,`r10_p_aitovis_lr005_100ep_3way_s48n`.`model` = `aitod_pretrain.pt` → `aitod_pretrain`.`model` = `yolo12n.pt`
r10_p_aitovis_lr005_100ep_3way_s49n,A,r10,yolo12n,high,args-chain,`r10_p_aitovis_lr005_100ep_3way_s49n`.`model` = `aitod_pretrain.pt` → `aitod_pretrain`.`model` = `yolo12n.pt`
r10_p_aitovis_lr005_100ep_3way_s50n,A,r10,yolo12n,high,args-chain,`r10_p_aitovis_lr005_100ep_3way_s50n`.`model` = `aitod_pretrain.pt` → `aitod_pretrain`.`model` = `yolo12n.pt`
r10_p_aitovis_lr005_100ep_3way_s51n,A,r10,yolo12n,high,args-chain,`r10_p_aitovis_lr005_100ep_3way_s51n`.`model` = `aitod_pretrain.pt` → `aitod_pretrain`.`model` = `yolo12n.pt`
r10_p_d15toai_base100_3way_s42n,A,r10,yolo12n,high,log,日志模型签名 `yolov12n summary`（r10_p_d15toai_base100_3way_s42n）
r10_p_d15toai_base100_3way_s43n,A,r10,yolo12n,high,args-chain,`r10_p_d15toai_base100_3way_s43n`.`model` = `dota15_pretrain.pt` → `dota15_pretrain`.`model` = `yolo12n.pt`
r10_p_d15toai_base100_3way_s43n_oomfix,A,r10,yolo12n,high,log,日志模型签名 `yolov12n summary`（r10_p_d15toai_base100_3way_s43n_oomfix）
r10_p_d15toai_base100_3way_s44n,A,r10,yolo12n,high,args-chain,`r10_p_d15toai_base100_3way_s44n`.`model` = `dota15_pretrain.pt` → `dota15_pretrain`.`model` = `yolo12n.pt`
r10_p_d15toai_base100_3way_s44n_oomfix,A,r10,yolo12n,high,log,日志模型签名 `yolov12n summary`（r10_p_d15toai_base100_3way_s44n_oomfix）
r10_p_d15toai_base100_3way_s45n,B,r10,yolo12n,high,args-chain,`r10_p_d15toai_base100_3way_s45n`.`model` = `dota15_pretrain.pt` → `dota15_pretrain`.`model` = `yolo12n.pt`
r10_p_d15toai_base100_3way_s46n,B,r10,yolo12n,high,args-chain,`r10_p_d15toai_base100_3way_s46n`.`model` = `dota15_pretrain.pt` → `dota15_pretrain`.`model` = `yolo12n.pt`
r10_p_d15toai_base100_3way_s47n,B,r10,yolo12n,high,args-chain,`r10_p_d15toai_base100_3way_s47n`.`model` = `dota15_pretrain.pt` → `dota15_pretrain`.`model` = `yolo12n.pt`
r10_p_d15toai_base100_3way_s48n,B,r10,yolo12n,high,args-chain,`r10_p_d15toai_base100_3way_s48n`.`model` = `dota15_pretrain.pt` → `dota15_pretrain`.`model` = `yolo12n.pt`
r10_p_d15toai_base100_3way_s49n,B,r10,yolo12n,high,args-chain,`r10_p_d15toai_base100_3way_s49n`.`model` = `dota15_pretrain.pt` → `dota15_pretrain`.`model` = `yolo12n.pt`
r10_p_d15toai_base100_3way_s50n,B,r10,yolo12n,high,args-chain,`r10_p_d15toai_base100_3way_s50n`.`model` = `dota15_pretrain.pt` → `dota15_pretrain`.`model` = `yolo12n.pt`
r10_p_d15toai_base100_3way_s51n,B,r10,yolo12n,high,args-chain,`r10_p_d15toai_base100_3way_s51n`.`model` = `dota15_pretrain.pt` → `dota15_pretrain`.`model` = `yolo12n.pt`
r10_p_d15toai_lr005_100ep_3way_s42n,A,r10,yolo12n,high,args-chain,`r10_p_d15toai_lr005_100ep_3way_s42n`.`model` = `dota15_pretrain.pt` → `dota15_pretrain`.`model` = `yolo12n.pt`
r10_p_d15toai_lr005_100ep_3way_s42n_oomfix,A,r10,yolo12n,high,log,日志模型签名 `yolov12n summary`（r10_p_d15toai_lr005_100ep_3way_s42n_oomfix）
r10_p_d15toai_lr005_100ep_3way_s43n,A,r10,yolo12n,high,args-chain,`r10_p_d15toai_lr005_100ep_3way_s43n`.`model` = `dota15_pretrain.pt` → `dota15_pretrain`.`model` = `yolo12n.pt`
r10_p_d15toai_lr005_100ep_3way_s43n_oomfix,A,r10,yolo12n,high,log,日志模型签名 `yolov12n summary`（r10_p_d15toai_lr005_100ep_3way_s43n_oomfix）
r10_p_d15toai_lr005_100ep_3way_s44n,A,r10,yolo12n,high,args-chain,`r10_p_d15toai_lr005_100ep_3way_s44n`.`model` = `dota15_pretrain.pt` → `dota15_pretrain`.`model` = `yolo12n.pt`
r10_p_d15toai_lr005_100ep_3way_s45n,B,r10,yolo12n,high,args-chain,`r10_p_d15toai_lr005_100ep_3way_s45n`.`model` = `dota15_pretrain.pt` → `dota15_pretrain`.`model` = `yolo12n.pt`
r10_p_d15toai_lr005_100ep_3way_s46n,B,r10,yolo12n,high,args-chain,`r10_p_d15toai_lr005_100ep_3way_s46n`.`model` = `dota15_pretrain.pt` → `dota15_pretrain`.`model` = `yolo12n.pt`
r10_p_d15toai_lr005_100ep_3way_s47n,B,r10,yolo12n,high,args-chain,`r10_p_d15toai_lr005_100ep_3way_s47n`.`model` = `dota15_pretrain.pt` → `dota15_pretrain`.`model` = `yolo12n.pt`
r10_p_d15toai_lr005_100ep_3way_s48n,B,r10,yolo12n,high,args-chain,`r10_p_d15toai_lr005_100ep_3way_s48n`.`model` = `dota15_pretrain.pt` → `dota15_pretrain`.`model` = `yolo12n.pt`
r10_p_d15toai_lr005_100ep_3way_s49n,B,r10,yolo12n,high,args-chain,`r10_p_d15toai_lr005_100ep_3way_s49n`.`model` = `dota15_pretrain.pt` → `dota15_pretrain`.`model` = `yolo12n.pt`
r10_p_d15toai_lr005_100ep_3way_s50n,B,r10,yolo12n,high,args-chain,`r10_p_d15toai_lr005_100ep_3way_s50n`.`model` = `dota15_pretrain.pt` → `dota15_pretrain`.`model` = `yolo12n.pt`
r10_p_d15toai_lr005_100ep_3way_s51n,B,r10,yolo12n,high,args-chain,`r10_p_d15toai_lr005_100ep_3way_s51n`.`model` = `dota15_pretrain.pt` → `dota15_pretrain`.`model` = `yolo12n.pt`
r10_p_masktomende_base100_3way_s42n,A,r10,yolo12n,high,args-chain,`r10_p_masktomende_base100_3way_s42n`.`model` = `mask_pretrain.pt` → `mask_pretrain`.`model` = `yolo12n.pt`
r10_p_masktomende_base100_3way_s43n,A,r10,yolo12n,high,args-chain,`r10_p_masktomende_base100_3way_s43n`.`model` = `mask_pretrain.pt` → `mask_pretrain`.`model` = `yolo12n.pt`
r10_p_masktomende_base100_3way_s44n,A,r10,yolo12n,high,args-chain,`r10_p_masktomende_base100_3way_s44n`.`model` = `mask_pretrain.pt` → `mask_pretrain`.`model` = `yolo12n.pt`
r10_p_masktomende_base100_3way_s45n,B,r10,yolo12n,high,args-chain,`r10_p_masktomende_base100_3way_s45n`.`model` = `mask_pretrain.pt` → `mask_pretrain`.`model` = `yolo12n.pt`
r10_p_masktomende_base100_3way_s46n,B,r10,yolo12n,high,args-chain,`r10_p_masktomende_base100_3way_s46n`.`model` = `mask_pretrain.pt` → `mask_pretrain`.`model` = `yolo12n.pt`
r10_p_masktomende_base100_3way_s47n,B,r10,yolo12n,high,args-chain,`r10_p_masktomende_base100_3way_s47n`.`model` = `mask_pretrain.pt` → `mask_pretrain`.`model` = `yolo12n.pt`
r10_p_masktomende_base100_3way_s48n,B,r10,yolo12n,high,args-chain,`r10_p_masktomende_base100_3way_s48n`.`model` = `mask_pretrain.pt` → `mask_pretrain`.`model` = `yolo12n.pt`
r10_p_masktomende_base100_3way_s49n,B,r10,yolo12n,high,args-chain,`r10_p_masktomende_base100_3way_s49n`.`model` = `mask_pretrain.pt` → `mask_pretrain`.`model` = `yolo12n.pt`
r10_p_masktomende_base100_3way_s50n,B,r10,yolo12n,high,args-chain,`r10_p_masktomende_base100_3way_s50n`.`model` = `mask_pretrain.pt` → `mask_pretrain`.`model` = `yolo12n.pt`
r10_p_masktomende_base100_3way_s51n,B,r10,yolo12n,high,args-chain,`r10_p_masktomende_base100_3way_s51n`.`model` = `mask_pretrain.pt` → `mask_pretrain`.`model` = `yolo12n.pt`
r10_p_masktomende_base100_3way_s52n,A,r10,yolo12n,high,log,日志模型签名 `yolov12n summary`（r10_p_masktomende_base100_3way_s52n）
r10_p_masktomende_base100_3way_s53n,A,r10,yolo12n,high,log,日志模型签名 `yolov12n summary`（r10_p_masktomende_base100_3way_s53n）
r10_p_masktomende_base100_3way_s54n,A,r10,yolo12n,high,log,日志模型签名 `yolov12n summary`（r10_p_masktomende_base100_3way_s54n）
r10_p_masktomende_lr005_100ep_3way_s42n,A,r10,yolo12n,high,args-chain,`r10_p_masktomende_lr005_100ep_3way_s42n`.`model` = `mask_pretrain.pt` → `mask_pretrain`.`model` = `yolo12n.pt`
r10_p_masktomende_lr005_100ep_3way_s43n,A,r10,yolo12n,high,args-chain,`r10_p_masktomende_lr005_100ep_3way_s43n`.`model` = `mask_pretrain.pt` → `mask_pretrain`.`model` = `yolo12n.pt`
r10_p_masktomende_lr005_100ep_3way_s44n,A,r10,yolo12n,high,args-chain,`r10_p_masktomende_lr005_100ep_3way_s44n`.`model` = `mask_pretrain.pt` → `mask_pretrain`.`model` = `yolo12n.pt`
r10_p_masktomende_lr005_100ep_3way_s45n,B,r10,yolo12n,high,args-chain,`r10_p_masktomende_lr005_100ep_3way_s45n`.`model` = `mask_pretrain.pt` → `mask_pretrain`.`model` = `yolo12n.pt`
r10_p_masktomende_lr005_100ep_3way_s46n,B,r10,yolo12n,high,args-chain,`r10_p_masktomende_lr005_100ep_3way_s46n`.`model` = `mask_pretrain.pt` → `mask_pretrain`.`model` = `yolo12n.pt`
r10_p_masktomende_lr005_100ep_3way_s47n,B,r10,yolo12n,high,args-chain,`r10_p_masktomende_lr005_100ep_3way_s47n`.`model` = `mask_pretrain.pt` → `mask_pretrain`.`model` = `yolo12n.pt`
r10_p_masktomende_lr005_100ep_3way_s48n,B,r10,yolo12n,high,args-chain,`r10_p_masktomende_lr005_100ep_3way_s48n`.`model` = `mask_pretrain.pt` → `mask_pretrain`.`model` = `yolo12n.pt`
r10_p_masktomende_lr005_100ep_3way_s49n,B,r10,yolo12n,high,args-chain,`r10_p_masktomende_lr005_100ep_3way_s49n`.`model` = `mask_pretrain.pt` → `mask_pretrain`.`model` = `yolo12n.pt`
r10_p_masktomende_lr005_100ep_3way_s50n,B,r10,yolo12n,high,args-chain,`r10_p_masktomende_lr005_100ep_3way_s50n`.`model` = `mask_pretrain.pt` → `mask_pretrain`.`model` = `yolo12n.pt`
r10_p_masktomende_lr005_100ep_3way_s51n,B,r10,yolo12n,high,args-chain,`r10_p_masktomende_lr005_100ep_3way_s51n`.`model` = `mask_pretrain.pt` → `mask_pretrain`.`model` = `yolo12n.pt`
r10_p_masktomende_lr005_100ep_3way_s52n,A,r10,yolo12n,high,log,日志模型签名 `yolov12n summary`（r10_p_masktomende_lr005_100ep_3way_s52n）
r10_p_masktomende_lr005_100ep_3way_s53n,A,r10,yolo12n,high,log,日志模型签名 `yolov12n summary`（r10_p_masktomende_lr005_100ep_3way_s53n）
r10_p_masktomende_lr005_100ep_3way_s54n,A,r10,yolo12n,high,log,日志模型签名 `yolov12n summary`（r10_p_masktomende_lr005_100ep_3way_s54n）
r10_p_vistod15_base100_3way_s42n,A,r10,yolo12n,high,log,日志模型签名 `yolov12n summary`（r10_p_vistod15_base100_3way_s42n）
r10_p_vistod15_base100_3way_s42n_PARTIAL_0011,A,r10,yolo12n,high,log,日志模型签名 `yolov12n summary`（r10_p_vistod15_base100_3way_s42n_PARTIAL_0011）
r10_p_vistod15_base100_3way_s42n_REPB,B,r10,yolo12n,high,args-chain,`r10_p_vistod15_base100_3way_s42n_REPB`.`model` = `visdrone_pretrain.pt` → `visdrone_pretrain`.`model` = `yolo12n.pt`
r10_p_vistod15_base100_3way_s42n_oomfix,A,r10,yolo12n,high,log,日志模型签名 `yolov12n summary`（r10_p_vistod15_base100_3way_s42n_oomfix）
r10_p_vistod15_base100_3way_s43n,A,r10,yolo12n,high,args-chain,`r10_p_vistod15_base100_3way_s43n`.`model` = `visdrone_pretrain.pt` → `visdrone_pretrain`.`model` = `yolo12n.pt`
r10_p_vistod15_base100_3way_s43n_REPB,B,r10,yolo12n,high,args-chain,`r10_p_vistod15_base100_3way_s43n_REPB`.`model` = `visdrone_pretrain.pt` → `visdrone_pretrain`.`model` = `yolo12n.pt`
r10_p_vistod15_base100_3way_s43n_oomfix,A,r10,yolo12n,high,log,日志模型签名 `yolov12n summary`（r10_p_vistod15_base100_3way_s43n_oomfix）
r10_p_vistod15_base100_3way_s44n,A,r10,yolo12n,high,args-chain,`r10_p_vistod15_base100_3way_s44n`.`model` = `visdrone_pretrain.pt` → `visdrone_pretrain`.`model` = `yolo12n.pt`
r10_p_vistod15_base100_3way_s44n_PARTIAL_0011,A,r10,yolo12n,high,args-chain,`r10_p_vistod15_base100_3way_s44n_PARTIAL_0011`.`model` = `visdrone_pretrain.pt` → `visdrone_pretrain`.`model` = `yolo12n.pt`
r10_p_vistod15_base100_3way_s44n_oomfix,A,r10,yolo12n,high,log,日志模型签名 `yolov12n summary`（r10_p_vistod15_base100_3way_s44n_oomfix）
r10_p_vistod15_base100_3way_s45n,A,r10,yolo12n,high,args-chain,`r10_p_vistod15_base100_3way_s45n`.`model` = `visdrone_pretrain.pt` → `visdrone_pretrain`.`model` = `yolo12n.pt`
r10_p_vistod15_base100_3way_s46n,A,r10,yolo12n,high,args-chain,`r10_p_vistod15_base100_3way_s46n`.`model` = `visdrone_pretrain.pt` → `visdrone_pretrain`.`model` = `yolo12n.pt`
r10_p_vistod15_base100_3way_s47n,A,r10,yolo12n,high,args-chain,`r10_p_vistod15_base100_3way_s47n`.`model` = `visdrone_pretrain.pt` → `visdrone_pretrain`.`model` = `yolo12n.pt`
r10_p_vistod15_base100_3way_s48n,A,r10,yolo12n,high,args-chain,`r10_p_vistod15_base100_3way_s48n`.`model` = `visdrone_pretrain.pt` → `visdrone_pretrain`.`model` = `yolo12n.pt`
r10_p_vistod15_base100_3way_s49n,A,r10,yolo12n,high,args-chain,`r10_p_vistod15_base100_3way_s49n`.`model` = `visdrone_pretrain.pt` → `visdrone_pretrain`.`model` = `yolo12n.pt`
r10_p_vistod15_base100_3way_s50n,A,r10,yolo12n,high,args-chain,`r10_p_vistod15_base100_3way_s50n`.`model` = `visdrone_pretrain.pt` → `visdrone_pretrain`.`model` = `yolo12n.pt`
r10_p_vistod15_base100_3way_s51n,A,r10,yolo12n,high,args-chain,`r10_p_vistod15_base100_3way_s51n`.`model` = `visdrone_pretrain.pt` → `visdrone_pretrain`.`model` = `yolo12n.pt`
r10_p_vistod15_lr005_100ep_3way_s42n,A,r10,yolo12n,high,log,日志模型签名 `yolov12n summary`（r10_p_vistod15_lr005_100ep_3way_s42n）
r10_p_vistod15_lr005_100ep_3way_s42n_REPB,B,r10,yolo12n,high,args-chain,`r10_p_vistod15_lr005_100ep_3way_s42n_REPB`.`model` = `visdrone_pretrain.pt` → `visdrone_pretrain`.`model` = `yolo12n.pt`
r10_p_vistod15_lr005_100ep_3way_s42n_oomfix,A,r10,yolo12n,high,log,日志模型签名 `yolov12n summary`（r10_p_vistod15_lr005_100ep_3way_s42n_oomfix）
r10_p_vistod15_lr005_100ep_3way_s43n,A,r10,yolo12n,high,args-chain,`r10_p_vistod15_lr005_100ep_3way_s43n`.`model` = `visdrone_pretrain.pt` → `visdrone_pretrain`.`model` = `yolo12n.pt`
r10_p_vistod15_lr005_100ep_3way_s43n_PARTIAL_0011,A,r10,yolo12n,high,args-chain,`r10_p_vistod15_lr005_100ep_3way_s43n_PARTIAL_0011`.`model` = `visdrone_pretrain.pt` → `visdrone_pretrain`.`model` = `yolo12n.pt`
r10_p_vistod15_lr005_100ep_3way_s43n_oomfix,A,r10,yolo12n,high,log,日志模型签名 `yolov12n summary`（r10_p_vistod15_lr005_100ep_3way_s43n_oomfix）
r10_p_vistod15_lr005_100ep_3way_s44n,A,r10,yolo12n,high,args-chain,`r10_p_vistod15_lr005_100ep_3way_s44n`.`model` = `visdrone_pretrain.pt` → `visdrone_pretrain`.`model` = `yolo12n.pt`
r10_p_vistod15_lr005_100ep_3way_s44n_REPB,B,r10,yolo12n,high,args-chain,`r10_p_vistod15_lr005_100ep_3way_s44n_REPB`.`model` = `visdrone_pretrain.pt` → `visdrone_pretrain`.`model` = `yolo12n.pt`
r10_p_vistod15_lr005_100ep_3way_s44n_oomfix,A,r10,yolo12n,high,log,日志模型签名 `yolov12n summary`（r10_p_vistod15_lr005_100ep_3way_s44n_oomfix）
r10_p_vistod15_lr005_100ep_3way_s45n,A,r10,yolo12n,high,args-chain,`r10_p_vistod15_lr005_100ep_3way_s45n`.`model` = `visdrone_pretrain.pt` → `visdrone_pretrain`.`model` = `yolo12n.pt`
r10_p_vistod15_lr005_100ep_3way_s46n,A,r10,yolo12n,high,args-chain,`r10_p_vistod15_lr005_100ep_3way_s46n`.`model` = `visdrone_pretrain.pt` → `visdrone_pretrain`.`model` = `yolo12n.pt`
r10_p_vistod15_lr005_100ep_3way_s47n,A,r10,yolo12n,high,args-chain,`r10_p_vistod15_lr005_100ep_3way_s47n`.`model` = `visdrone_pretrain.pt` → `visdrone_pretrain`.`model` = `yolo12n.pt`
r10_p_vistod15_lr005_100ep_3way_s48n,A,r10,yolo12n,high,args-chain,`r10_p_vistod15_lr005_100ep_3way_s48n`.`model` = `visdrone_pretrain.pt` → `visdrone_pretrain`.`model` = `yolo12n.pt`
r10_p_vistod15_lr005_100ep_3way_s49n,A,r10,yolo12n,high,args-chain,`r10_p_vistod15_lr005_100ep_3way_s49n`.`model` = `visdrone_pretrain.pt` → `visdrone_pretrain`.`model` = `yolo12n.pt`
r10_p_vistod15_lr005_100ep_3way_s50n,A,r10,yolo12n,high,args-chain,`r10_p_vistod15_lr005_100ep_3way_s50n`.`model` = `visdrone_pretrain.pt` → `visdrone_pretrain`.`model` = `yolo12n.pt`
r10_p_vistod15_lr005_100ep_3way_s51n,A,r10,yolo12n,high,args-chain,`r10_p_vistod15_lr005_100ep_3way_s51n`.`model` = `visdrone_pretrain.pt` → `visdrone_pretrain`.`model` = `yolo12n.pt`
r10_prior_base100_3way_s42n,A,r10,yolo12n,high,log,日志模型签名 `yolov12n summary`（r10_prior_base100_3way_s42n）
r10_prior_base100_3way_s43n,A,r10,yolo12n,high,args-chain,`r10_prior_base100_3way_s43n`.`model` = `mafa_pretrain.pt` → `mafa_pretrain`.`model` = `yolo12n.pt`
r10_prior_base100_3way_s44n,A,r10,yolo12n,high,args-chain,`r10_prior_base100_3way_s44n`.`model` = `mafa_pretrain.pt` → `mafa_pretrain`.`model` = `yolo12n.pt`
r10_prior_base100ep_3way_s45n,A,r10,yolo12n,high,args-chain,`r10_prior_base100ep_3way_s45n`.`model` = `mafa_pretrain.pt` → `mafa_pretrain`.`model` = `yolo12n.pt`
r10_prior_base100ep_3way_s46n,A,r10,yolo12n,high,args-chain,`r10_prior_base100ep_3way_s46n`.`model` = `mafa_pretrain.pt` → `mafa_pretrain`.`model` = `yolo12n.pt`
r10_prior_base100ep_3way_s47n,A,r10,yolo12n,high,args-chain,`r10_prior_base100ep_3way_s47n`.`model` = `mafa_pretrain.pt` → `mafa_pretrain`.`model` = `yolo12n.pt`
r10_prior_base100ep_3way_s48n,A,r10,yolo12n,high,args-chain,`r10_prior_base100ep_3way_s48n`.`model` = `mafa_pretrain.pt` → `mafa_pretrain`.`model` = `yolo12n.pt`
r10_prior_base100ep_3way_s49n,A,r10,yolo12n,high,args-chain,`r10_prior_base100ep_3way_s49n`.`model` = `mafa_pretrain.pt` → `mafa_pretrain`.`model` = `yolo12n.pt`
r10_prior_base100ep_3way_s50n,A,r10,yolo12n,high,args-chain,`r10_prior_base100ep_3way_s50n`.`model` = `mafa_pretrain.pt` → `mafa_pretrain`.`model` = `yolo12n.pt`
r10_prior_base100ep_3way_s51n,A,r10,yolo12n,high,args-chain,`r10_prior_base100ep_3way_s51n`.`model` = `mafa_pretrain.pt` → `mafa_pretrain`.`model` = `yolo12n.pt`
r10_prior_css100_3way_s42n,A,r10,yolo12n,high,log,日志模型签名 `yolov12n summary`（r10_prior_css100_3way_s42n）
r10_prior_css100_3way_s43n,A,r10,yolo12n,high,args-chain,`r10_prior_css100_3way_s43n`.`model` = `mafa_pretrain.pt` → `mafa_pretrain`.`model` = `yolo12n.pt`
r10_prior_css100_3way_s44n,A,r10,yolo12n,high,args-chain,`r10_prior_css100_3way_s44n`.`model` = `mafa_pretrain.pt` → `mafa_pretrain`.`model` = `yolo12n.pt`
r10_prior_lr005_100ep_3way_s42n,A,r10,yolo12n,high,args-chain,`r10_prior_lr005_100ep_3way_s42n`.`model` = `mafa_pretrain.pt` → `mafa_pretrain`.`model` = `yolo12n.pt`
r10_prior_lr005_100ep_3way_s43n,A,r10,yolo12n,high,args-chain,`r10_prior_lr005_100ep_3way_s43n`.`model` = `mafa_pretrain.pt` → `mafa_pretrain`.`model` = `yolo12n.pt`
r10_prior_lr005_100ep_3way_s44n,B,r10,yolo12n,high,args-chain,`r10_prior_lr005_100ep_3way_s44n`.`model` = `mafa_pretrain.pt` → `mafa_pretrain`.`model` = `yolo12n.pt`
r10_prior_lr005_100ep_3way_s45n,B,r10,yolo12n,high,args-chain,`r10_prior_lr005_100ep_3way_s45n`.`model` = `mafa_pretrain.pt` → `mafa_pretrain`.`model` = `yolo12n.pt`
r10_prior_lr005_100ep_3way_s46n,B,r10,yolo12n,high,args-chain,`r10_prior_lr005_100ep_3way_s46n`.`model` = `mafa_pretrain.pt` → `mafa_pretrain`.`model` = `yolo12n.pt`
r10_prior_lr005_100ep_3way_s47n,B,r10,yolo12n,high,args-chain,`r10_prior_lr005_100ep_3way_s47n`.`model` = `mafa_pretrain.pt` → `mafa_pretrain`.`model` = `yolo12n.pt`
r10_prior_lr005_100ep_3way_s48n,B,r10,yolo12n,high,args-chain,`r10_prior_lr005_100ep_3way_s48n`.`model` = `mafa_pretrain.pt` → `mafa_pretrain`.`model` = `yolo12n.pt`
r10_prior_lr005_100ep_3way_s49n,B,r10,yolo12n,high,args-chain,`r10_prior_lr005_100ep_3way_s49n`.`model` = `mafa_pretrain.pt` → `mafa_pretrain`.`model` = `yolo12n.pt`
r10_prior_lr005_100ep_3way_s50n,B,r10,yolo12n,high,args-chain,`r10_prior_lr005_100ep_3way_s50n`.`model` = `mafa_pretrain.pt` → `mafa_pretrain`.`model` = `yolo12n.pt`
r10_prior_lr005_100ep_3way_s51n,B,r10,yolo12n,high,args-chain,`r10_prior_lr005_100ep_3way_s51n`.`model` = `mafa_pretrain.pt` → `mafa_pretrain`.`model` = `yolo12n.pt`
r10_prior_pws100_3way_s42n,A,r10,yolo12n,high,args-chain,`r10_prior_pws100_3way_s42n`.`model` = `mafa_pretrain.pt` → `mafa_pretrain`.`model` = `yolo12n.pt`
r10_prior_pws100_3way_s43n,A,r10,yolo12n,high,args-chain,`r10_prior_pws100_3way_s43n`.`model` = `mafa_pretrain.pt` → `mafa_pretrain`.`model` = `yolo12n.pt`
r10_prior_pws100_3way_s44n,A,r10,yolo12n,high,args-chain,`r10_prior_pws100_3way_s44n`.`model` = `mafa_pretrain.pt` → `mafa_pretrain`.`model` = `yolo12n.pt`
r10_prior_sns100_3way_s42n,A,r10,yolo12n,high,args-chain,`r10_prior_sns100_3way_s42n`.`model` = `mafa_pretrain.pt` → `mafa_pretrain`.`model` = `yolo12n.pt`
r10_prior_sns100_3way_s43n,A,r10,yolo12n,high,args-chain,`r10_prior_sns100_3way_s43n`.`model` = `mafa_pretrain.pt` → `mafa_pretrain`.`model` = `yolo12n.pt`
r10_prior_sns100_3way_s44n,A,r10,yolo12n,high,args-chain,`r10_prior_sns100_3way_s44n`.`model` = `mafa_pretrain.pt` → `mafa_pretrain`.`model` = `yolo12n.pt`
r10_prior_sns_base100ep_3way_s45n,B,r10,yolo12n,high,args-chain,`r10_prior_sns_base100ep_3way_s45n`.`model` = `mafa_pretrain.pt` → `mafa_pretrain`.`model` = `yolo12n.pt`
r10_prior_sns_base100ep_3way_s46n,B,r10,yolo12n,high,args-chain,`r10_prior_sns_base100ep_3way_s46n`.`model` = `mafa_pretrain.pt` → `mafa_pretrain`.`model` = `yolo12n.pt`
r10_prior_sns_base100ep_3way_s47n,B,r10,yolo12n,high,args-chain,`r10_prior_sns_base100ep_3way_s47n`.`model` = `mafa_pretrain.pt` → `mafa_pretrain`.`model` = `yolo12n.pt`
r10_prior_sns_base100ep_3way_s48n,B,r10,yolo12n,high,args-chain,`r10_prior_sns_base100ep_3way_s48n`.`model` = `mafa_pretrain.pt` → `mafa_pretrain`.`model` = `yolo12n.pt`
r10_prior_sns_base100ep_3way_s49n,B,r10,yolo12n,high,args-chain,`r10_prior_sns_base100ep_3way_s49n`.`model` = `mafa_pretrain.pt` → `mafa_pretrain`.`model` = `yolo12n.pt`
r10_prior_sns_base100ep_3way_s50n,B,r10,yolo12n,high,args-chain,`r10_prior_sns_base100ep_3way_s50n`.`model` = `mafa_pretrain.pt` → `mafa_pretrain`.`model` = `yolo12n.pt`
r10_prior_sns_base100ep_3way_s51n,B,r10,yolo12n,high,args-chain,`r10_prior_sns_base100ep_3way_s51n`.`model` = `mafa_pretrain.pt` → `mafa_pretrain`.`model` = `yolo12n.pt`
r10_prior_sns_lr005_100ep_3way_s45n,A,r10,yolo12n,high,args-chain,`r10_prior_sns_lr005_100ep_3way_s45n`.`model` = `mafa_pretrain.pt` → `mafa_pretrain`.`model` = `yolo12n.pt`
r10_prior_sns_lr005_100ep_3way_s46n,A,r10,yolo12n,high,args-chain,`r10_prior_sns_lr005_100ep_3way_s46n`.`model` = `mafa_pretrain.pt` → `mafa_pretrain`.`model` = `yolo12n.pt`
r10_prior_sns_lr005_100ep_3way_s47n,A,r10,yolo12n,high,args-chain,`r10_prior_sns_lr005_100ep_3way_s47n`.`model` = `mafa_pretrain.pt` → `mafa_pretrain`.`model` = `yolo12n.pt`
r10_prior_sns_lr005_100ep_3way_s48n,A,r10,yolo12n,high,args-chain,`r10_prior_sns_lr005_100ep_3way_s48n`.`model` = `mafa_pretrain.pt` → `mafa_pretrain`.`model` = `yolo12n.pt`
r10_prior_sns_lr005_100ep_3way_s49n,A,r10,yolo12n,high,args-chain,`r10_prior_sns_lr005_100ep_3way_s49n`.`model` = `mafa_pretrain.pt` → `mafa_pretrain`.`model` = `yolo12n.pt`
r10_prior_sns_lr005_100ep_3way_s50n,A,r10,yolo12n,high,args-chain,`r10_prior_sns_lr005_100ep_3way_s50n`.`model` = `mafa_pretrain.pt` → `mafa_pretrain`.`model` = `yolo12n.pt`
r10_prior_sns_lr005_100ep_3way_s51n,A,r10,yolo12n,high,args-chain,`r10_prior_sns_lr005_100ep_3way_s51n`.`model` = `mafa_pretrain.pt` → `mafa_pretrain`.`model` = `yolo12n.pt`
r10_sf_dose10x_100ep_s42n,B,r10,yolo12n,high,args-chain,`r10_sf_dose10x_100ep_s42n`.`model` = `shwd2sf_pretrain.pt` → `shwd2sf_pretrain`.`model` = `yolo12n.pt`
r10_sf_dose10x_100ep_s43n,B,r10,yolo12n,high,args-chain,`r10_sf_dose10x_100ep_s43n`.`model` = `shwd2sf_pretrain.pt` → `shwd2sf_pretrain`.`model` = `yolo12n.pt`
r10_sf_dose10x_100ep_s44n,B,r10,yolo12n,high,args-chain,`r10_sf_dose10x_100ep_s44n`.`model` = `shwd2sf_pretrain.pt` → `shwd2sf_pretrain`.`model` = `yolo12n.pt`
r10_sf_dose20x_100ep_s42n,B,r10,yolo12n,high,args-chain,`r10_sf_dose20x_100ep_s42n`.`model` = `shwd2sf_pretrain.pt` → `shwd2sf_pretrain`.`model` = `yolo12n.pt`
r10_sf_dose20x_100ep_s43n,B,r10,yolo12n,high,args-chain,`r10_sf_dose20x_100ep_s43n`.`model` = `shwd2sf_pretrain.pt` → `shwd2sf_pretrain`.`model` = `yolo12n.pt`
r10_sf_dose20x_100ep_s44n,B,r10,yolo12n,high,args-chain,`r10_sf_dose20x_100ep_s44n`.`model` = `shwd2sf_pretrain.pt` → `shwd2sf_pretrain`.`model` = `yolo12n.pt`
r10_sf_dose2p5x_100ep_s42n,B,r10,yolo12n,high,log,日志模型签名 `yolov12n summary`（r10_sf_dose2p5x_100ep_s42n）
r10_sf_dose2p5x_100ep_s43n,B,r10,yolo12n,high,args-chain,`r10_sf_dose2p5x_100ep_s43n`.`model` = `shwd2sf_pretrain.pt` → `shwd2sf_pretrain`.`model` = `yolo12n.pt`
r10_sf_dose2p5x_100ep_s44n,B,r10,yolo12n,high,args-chain,`r10_sf_dose2p5x_100ep_s44n`.`model` = `shwd2sf_pretrain.pt` → `shwd2sf_pretrain`.`model` = `yolo12n.pt`
r10_sf_dose5x_100ep_s42n,B,r10,yolo12n,high,log,日志模型签名 `yolov12n summary`（r10_sf_dose5x_100ep_s42n）
r10_sf_dose5x_100ep_s43n,B,r10,yolo12n,high,args-chain,`r10_sf_dose5x_100ep_s43n`.`model` = `shwd2sf_pretrain.pt` → `shwd2sf_pretrain`.`model` = `yolo12n.pt`
r10_sf_dose5x_100ep_s44n,B,r10,yolo12n,high,args-chain,`r10_sf_dose5x_100ep_s44n`.`model` = `shwd2sf_pretrain.pt` → `shwd2sf_pretrain`.`model` = `yolo12n.pt`
r10_shwd2sf_base100_3way_s42n,B,r10,yolo12n,high,log,日志模型签名 `yolov12n summary`（r10_shwd2sf_base100_3way_s42n）
r10_shwd2sf_base100_3way_s43n,B,r10,yolo12n,high,args-chain,`r10_shwd2sf_base100_3way_s43n`.`model` = `shwd2sf_pretrain.pt` → `shwd2sf_pretrain`.`model` = `yolo12n.pt`
r10_shwd2sf_base100_3way_s44n,B,r10,yolo12n,high,args-chain,`r10_shwd2sf_base100_3way_s44n`.`model` = `shwd2sf_pretrain.pt` → `shwd2sf_pretrain`.`model` = `yolo12n.pt`
r10_shwd2sf_base100_3way_s45n,B,r10,yolo12n,high,log,日志模型签名 `yolov12n summary`（r10_shwd2sf_base100_3way_s45n）
r10_shwd2sf_base100_3way_s46n,B,r10,yolo12n,high,args-chain,`r10_shwd2sf_base100_3way_s46n`.`model` = `shwd2sf_pretrain.pt` → `shwd2sf_pretrain`.`model` = `yolo12n.pt`
r10_shwd2sf_base100_3way_s47n,B,r10,yolo12n,high,args-chain,`r10_shwd2sf_base100_3way_s47n`.`model` = `shwd2sf_pretrain.pt` → `shwd2sf_pretrain`.`model` = `yolo12n.pt`
r10_shwd2sf_base100_3way_s48n,B,r10,yolo12n,high,args-chain,`r10_shwd2sf_base100_3way_s48n`.`model` = `shwd2sf_pretrain.pt` → `shwd2sf_pretrain`.`model` = `yolo12n.pt`
r10_shwd2sf_base100_3way_s49n,B,r10,yolo12n,high,args-chain,`r10_shwd2sf_base100_3way_s49n`.`model` = `shwd2sf_pretrain.pt` → `shwd2sf_pretrain`.`model` = `yolo12n.pt`
r10_shwd2sf_base100_3way_s50n,B,r10,yolo12n,high,args-chain,`r10_shwd2sf_base100_3way_s50n`.`model` = `shwd2sf_pretrain.pt` → `shwd2sf_pretrain`.`model` = `yolo12n.pt`
r10_shwd2sf_base100_3way_s51n,B,r10,yolo12n,high,args-chain,`r10_shwd2sf_base100_3way_s51n`.`model` = `shwd2sf_pretrain.pt` → `shwd2sf_pretrain`.`model` = `yolo12n.pt`
r10_shwd2sf_base100_3way_s52n,B,r10,yolo12n,high,log,日志模型签名 `yolov12n summary`（r10_shwd2sf_base100_3way_s52n）
r10_shwd2sf_base100_3way_s53n,B,r10,yolo12n,high,args-chain,`r10_shwd2sf_base100_3way_s53n`.`model` = `shwd2sf_pretrain.pt` → `shwd2sf_pretrain`.`model` = `yolo12n.pt`
r10_shwd2sf_base100_3way_s54n,B,r10,yolo12n,high,args-chain,`r10_shwd2sf_base100_3way_s54n`.`model` = `shwd2sf_pretrain.pt` → `shwd2sf_pretrain`.`model` = `yolo12n.pt`
r10_shwd2sf_lr005_100ep_3way_s42n,B,r10,yolo12n,high,args-chain,`r10_shwd2sf_lr005_100ep_3way_s42n`.`model` = `shwd2sf_pretrain.pt` → `shwd2sf_pretrain`.`model` = `yolo12n.pt`
r10_shwd2sf_lr005_100ep_3way_s43n,B,r10,yolo12n,high,args-chain,`r10_shwd2sf_lr005_100ep_3way_s43n`.`model` = `shwd2sf_pretrain.pt` → `shwd2sf_pretrain`.`model` = `yolo12n.pt`
r10_shwd2sf_lr005_100ep_3way_s44n,B,r10,yolo12n,high,args-chain,`r10_shwd2sf_lr005_100ep_3way_s44n`.`model` = `shwd2sf_pretrain.pt` → `shwd2sf_pretrain`.`model` = `yolo12n.pt`
r10_shwd2sf_lr005_100ep_3way_s45n,B,r10,yolo12n,high,args-chain,`r10_shwd2sf_lr005_100ep_3way_s45n`.`model` = `shwd2sf_pretrain.pt` → `shwd2sf_pretrain`.`model` = `yolo12n.pt`
r10_shwd2sf_lr005_100ep_3way_s46n,B,r10,yolo12n,high,args-chain,`r10_shwd2sf_lr005_100ep_3way_s46n`.`model` = `shwd2sf_pretrain.pt` → `shwd2sf_pretrain`.`model` = `yolo12n.pt`
r10_shwd2sf_lr005_100ep_3way_s47n,B,r10,yolo12n,high,args-chain,`r10_shwd2sf_lr005_100ep_3way_s47n`.`model` = `shwd2sf_pretrain.pt` → `shwd2sf_pretrain`.`model` = `yolo12n.pt`
r10_shwd2sf_lr005_100ep_3way_s48n,B,r10,yolo12n,high,args-chain,`r10_shwd2sf_lr005_100ep_3way_s48n`.`model` = `shwd2sf_pretrain.pt` → `shwd2sf_pretrain`.`model` = `yolo12n.pt`
r10_shwd2sf_lr005_100ep_3way_s49n,B,r10,yolo12n,high,args-chain,`r10_shwd2sf_lr005_100ep_3way_s49n`.`model` = `shwd2sf_pretrain.pt` → `shwd2sf_pretrain`.`model` = `yolo12n.pt`
r10_shwd2sf_lr005_100ep_3way_s50n,B,r10,yolo12n,high,args-chain,`r10_shwd2sf_lr005_100ep_3way_s50n`.`model` = `shwd2sf_pretrain.pt` → `shwd2sf_pretrain`.`model` = `yolo12n.pt`
r10_shwd2sf_lr005_100ep_3way_s51n,B,r10,yolo12n,high,args-chain,`r10_shwd2sf_lr005_100ep_3way_s51n`.`model` = `shwd2sf_pretrain.pt` → `shwd2sf_pretrain`.`model` = `yolo12n.pt`
r10_shwd2sf_lr005_100ep_3way_s52n,B,r10,yolo12n,high,args-chain,`r10_shwd2sf_lr005_100ep_3way_s52n`.`model` = `shwd2sf_pretrain.pt` → `shwd2sf_pretrain`.`model` = `yolo12n.pt`
r10_shwd2sf_lr005_100ep_3way_s53n,B,r10,yolo12n,high,args-chain,`r10_shwd2sf_lr005_100ep_3way_s53n`.`model` = `shwd2sf_pretrain.pt` → `shwd2sf_pretrain`.`model` = `yolo12n.pt`
r10_shwd2sf_lr005_100ep_3way_s54n,B,r10,yolo12n,high,args-chain,`r10_shwd2sf_lr005_100ep_3way_s54n`.`model` = `shwd2sf_pretrain.pt` → `shwd2sf_pretrain`.`model` = `yolo12n.pt`
r10_smoke2sf_base100_3way_s42n,B,r10,yolo12n,high,log,日志模型签名 `yolov12n summary`（r10_smoke2sf_base100_3way_s42n）
r10_smoke2sf_base100_3way_s43n,B,r10,yolo12n,high,args-chain,`r10_smoke2sf_base100_3way_s43n`.`model` = `smoke_pretrain_nc2.pt` → `smoke_pretrain_nc2`.`model` = `smoke_pretrain.pt` → `smoke_pretrain`.`model` = `yolo12n.pt`
r10_smoke2sf_base100_3way_s44n,B,r10,yolo12n,high,args-chain,`r10_smoke2sf_base100_3way_s44n`.`model` = `smoke_pretrain_nc2.pt` → `smoke_pretrain_nc2`.`model` = `smoke_pretrain.pt` → `smoke_pretrain`.`model` = `yolo12n.pt`
r10_smoke2sf_base100_3way_s45n,B,r10,yolo12n,high,log,日志模型签名 `yolov12n summary`（r10_smoke2sf_base100_3way_s45n）
r10_smoke2sf_base100_3way_s46n,B,r10,yolo12n,high,args-chain,`r10_smoke2sf_base100_3way_s46n`.`model` = `smoke_pretrain_nc2.pt` → `smoke_pretrain_nc2`.`model` = `smoke_pretrain.pt` → `smoke_pretrain`.`model` = `yolo12n.pt`
r10_smoke2sf_base100_3way_s47n,B,r10,yolo12n,high,args-chain,`r10_smoke2sf_base100_3way_s47n`.`model` = `smoke_pretrain_nc2.pt` → `smoke_pretrain_nc2`.`model` = `smoke_pretrain.pt` → `smoke_pretrain`.`model` = `yolo12n.pt`
r10_smoke2sf_base100_3way_s48n,B,r10,yolo12n,high,args-chain,`r10_smoke2sf_base100_3way_s48n`.`model` = `smoke_pretrain_nc2.pt` → `smoke_pretrain_nc2`.`model` = `smoke_pretrain.pt` → `smoke_pretrain`.`model` = `yolo12n.pt`
r10_smoke2sf_base100_3way_s49n,B,r10,yolo12n,high,args-chain,`r10_smoke2sf_base100_3way_s49n`.`model` = `smoke_pretrain_nc2.pt` → `smoke_pretrain_nc2`.`model` = `smoke_pretrain.pt` → `smoke_pretrain`.`model` = `yolo12n.pt`
r10_smoke2sf_base100_3way_s50n,B,r10,yolo12n,high,args-chain,`r10_smoke2sf_base100_3way_s50n`.`model` = `smoke_pretrain_nc2.pt` → `smoke_pretrain_nc2`.`model` = `smoke_pretrain.pt` → `smoke_pretrain`.`model` = `yolo12n.pt`
r10_smoke2sf_base100_3way_s51n,B,r10,yolo12n,high,args-chain,`r10_smoke2sf_base100_3way_s51n`.`model` = `smoke_pretrain_nc2.pt` → `smoke_pretrain_nc2`.`model` = `smoke_pretrain.pt` → `smoke_pretrain`.`model` = `yolo12n.pt`
r10_smoke2sf_base100_3way_s52n,B,r10,yolo12n,high,log,日志模型签名 `yolov12n summary`（r10_smoke2sf_base100_3way_s52n）
r10_smoke2sf_lr005_100ep_3way_s42n,B,r10,yolo12n,high,args-chain,`r10_smoke2sf_lr005_100ep_3way_s42n`.`model` = `smoke_pretrain_nc2.pt` → `smoke_pretrain_nc2`.`model` = `smoke_pretrain.pt` → `smoke_pretrain`.`model` = `yolo12n.pt`
r10_smoke2sf_lr005_100ep_3way_s43n,B,r10,yolo12n,high,args-chain,`r10_smoke2sf_lr005_100ep_3way_s43n`.`model` = `smoke_pretrain_nc2.pt` → `smoke_pretrain_nc2`.`model` = `smoke_pretrain.pt` → `smoke_pretrain`.`model` = `yolo12n.pt`
r10_smoke2sf_lr005_100ep_3way_s44n,B,r10,yolo12n,high,args-chain,`r10_smoke2sf_lr005_100ep_3way_s44n`.`model` = `smoke_pretrain_nc2.pt` → `smoke_pretrain_nc2`.`model` = `smoke_pretrain.pt` → `smoke_pretrain`.`model` = `yolo12n.pt`
r10_smoke2sf_lr005_100ep_3way_s45n,B,r10,yolo12n,high,args-chain,`r10_smoke2sf_lr005_100ep_3way_s45n`.`model` = `smoke_pretrain_nc2.pt` → `smoke_pretrain_nc2`.`model` = `smoke_pretrain.pt` → `smoke_pretrain`.`model` = `yolo12n.pt`
r10_smoke2sf_lr005_100ep_3way_s46n,B,r10,yolo12n,high,args-chain,`r10_smoke2sf_lr005_100ep_3way_s46n`.`model` = `smoke_pretrain_nc2.pt` → `smoke_pretrain_nc2`.`model` = `smoke_pretrain.pt` → `smoke_pretrain`.`model` = `yolo12n.pt`
r10_smoke2sf_lr005_100ep_3way_s47n,B,r10,yolo12n,high,args-chain,`r10_smoke2sf_lr005_100ep_3way_s47n`.`model` = `smoke_pretrain_nc2.pt` → `smoke_pretrain_nc2`.`model` = `smoke_pretrain.pt` → `smoke_pretrain`.`model` = `yolo12n.pt`
r10_smoke2sf_lr005_100ep_3way_s48n,B,r10,yolo12n,high,args-chain,`r10_smoke2sf_lr005_100ep_3way_s48n`.`model` = `smoke_pretrain_nc2.pt` → `smoke_pretrain_nc2`.`model` = `smoke_pretrain.pt` → `smoke_pretrain`.`model` = `yolo12n.pt`
r10_smoke2sf_lr005_100ep_3way_s49n,B,r10,yolo12n,high,args-chain,`r10_smoke2sf_lr005_100ep_3way_s49n`.`model` = `smoke_pretrain_nc2.pt` → `smoke_pretrain_nc2`.`model` = `smoke_pretrain.pt` → `smoke_pretrain`.`model` = `yolo12n.pt`
r10_smoke2sf_lr005_100ep_3way_s50n,B,r10,yolo12n,high,args-chain,`r10_smoke2sf_lr005_100ep_3way_s50n`.`model` = `smoke_pretrain_nc2.pt` → `smoke_pretrain_nc2`.`model` = `smoke_pretrain.pt` → `smoke_pretrain`.`model` = `yolo12n.pt`
r10_smoke2sf_lr005_100ep_3way_s51n,B,r10,yolo12n,high,args-chain,`r10_smoke2sf_lr005_100ep_3way_s51n`.`model` = `smoke_pretrain_nc2.pt` → `smoke_pretrain_nc2`.`model` = `smoke_pretrain.pt` → `smoke_pretrain`.`model` = `yolo12n.pt`
r10_smoke2sf_lr005_100ep_3way_s52n,B,r10,yolo12n,high,args-chain,`r10_smoke2sf_lr005_100ep_3way_s52n`.`model` = `smoke_pretrain_nc2.pt` → `smoke_pretrain_nc2`.`model` = `smoke_pretrain.pt` → `smoke_pretrain`.`model` = `yolo12n.pt`
r10_vis_base30_3way_s42n,A,r10,yolo12n,high,log,日志模型签名 `yolov12n summary`（r10_vis_base30_3way_s42n）
r10_vis_base30_3way_s43n,A,r10,yolo12n,high,args-chain,`r10_vis_base30_3way_s43n`.`model` = `visdrone_pretrain.pt` → `visdrone_pretrain`.`model` = `yolo12n.pt`
r10_vis_base30_3way_s44n,A,r10,yolo12n,high,args-chain,`r10_vis_base30_3way_s44n`.`model` = `visdrone_pretrain.pt` → `visdrone_pretrain`.`model` = `yolo12n.pt`
r10_vis_base30_3way_s45n,A,r10,yolo12n,high,args-chain,`r10_vis_base30_3way_s45n`.`model` = `visdrone_pretrain.pt` → `visdrone_pretrain`.`model` = `yolo12n.pt`
r10_vis_base30_3way_s46n,A,r10,yolo12n,high,args-chain,`r10_vis_base30_3way_s46n`.`model` = `visdrone_pretrain.pt` → `visdrone_pretrain`.`model` = `yolo12n.pt`
r10_vis_base30_3way_s47n,A,r10,yolo12n,high,args-chain,`r10_vis_base30_3way_s47n`.`model` = `visdrone_pretrain.pt` → `visdrone_pretrain`.`model` = `yolo12n.pt`
r10_vis_base30_3way_s48n,A,r10,yolo12n,high,log,日志模型签名 `yolov12n summary`（r10_vis_base30_3way_s48n）
r10_vis_base30_3way_s49n,A,r10,yolo12n,high,args-chain,`r10_vis_base30_3way_s49n`.`model` = `visdrone_pretrain.pt` → `visdrone_pretrain`.`model` = `yolo12n.pt`
r10_vis_base30_3way_s50n,A,r10,yolo12n,high,args-chain,`r10_vis_base30_3way_s50n`.`model` = `visdrone_pretrain.pt` → `visdrone_pretrain`.`model` = `yolo12n.pt`
r10_vis_base30_3way_s51n,A,r10,yolo12n,high,args-chain,`r10_vis_base30_3way_s51n`.`model` = `visdrone_pretrain.pt` → `visdrone_pretrain`.`model` = `yolo12n.pt`
r10_vis_lr005_30ep_3way_s42n,A,r10,yolo12n,high,args-chain,`r10_vis_lr005_30ep_3way_s42n`.`model` = `visdrone_pretrain.pt` → `visdrone_pretrain`.`model` = `yolo12n.pt`
r10_vis_lr005_30ep_3way_s43n,A,r10,yolo12n,high,args-chain,`r10_vis_lr005_30ep_3way_s43n`.`model` = `visdrone_pretrain.pt` → `visdrone_pretrain`.`model` = `yolo12n.pt`
r10_vis_lr005_30ep_3way_s44n,A,r10,yolo12n,high,args-chain,`r10_vis_lr005_30ep_3way_s44n`.`model` = `visdrone_pretrain.pt` → `visdrone_pretrain`.`model` = `yolo12n.pt`
r10_vis_lr005_30ep_3way_s45n,A,r10,yolo12n,high,args-chain,`r10_vis_lr005_30ep_3way_s45n`.`model` = `visdrone_pretrain.pt` → `visdrone_pretrain`.`model` = `yolo12n.pt`
r10_vis_lr005_30ep_3way_s46n,A,r10,yolo12n,high,args-chain,`r10_vis_lr005_30ep_3way_s46n`.`model` = `visdrone_pretrain.pt` → `visdrone_pretrain`.`model` = `yolo12n.pt`
r10_vis_lr005_30ep_3way_s47n,A,r10,yolo12n,high,args-chain,`r10_vis_lr005_30ep_3way_s47n`.`model` = `visdrone_pretrain.pt` → `visdrone_pretrain`.`model` = `yolo12n.pt`
r10_vis_lr005_30ep_3way_s48n,A,r10,yolo12n,high,args-chain,`r10_vis_lr005_30ep_3way_s48n`.`model` = `visdrone_pretrain.pt` → `visdrone_pretrain`.`model` = `yolo12n.pt`
r10_vis_lr005_30ep_3way_s49n,A,r10,yolo12n,high,args-chain,`r10_vis_lr005_30ep_3way_s49n`.`model` = `visdrone_pretrain.pt` → `visdrone_pretrain`.`model` = `yolo12n.pt`
r10_vis_lr005_30ep_3way_s50n,A,r10,yolo12n,high,args-chain,`r10_vis_lr005_30ep_3way_s50n`.`model` = `visdrone_pretrain.pt` → `visdrone_pretrain`.`model` = `yolo12n.pt`
r10_vis_lr005_30ep_3way_s51n,A,r10,yolo12n,high,args-chain,`r10_vis_lr005_30ep_3way_s51n`.`model` = `visdrone_pretrain.pt` → `visdrone_pretrain`.`model` = `yolo12n.pt`
r15_arch_y11_vistod15_base100_s42n,A,r15,yolo11n,high,args-chain,`r15_arch_y11_vistod15_base100_s42n`.`model` = `yolo11n.pt`
r15_arch_y11_vistod15_base100_s42n_PARTIAL_09200932,A,r15,yolo11n,high,args-chain,`r15_arch_y11_vistod15_base100_s42n_PARTIAL_09200932`.`model` = `yolo11n.pt`
r15_arch_y11_vistod15_base100_s42n_oomfix,A,r15,yolo11n,high,log,日志模型签名 `yolo11n summary`（r15_arch_y11_vistod15_base100_s42n_oomfix）
r15_arch_y11_vistod15_base100_s43n,A,r15,yolo11n,high,log,日志模型签名 `yolo11n summary`（r15_arch_y11_vistod15_base100_s43n）
r15_arch_y11_vistod15_base100_s44n,A,r15,yolo11n,high,args-chain,`r15_arch_y11_vistod15_base100_s44n`.`model` = `yolo11n.pt`
r15_arch_y11_vistod15_base100_s45n,A,r15,yolo11n,high,args-chain,`r15_arch_y11_vistod15_base100_s45n`.`model` = `yolo11n.pt`
r15_arch_y11_vistod15_base100_s46n,B,r15,yolo11n,high,args-chain,`r15_arch_y11_vistod15_base100_s46n`.`model` = `yolo11n.pt`
r15_arch_y11_vistod15_base100_s47n,A,r15,yolo11n,high,args-chain,`r15_arch_y11_vistod15_base100_s47n`.`model` = `yolo11n.pt`
r15_arch_y11_vistod15_base100_s48n,B,r15,yolo11n,high,args-chain,`r15_arch_y11_vistod15_base100_s48n`.`model` = `yolo11n.pt`
r15_arch_y11_vistod15_base100_s49n,A,r15,yolo11n,high,args-chain,`r15_arch_y11_vistod15_base100_s49n`.`model` = `yolo11n.pt`
r15_arch_y11_vistod15_base100_s50n,B,r15,yolo11n,high,args-chain,`r15_arch_y11_vistod15_base100_s50n`.`model` = `yolo11n.pt`
r15_arch_y11_vistod15_base100_s51n,A,r15,yolo11n,high,args-chain,`r15_arch_y11_vistod15_base100_s51n`.`model` = `yolo11n.pt`
r15_arch_y11_vistod15_lr005_100ep_s42n,A,r15,yolo11n,high,log,日志模型签名 `yolo11n summary`（r15_arch_y11_vistod15_lr005_100ep_s42n）
r15_arch_y11_vistod15_lr005_100ep_s42n_PARTIAL_09200932,A,r15,yolo11n,high,log,日志模型签名 `yolo11n summary`（r15_arch_y11_vistod15_lr005_100ep_s42n_PARTIAL_09200932）
r15_arch_y11_vistod15_lr005_100ep_s42n_oomfix,A,r15,yolo11n,high,log,日志模型签名 `yolo11n summary`（r15_arch_y11_vistod15_lr005_100ep_s42n_oomfix）
r15_arch_y11_vistod15_lr005_100ep_s43n,A,r15,yolo11n,high,args-chain,`r15_arch_y11_vistod15_lr005_100ep_s43n`.`model` = `yolo11n.pt`
r15_arch_y11_vistod15_lr005_100ep_s43n_PARTIAL_09200932,A,r15,yolo11n,high,args-chain,`r15_arch_y11_vistod15_lr005_100ep_s43n_PARTIAL_09200932`.`model` = `yolo11n.pt`
r15_arch_y11_vistod15_lr005_100ep_s44n,A,r15,yolo11n,high,args-chain,`r15_arch_y11_vistod15_lr005_100ep_s44n`.`model` = `yolo11n.pt`
r15_arch_y11_vistod15_lr005_100ep_s44n_PARTIAL_09200932,A,r15,yolo11n,high,args-chain,`r15_arch_y11_vistod15_lr005_100ep_s44n_PARTIAL_09200932`.`model` = `yolo11n.pt`
r15_arch_y11_vistod15_lr005_100ep_s45n,A,r15,yolo11n,high,args-chain,`r15_arch_y11_vistod15_lr005_100ep_s45n`.`model` = `yolo11n.pt`
r15_arch_y11_vistod15_lr005_100ep_s46n,B,r15,yolo11n,high,args-chain,`r15_arch_y11_vistod15_lr005_100ep_s46n`.`model` = `yolo11n.pt`
r15_arch_y11_vistod15_lr005_100ep_s47n,A,r15,yolo11n,high,args-chain,`r15_arch_y11_vistod15_lr005_100ep_s47n`.`model` = `yolo11n.pt`
r15_arch_y11_vistod15_lr005_100ep_s48n,B,r15,yolo11n,high,args-chain,`r15_arch_y11_vistod15_lr005_100ep_s48n`.`model` = `yolo11n.pt`
r15_arch_y11_vistod15_lr005_100ep_s49n,A,r15,yolo11n,high,args-chain,`r15_arch_y11_vistod15_lr005_100ep_s49n`.`model` = `yolo11n.pt`
r15_arch_y11_vistod15_lr005_100ep_s50n,B,r15,yolo11n,high,args-chain,`r15_arch_y11_vistod15_lr005_100ep_s50n`.`model` = `yolo11n.pt`
r15_arch_y11_vistod15_lr005_100ep_s51n,A,r15,yolo11n,high,args-chain,`r15_arch_y11_vistod15_lr005_100ep_s51n`.`model` = `yolo11n.pt`
r15_arch_y12_vistod15_base100_s42n,A,r15,yolo12n,high,args-chain,`r15_arch_y12_vistod15_base100_s42n`.`model` = `yolo12n.pt`
r15_arch_y12_vistod15_base100_s42n,B,r15,yolo12n,high,args-chain,`r15_arch_y12_vistod15_base100_s42n`.`model` = `yolo12n.pt`
r15_arch_y12_vistod15_base100_s43n,A,r15,yolo12n,high,args-chain,`r15_arch_y12_vistod15_base100_s43n`.`model` = `yolo12n.pt`
r15_arch_y12_vistod15_base100_s44n,B,r15,yolo12n,high,args-chain,`r15_arch_y12_vistod15_base100_s44n`.`model` = `yolo12n.pt`
r15_arch_y12_vistod15_base100_s45n,A,r15,yolo12n,high,args-chain,`r15_arch_y12_vistod15_base100_s45n`.`model` = `yolo12n.pt`
r15_arch_y12_vistod15_base100_s46n,B,r15,yolo12n,high,args-chain,`r15_arch_y12_vistod15_base100_s46n`.`model` = `yolo12n.pt`
r15_arch_y12_vistod15_base100_s47n,A,r15,yolo12n,high,args-chain,`r15_arch_y12_vistod15_base100_s47n`.`model` = `yolo12n.pt`
r15_arch_y12_vistod15_base100_s48n,B,r15,yolo12n,high,args-chain,`r15_arch_y12_vistod15_base100_s48n`.`model` = `yolo12n.pt`
r15_arch_y12_vistod15_base100_s49n,A,r15,yolo12n,high,args-chain,`r15_arch_y12_vistod15_base100_s49n`.`model` = `yolo12n.pt`
r15_arch_y12_vistod15_base100_s50n,B,r15,yolo12n,high,args-chain,`r15_arch_y12_vistod15_base100_s50n`.`model` = `yolo12n.pt`
r15_arch_y12_vistod15_base100_s51n,A,r15,yolo12n,high,args-chain,`r15_arch_y12_vistod15_base100_s51n`.`model` = `yolo12n.pt`
r15_arch_y12_vistod15_lr005_100ep_s42n,B,r15,yolo12n,high,args-chain,`r15_arch_y12_vistod15_lr005_100ep_s42n`.`model` = `yolo12n.pt`
r15_arch_y12_vistod15_lr005_100ep_s43n,A,r15,yolo12n,high,args-chain,`r15_arch_y12_vistod15_lr005_100ep_s43n`.`model` = `yolo12n.pt`
r15_arch_y12_vistod15_lr005_100ep_s44n,B,r15,yolo12n,high,args-chain,`r15_arch_y12_vistod15_lr005_100ep_s44n`.`model` = `yolo12n.pt`
r15_arch_y12_vistod15_lr005_100ep_s45n,A,r15,yolo12n,high,args-chain,`r15_arch_y12_vistod15_lr005_100ep_s45n`.`model` = `yolo12n.pt`
r15_arch_y12_vistod15_lr005_100ep_s46n,B,r15,yolo12n,high,args-chain,`r15_arch_y12_vistod15_lr005_100ep_s46n`.`model` = `yolo12n.pt`
r15_arch_y12_vistod15_lr005_100ep_s47n,A,r15,yolo12n,high,args-chain,`r15_arch_y12_vistod15_lr005_100ep_s47n`.`model` = `yolo12n.pt`
r15_arch_y12_vistod15_lr005_100ep_s48n,B,r15,yolo12n,high,args-chain,`r15_arch_y12_vistod15_lr005_100ep_s48n`.`model` = `yolo12n.pt`
r15_arch_y12_vistod15_lr005_100ep_s49n,A,r15,yolo12n,high,args-chain,`r15_arch_y12_vistod15_lr005_100ep_s49n`.`model` = `yolo12n.pt`
r15_arch_y12_vistod15_lr005_100ep_s50n,B,r15,yolo12n,high,args-chain,`r15_arch_y12_vistod15_lr005_100ep_s50n`.`model` = `yolo12n.pt`
r15_arch_y12_vistod15_lr005_100ep_s51n,A,r15,yolo12n,high,args-chain,`r15_arch_y12_vistod15_lr005_100ep_s51n`.`model` = `yolo12n.pt`
r15b_y11_aitod_base100_s45n,A,r15b,yolo12n,high,args-chain,`r15b_y11_aitod_base100_s45n`.`model` = `dota15_pretrain.pt` → `dota15_pretrain`.`model` = `yolo12n.pt`
r15b_y11_aitod_base100_s46n,A,r15b,yolo12n,high,args-chain,`r15b_y11_aitod_base100_s46n`.`model` = `dota15_pretrain.pt` → `dota15_pretrain`.`model` = `yolo12n.pt`
r15b_y11_aitod_base100_s47n,A,r15b,yolo12n,high,log,日志模型签名 `yolov12n summary`（r15b_y11_aitod_base100_s47n）
r15b_y11_aitod_lr005_100ep_s45n,A,r15b,yolo12n,high,log,日志模型签名 `yolov12n summary`（r15b_y11_aitod_lr005_100ep_s45n）
r15b_y11_aitod_lr005_100ep_s46n,A,r15b,yolo12n,high,log,日志模型签名 `yolov12n summary`（r15b_y11_aitod_lr005_100ep_s46n）
r15b_y11_aitod_lr005_100ep_s47n,A,r15b,yolo12n,high,log,日志模型签名 `yolov12n summary`（r15b_y11_aitod_lr005_100ep_s47n）
s2ae_10p_100ep_base_s42n,B,s2ae,yolo12n,high,args-chain,`s2ae_10p_100ep_base_s42n`.`model` = `visdrone_pretrain.pt` → `visdrone_pretrain`.`model` = `yolo12n.pt`
s2ae_10p_100ep_base_s43n,B,s2ae,yolo12n,high,args-chain,`s2ae_10p_100ep_base_s43n`.`model` = `visdrone_pretrain.pt` → `visdrone_pretrain`.`model` = `yolo12n.pt`
s2ae_10p_100ep_base_s44n,B,s2ae,yolo12n,high,args-chain,`s2ae_10p_100ep_base_s44n`.`model` = `visdrone_pretrain.pt` → `visdrone_pretrain`.`model` = `yolo12n.pt`
s2ae_10p_100ep_base_s45n,B,s2ae,yolo12n,high,args-chain,`s2ae_10p_100ep_base_s45n`.`model` = `visdrone_pretrain.pt` → `visdrone_pretrain`.`model` = `yolo12n.pt`
s2ae_10p_100ep_base_s46n,B,s2ae,yolo12n,high,args-chain,`s2ae_10p_100ep_base_s46n`.`model` = `visdrone_pretrain.pt` → `visdrone_pretrain`.`model` = `yolo12n.pt`
s2ae_10p_100ep_base_s47n,B,s2ae,yolo12n,high,args-chain,`s2ae_10p_100ep_base_s47n`.`model` = `visdrone_pretrain.pt` → `visdrone_pretrain`.`model` = `yolo12n.pt`
s2ae_10p_100ep_base_s48n,B,s2ae,yolo12n,high,args-chain,`s2ae_10p_100ep_base_s48n`.`model` = `visdrone_pretrain.pt` → `visdrone_pretrain`.`model` = `yolo12n.pt`
s2ae_10p_100ep_base_s49n,B,s2ae,yolo12n,high,args-chain,`s2ae_10p_100ep_base_s49n`.`model` = `visdrone_pretrain.pt` → `visdrone_pretrain`.`model` = `yolo12n.pt`
s2ae_10p_100ep_base_s50n,B,s2ae,yolo12n,high,args-chain,`s2ae_10p_100ep_base_s50n`.`model` = `visdrone_pretrain.pt` → `visdrone_pretrain`.`model` = `yolo12n.pt`
s2ae_10p_100ep_base_s51n,B,s2ae,yolo12n,high,args-chain,`s2ae_10p_100ep_base_s51n`.`model` = `visdrone_pretrain.pt` → `visdrone_pretrain`.`model` = `yolo12n.pt`
s2ae_10p_100ep_lr005_s42n,B,s2ae,yolo12n,high,args-chain,`s2ae_10p_100ep_lr005_s42n`.`model` = `visdrone_pretrain.pt` → `visdrone_pretrain`.`model` = `yolo12n.pt`
s2ae_10p_100ep_lr005_s43n,B,s2ae,yolo12n,high,args-chain,`s2ae_10p_100ep_lr005_s43n`.`model` = `visdrone_pretrain.pt` → `visdrone_pretrain`.`model` = `yolo12n.pt`
s2ae_10p_100ep_lr005_s44n,B,s2ae,yolo12n,high,args-chain,`s2ae_10p_100ep_lr005_s44n`.`model` = `visdrone_pretrain.pt` → `visdrone_pretrain`.`model` = `yolo12n.pt`
s2ae_10p_100ep_lr005_s45n,B,s2ae,yolo12n,high,args-chain,`s2ae_10p_100ep_lr005_s45n`.`model` = `visdrone_pretrain.pt` → `visdrone_pretrain`.`model` = `yolo12n.pt`
s2ae_10p_100ep_lr005_s46n,B,s2ae,yolo12n,high,args-chain,`s2ae_10p_100ep_lr005_s46n`.`model` = `visdrone_pretrain.pt` → `visdrone_pretrain`.`model` = `yolo12n.pt`
s2ae_10p_100ep_lr005_s47n,B,s2ae,yolo12n,high,args-chain,`s2ae_10p_100ep_lr005_s47n`.`model` = `visdrone_pretrain.pt` → `visdrone_pretrain`.`model` = `yolo12n.pt`
s2ae_10p_100ep_lr005_s48n,B,s2ae,yolo12n,high,args-chain,`s2ae_10p_100ep_lr005_s48n`.`model` = `visdrone_pretrain.pt` → `visdrone_pretrain`.`model` = `yolo12n.pt`
s2ae_10p_100ep_lr005_s49n,B,s2ae,yolo12n,high,args-chain,`s2ae_10p_100ep_lr005_s49n`.`model` = `visdrone_pretrain.pt` → `visdrone_pretrain`.`model` = `yolo12n.pt`
s2ae_10p_100ep_lr005_s50n,B,s2ae,yolo12n,high,args-chain,`s2ae_10p_100ep_lr005_s50n`.`model` = `visdrone_pretrain.pt` → `visdrone_pretrain`.`model` = `yolo12n.pt`
s2ae_10p_100ep_lr005_s51n,B,s2ae,yolo12n,high,args-chain,`s2ae_10p_100ep_lr005_s51n`.`model` = `visdrone_pretrain.pt` → `visdrone_pretrain`.`model` = `yolo12n.pt`
s2ae_10p_30ep_base_s42n,A,s2ae,yolo12n,high,args-chain,`s2ae_10p_30ep_base_s42n`.`model` = `visdrone_pretrain.pt` → `visdrone_pretrain`.`model` = `yolo12n.pt`
s2ae_10p_30ep_base_s43n,A,s2ae,yolo12n,high,args-chain,`s2ae_10p_30ep_base_s43n`.`model` = `visdrone_pretrain.pt` → `visdrone_pretrain`.`model` = `yolo12n.pt`
s2ae_10p_30ep_base_s44n,A,s2ae,yolo12n,high,args-chain,`s2ae_10p_30ep_base_s44n`.`model` = `visdrone_pretrain.pt` → `visdrone_pretrain`.`model` = `yolo12n.pt`
s2ae_10p_30ep_base_s45n,A,s2ae,yolo12n,high,args-chain,`s2ae_10p_30ep_base_s45n`.`model` = `visdrone_pretrain.pt` → `visdrone_pretrain`.`model` = `yolo12n.pt`
s2ae_10p_30ep_base_s46n,A,s2ae,yolo12n,high,args-chain,`s2ae_10p_30ep_base_s46n`.`model` = `visdrone_pretrain.pt` → `visdrone_pretrain`.`model` = `yolo12n.pt`
s2ae_10p_30ep_base_s47n,A,s2ae,yolo12n,high,args-chain,`s2ae_10p_30ep_base_s47n`.`model` = `visdrone_pretrain.pt` → `visdrone_pretrain`.`model` = `yolo12n.pt`
s2ae_10p_30ep_base_s48n,A,s2ae,yolo12n,high,args-chain,`s2ae_10p_30ep_base_s48n`.`model` = `visdrone_pretrain.pt` → `visdrone_pretrain`.`model` = `yolo12n.pt`
s2ae_10p_30ep_base_s49n,A,s2ae,yolo12n,high,args-chain,`s2ae_10p_30ep_base_s49n`.`model` = `visdrone_pretrain.pt` → `visdrone_pretrain`.`model` = `yolo12n.pt`
s2ae_10p_30ep_base_s50n,A,s2ae,yolo12n,high,args-chain,`s2ae_10p_30ep_base_s50n`.`model` = `visdrone_pretrain.pt` → `visdrone_pretrain`.`model` = `yolo12n.pt`
s2ae_10p_30ep_base_s51n,A,s2ae,yolo12n,high,args-chain,`s2ae_10p_30ep_base_s51n`.`model` = `visdrone_pretrain.pt` → `visdrone_pretrain`.`model` = `yolo12n.pt`
s2ae_10p_30ep_lr005_s42n,A,s2ae,yolo12n,high,args-chain,`s2ae_10p_30ep_lr005_s42n`.`model` = `visdrone_pretrain.pt` → `visdrone_pretrain`.`model` = `yolo12n.pt`
s2ae_10p_30ep_lr005_s43n,A,s2ae,yolo12n,high,args-chain,`s2ae_10p_30ep_lr005_s43n`.`model` = `visdrone_pretrain.pt` → `visdrone_pretrain`.`model` = `yolo12n.pt`
s2ae_10p_30ep_lr005_s44n,A,s2ae,yolo12n,high,args-chain,`s2ae_10p_30ep_lr005_s44n`.`model` = `visdrone_pretrain.pt` → `visdrone_pretrain`.`model` = `yolo12n.pt`
s2ae_10p_30ep_lr005_s45n,A,s2ae,yolo12n,high,args-chain,`s2ae_10p_30ep_lr005_s45n`.`model` = `visdrone_pretrain.pt` → `visdrone_pretrain`.`model` = `yolo12n.pt`
s2ae_10p_30ep_lr005_s46n,A,s2ae,yolo12n,high,args-chain,`s2ae_10p_30ep_lr005_s46n`.`model` = `visdrone_pretrain.pt` → `visdrone_pretrain`.`model` = `yolo12n.pt`
s2ae_10p_30ep_lr005_s47n,A,s2ae,yolo12n,high,args-chain,`s2ae_10p_30ep_lr005_s47n`.`model` = `visdrone_pretrain.pt` → `visdrone_pretrain`.`model` = `yolo12n.pt`
s2ae_10p_30ep_lr005_s48n,A,s2ae,yolo12n,high,args-chain,`s2ae_10p_30ep_lr005_s48n`.`model` = `visdrone_pretrain.pt` → `visdrone_pretrain`.`model` = `yolo12n.pt`
s2ae_10p_30ep_lr005_s49n,A,s2ae,yolo12n,high,args-chain,`s2ae_10p_30ep_lr005_s49n`.`model` = `visdrone_pretrain.pt` → `visdrone_pretrain`.`model` = `yolo12n.pt`
s2ae_10p_30ep_lr005_s50n,A,s2ae,yolo12n,high,args-chain,`s2ae_10p_30ep_lr005_s50n`.`model` = `visdrone_pretrain.pt` → `visdrone_pretrain`.`model` = `yolo12n.pt`
s2ae_10p_30ep_lr005_s51n,A,s2ae,yolo12n,high,args-chain,`s2ae_10p_30ep_lr005_s51n`.`model` = `visdrone_pretrain.pt` → `visdrone_pretrain`.`model` = `yolo12n.pt`
s2ae_20p_100ep_base_s42n,A,s2ae,yolo12n,high,args-chain,`s2ae_20p_100ep_base_s42n`.`model` = `visdrone_pretrain.pt` → `visdrone_pretrain`.`model` = `yolo12n.pt`
s2ae_20p_100ep_base_s43n,A,s2ae,yolo12n,high,args-chain,`s2ae_20p_100ep_base_s43n`.`model` = `visdrone_pretrain.pt` → `visdrone_pretrain`.`model` = `yolo12n.pt`
s2ae_20p_100ep_base_s44n,A,s2ae,yolo12n,high,args-chain,`s2ae_20p_100ep_base_s44n`.`model` = `visdrone_pretrain.pt` → `visdrone_pretrain`.`model` = `yolo12n.pt`
s2ae_20p_100ep_base_s45n,A,s2ae,yolo12n,high,args-chain,`s2ae_20p_100ep_base_s45n`.`model` = `visdrone_pretrain.pt` → `visdrone_pretrain`.`model` = `yolo12n.pt`
s2ae_20p_100ep_base_s46n,A,s2ae,yolo12n,high,args-chain,`s2ae_20p_100ep_base_s46n`.`model` = `visdrone_pretrain.pt` → `visdrone_pretrain`.`model` = `yolo12n.pt`
s2ae_20p_100ep_base_s47n,A,s2ae,yolo12n,high,args-chain,`s2ae_20p_100ep_base_s47n`.`model` = `visdrone_pretrain.pt` → `visdrone_pretrain`.`model` = `yolo12n.pt`
s2ae_20p_100ep_base_s48n,A,s2ae,yolo12n,high,args-chain,`s2ae_20p_100ep_base_s48n`.`model` = `visdrone_pretrain.pt` → `visdrone_pretrain`.`model` = `yolo12n.pt`
s2ae_20p_100ep_base_s49n,A,s2ae,yolo12n,high,args-chain,`s2ae_20p_100ep_base_s49n`.`model` = `visdrone_pretrain.pt` → `visdrone_pretrain`.`model` = `yolo12n.pt`
s2ae_20p_100ep_base_s50n,A,s2ae,yolo12n,high,args-chain,`s2ae_20p_100ep_base_s50n`.`model` = `visdrone_pretrain.pt` → `visdrone_pretrain`.`model` = `yolo12n.pt`
s2ae_20p_100ep_base_s51n,A,s2ae,yolo12n,high,args-chain,`s2ae_20p_100ep_base_s51n`.`model` = `visdrone_pretrain.pt` → `visdrone_pretrain`.`model` = `yolo12n.pt`
s2ae_20p_100ep_lr005_s42n,A,s2ae,yolo12n,high,args-chain,`s2ae_20p_100ep_lr005_s42n`.`model` = `visdrone_pretrain.pt` → `visdrone_pretrain`.`model` = `yolo12n.pt`
s2ae_20p_100ep_lr005_s43n,A,s2ae,yolo12n,high,args-chain,`s2ae_20p_100ep_lr005_s43n`.`model` = `visdrone_pretrain.pt` → `visdrone_pretrain`.`model` = `yolo12n.pt`
s2ae_20p_100ep_lr005_s44n,A,s2ae,yolo12n,high,args-chain,`s2ae_20p_100ep_lr005_s44n`.`model` = `visdrone_pretrain.pt` → `visdrone_pretrain`.`model` = `yolo12n.pt`
s2ae_20p_100ep_lr005_s45n,A,s2ae,yolo12n,high,args-chain,`s2ae_20p_100ep_lr005_s45n`.`model` = `visdrone_pretrain.pt` → `visdrone_pretrain`.`model` = `yolo12n.pt`
s2ae_20p_100ep_lr005_s46n,A,s2ae,yolo12n,high,args-chain,`s2ae_20p_100ep_lr005_s46n`.`model` = `visdrone_pretrain.pt` → `visdrone_pretrain`.`model` = `yolo12n.pt`
s2ae_20p_100ep_lr005_s47n,A,s2ae,yolo12n,high,args-chain,`s2ae_20p_100ep_lr005_s47n`.`model` = `visdrone_pretrain.pt` → `visdrone_pretrain`.`model` = `yolo12n.pt`
s2ae_20p_100ep_lr005_s48n,A,s2ae,yolo12n,high,args-chain,`s2ae_20p_100ep_lr005_s48n`.`model` = `visdrone_pretrain.pt` → `visdrone_pretrain`.`model` = `yolo12n.pt`
s2ae_20p_100ep_lr005_s49n,A,s2ae,yolo12n,high,args-chain,`s2ae_20p_100ep_lr005_s49n`.`model` = `visdrone_pretrain.pt` → `visdrone_pretrain`.`model` = `yolo12n.pt`
s2ae_20p_100ep_lr005_s50n,A,s2ae,yolo12n,high,args-chain,`s2ae_20p_100ep_lr005_s50n`.`model` = `visdrone_pretrain.pt` → `visdrone_pretrain`.`model` = `yolo12n.pt`
s2ae_20p_100ep_lr005_s51n,A,s2ae,yolo12n,high,args-chain,`s2ae_20p_100ep_lr005_s51n`.`model` = `visdrone_pretrain.pt` → `visdrone_pretrain`.`model` = `yolo12n.pt`
s2ae_20p_30ep_base_s42n,A,s2ae,yolo12n,high,args-chain,`s2ae_20p_30ep_base_s42n`.`model` = `visdrone_pretrain.pt` → `visdrone_pretrain`.`model` = `yolo12n.pt`
s2ae_20p_30ep_base_s43n,A,s2ae,yolo12n,high,args-chain,`s2ae_20p_30ep_base_s43n`.`model` = `visdrone_pretrain.pt` → `visdrone_pretrain`.`model` = `yolo12n.pt`
s2ae_20p_30ep_base_s44n,A,s2ae,yolo12n,high,args-chain,`s2ae_20p_30ep_base_s44n`.`model` = `visdrone_pretrain.pt` → `visdrone_pretrain`.`model` = `yolo12n.pt`
s2ae_20p_30ep_base_s45n,A,s2ae,yolo12n,high,args-chain,`s2ae_20p_30ep_base_s45n`.`model` = `visdrone_pretrain.pt` → `visdrone_pretrain`.`model` = `yolo12n.pt`
s2ae_20p_30ep_base_s46n,A,s2ae,yolo12n,high,args-chain,`s2ae_20p_30ep_base_s46n`.`model` = `visdrone_pretrain.pt` → `visdrone_pretrain`.`model` = `yolo12n.pt`
s2ae_20p_30ep_base_s47n,A,s2ae,yolo12n,high,args-chain,`s2ae_20p_30ep_base_s47n`.`model` = `visdrone_pretrain.pt` → `visdrone_pretrain`.`model` = `yolo12n.pt`
s2ae_20p_30ep_base_s48n,A,s2ae,yolo12n,high,args-chain,`s2ae_20p_30ep_base_s48n`.`model` = `visdrone_pretrain.pt` → `visdrone_pretrain`.`model` = `yolo12n.pt`
s2ae_20p_30ep_base_s49n,A,s2ae,yolo12n,high,args-chain,`s2ae_20p_30ep_base_s49n`.`model` = `visdrone_pretrain.pt` → `visdrone_pretrain`.`model` = `yolo12n.pt`
s2ae_20p_30ep_base_s50n,A,s2ae,yolo12n,high,args-chain,`s2ae_20p_30ep_base_s50n`.`model` = `visdrone_pretrain.pt` → `visdrone_pretrain`.`model` = `yolo12n.pt`
s2ae_20p_30ep_base_s51n,A,s2ae,yolo12n,high,args-chain,`s2ae_20p_30ep_base_s51n`.`model` = `visdrone_pretrain.pt` → `visdrone_pretrain`.`model` = `yolo12n.pt`
s2ae_20p_30ep_lr005_s42n,A,s2ae,yolo12n,high,args-chain,`s2ae_20p_30ep_lr005_s42n`.`model` = `visdrone_pretrain.pt` → `visdrone_pretrain`.`model` = `yolo12n.pt`
s2ae_20p_30ep_lr005_s43n,A,s2ae,yolo12n,high,args-chain,`s2ae_20p_30ep_lr005_s43n`.`model` = `visdrone_pretrain.pt` → `visdrone_pretrain`.`model` = `yolo12n.pt`
s2ae_20p_30ep_lr005_s44n,A,s2ae,yolo12n,high,args-chain,`s2ae_20p_30ep_lr005_s44n`.`model` = `visdrone_pretrain.pt` → `visdrone_pretrain`.`model` = `yolo12n.pt`
s2ae_20p_30ep_lr005_s45n,A,s2ae,yolo12n,high,args-chain,`s2ae_20p_30ep_lr005_s45n`.`model` = `visdrone_pretrain.pt` → `visdrone_pretrain`.`model` = `yolo12n.pt`
s2ae_20p_30ep_lr005_s46n,A,s2ae,yolo12n,high,args-chain,`s2ae_20p_30ep_lr005_s46n`.`model` = `visdrone_pretrain.pt` → `visdrone_pretrain`.`model` = `yolo12n.pt`
s2ae_20p_30ep_lr005_s47n,A,s2ae,yolo12n,high,args-chain,`s2ae_20p_30ep_lr005_s47n`.`model` = `visdrone_pretrain.pt` → `visdrone_pretrain`.`model` = `yolo12n.pt`
s2ae_20p_30ep_lr005_s48n,A,s2ae,yolo12n,high,args-chain,`s2ae_20p_30ep_lr005_s48n`.`model` = `visdrone_pretrain.pt` → `visdrone_pretrain`.`model` = `yolo12n.pt`
s2ae_20p_30ep_lr005_s49n,A,s2ae,yolo12n,high,args-chain,`s2ae_20p_30ep_lr005_s49n`.`model` = `visdrone_pretrain.pt` → `visdrone_pretrain`.`model` = `yolo12n.pt`
s2ae_20p_30ep_lr005_s50n,A,s2ae,yolo12n,high,args-chain,`s2ae_20p_30ep_lr005_s50n`.`model` = `visdrone_pretrain.pt` → `visdrone_pretrain`.`model` = `yolo12n.pt`
s2ae_20p_30ep_lr005_s51n,A,s2ae,yolo12n,high,args-chain,`s2ae_20p_30ep_lr005_s51n`.`model` = `visdrone_pretrain.pt` → `visdrone_pretrain`.`model` = `yolo12n.pt`
s2ae_30p_100ep_base_s42n,B,s2ae,yolo12n,high,args-chain,`s2ae_30p_100ep_base_s42n`.`model` = `visdrone_pretrain.pt` → `visdrone_pretrain`.`model` = `yolo12n.pt`
s2ae_30p_100ep_base_s43n,B,s2ae,yolo12n,high,args-chain,`s2ae_30p_100ep_base_s43n`.`model` = `visdrone_pretrain.pt` → `visdrone_pretrain`.`model` = `yolo12n.pt`
s2ae_30p_100ep_base_s44n,B,s2ae,yolo12n,high,args-chain,`s2ae_30p_100ep_base_s44n`.`model` = `visdrone_pretrain.pt` → `visdrone_pretrain`.`model` = `yolo12n.pt`
s2ae_30p_100ep_base_s45n,B,s2ae,yolo12n,high,args-chain,`s2ae_30p_100ep_base_s45n`.`model` = `visdrone_pretrain.pt` → `visdrone_pretrain`.`model` = `yolo12n.pt`
s2ae_30p_100ep_base_s46n,B,s2ae,yolo12n,high,args-chain,`s2ae_30p_100ep_base_s46n`.`model` = `visdrone_pretrain.pt` → `visdrone_pretrain`.`model` = `yolo12n.pt`
s2ae_30p_100ep_base_s47n,B,s2ae,yolo12n,high,args-chain,`s2ae_30p_100ep_base_s47n`.`model` = `visdrone_pretrain.pt` → `visdrone_pretrain`.`model` = `yolo12n.pt`
s2ae_30p_100ep_base_s48n,B,s2ae,yolo12n,high,args-chain,`s2ae_30p_100ep_base_s48n`.`model` = `visdrone_pretrain.pt` → `visdrone_pretrain`.`model` = `yolo12n.pt`
s2ae_30p_100ep_base_s49n,B,s2ae,yolo12n,high,args-chain,`s2ae_30p_100ep_base_s49n`.`model` = `visdrone_pretrain.pt` → `visdrone_pretrain`.`model` = `yolo12n.pt`
s2ae_30p_100ep_base_s50n,B,s2ae,yolo12n,high,args-chain,`s2ae_30p_100ep_base_s50n`.`model` = `visdrone_pretrain.pt` → `visdrone_pretrain`.`model` = `yolo12n.pt`
s2ae_30p_100ep_base_s51n,B,s2ae,yolo12n,high,args-chain,`s2ae_30p_100ep_base_s51n`.`model` = `visdrone_pretrain.pt` → `visdrone_pretrain`.`model` = `yolo12n.pt`
s2ae_30p_100ep_lr005_s42n,B,s2ae,yolo12n,high,args-chain,`s2ae_30p_100ep_lr005_s42n`.`model` = `visdrone_pretrain.pt` → `visdrone_pretrain`.`model` = `yolo12n.pt`
s2ae_30p_100ep_lr005_s43n,B,s2ae,yolo12n,high,args-chain,`s2ae_30p_100ep_lr005_s43n`.`model` = `visdrone_pretrain.pt` → `visdrone_pretrain`.`model` = `yolo12n.pt`
s2ae_30p_100ep_lr005_s44n,B,s2ae,yolo12n,high,args-chain,`s2ae_30p_100ep_lr005_s44n`.`model` = `visdrone_pretrain.pt` → `visdrone_pretrain`.`model` = `yolo12n.pt`
s2ae_30p_100ep_lr005_s45n,B,s2ae,yolo12n,high,args-chain,`s2ae_30p_100ep_lr005_s45n`.`model` = `visdrone_pretrain.pt` → `visdrone_pretrain`.`model` = `yolo12n.pt`
s2ae_30p_100ep_lr005_s46n,B,s2ae,yolo12n,high,args-chain,`s2ae_30p_100ep_lr005_s46n`.`model` = `visdrone_pretrain.pt` → `visdrone_pretrain`.`model` = `yolo12n.pt`
s2ae_30p_100ep_lr005_s47n,B,s2ae,yolo12n,high,args-chain,`s2ae_30p_100ep_lr005_s47n`.`model` = `visdrone_pretrain.pt` → `visdrone_pretrain`.`model` = `yolo12n.pt`
s2ae_30p_100ep_lr005_s48n,B,s2ae,yolo12n,high,args-chain,`s2ae_30p_100ep_lr005_s48n`.`model` = `visdrone_pretrain.pt` → `visdrone_pretrain`.`model` = `yolo12n.pt`
s2ae_30p_100ep_lr005_s49n,B,s2ae,yolo12n,high,args-chain,`s2ae_30p_100ep_lr005_s49n`.`model` = `visdrone_pretrain.pt` → `visdrone_pretrain`.`model` = `yolo12n.pt`
s2ae_30p_100ep_lr005_s50n,B,s2ae,yolo12n,high,args-chain,`s2ae_30p_100ep_lr005_s50n`.`model` = `visdrone_pretrain.pt` → `visdrone_pretrain`.`model` = `yolo12n.pt`
s2ae_30p_100ep_lr005_s51n,B,s2ae,yolo12n,high,args-chain,`s2ae_30p_100ep_lr005_s51n`.`model` = `visdrone_pretrain.pt` → `visdrone_pretrain`.`model` = `yolo12n.pt`
s2ae_30p_30ep_base_s42n,A,s2ae,yolo12n,high,args-chain,`s2ae_30p_30ep_base_s42n`.`model` = `visdrone_pretrain.pt` → `visdrone_pretrain`.`model` = `yolo12n.pt`
s2ae_30p_30ep_base_s43n,A,s2ae,yolo12n,high,args-chain,`s2ae_30p_30ep_base_s43n`.`model` = `visdrone_pretrain.pt` → `visdrone_pretrain`.`model` = `yolo12n.pt`
s2ae_30p_30ep_base_s44n,A,s2ae,yolo12n,high,args-chain,`s2ae_30p_30ep_base_s44n`.`model` = `visdrone_pretrain.pt` → `visdrone_pretrain`.`model` = `yolo12n.pt`
s2ae_30p_30ep_base_s45n,A,s2ae,yolo12n,high,args-chain,`s2ae_30p_30ep_base_s45n`.`model` = `visdrone_pretrain.pt` → `visdrone_pretrain`.`model` = `yolo12n.pt`
s2ae_30p_30ep_base_s46n,A,s2ae,yolo12n,high,args-chain,`s2ae_30p_30ep_base_s46n`.`model` = `visdrone_pretrain.pt` → `visdrone_pretrain`.`model` = `yolo12n.pt`
s2ae_30p_30ep_base_s47n,A,s2ae,yolo12n,high,args-chain,`s2ae_30p_30ep_base_s47n`.`model` = `visdrone_pretrain.pt` → `visdrone_pretrain`.`model` = `yolo12n.pt`
s2ae_30p_30ep_base_s48n,A,s2ae,yolo12n,high,args-chain,`s2ae_30p_30ep_base_s48n`.`model` = `visdrone_pretrain.pt` → `visdrone_pretrain`.`model` = `yolo12n.pt`
s2ae_30p_30ep_base_s49n,A,s2ae,yolo12n,high,args-chain,`s2ae_30p_30ep_base_s49n`.`model` = `visdrone_pretrain.pt` → `visdrone_pretrain`.`model` = `yolo12n.pt`
s2ae_30p_30ep_base_s50n,A,s2ae,yolo12n,high,args-chain,`s2ae_30p_30ep_base_s50n`.`model` = `visdrone_pretrain.pt` → `visdrone_pretrain`.`model` = `yolo12n.pt`
s2ae_30p_30ep_base_s51n,A,s2ae,yolo12n,high,args-chain,`s2ae_30p_30ep_base_s51n`.`model` = `visdrone_pretrain.pt` → `visdrone_pretrain`.`model` = `yolo12n.pt`
s2ae_30p_30ep_lr005_s42n,A,s2ae,yolo12n,high,args-chain,`s2ae_30p_30ep_lr005_s42n`.`model` = `visdrone_pretrain.pt` → `visdrone_pretrain`.`model` = `yolo12n.pt`
s2ae_30p_30ep_lr005_s43n,A,s2ae,yolo12n,high,args-chain,`s2ae_30p_30ep_lr005_s43n`.`model` = `visdrone_pretrain.pt` → `visdrone_pretrain`.`model` = `yolo12n.pt`
s2ae_30p_30ep_lr005_s44n,A,s2ae,yolo12n,high,args-chain,`s2ae_30p_30ep_lr005_s44n`.`model` = `visdrone_pretrain.pt` → `visdrone_pretrain`.`model` = `yolo12n.pt`
s2ae_30p_30ep_lr005_s45n,A,s2ae,yolo12n,high,args-chain,`s2ae_30p_30ep_lr005_s45n`.`model` = `visdrone_pretrain.pt` → `visdrone_pretrain`.`model` = `yolo12n.pt`
s2ae_30p_30ep_lr005_s46n,A,s2ae,yolo12n,high,args-chain,`s2ae_30p_30ep_lr005_s46n`.`model` = `visdrone_pretrain.pt` → `visdrone_pretrain`.`model` = `yolo12n.pt`
s2ae_30p_30ep_lr005_s47n,A,s2ae,yolo12n,high,args-chain,`s2ae_30p_30ep_lr005_s47n`.`model` = `visdrone_pretrain.pt` → `visdrone_pretrain`.`model` = `yolo12n.pt`
s2ae_30p_30ep_lr005_s48n,A,s2ae,yolo12n,high,args-chain,`s2ae_30p_30ep_lr005_s48n`.`model` = `visdrone_pretrain.pt` → `visdrone_pretrain`.`model` = `yolo12n.pt`
s2ae_30p_30ep_lr005_s49n,A,s2ae,yolo12n,high,args-chain,`s2ae_30p_30ep_lr005_s49n`.`model` = `visdrone_pretrain.pt` → `visdrone_pretrain`.`model` = `yolo12n.pt`
s2ae_30p_30ep_lr005_s50n,A,s2ae,yolo12n,high,args-chain,`s2ae_30p_30ep_lr005_s50n`.`model` = `visdrone_pretrain.pt` → `visdrone_pretrain`.`model` = `yolo12n.pt`
s2ae_30p_30ep_lr005_s51n,A,s2ae,yolo12n,high,args-chain,`s2ae_30p_30ep_lr005_s51n`.`model` = `visdrone_pretrain.pt` → `visdrone_pretrain`.`model` = `yolo12n.pt`
s2ae_40p_100ep_base_s42n,A,s2ae,yolo12n,high,args-chain,`s2ae_40p_100ep_base_s42n`.`model` = `visdrone_pretrain.pt` → `visdrone_pretrain`.`model` = `yolo12n.pt`
s2ae_40p_100ep_base_s43n,A,s2ae,yolo12n,high,args-chain,`s2ae_40p_100ep_base_s43n`.`model` = `visdrone_pretrain.pt` → `visdrone_pretrain`.`model` = `yolo12n.pt`
s2ae_40p_100ep_base_s44n,A,s2ae,yolo12n,high,args-chain,`s2ae_40p_100ep_base_s44n`.`model` = `visdrone_pretrain.pt` → `visdrone_pretrain`.`model` = `yolo12n.pt`
s2ae_40p_100ep_base_s45n,A,s2ae,yolo12n,high,args-chain,`s2ae_40p_100ep_base_s45n`.`model` = `visdrone_pretrain.pt` → `visdrone_pretrain`.`model` = `yolo12n.pt`
s2ae_40p_100ep_base_s46n,A,s2ae,yolo12n,high,args-chain,`s2ae_40p_100ep_base_s46n`.`model` = `visdrone_pretrain.pt` → `visdrone_pretrain`.`model` = `yolo12n.pt`
s2ae_40p_100ep_base_s47n,A,s2ae,yolo12n,high,args-chain,`s2ae_40p_100ep_base_s47n`.`model` = `visdrone_pretrain.pt` → `visdrone_pretrain`.`model` = `yolo12n.pt`
s2ae_40p_100ep_base_s48n,A,s2ae,yolo12n,high,args-chain,`s2ae_40p_100ep_base_s48n`.`model` = `visdrone_pretrain.pt` → `visdrone_pretrain`.`model` = `yolo12n.pt`
s2ae_40p_100ep_base_s49n,A,s2ae,yolo12n,high,args-chain,`s2ae_40p_100ep_base_s49n`.`model` = `visdrone_pretrain.pt` → `visdrone_pretrain`.`model` = `yolo12n.pt`
s2ae_40p_100ep_base_s50n,A,s2ae,yolo12n,high,args-chain,`s2ae_40p_100ep_base_s50n`.`model` = `visdrone_pretrain.pt` → `visdrone_pretrain`.`model` = `yolo12n.pt`
s2ae_40p_100ep_base_s51n,A,s2ae,yolo12n,high,args-chain,`s2ae_40p_100ep_base_s51n`.`model` = `visdrone_pretrain.pt` → `visdrone_pretrain`.`model` = `yolo12n.pt`
s2ae_40p_100ep_lr005_s42n,A,s2ae,yolo12n,high,args-chain,`s2ae_40p_100ep_lr005_s42n`.`model` = `visdrone_pretrain.pt` → `visdrone_pretrain`.`model` = `yolo12n.pt`
s2ae_40p_100ep_lr005_s43n,A,s2ae,yolo12n,high,args-chain,`s2ae_40p_100ep_lr005_s43n`.`model` = `visdrone_pretrain.pt` → `visdrone_pretrain`.`model` = `yolo12n.pt`
s2ae_40p_100ep_lr005_s44n,A,s2ae,yolo12n,high,args-chain,`s2ae_40p_100ep_lr005_s44n`.`model` = `visdrone_pretrain.pt` → `visdrone_pretrain`.`model` = `yolo12n.pt`
s2ae_40p_100ep_lr005_s45n,A,s2ae,yolo12n,high,args-chain,`s2ae_40p_100ep_lr005_s45n`.`model` = `visdrone_pretrain.pt` → `visdrone_pretrain`.`model` = `yolo12n.pt`
s2ae_40p_100ep_lr005_s46n,A,s2ae,yolo12n,high,args-chain,`s2ae_40p_100ep_lr005_s46n`.`model` = `visdrone_pretrain.pt` → `visdrone_pretrain`.`model` = `yolo12n.pt`
s2ae_40p_100ep_lr005_s47n,A,s2ae,yolo12n,high,args-chain,`s2ae_40p_100ep_lr005_s47n`.`model` = `visdrone_pretrain.pt` → `visdrone_pretrain`.`model` = `yolo12n.pt`
s2ae_40p_100ep_lr005_s48n,A,s2ae,yolo12n,high,args-chain,`s2ae_40p_100ep_lr005_s48n`.`model` = `visdrone_pretrain.pt` → `visdrone_pretrain`.`model` = `yolo12n.pt`
s2ae_40p_100ep_lr005_s49n,A,s2ae,yolo12n,high,args-chain,`s2ae_40p_100ep_lr005_s49n`.`model` = `visdrone_pretrain.pt` → `visdrone_pretrain`.`model` = `yolo12n.pt`
s2ae_40p_100ep_lr005_s50n,A,s2ae,yolo12n,high,args-chain,`s2ae_40p_100ep_lr005_s50n`.`model` = `visdrone_pretrain.pt` → `visdrone_pretrain`.`model` = `yolo12n.pt`
s2ae_40p_100ep_lr005_s51n,A,s2ae,yolo12n,high,args-chain,`s2ae_40p_100ep_lr005_s51n`.`model` = `visdrone_pretrain.pt` → `visdrone_pretrain`.`model` = `yolo12n.pt`
s2ae_40p_30ep_base_s42n,A,s2ae,yolo12n,high,args-chain,`s2ae_40p_30ep_base_s42n`.`model` = `visdrone_pretrain.pt` → `visdrone_pretrain`.`model` = `yolo12n.pt`
s2ae_40p_30ep_base_s43n,A,s2ae,yolo12n,high,args-chain,`s2ae_40p_30ep_base_s43n`.`model` = `visdrone_pretrain.pt` → `visdrone_pretrain`.`model` = `yolo12n.pt`
s2ae_40p_30ep_base_s44n,A,s2ae,yolo12n,high,args-chain,`s2ae_40p_30ep_base_s44n`.`model` = `visdrone_pretrain.pt` → `visdrone_pretrain`.`model` = `yolo12n.pt`
s2ae_40p_30ep_base_s45n,A,s2ae,yolo12n,high,args-chain,`s2ae_40p_30ep_base_s45n`.`model` = `visdrone_pretrain.pt` → `visdrone_pretrain`.`model` = `yolo12n.pt`
s2ae_40p_30ep_base_s46n,A,s2ae,yolo12n,high,args-chain,`s2ae_40p_30ep_base_s46n`.`model` = `visdrone_pretrain.pt` → `visdrone_pretrain`.`model` = `yolo12n.pt`
s2ae_40p_30ep_base_s47n,A,s2ae,yolo12n,high,args-chain,`s2ae_40p_30ep_base_s47n`.`model` = `visdrone_pretrain.pt` → `visdrone_pretrain`.`model` = `yolo12n.pt`
s2ae_40p_30ep_base_s48n,A,s2ae,yolo12n,high,args-chain,`s2ae_40p_30ep_base_s48n`.`model` = `visdrone_pretrain.pt` → `visdrone_pretrain`.`model` = `yolo12n.pt`
s2ae_40p_30ep_base_s49n,A,s2ae,yolo12n,high,args-chain,`s2ae_40p_30ep_base_s49n`.`model` = `visdrone_pretrain.pt` → `visdrone_pretrain`.`model` = `yolo12n.pt`
s2ae_40p_30ep_base_s50n,A,s2ae,yolo12n,high,args-chain,`s2ae_40p_30ep_base_s50n`.`model` = `visdrone_pretrain.pt` → `visdrone_pretrain`.`model` = `yolo12n.pt`
s2ae_40p_30ep_base_s51n,A,s2ae,yolo12n,high,args-chain,`s2ae_40p_30ep_base_s51n`.`model` = `visdrone_pretrain.pt` → `visdrone_pretrain`.`model` = `yolo12n.pt`
s2ae_40p_30ep_lr005_s42n,A,s2ae,yolo12n,high,args-chain,`s2ae_40p_30ep_lr005_s42n`.`model` = `visdrone_pretrain.pt` → `visdrone_pretrain`.`model` = `yolo12n.pt`
s2ae_40p_30ep_lr005_s43n,A,s2ae,yolo12n,high,args-chain,`s2ae_40p_30ep_lr005_s43n`.`model` = `visdrone_pretrain.pt` → `visdrone_pretrain`.`model` = `yolo12n.pt`
s2ae_40p_30ep_lr005_s44n,A,s2ae,yolo12n,high,args-chain,`s2ae_40p_30ep_lr005_s44n`.`model` = `visdrone_pretrain.pt` → `visdrone_pretrain`.`model` = `yolo12n.pt`
s2ae_40p_30ep_lr005_s45n,A,s2ae,yolo12n,high,args-chain,`s2ae_40p_30ep_lr005_s45n`.`model` = `visdrone_pretrain.pt` → `visdrone_pretrain`.`model` = `yolo12n.pt`
s2ae_40p_30ep_lr005_s46n,A,s2ae,yolo12n,high,args-chain,`s2ae_40p_30ep_lr005_s46n`.`model` = `visdrone_pretrain.pt` → `visdrone_pretrain`.`model` = `yolo12n.pt`
s2ae_40p_30ep_lr005_s47n,A,s2ae,yolo12n,high,args-chain,`s2ae_40p_30ep_lr005_s47n`.`model` = `visdrone_pretrain.pt` → `visdrone_pretrain`.`model` = `yolo12n.pt`
s2ae_40p_30ep_lr005_s48n,A,s2ae,yolo12n,high,args-chain,`s2ae_40p_30ep_lr005_s48n`.`model` = `visdrone_pretrain.pt` → `visdrone_pretrain`.`model` = `yolo12n.pt`
s2ae_40p_30ep_lr005_s49n,A,s2ae,yolo12n,high,args-chain,`s2ae_40p_30ep_lr005_s49n`.`model` = `visdrone_pretrain.pt` → `visdrone_pretrain`.`model` = `yolo12n.pt`
s2ae_40p_30ep_lr005_s50n,A,s2ae,yolo12n,high,args-chain,`s2ae_40p_30ep_lr005_s50n`.`model` = `visdrone_pretrain.pt` → `visdrone_pretrain`.`model` = `yolo12n.pt`
s2ae_40p_30ep_lr005_s51n,A,s2ae,yolo12n,high,args-chain,`s2ae_40p_30ep_lr005_s51n`.`model` = `visdrone_pretrain.pt` → `visdrone_pretrain`.`model` = `yolo12n.pt`
s2ae_50p_100ep_base_s42n,B,s2ae,yolo12n,high,args-chain,`s2ae_50p_100ep_base_s42n`.`model` = `visdrone_pretrain.pt` → `visdrone_pretrain`.`model` = `yolo12n.pt`
s2ae_50p_100ep_base_s43n,B,s2ae,yolo12n,high,args-chain,`s2ae_50p_100ep_base_s43n`.`model` = `visdrone_pretrain.pt` → `visdrone_pretrain`.`model` = `yolo12n.pt`
s2ae_50p_100ep_base_s44n,B,s2ae,yolo12n,high,args-chain,`s2ae_50p_100ep_base_s44n`.`model` = `visdrone_pretrain.pt` → `visdrone_pretrain`.`model` = `yolo12n.pt`
s2ae_50p_100ep_base_s45n,B,s2ae,yolo12n,high,args-chain,`s2ae_50p_100ep_base_s45n`.`model` = `visdrone_pretrain.pt` → `visdrone_pretrain`.`model` = `yolo12n.pt`
s2ae_50p_100ep_base_s46n,B,s2ae,yolo12n,high,args-chain,`s2ae_50p_100ep_base_s46n`.`model` = `visdrone_pretrain.pt` → `visdrone_pretrain`.`model` = `yolo12n.pt`
s2ae_50p_100ep_base_s47n,B,s2ae,yolo12n,high,args-chain,`s2ae_50p_100ep_base_s47n`.`model` = `visdrone_pretrain.pt` → `visdrone_pretrain`.`model` = `yolo12n.pt`
s2ae_50p_100ep_base_s48n,B,s2ae,yolo12n,high,args-chain,`s2ae_50p_100ep_base_s48n`.`model` = `visdrone_pretrain.pt` → `visdrone_pretrain`.`model` = `yolo12n.pt`
s2ae_50p_100ep_base_s49n,B,s2ae,yolo12n,high,args-chain,`s2ae_50p_100ep_base_s49n`.`model` = `visdrone_pretrain.pt` → `visdrone_pretrain`.`model` = `yolo12n.pt`
s2ae_50p_100ep_base_s50n,B,s2ae,yolo12n,high,args-chain,`s2ae_50p_100ep_base_s50n`.`model` = `visdrone_pretrain.pt` → `visdrone_pretrain`.`model` = `yolo12n.pt`
s2ae_50p_100ep_base_s51n,B,s2ae,yolo12n,high,args-chain,`s2ae_50p_100ep_base_s51n`.`model` = `visdrone_pretrain.pt` → `visdrone_pretrain`.`model` = `yolo12n.pt`
s2ae_50p_100ep_lr005_s42n,B,s2ae,yolo12n,high,args-chain,`s2ae_50p_100ep_lr005_s42n`.`model` = `visdrone_pretrain.pt` → `visdrone_pretrain`.`model` = `yolo12n.pt`
s2ae_50p_100ep_lr005_s43n,B,s2ae,yolo12n,high,args-chain,`s2ae_50p_100ep_lr005_s43n`.`model` = `visdrone_pretrain.pt` → `visdrone_pretrain`.`model` = `yolo12n.pt`
s2ae_50p_100ep_lr005_s44n,B,s2ae,yolo12n,high,args-chain,`s2ae_50p_100ep_lr005_s44n`.`model` = `visdrone_pretrain.pt` → `visdrone_pretrain`.`model` = `yolo12n.pt`
s2ae_50p_100ep_lr005_s45n,B,s2ae,yolo12n,high,args-chain,`s2ae_50p_100ep_lr005_s45n`.`model` = `visdrone_pretrain.pt` → `visdrone_pretrain`.`model` = `yolo12n.pt`
s2ae_50p_100ep_lr005_s46n,B,s2ae,yolo12n,high,args-chain,`s2ae_50p_100ep_lr005_s46n`.`model` = `visdrone_pretrain.pt` → `visdrone_pretrain`.`model` = `yolo12n.pt`
s2ae_50p_100ep_lr005_s47n,B,s2ae,yolo12n,high,args-chain,`s2ae_50p_100ep_lr005_s47n`.`model` = `visdrone_pretrain.pt` → `visdrone_pretrain`.`model` = `yolo12n.pt`
s2ae_50p_100ep_lr005_s48n,B,s2ae,yolo12n,high,args-chain,`s2ae_50p_100ep_lr005_s48n`.`model` = `visdrone_pretrain.pt` → `visdrone_pretrain`.`model` = `yolo12n.pt`
s2ae_50p_100ep_lr005_s49n,B,s2ae,yolo12n,high,args-chain,`s2ae_50p_100ep_lr005_s49n`.`model` = `visdrone_pretrain.pt` → `visdrone_pretrain`.`model` = `yolo12n.pt`
s2ae_50p_100ep_lr005_s50n,B,s2ae,yolo12n,high,args-chain,`s2ae_50p_100ep_lr005_s50n`.`model` = `visdrone_pretrain.pt` → `visdrone_pretrain`.`model` = `yolo12n.pt`
s2ae_50p_100ep_lr005_s51n,B,s2ae,yolo12n,high,args-chain,`s2ae_50p_100ep_lr005_s51n`.`model` = `visdrone_pretrain.pt` → `visdrone_pretrain`.`model` = `yolo12n.pt`
s2ae_50p_30ep_base_s42n,A,s2ae,yolo12n,high,args-chain,`s2ae_50p_30ep_base_s42n`.`model` = `visdrone_pretrain.pt` → `visdrone_pretrain`.`model` = `yolo12n.pt`
s2ae_50p_30ep_base_s43n,A,s2ae,yolo12n,high,args-chain,`s2ae_50p_30ep_base_s43n`.`model` = `visdrone_pretrain.pt` → `visdrone_pretrain`.`model` = `yolo12n.pt`
s2ae_50p_30ep_base_s44n,A,s2ae,yolo12n,high,args-chain,`s2ae_50p_30ep_base_s44n`.`model` = `visdrone_pretrain.pt` → `visdrone_pretrain`.`model` = `yolo12n.pt`
s2ae_50p_30ep_base_s45n,A,s2ae,yolo12n,high,args-chain,`s2ae_50p_30ep_base_s45n`.`model` = `visdrone_pretrain.pt` → `visdrone_pretrain`.`model` = `yolo12n.pt`
s2ae_50p_30ep_base_s46n,A,s2ae,yolo12n,high,args-chain,`s2ae_50p_30ep_base_s46n`.`model` = `visdrone_pretrain.pt` → `visdrone_pretrain`.`model` = `yolo12n.pt`
s2ae_50p_30ep_base_s47n,A,s2ae,yolo12n,high,args-chain,`s2ae_50p_30ep_base_s47n`.`model` = `visdrone_pretrain.pt` → `visdrone_pretrain`.`model` = `yolo12n.pt`
s2ae_50p_30ep_base_s48n,A,s2ae,yolo12n,high,args-chain,`s2ae_50p_30ep_base_s48n`.`model` = `visdrone_pretrain.pt` → `visdrone_pretrain`.`model` = `yolo12n.pt`
s2ae_50p_30ep_base_s49n,A,s2ae,yolo12n,high,args-chain,`s2ae_50p_30ep_base_s49n`.`model` = `visdrone_pretrain.pt` → `visdrone_pretrain`.`model` = `yolo12n.pt`
s2ae_50p_30ep_base_s50n,A,s2ae,yolo12n,high,args-chain,`s2ae_50p_30ep_base_s50n`.`model` = `visdrone_pretrain.pt` → `visdrone_pretrain`.`model` = `yolo12n.pt`
s2ae_50p_30ep_base_s51n,A,s2ae,yolo12n,high,args-chain,`s2ae_50p_30ep_base_s51n`.`model` = `visdrone_pretrain.pt` → `visdrone_pretrain`.`model` = `yolo12n.pt`
s2ae_50p_30ep_lr005_s42n,A,s2ae,yolo12n,high,args-chain,`s2ae_50p_30ep_lr005_s42n`.`model` = `visdrone_pretrain.pt` → `visdrone_pretrain`.`model` = `yolo12n.pt`
s2ae_50p_30ep_lr005_s43n,A,s2ae,yolo12n,high,args-chain,`s2ae_50p_30ep_lr005_s43n`.`model` = `visdrone_pretrain.pt` → `visdrone_pretrain`.`model` = `yolo12n.pt`
s2ae_50p_30ep_lr005_s44n,A,s2ae,yolo12n,high,args-chain,`s2ae_50p_30ep_lr005_s44n`.`model` = `visdrone_pretrain.pt` → `visdrone_pretrain`.`model` = `yolo12n.pt`
s2ae_50p_30ep_lr005_s45n,A,s2ae,yolo12n,high,args-chain,`s2ae_50p_30ep_lr005_s45n`.`model` = `visdrone_pretrain.pt` → `visdrone_pretrain`.`model` = `yolo12n.pt`
s2ae_50p_30ep_lr005_s46n,A,s2ae,yolo12n,high,args-chain,`s2ae_50p_30ep_lr005_s46n`.`model` = `visdrone_pretrain.pt` → `visdrone_pretrain`.`model` = `yolo12n.pt`
s2ae_50p_30ep_lr005_s47n,A,s2ae,yolo12n,high,args-chain,`s2ae_50p_30ep_lr005_s47n`.`model` = `visdrone_pretrain.pt` → `visdrone_pretrain`.`model` = `yolo12n.pt`
s2ae_50p_30ep_lr005_s48n,A,s2ae,yolo12n,high,args-chain,`s2ae_50p_30ep_lr005_s48n`.`model` = `visdrone_pretrain.pt` → `visdrone_pretrain`.`model` = `yolo12n.pt`
s2ae_50p_30ep_lr005_s49n,A,s2ae,yolo12n,high,args-chain,`s2ae_50p_30ep_lr005_s49n`.`model` = `visdrone_pretrain.pt` → `visdrone_pretrain`.`model` = `yolo12n.pt`
s2ae_50p_30ep_lr005_s50n,A,s2ae,yolo12n,high,args-chain,`s2ae_50p_30ep_lr005_s50n`.`model` = `visdrone_pretrain.pt` → `visdrone_pretrain`.`model` = `yolo12n.pt`
s2ae_50p_30ep_lr005_s51n,A,s2ae,yolo12n,high,args-chain,`s2ae_50p_30ep_lr005_s51n`.`model` = `visdrone_pretrain.pt` → `visdrone_pretrain`.`model` = `yolo12n.pt`
s2df_10p_100ep_base_s42n,A,s2df,yolo12n,high,args-chain,`s2df_10p_100ep_base_s42n`.`model` = `pcb_pretrain.pt` → `pcb_pretrain`.`model` = `yolo12n.pt`
s2df_10p_100ep_base_s43n,A,s2df,yolo12n,high,args-chain,`s2df_10p_100ep_base_s43n`.`model` = `pcb_pretrain.pt` → `pcb_pretrain`.`model` = `yolo12n.pt`
s2df_10p_100ep_base_s44n,A,s2df,yolo12n,high,args-chain,`s2df_10p_100ep_base_s44n`.`model` = `pcb_pretrain.pt` → `pcb_pretrain`.`model` = `yolo12n.pt`
s2df_10p_100ep_base_s45n,A,s2df,yolo12n,high,args-chain,`s2df_10p_100ep_base_s45n`.`model` = `pcb_pretrain.pt` → `pcb_pretrain`.`model` = `yolo12n.pt`
s2df_10p_100ep_base_s46n,A,s2df,yolo12n,high,args-chain,`s2df_10p_100ep_base_s46n`.`model` = `pcb_pretrain.pt` → `pcb_pretrain`.`model` = `yolo12n.pt`
s2df_10p_100ep_base_s47n,A,s2df,yolo12n,high,args-chain,`s2df_10p_100ep_base_s47n`.`model` = `pcb_pretrain.pt` → `pcb_pretrain`.`model` = `yolo12n.pt`
s2df_10p_100ep_base_s48n,A,s2df,yolo12n,high,args-chain,`s2df_10p_100ep_base_s48n`.`model` = `pcb_pretrain.pt` → `pcb_pretrain`.`model` = `yolo12n.pt`
s2df_10p_100ep_base_s49n,A,s2df,yolo12n,high,args-chain,`s2df_10p_100ep_base_s49n`.`model` = `pcb_pretrain.pt` → `pcb_pretrain`.`model` = `yolo12n.pt`
s2df_10p_100ep_base_s50n,A,s2df,yolo12n,high,args-chain,`s2df_10p_100ep_base_s50n`.`model` = `pcb_pretrain.pt` → `pcb_pretrain`.`model` = `yolo12n.pt`
s2df_10p_100ep_base_s51n,A,s2df,yolo12n,high,args-chain,`s2df_10p_100ep_base_s51n`.`model` = `pcb_pretrain.pt` → `pcb_pretrain`.`model` = `yolo12n.pt`
s2df_10p_100ep_lr005_s42n,A,s2df,yolo12n,high,args-chain,`s2df_10p_100ep_lr005_s42n`.`model` = `pcb_pretrain.pt` → `pcb_pretrain`.`model` = `yolo12n.pt`
s2df_10p_100ep_lr005_s43n,A,s2df,yolo12n,high,args-chain,`s2df_10p_100ep_lr005_s43n`.`model` = `pcb_pretrain.pt` → `pcb_pretrain`.`model` = `yolo12n.pt`
s2df_10p_100ep_lr005_s44n,A,s2df,yolo12n,high,args-chain,`s2df_10p_100ep_lr005_s44n`.`model` = `pcb_pretrain.pt` → `pcb_pretrain`.`model` = `yolo12n.pt`
s2df_10p_100ep_lr005_s45n,A,s2df,yolo12n,high,args-chain,`s2df_10p_100ep_lr005_s45n`.`model` = `pcb_pretrain.pt` → `pcb_pretrain`.`model` = `yolo12n.pt`
s2df_10p_100ep_lr005_s46n,A,s2df,yolo12n,high,args-chain,`s2df_10p_100ep_lr005_s46n`.`model` = `pcb_pretrain.pt` → `pcb_pretrain`.`model` = `yolo12n.pt`
s2df_10p_100ep_lr005_s47n,A,s2df,yolo12n,high,args-chain,`s2df_10p_100ep_lr005_s47n`.`model` = `pcb_pretrain.pt` → `pcb_pretrain`.`model` = `yolo12n.pt`
s2df_10p_100ep_lr005_s48n,A,s2df,yolo12n,high,args-chain,`s2df_10p_100ep_lr005_s48n`.`model` = `pcb_pretrain.pt` → `pcb_pretrain`.`model` = `yolo12n.pt`
s2df_10p_100ep_lr005_s49n,A,s2df,yolo12n,high,args-chain,`s2df_10p_100ep_lr005_s49n`.`model` = `pcb_pretrain.pt` → `pcb_pretrain`.`model` = `yolo12n.pt`
s2df_10p_100ep_lr005_s50n,A,s2df,yolo12n,high,args-chain,`s2df_10p_100ep_lr005_s50n`.`model` = `pcb_pretrain.pt` → `pcb_pretrain`.`model` = `yolo12n.pt`
s2df_10p_100ep_lr005_s51n,A,s2df,yolo12n,high,args-chain,`s2df_10p_100ep_lr005_s51n`.`model` = `pcb_pretrain.pt` → `pcb_pretrain`.`model` = `yolo12n.pt`
s2df_10p_30ep_base_s42n,A,s2df,yolo12n,high,args-chain,`s2df_10p_30ep_base_s42n`.`model` = `pcb_pretrain.pt` → `pcb_pretrain`.`model` = `yolo12n.pt`
s2df_10p_30ep_base_s43n,A,s2df,yolo12n,high,args-chain,`s2df_10p_30ep_base_s43n`.`model` = `pcb_pretrain.pt` → `pcb_pretrain`.`model` = `yolo12n.pt`
s2df_10p_30ep_base_s44n,A,s2df,yolo12n,high,args-chain,`s2df_10p_30ep_base_s44n`.`model` = `pcb_pretrain.pt` → `pcb_pretrain`.`model` = `yolo12n.pt`
s2df_10p_30ep_base_s45n,A,s2df,yolo12n,high,args-chain,`s2df_10p_30ep_base_s45n`.`model` = `pcb_pretrain.pt` → `pcb_pretrain`.`model` = `yolo12n.pt`
s2df_10p_30ep_base_s46n,A,s2df,yolo12n,high,args-chain,`s2df_10p_30ep_base_s46n`.`model` = `pcb_pretrain.pt` → `pcb_pretrain`.`model` = `yolo12n.pt`
s2df_10p_30ep_base_s47n,A,s2df,yolo12n,high,args-chain,`s2df_10p_30ep_base_s47n`.`model` = `pcb_pretrain.pt` → `pcb_pretrain`.`model` = `yolo12n.pt`
s2df_10p_30ep_base_s48n,A,s2df,yolo12n,high,args-chain,`s2df_10p_30ep_base_s48n`.`model` = `pcb_pretrain.pt` → `pcb_pretrain`.`model` = `yolo12n.pt`
s2df_10p_30ep_base_s49n,A,s2df,yolo12n,high,args-chain,`s2df_10p_30ep_base_s49n`.`model` = `pcb_pretrain.pt` → `pcb_pretrain`.`model` = `yolo12n.pt`
s2df_10p_30ep_base_s50n,A,s2df,yolo12n,high,args-chain,`s2df_10p_30ep_base_s50n`.`model` = `pcb_pretrain.pt` → `pcb_pretrain`.`model` = `yolo12n.pt`
s2df_10p_30ep_base_s51n,A,s2df,yolo12n,high,args-chain,`s2df_10p_30ep_base_s51n`.`model` = `pcb_pretrain.pt` → `pcb_pretrain`.`model` = `yolo12n.pt`
s2df_10p_30ep_lr005_s42n,A,s2df,yolo12n,high,args-chain,`s2df_10p_30ep_lr005_s42n`.`model` = `pcb_pretrain.pt` → `pcb_pretrain`.`model` = `yolo12n.pt`
s2df_10p_30ep_lr005_s43n,A,s2df,yolo12n,high,args-chain,`s2df_10p_30ep_lr005_s43n`.`model` = `pcb_pretrain.pt` → `pcb_pretrain`.`model` = `yolo12n.pt`
s2df_10p_30ep_lr005_s44n,A,s2df,yolo12n,high,args-chain,`s2df_10p_30ep_lr005_s44n`.`model` = `pcb_pretrain.pt` → `pcb_pretrain`.`model` = `yolo12n.pt`
s2df_10p_30ep_lr005_s45n,A,s2df,yolo12n,high,args-chain,`s2df_10p_30ep_lr005_s45n`.`model` = `pcb_pretrain.pt` → `pcb_pretrain`.`model` = `yolo12n.pt`
s2df_10p_30ep_lr005_s46n,A,s2df,yolo12n,high,args-chain,`s2df_10p_30ep_lr005_s46n`.`model` = `pcb_pretrain.pt` → `pcb_pretrain`.`model` = `yolo12n.pt`
s2df_10p_30ep_lr005_s47n,A,s2df,yolo12n,high,args-chain,`s2df_10p_30ep_lr005_s47n`.`model` = `pcb_pretrain.pt` → `pcb_pretrain`.`model` = `yolo12n.pt`
s2df_10p_30ep_lr005_s48n,A,s2df,yolo12n,high,args-chain,`s2df_10p_30ep_lr005_s48n`.`model` = `pcb_pretrain.pt` → `pcb_pretrain`.`model` = `yolo12n.pt`
s2df_10p_30ep_lr005_s49n,A,s2df,yolo12n,high,args-chain,`s2df_10p_30ep_lr005_s49n`.`model` = `pcb_pretrain.pt` → `pcb_pretrain`.`model` = `yolo12n.pt`
s2df_10p_30ep_lr005_s50n,A,s2df,yolo12n,high,args-chain,`s2df_10p_30ep_lr005_s50n`.`model` = `pcb_pretrain.pt` → `pcb_pretrain`.`model` = `yolo12n.pt`
s2df_10p_30ep_lr005_s51n,A,s2df,yolo12n,high,args-chain,`s2df_10p_30ep_lr005_s51n`.`model` = `pcb_pretrain.pt` → `pcb_pretrain`.`model` = `yolo12n.pt`
s2df_20p_100ep_base_s42n,A,s2df,yolo12n,high,args-chain,`s2df_20p_100ep_base_s42n`.`model` = `pcb_pretrain.pt` → `pcb_pretrain`.`model` = `yolo12n.pt`
s2df_20p_100ep_base_s43n,A,s2df,yolo12n,high,args-chain,`s2df_20p_100ep_base_s43n`.`model` = `pcb_pretrain.pt` → `pcb_pretrain`.`model` = `yolo12n.pt`
s2df_20p_100ep_base_s44n,A,s2df,yolo12n,high,args-chain,`s2df_20p_100ep_base_s44n`.`model` = `pcb_pretrain.pt` → `pcb_pretrain`.`model` = `yolo12n.pt`
s2df_20p_100ep_base_s45n,A,s2df,yolo12n,high,args-chain,`s2df_20p_100ep_base_s45n`.`model` = `pcb_pretrain.pt` → `pcb_pretrain`.`model` = `yolo12n.pt`
s2df_20p_100ep_base_s46n,A,s2df,yolo12n,high,args-chain,`s2df_20p_100ep_base_s46n`.`model` = `pcb_pretrain.pt` → `pcb_pretrain`.`model` = `yolo12n.pt`
s2df_20p_100ep_base_s47n,A,s2df,yolo12n,high,args-chain,`s2df_20p_100ep_base_s47n`.`model` = `pcb_pretrain.pt` → `pcb_pretrain`.`model` = `yolo12n.pt`
s2df_20p_100ep_base_s48n,A,s2df,yolo12n,high,args-chain,`s2df_20p_100ep_base_s48n`.`model` = `pcb_pretrain.pt` → `pcb_pretrain`.`model` = `yolo12n.pt`
s2df_20p_100ep_base_s49n,A,s2df,yolo12n,high,args-chain,`s2df_20p_100ep_base_s49n`.`model` = `pcb_pretrain.pt` → `pcb_pretrain`.`model` = `yolo12n.pt`
s2df_20p_100ep_base_s50n,A,s2df,yolo12n,high,args-chain,`s2df_20p_100ep_base_s50n`.`model` = `pcb_pretrain.pt` → `pcb_pretrain`.`model` = `yolo12n.pt`
s2df_20p_100ep_base_s51n,A,s2df,yolo12n,high,args-chain,`s2df_20p_100ep_base_s51n`.`model` = `pcb_pretrain.pt` → `pcb_pretrain`.`model` = `yolo12n.pt`
s2df_20p_100ep_lr005_s42n,A,s2df,yolo12n,high,args-chain,`s2df_20p_100ep_lr005_s42n`.`model` = `pcb_pretrain.pt` → `pcb_pretrain`.`model` = `yolo12n.pt`
s2df_20p_100ep_lr005_s43n,A,s2df,yolo12n,high,args-chain,`s2df_20p_100ep_lr005_s43n`.`model` = `pcb_pretrain.pt` → `pcb_pretrain`.`model` = `yolo12n.pt`
s2df_20p_100ep_lr005_s44n,A,s2df,yolo12n,high,args-chain,`s2df_20p_100ep_lr005_s44n`.`model` = `pcb_pretrain.pt` → `pcb_pretrain`.`model` = `yolo12n.pt`
s2df_20p_100ep_lr005_s45n,A,s2df,yolo12n,high,args-chain,`s2df_20p_100ep_lr005_s45n`.`model` = `pcb_pretrain.pt` → `pcb_pretrain`.`model` = `yolo12n.pt`
s2df_20p_100ep_lr005_s46n,A,s2df,yolo12n,high,args-chain,`s2df_20p_100ep_lr005_s46n`.`model` = `pcb_pretrain.pt` → `pcb_pretrain`.`model` = `yolo12n.pt`
s2df_20p_100ep_lr005_s47n,A,s2df,yolo12n,high,args-chain,`s2df_20p_100ep_lr005_s47n`.`model` = `pcb_pretrain.pt` → `pcb_pretrain`.`model` = `yolo12n.pt`
s2df_20p_100ep_lr005_s48n,A,s2df,yolo12n,high,args-chain,`s2df_20p_100ep_lr005_s48n`.`model` = `pcb_pretrain.pt` → `pcb_pretrain`.`model` = `yolo12n.pt`
s2df_20p_100ep_lr005_s49n,A,s2df,yolo12n,high,args-chain,`s2df_20p_100ep_lr005_s49n`.`model` = `pcb_pretrain.pt` → `pcb_pretrain`.`model` = `yolo12n.pt`
s2df_20p_100ep_lr005_s50n,A,s2df,yolo12n,high,args-chain,`s2df_20p_100ep_lr005_s50n`.`model` = `pcb_pretrain.pt` → `pcb_pretrain`.`model` = `yolo12n.pt`
s2df_20p_100ep_lr005_s51n,A,s2df,yolo12n,high,args-chain,`s2df_20p_100ep_lr005_s51n`.`model` = `pcb_pretrain.pt` → `pcb_pretrain`.`model` = `yolo12n.pt`
s2df_20p_30ep_base_s42n,A,s2df,yolo12n,high,args-chain,`s2df_20p_30ep_base_s42n`.`model` = `pcb_pretrain.pt` → `pcb_pretrain`.`model` = `yolo12n.pt`
s2df_20p_30ep_base_s43n,A,s2df,yolo12n,high,args-chain,`s2df_20p_30ep_base_s43n`.`model` = `pcb_pretrain.pt` → `pcb_pretrain`.`model` = `yolo12n.pt`
s2df_20p_30ep_base_s44n,A,s2df,yolo12n,high,args-chain,`s2df_20p_30ep_base_s44n`.`model` = `pcb_pretrain.pt` → `pcb_pretrain`.`model` = `yolo12n.pt`
s2df_20p_30ep_base_s45n,A,s2df,yolo12n,high,args-chain,`s2df_20p_30ep_base_s45n`.`model` = `pcb_pretrain.pt` → `pcb_pretrain`.`model` = `yolo12n.pt`
s2df_20p_30ep_base_s46n,A,s2df,yolo12n,high,args-chain,`s2df_20p_30ep_base_s46n`.`model` = `pcb_pretrain.pt` → `pcb_pretrain`.`model` = `yolo12n.pt`
s2df_20p_30ep_base_s47n,A,s2df,yolo12n,high,args-chain,`s2df_20p_30ep_base_s47n`.`model` = `pcb_pretrain.pt` → `pcb_pretrain`.`model` = `yolo12n.pt`
s2df_20p_30ep_base_s48n,A,s2df,yolo12n,high,args-chain,`s2df_20p_30ep_base_s48n`.`model` = `pcb_pretrain.pt` → `pcb_pretrain`.`model` = `yolo12n.pt`
s2df_20p_30ep_base_s49n,A,s2df,yolo12n,high,args-chain,`s2df_20p_30ep_base_s49n`.`model` = `pcb_pretrain.pt` → `pcb_pretrain`.`model` = `yolo12n.pt`
s2df_20p_30ep_base_s50n,A,s2df,yolo12n,high,args-chain,`s2df_20p_30ep_base_s50n`.`model` = `pcb_pretrain.pt` → `pcb_pretrain`.`model` = `yolo12n.pt`
s2df_20p_30ep_base_s51n,A,s2df,yolo12n,high,args-chain,`s2df_20p_30ep_base_s51n`.`model` = `pcb_pretrain.pt` → `pcb_pretrain`.`model` = `yolo12n.pt`
s2df_20p_30ep_lr005_s42n,A,s2df,yolo12n,high,args-chain,`s2df_20p_30ep_lr005_s42n`.`model` = `pcb_pretrain.pt` → `pcb_pretrain`.`model` = `yolo12n.pt`
s2df_20p_30ep_lr005_s43n,A,s2df,yolo12n,high,args-chain,`s2df_20p_30ep_lr005_s43n`.`model` = `pcb_pretrain.pt` → `pcb_pretrain`.`model` = `yolo12n.pt`
s2df_20p_30ep_lr005_s44n,A,s2df,yolo12n,high,args-chain,`s2df_20p_30ep_lr005_s44n`.`model` = `pcb_pretrain.pt` → `pcb_pretrain`.`model` = `yolo12n.pt`
s2df_20p_30ep_lr005_s45n,A,s2df,yolo12n,high,args-chain,`s2df_20p_30ep_lr005_s45n`.`model` = `pcb_pretrain.pt` → `pcb_pretrain`.`model` = `yolo12n.pt`
s2df_20p_30ep_lr005_s46n,A,s2df,yolo12n,high,args-chain,`s2df_20p_30ep_lr005_s46n`.`model` = `pcb_pretrain.pt` → `pcb_pretrain`.`model` = `yolo12n.pt`
s2df_20p_30ep_lr005_s47n,A,s2df,yolo12n,high,args-chain,`s2df_20p_30ep_lr005_s47n`.`model` = `pcb_pretrain.pt` → `pcb_pretrain`.`model` = `yolo12n.pt`
s2df_20p_30ep_lr005_s48n,A,s2df,yolo12n,high,args-chain,`s2df_20p_30ep_lr005_s48n`.`model` = `pcb_pretrain.pt` → `pcb_pretrain`.`model` = `yolo12n.pt`
s2df_20p_30ep_lr005_s49n,A,s2df,yolo12n,high,args-chain,`s2df_20p_30ep_lr005_s49n`.`model` = `pcb_pretrain.pt` → `pcb_pretrain`.`model` = `yolo12n.pt`
s2df_20p_30ep_lr005_s50n,A,s2df,yolo12n,high,args-chain,`s2df_20p_30ep_lr005_s50n`.`model` = `pcb_pretrain.pt` → `pcb_pretrain`.`model` = `yolo12n.pt`
s2df_20p_30ep_lr005_s51n,A,s2df,yolo12n,high,args-chain,`s2df_20p_30ep_lr005_s51n`.`model` = `pcb_pretrain.pt` → `pcb_pretrain`.`model` = `yolo12n.pt`
s2df_30p_100ep_base_s42n,A,s2df,yolo12n,high,args-chain,`s2df_30p_100ep_base_s42n`.`model` = `pcb_pretrain.pt` → `pcb_pretrain`.`model` = `yolo12n.pt`
s2df_30p_100ep_base_s43n,A,s2df,yolo12n,high,args-chain,`s2df_30p_100ep_base_s43n`.`model` = `pcb_pretrain.pt` → `pcb_pretrain`.`model` = `yolo12n.pt`
s2df_30p_100ep_base_s44n,A,s2df,yolo12n,high,args-chain,`s2df_30p_100ep_base_s44n`.`model` = `pcb_pretrain.pt` → `pcb_pretrain`.`model` = `yolo12n.pt`
s2df_30p_100ep_base_s45n,A,s2df,yolo12n,high,args-chain,`s2df_30p_100ep_base_s45n`.`model` = `pcb_pretrain.pt` → `pcb_pretrain`.`model` = `yolo12n.pt`
s2df_30p_100ep_base_s46n,A,s2df,yolo12n,high,args-chain,`s2df_30p_100ep_base_s46n`.`model` = `pcb_pretrain.pt` → `pcb_pretrain`.`model` = `yolo12n.pt`
s2df_30p_100ep_base_s47n,A,s2df,yolo12n,high,args-chain,`s2df_30p_100ep_base_s47n`.`model` = `pcb_pretrain.pt` → `pcb_pretrain`.`model` = `yolo12n.pt`
s2df_30p_100ep_base_s48n,A,s2df,yolo12n,high,args-chain,`s2df_30p_100ep_base_s48n`.`model` = `pcb_pretrain.pt` → `pcb_pretrain`.`model` = `yolo12n.pt`
s2df_30p_100ep_base_s49n,A,s2df,yolo12n,high,args-chain,`s2df_30p_100ep_base_s49n`.`model` = `pcb_pretrain.pt` → `pcb_pretrain`.`model` = `yolo12n.pt`
s2df_30p_100ep_base_s50n,A,s2df,yolo12n,high,args-chain,`s2df_30p_100ep_base_s50n`.`model` = `pcb_pretrain.pt` → `pcb_pretrain`.`model` = `yolo12n.pt`
s2df_30p_100ep_base_s51n,A,s2df,yolo12n,high,args-chain,`s2df_30p_100ep_base_s51n`.`model` = `pcb_pretrain.pt` → `pcb_pretrain`.`model` = `yolo12n.pt`
s2df_30p_100ep_lr005_s42n,A,s2df,yolo12n,high,args-chain,`s2df_30p_100ep_lr005_s42n`.`model` = `pcb_pretrain.pt` → `pcb_pretrain`.`model` = `yolo12n.pt`
s2df_30p_100ep_lr005_s43n,A,s2df,yolo12n,high,args-chain,`s2df_30p_100ep_lr005_s43n`.`model` = `pcb_pretrain.pt` → `pcb_pretrain`.`model` = `yolo12n.pt`
s2df_30p_100ep_lr005_s44n,A,s2df,yolo12n,high,args-chain,`s2df_30p_100ep_lr005_s44n`.`model` = `pcb_pretrain.pt` → `pcb_pretrain`.`model` = `yolo12n.pt`
s2df_30p_100ep_lr005_s45n,A,s2df,yolo12n,high,args-chain,`s2df_30p_100ep_lr005_s45n`.`model` = `pcb_pretrain.pt` → `pcb_pretrain`.`model` = `yolo12n.pt`
s2df_30p_100ep_lr005_s46n,A,s2df,yolo12n,high,args-chain,`s2df_30p_100ep_lr005_s46n`.`model` = `pcb_pretrain.pt` → `pcb_pretrain`.`model` = `yolo12n.pt`
s2df_30p_100ep_lr005_s47n,A,s2df,yolo12n,high,args-chain,`s2df_30p_100ep_lr005_s47n`.`model` = `pcb_pretrain.pt` → `pcb_pretrain`.`model` = `yolo12n.pt`
s2df_30p_100ep_lr005_s48n,A,s2df,yolo12n,high,args-chain,`s2df_30p_100ep_lr005_s48n`.`model` = `pcb_pretrain.pt` → `pcb_pretrain`.`model` = `yolo12n.pt`
s2df_30p_100ep_lr005_s49n,A,s2df,yolo12n,high,args-chain,`s2df_30p_100ep_lr005_s49n`.`model` = `pcb_pretrain.pt` → `pcb_pretrain`.`model` = `yolo12n.pt`
s2df_30p_100ep_lr005_s50n,A,s2df,yolo12n,high,args-chain,`s2df_30p_100ep_lr005_s50n`.`model` = `pcb_pretrain.pt` → `pcb_pretrain`.`model` = `yolo12n.pt`
s2df_30p_100ep_lr005_s51n,A,s2df,yolo12n,high,args-chain,`s2df_30p_100ep_lr005_s51n`.`model` = `pcb_pretrain.pt` → `pcb_pretrain`.`model` = `yolo12n.pt`
s2df_30p_30ep_base_s42n,A,s2df,yolo12n,high,args-chain,`s2df_30p_30ep_base_s42n`.`model` = `pcb_pretrain.pt` → `pcb_pretrain`.`model` = `yolo12n.pt`
s2df_30p_30ep_base_s43n,A,s2df,yolo12n,high,args-chain,`s2df_30p_30ep_base_s43n`.`model` = `pcb_pretrain.pt` → `pcb_pretrain`.`model` = `yolo12n.pt`
s2df_30p_30ep_base_s44n,A,s2df,yolo12n,high,args-chain,`s2df_30p_30ep_base_s44n`.`model` = `pcb_pretrain.pt` → `pcb_pretrain`.`model` = `yolo12n.pt`
s2df_30p_30ep_base_s45n,A,s2df,yolo12n,high,args-chain,`s2df_30p_30ep_base_s45n`.`model` = `pcb_pretrain.pt` → `pcb_pretrain`.`model` = `yolo12n.pt`
s2df_30p_30ep_base_s46n,A,s2df,yolo12n,high,args-chain,`s2df_30p_30ep_base_s46n`.`model` = `pcb_pretrain.pt` → `pcb_pretrain`.`model` = `yolo12n.pt`
s2df_30p_30ep_base_s47n,A,s2df,yolo12n,high,args-chain,`s2df_30p_30ep_base_s47n`.`model` = `pcb_pretrain.pt` → `pcb_pretrain`.`model` = `yolo12n.pt`
s2df_30p_30ep_base_s48n,A,s2df,yolo12n,high,args-chain,`s2df_30p_30ep_base_s48n`.`model` = `pcb_pretrain.pt` → `pcb_pretrain`.`model` = `yolo12n.pt`
s2df_30p_30ep_base_s49n,A,s2df,yolo12n,high,args-chain,`s2df_30p_30ep_base_s49n`.`model` = `pcb_pretrain.pt` → `pcb_pretrain`.`model` = `yolo12n.pt`
s2df_30p_30ep_base_s50n,A,s2df,yolo12n,high,args-chain,`s2df_30p_30ep_base_s50n`.`model` = `pcb_pretrain.pt` → `pcb_pretrain`.`model` = `yolo12n.pt`
s2df_30p_30ep_base_s51n,A,s2df,yolo12n,high,args-chain,`s2df_30p_30ep_base_s51n`.`model` = `pcb_pretrain.pt` → `pcb_pretrain`.`model` = `yolo12n.pt`
s2df_30p_30ep_lr005_s42n,A,s2df,yolo12n,high,args-chain,`s2df_30p_30ep_lr005_s42n`.`model` = `pcb_pretrain.pt` → `pcb_pretrain`.`model` = `yolo12n.pt`
s2df_30p_30ep_lr005_s43n,A,s2df,yolo12n,high,args-chain,`s2df_30p_30ep_lr005_s43n`.`model` = `pcb_pretrain.pt` → `pcb_pretrain`.`model` = `yolo12n.pt`
s2df_30p_30ep_lr005_s44n,A,s2df,yolo12n,high,args-chain,`s2df_30p_30ep_lr005_s44n`.`model` = `pcb_pretrain.pt` → `pcb_pretrain`.`model` = `yolo12n.pt`
s2df_30p_30ep_lr005_s45n,A,s2df,yolo12n,high,args-chain,`s2df_30p_30ep_lr005_s45n`.`model` = `pcb_pretrain.pt` → `pcb_pretrain`.`model` = `yolo12n.pt`
s2df_30p_30ep_lr005_s46n,A,s2df,yolo12n,high,args-chain,`s2df_30p_30ep_lr005_s46n`.`model` = `pcb_pretrain.pt` → `pcb_pretrain`.`model` = `yolo12n.pt`
s2df_30p_30ep_lr005_s47n,A,s2df,yolo12n,high,args-chain,`s2df_30p_30ep_lr005_s47n`.`model` = `pcb_pretrain.pt` → `pcb_pretrain`.`model` = `yolo12n.pt`
s2df_30p_30ep_lr005_s48n,A,s2df,yolo12n,high,args-chain,`s2df_30p_30ep_lr005_s48n`.`model` = `pcb_pretrain.pt` → `pcb_pretrain`.`model` = `yolo12n.pt`
s2df_30p_30ep_lr005_s49n,A,s2df,yolo12n,high,args-chain,`s2df_30p_30ep_lr005_s49n`.`model` = `pcb_pretrain.pt` → `pcb_pretrain`.`model` = `yolo12n.pt`
s2df_30p_30ep_lr005_s50n,A,s2df,yolo12n,high,args-chain,`s2df_30p_30ep_lr005_s50n`.`model` = `pcb_pretrain.pt` → `pcb_pretrain`.`model` = `yolo12n.pt`
s2df_30p_30ep_lr005_s51n,A,s2df,yolo12n,high,args-chain,`s2df_30p_30ep_lr005_s51n`.`model` = `pcb_pretrain.pt` → `pcb_pretrain`.`model` = `yolo12n.pt`
s2df_40p_100ep_base_s42n,A,s2df,yolo12n,high,args-chain,`s2df_40p_100ep_base_s42n`.`model` = `pcb_pretrain.pt` → `pcb_pretrain`.`model` = `yolo12n.pt`
s2df_40p_100ep_base_s43n,A,s2df,yolo12n,high,args-chain,`s2df_40p_100ep_base_s43n`.`model` = `pcb_pretrain.pt` → `pcb_pretrain`.`model` = `yolo12n.pt`
s2df_40p_100ep_base_s44n,A,s2df,yolo12n,high,args-chain,`s2df_40p_100ep_base_s44n`.`model` = `pcb_pretrain.pt` → `pcb_pretrain`.`model` = `yolo12n.pt`
s2df_40p_100ep_base_s45n,A,s2df,yolo12n,high,args-chain,`s2df_40p_100ep_base_s45n`.`model` = `pcb_pretrain.pt` → `pcb_pretrain`.`model` = `yolo12n.pt`
s2df_40p_100ep_base_s46n,A,s2df,yolo12n,high,args-chain,`s2df_40p_100ep_base_s46n`.`model` = `pcb_pretrain.pt` → `pcb_pretrain`.`model` = `yolo12n.pt`
s2df_40p_100ep_base_s47n,A,s2df,yolo12n,high,args-chain,`s2df_40p_100ep_base_s47n`.`model` = `pcb_pretrain.pt` → `pcb_pretrain`.`model` = `yolo12n.pt`
s2df_40p_100ep_base_s48n,A,s2df,yolo12n,high,args-chain,`s2df_40p_100ep_base_s48n`.`model` = `pcb_pretrain.pt` → `pcb_pretrain`.`model` = `yolo12n.pt`
s2df_40p_100ep_base_s49n,A,s2df,yolo12n,high,args-chain,`s2df_40p_100ep_base_s49n`.`model` = `pcb_pretrain.pt` → `pcb_pretrain`.`model` = `yolo12n.pt`
s2df_40p_100ep_base_s50n,A,s2df,yolo12n,high,args-chain,`s2df_40p_100ep_base_s50n`.`model` = `pcb_pretrain.pt` → `pcb_pretrain`.`model` = `yolo12n.pt`
s2df_40p_100ep_base_s51n,A,s2df,yolo12n,high,args-chain,`s2df_40p_100ep_base_s51n`.`model` = `pcb_pretrain.pt` → `pcb_pretrain`.`model` = `yolo12n.pt`
s2df_40p_100ep_lr005_s42n,A,s2df,yolo12n,high,args-chain,`s2df_40p_100ep_lr005_s42n`.`model` = `pcb_pretrain.pt` → `pcb_pretrain`.`model` = `yolo12n.pt`
s2df_40p_100ep_lr005_s43n,A,s2df,yolo12n,high,args-chain,`s2df_40p_100ep_lr005_s43n`.`model` = `pcb_pretrain.pt` → `pcb_pretrain`.`model` = `yolo12n.pt`
s2df_40p_100ep_lr005_s44n,A,s2df,yolo12n,high,args-chain,`s2df_40p_100ep_lr005_s44n`.`model` = `pcb_pretrain.pt` → `pcb_pretrain`.`model` = `yolo12n.pt`
s2df_40p_100ep_lr005_s45n,A,s2df,yolo12n,high,args-chain,`s2df_40p_100ep_lr005_s45n`.`model` = `pcb_pretrain.pt` → `pcb_pretrain`.`model` = `yolo12n.pt`
s2df_40p_100ep_lr005_s46n,A,s2df,yolo12n,high,args-chain,`s2df_40p_100ep_lr005_s46n`.`model` = `pcb_pretrain.pt` → `pcb_pretrain`.`model` = `yolo12n.pt`
s2df_40p_100ep_lr005_s47n,A,s2df,yolo12n,high,args-chain,`s2df_40p_100ep_lr005_s47n`.`model` = `pcb_pretrain.pt` → `pcb_pretrain`.`model` = `yolo12n.pt`
s2df_40p_100ep_lr005_s48n,A,s2df,yolo12n,high,args-chain,`s2df_40p_100ep_lr005_s48n`.`model` = `pcb_pretrain.pt` → `pcb_pretrain`.`model` = `yolo12n.pt`
s2df_40p_100ep_lr005_s49n,A,s2df,yolo12n,high,args-chain,`s2df_40p_100ep_lr005_s49n`.`model` = `pcb_pretrain.pt` → `pcb_pretrain`.`model` = `yolo12n.pt`
s2df_40p_100ep_lr005_s50n,A,s2df,yolo12n,high,args-chain,`s2df_40p_100ep_lr005_s50n`.`model` = `pcb_pretrain.pt` → `pcb_pretrain`.`model` = `yolo12n.pt`
s2df_40p_100ep_lr005_s51n,A,s2df,yolo12n,high,args-chain,`s2df_40p_100ep_lr005_s51n`.`model` = `pcb_pretrain.pt` → `pcb_pretrain`.`model` = `yolo12n.pt`
s2df_40p_30ep_base_s42n,A,s2df,yolo12n,high,args-chain,`s2df_40p_30ep_base_s42n`.`model` = `pcb_pretrain.pt` → `pcb_pretrain`.`model` = `yolo12n.pt`
s2df_40p_30ep_base_s43n,A,s2df,yolo12n,high,args-chain,`s2df_40p_30ep_base_s43n`.`model` = `pcb_pretrain.pt` → `pcb_pretrain`.`model` = `yolo12n.pt`
s2df_40p_30ep_base_s44n,A,s2df,yolo12n,high,args-chain,`s2df_40p_30ep_base_s44n`.`model` = `pcb_pretrain.pt` → `pcb_pretrain`.`model` = `yolo12n.pt`
s2df_40p_30ep_base_s45n,A,s2df,yolo12n,high,args-chain,`s2df_40p_30ep_base_s45n`.`model` = `pcb_pretrain.pt` → `pcb_pretrain`.`model` = `yolo12n.pt`
s2df_40p_30ep_base_s46n,A,s2df,yolo12n,high,args-chain,`s2df_40p_30ep_base_s46n`.`model` = `pcb_pretrain.pt` → `pcb_pretrain`.`model` = `yolo12n.pt`
s2df_40p_30ep_base_s47n,A,s2df,yolo12n,high,args-chain,`s2df_40p_30ep_base_s47n`.`model` = `pcb_pretrain.pt` → `pcb_pretrain`.`model` = `yolo12n.pt`
s2df_40p_30ep_base_s48n,A,s2df,yolo12n,high,args-chain,`s2df_40p_30ep_base_s48n`.`model` = `pcb_pretrain.pt` → `pcb_pretrain`.`model` = `yolo12n.pt`
s2df_40p_30ep_base_s49n,A,s2df,yolo12n,high,args-chain,`s2df_40p_30ep_base_s49n`.`model` = `pcb_pretrain.pt` → `pcb_pretrain`.`model` = `yolo12n.pt`
s2df_40p_30ep_base_s50n,A,s2df,yolo12n,high,args-chain,`s2df_40p_30ep_base_s50n`.`model` = `pcb_pretrain.pt` → `pcb_pretrain`.`model` = `yolo12n.pt`
s2df_40p_30ep_base_s51n,A,s2df,yolo12n,high,args-chain,`s2df_40p_30ep_base_s51n`.`model` = `pcb_pretrain.pt` → `pcb_pretrain`.`model` = `yolo12n.pt`
s2df_40p_30ep_lr005_s42n,A,s2df,yolo12n,high,args-chain,`s2df_40p_30ep_lr005_s42n`.`model` = `pcb_pretrain.pt` → `pcb_pretrain`.`model` = `yolo12n.pt`
s2df_40p_30ep_lr005_s43n,A,s2df,yolo12n,high,args-chain,`s2df_40p_30ep_lr005_s43n`.`model` = `pcb_pretrain.pt` → `pcb_pretrain`.`model` = `yolo12n.pt`
s2df_40p_30ep_lr005_s44n,A,s2df,yolo12n,high,args-chain,`s2df_40p_30ep_lr005_s44n`.`model` = `pcb_pretrain.pt` → `pcb_pretrain`.`model` = `yolo12n.pt`
s2df_40p_30ep_lr005_s45n,A,s2df,yolo12n,high,args-chain,`s2df_40p_30ep_lr005_s45n`.`model` = `pcb_pretrain.pt` → `pcb_pretrain`.`model` = `yolo12n.pt`
s2df_40p_30ep_lr005_s46n,A,s2df,yolo12n,high,args-chain,`s2df_40p_30ep_lr005_s46n`.`model` = `pcb_pretrain.pt` → `pcb_pretrain`.`model` = `yolo12n.pt`
s2df_40p_30ep_lr005_s47n,A,s2df,yolo12n,high,args-chain,`s2df_40p_30ep_lr005_s47n`.`model` = `pcb_pretrain.pt` → `pcb_pretrain`.`model` = `yolo12n.pt`
s2df_40p_30ep_lr005_s48n,A,s2df,yolo12n,high,args-chain,`s2df_40p_30ep_lr005_s48n`.`model` = `pcb_pretrain.pt` → `pcb_pretrain`.`model` = `yolo12n.pt`
s2df_40p_30ep_lr005_s49n,A,s2df,yolo12n,high,args-chain,`s2df_40p_30ep_lr005_s49n`.`model` = `pcb_pretrain.pt` → `pcb_pretrain`.`model` = `yolo12n.pt`
s2df_40p_30ep_lr005_s50n,A,s2df,yolo12n,high,args-chain,`s2df_40p_30ep_lr005_s50n`.`model` = `pcb_pretrain.pt` → `pcb_pretrain`.`model` = `yolo12n.pt`
s2df_40p_30ep_lr005_s51n,A,s2df,yolo12n,high,args-chain,`s2df_40p_30ep_lr005_s51n`.`model` = `pcb_pretrain.pt` → `pcb_pretrain`.`model` = `yolo12n.pt`
s2df_50p_100ep_base_s42n,A,s2df,yolo12n,high,args-chain,`s2df_50p_100ep_base_s42n`.`model` = `pcb_pretrain.pt` → `pcb_pretrain`.`model` = `yolo12n.pt`
s2df_50p_100ep_base_s43n,A,s2df,yolo12n,high,args-chain,`s2df_50p_100ep_base_s43n`.`model` = `pcb_pretrain.pt` → `pcb_pretrain`.`model` = `yolo12n.pt`
s2df_50p_100ep_base_s44n,A,s2df,yolo12n,high,args-chain,`s2df_50p_100ep_base_s44n`.`model` = `pcb_pretrain.pt` → `pcb_pretrain`.`model` = `yolo12n.pt`
s2df_50p_100ep_base_s45n,A,s2df,yolo12n,high,args-chain,`s2df_50p_100ep_base_s45n`.`model` = `pcb_pretrain.pt` → `pcb_pretrain`.`model` = `yolo12n.pt`
s2df_50p_100ep_base_s46n,A,s2df,yolo12n,high,args-chain,`s2df_50p_100ep_base_s46n`.`model` = `pcb_pretrain.pt` → `pcb_pretrain`.`model` = `yolo12n.pt`
s2df_50p_100ep_base_s47n,A,s2df,yolo12n,high,args-chain,`s2df_50p_100ep_base_s47n`.`model` = `pcb_pretrain.pt` → `pcb_pretrain`.`model` = `yolo12n.pt`
s2df_50p_100ep_base_s48n,A,s2df,yolo12n,high,args-chain,`s2df_50p_100ep_base_s48n`.`model` = `pcb_pretrain.pt` → `pcb_pretrain`.`model` = `yolo12n.pt`
s2df_50p_100ep_base_s49n,A,s2df,yolo12n,high,args-chain,`s2df_50p_100ep_base_s49n`.`model` = `pcb_pretrain.pt` → `pcb_pretrain`.`model` = `yolo12n.pt`
s2df_50p_100ep_base_s50n,A,s2df,yolo12n,high,args-chain,`s2df_50p_100ep_base_s50n`.`model` = `pcb_pretrain.pt` → `pcb_pretrain`.`model` = `yolo12n.pt`
s2df_50p_100ep_base_s51n,A,s2df,yolo12n,high,args-chain,`s2df_50p_100ep_base_s51n`.`model` = `pcb_pretrain.pt` → `pcb_pretrain`.`model` = `yolo12n.pt`
s2df_50p_100ep_lr005_s42n,A,s2df,yolo12n,high,args-chain,`s2df_50p_100ep_lr005_s42n`.`model` = `pcb_pretrain.pt` → `pcb_pretrain`.`model` = `yolo12n.pt`
s2df_50p_100ep_lr005_s43n,A,s2df,yolo12n,high,args-chain,`s2df_50p_100ep_lr005_s43n`.`model` = `pcb_pretrain.pt` → `pcb_pretrain`.`model` = `yolo12n.pt`
s2df_50p_100ep_lr005_s44n,A,s2df,yolo12n,high,args-chain,`s2df_50p_100ep_lr005_s44n`.`model` = `pcb_pretrain.pt` → `pcb_pretrain`.`model` = `yolo12n.pt`
s2df_50p_100ep_lr005_s45n,A,s2df,yolo12n,high,args-chain,`s2df_50p_100ep_lr005_s45n`.`model` = `pcb_pretrain.pt` → `pcb_pretrain`.`model` = `yolo12n.pt`
s2df_50p_100ep_lr005_s46n,A,s2df,yolo12n,high,args-chain,`s2df_50p_100ep_lr005_s46n`.`model` = `pcb_pretrain.pt` → `pcb_pretrain`.`model` = `yolo12n.pt`
s2df_50p_100ep_lr005_s47n,A,s2df,yolo12n,high,args-chain,`s2df_50p_100ep_lr005_s47n`.`model` = `pcb_pretrain.pt` → `pcb_pretrain`.`model` = `yolo12n.pt`
s2df_50p_100ep_lr005_s48n,A,s2df,yolo12n,high,args-chain,`s2df_50p_100ep_lr005_s48n`.`model` = `pcb_pretrain.pt` → `pcb_pretrain`.`model` = `yolo12n.pt`
s2df_50p_100ep_lr005_s49n,A,s2df,yolo12n,high,args-chain,`s2df_50p_100ep_lr005_s49n`.`model` = `pcb_pretrain.pt` → `pcb_pretrain`.`model` = `yolo12n.pt`
s2df_50p_100ep_lr005_s50n,A,s2df,yolo12n,high,args-chain,`s2df_50p_100ep_lr005_s50n`.`model` = `pcb_pretrain.pt` → `pcb_pretrain`.`model` = `yolo12n.pt`
s2df_50p_100ep_lr005_s51n,A,s2df,yolo12n,high,args-chain,`s2df_50p_100ep_lr005_s51n`.`model` = `pcb_pretrain.pt` → `pcb_pretrain`.`model` = `yolo12n.pt`
s2df_50p_30ep_base_s42n,A,s2df,yolo12n,high,args-chain,`s2df_50p_30ep_base_s42n`.`model` = `pcb_pretrain.pt` → `pcb_pretrain`.`model` = `yolo12n.pt`
s2df_50p_30ep_base_s43n,A,s2df,yolo12n,high,args-chain,`s2df_50p_30ep_base_s43n`.`model` = `pcb_pretrain.pt` → `pcb_pretrain`.`model` = `yolo12n.pt`
s2df_50p_30ep_base_s44n,A,s2df,yolo12n,high,args-chain,`s2df_50p_30ep_base_s44n`.`model` = `pcb_pretrain.pt` → `pcb_pretrain`.`model` = `yolo12n.pt`
s2df_50p_30ep_base_s45n,A,s2df,yolo12n,high,args-chain,`s2df_50p_30ep_base_s45n`.`model` = `pcb_pretrain.pt` → `pcb_pretrain`.`model` = `yolo12n.pt`
s2df_50p_30ep_base_s46n,A,s2df,yolo12n,high,args-chain,`s2df_50p_30ep_base_s46n`.`model` = `pcb_pretrain.pt` → `pcb_pretrain`.`model` = `yolo12n.pt`
s2df_50p_30ep_base_s47n,A,s2df,yolo12n,high,args-chain,`s2df_50p_30ep_base_s47n`.`model` = `pcb_pretrain.pt` → `pcb_pretrain`.`model` = `yolo12n.pt`
s2df_50p_30ep_base_s48n,A,s2df,yolo12n,high,args-chain,`s2df_50p_30ep_base_s48n`.`model` = `pcb_pretrain.pt` → `pcb_pretrain`.`model` = `yolo12n.pt`
s2df_50p_30ep_base_s49n,A,s2df,yolo12n,high,args-chain,`s2df_50p_30ep_base_s49n`.`model` = `pcb_pretrain.pt` → `pcb_pretrain`.`model` = `yolo12n.pt`
s2df_50p_30ep_base_s50n,A,s2df,yolo12n,high,args-chain,`s2df_50p_30ep_base_s50n`.`model` = `pcb_pretrain.pt` → `pcb_pretrain`.`model` = `yolo12n.pt`
s2df_50p_30ep_base_s51n,A,s2df,yolo12n,high,args-chain,`s2df_50p_30ep_base_s51n`.`model` = `pcb_pretrain.pt` → `pcb_pretrain`.`model` = `yolo12n.pt`
s2df_50p_30ep_lr005_s42n,A,s2df,yolo12n,high,args-chain,`s2df_50p_30ep_lr005_s42n`.`model` = `pcb_pretrain.pt` → `pcb_pretrain`.`model` = `yolo12n.pt`
s2df_50p_30ep_lr005_s43n,A,s2df,yolo12n,high,args-chain,`s2df_50p_30ep_lr005_s43n`.`model` = `pcb_pretrain.pt` → `pcb_pretrain`.`model` = `yolo12n.pt`
s2df_50p_30ep_lr005_s44n,A,s2df,yolo12n,high,args-chain,`s2df_50p_30ep_lr005_s44n`.`model` = `pcb_pretrain.pt` → `pcb_pretrain`.`model` = `yolo12n.pt`
s2df_50p_30ep_lr005_s45n,A,s2df,yolo12n,high,args-chain,`s2df_50p_30ep_lr005_s45n`.`model` = `pcb_pretrain.pt` → `pcb_pretrain`.`model` = `yolo12n.pt`
s2df_50p_30ep_lr005_s46n,A,s2df,yolo12n,high,args-chain,`s2df_50p_30ep_lr005_s46n`.`model` = `pcb_pretrain.pt` → `pcb_pretrain`.`model` = `yolo12n.pt`
s2df_50p_30ep_lr005_s47n,A,s2df,yolo12n,high,args-chain,`s2df_50p_30ep_lr005_s47n`.`model` = `pcb_pretrain.pt` → `pcb_pretrain`.`model` = `yolo12n.pt`
s2df_50p_30ep_lr005_s48n,A,s2df,yolo12n,high,args-chain,`s2df_50p_30ep_lr005_s48n`.`model` = `pcb_pretrain.pt` → `pcb_pretrain`.`model` = `yolo12n.pt`
s2df_50p_30ep_lr005_s49n,A,s2df,yolo12n,high,args-chain,`s2df_50p_30ep_lr005_s49n`.`model` = `pcb_pretrain.pt` → `pcb_pretrain`.`model` = `yolo12n.pt`
s2df_50p_30ep_lr005_s50n,A,s2df,yolo12n,high,args-chain,`s2df_50p_30ep_lr005_s50n`.`model` = `pcb_pretrain.pt` → `pcb_pretrain`.`model` = `yolo12n.pt`
s2df_50p_30ep_lr005_s51n,A,s2df,yolo12n,high,args-chain,`s2df_50p_30ep_lr005_s51n`.`model` = `pcb_pretrain.pt` → `pcb_pretrain`.`model` = `yolo12n.pt`
s2hv_10p_100ep_base_s42n,B,s2hv,yolo12n,high,args-chain,`s2hv_10p_100ep_base_s42n`.`model` = `chv_pretrain.pt` → `chv_pretrain`.`model` = `yolo12n.pt`
s2hv_10p_100ep_base_s43n,B,s2hv,yolo12n,high,args-chain,`s2hv_10p_100ep_base_s43n`.`model` = `chv_pretrain.pt` → `chv_pretrain`.`model` = `yolo12n.pt`
s2hv_10p_100ep_base_s44n,B,s2hv,yolo12n,high,args-chain,`s2hv_10p_100ep_base_s44n`.`model` = `chv_pretrain.pt` → `chv_pretrain`.`model` = `yolo12n.pt`
s2hv_10p_100ep_lr005_s42n,B,s2hv,yolo12n,high,args-chain,`s2hv_10p_100ep_lr005_s42n`.`model` = `chv_pretrain.pt` → `chv_pretrain`.`model` = `yolo12n.pt`
s2hv_10p_100ep_lr005_s43n,B,s2hv,yolo12n,high,args-chain,`s2hv_10p_100ep_lr005_s43n`.`model` = `chv_pretrain.pt` → `chv_pretrain`.`model` = `yolo12n.pt`
s2hv_10p_100ep_lr005_s44n,B,s2hv,yolo12n,high,args-chain,`s2hv_10p_100ep_lr005_s44n`.`model` = `chv_pretrain.pt` → `chv_pretrain`.`model` = `yolo12n.pt`
s2hv_10p_30ep_base_s42n,B,s2hv,yolo12n,high,args-chain,`s2hv_10p_30ep_base_s42n`.`model` = `chv_pretrain.pt` → `chv_pretrain`.`model` = `yolo12n.pt`
s2hv_10p_30ep_base_s43n,B,s2hv,yolo12n,high,args-chain,`s2hv_10p_30ep_base_s43n`.`model` = `chv_pretrain.pt` → `chv_pretrain`.`model` = `yolo12n.pt`
s2hv_10p_30ep_base_s44n,B,s2hv,yolo12n,high,args-chain,`s2hv_10p_30ep_base_s44n`.`model` = `chv_pretrain.pt` → `chv_pretrain`.`model` = `yolo12n.pt`
s2hv_10p_30ep_lr005_s42n,B,s2hv,yolo12n,high,args-chain,`s2hv_10p_30ep_lr005_s42n`.`model` = `chv_pretrain.pt` → `chv_pretrain`.`model` = `yolo12n.pt`
s2hv_10p_30ep_lr005_s43n,B,s2hv,yolo12n,high,args-chain,`s2hv_10p_30ep_lr005_s43n`.`model` = `chv_pretrain.pt` → `chv_pretrain`.`model` = `yolo12n.pt`
s2hv_10p_30ep_lr005_s44n,B,s2hv,yolo12n,high,args-chain,`s2hv_10p_30ep_lr005_s44n`.`model` = `chv_pretrain.pt` → `chv_pretrain`.`model` = `yolo12n.pt`
s2hv_20p_100ep_base_s42n,B,s2hv,yolo12n,high,args-chain,`s2hv_20p_100ep_base_s42n`.`model` = `chv_pretrain.pt` → `chv_pretrain`.`model` = `yolo12n.pt`
s2hv_20p_100ep_base_s43n,B,s2hv,yolo12n,high,args-chain,`s2hv_20p_100ep_base_s43n`.`model` = `chv_pretrain.pt` → `chv_pretrain`.`model` = `yolo12n.pt`
s2hv_20p_100ep_base_s44n,B,s2hv,yolo12n,high,args-chain,`s2hv_20p_100ep_base_s44n`.`model` = `chv_pretrain.pt` → `chv_pretrain`.`model` = `yolo12n.pt`
s2hv_20p_100ep_lr005_s42n,B,s2hv,yolo12n,high,args-chain,`s2hv_20p_100ep_lr005_s42n`.`model` = `chv_pretrain.pt` → `chv_pretrain`.`model` = `yolo12n.pt`
s2hv_20p_100ep_lr005_s43n,B,s2hv,yolo12n,high,args-chain,`s2hv_20p_100ep_lr005_s43n`.`model` = `chv_pretrain.pt` → `chv_pretrain`.`model` = `yolo12n.pt`
s2hv_20p_100ep_lr005_s44n,B,s2hv,yolo12n,high,args-chain,`s2hv_20p_100ep_lr005_s44n`.`model` = `chv_pretrain.pt` → `chv_pretrain`.`model` = `yolo12n.pt`
s2hv_20p_30ep_base_s42n,B,s2hv,yolo12n,high,args-chain,`s2hv_20p_30ep_base_s42n`.`model` = `chv_pretrain.pt` → `chv_pretrain`.`model` = `yolo12n.pt`
s2hv_20p_30ep_base_s43n,B,s2hv,yolo12n,high,args-chain,`s2hv_20p_30ep_base_s43n`.`model` = `chv_pretrain.pt` → `chv_pretrain`.`model` = `yolo12n.pt`
s2hv_20p_30ep_base_s44n,B,s2hv,yolo12n,high,args-chain,`s2hv_20p_30ep_base_s44n`.`model` = `chv_pretrain.pt` → `chv_pretrain`.`model` = `yolo12n.pt`
s2hv_20p_30ep_lr005_s42n,B,s2hv,yolo12n,high,args-chain,`s2hv_20p_30ep_lr005_s42n`.`model` = `chv_pretrain.pt` → `chv_pretrain`.`model` = `yolo12n.pt`
s2hv_20p_30ep_lr005_s43n,B,s2hv,yolo12n,high,args-chain,`s2hv_20p_30ep_lr005_s43n`.`model` = `chv_pretrain.pt` → `chv_pretrain`.`model` = `yolo12n.pt`
s2hv_20p_30ep_lr005_s44n,B,s2hv,yolo12n,high,args-chain,`s2hv_20p_30ep_lr005_s44n`.`model` = `chv_pretrain.pt` → `chv_pretrain`.`model` = `yolo12n.pt`
s2hv_30p_100ep_base_s42n,B,s2hv,yolo12n,high,args-chain,`s2hv_30p_100ep_base_s42n`.`model` = `chv_pretrain.pt` → `chv_pretrain`.`model` = `yolo12n.pt`
s2hv_30p_100ep_base_s43n,B,s2hv,yolo12n,high,args-chain,`s2hv_30p_100ep_base_s43n`.`model` = `chv_pretrain.pt` → `chv_pretrain`.`model` = `yolo12n.pt`
s2hv_30p_100ep_base_s44n,B,s2hv,yolo12n,high,args-chain,`s2hv_30p_100ep_base_s44n`.`model` = `chv_pretrain.pt` → `chv_pretrain`.`model` = `yolo12n.pt`
s2hv_30p_100ep_lr005_s42n,B,s2hv,yolo12n,high,args-chain,`s2hv_30p_100ep_lr005_s42n`.`model` = `chv_pretrain.pt` → `chv_pretrain`.`model` = `yolo12n.pt`
s2hv_30p_100ep_lr005_s43n,B,s2hv,yolo12n,high,args-chain,`s2hv_30p_100ep_lr005_s43n`.`model` = `chv_pretrain.pt` → `chv_pretrain`.`model` = `yolo12n.pt`
s2hv_30p_100ep_lr005_s44n,B,s2hv,yolo12n,high,args-chain,`s2hv_30p_100ep_lr005_s44n`.`model` = `chv_pretrain.pt` → `chv_pretrain`.`model` = `yolo12n.pt`
s2hv_30p_30ep_base_s42n,B,s2hv,yolo12n,high,args-chain,`s2hv_30p_30ep_base_s42n`.`model` = `chv_pretrain.pt` → `chv_pretrain`.`model` = `yolo12n.pt`
s2hv_30p_30ep_base_s43n,B,s2hv,yolo12n,high,args-chain,`s2hv_30p_30ep_base_s43n`.`model` = `chv_pretrain.pt` → `chv_pretrain`.`model` = `yolo12n.pt`
s2hv_30p_30ep_base_s44n,B,s2hv,yolo12n,high,args-chain,`s2hv_30p_30ep_base_s44n`.`model` = `chv_pretrain.pt` → `chv_pretrain`.`model` = `yolo12n.pt`
s2hv_30p_30ep_lr005_s42n,B,s2hv,yolo12n,high,args-chain,`s2hv_30p_30ep_lr005_s42n`.`model` = `chv_pretrain.pt` → `chv_pretrain`.`model` = `yolo12n.pt`
s2hv_30p_30ep_lr005_s43n,B,s2hv,yolo12n,high,args-chain,`s2hv_30p_30ep_lr005_s43n`.`model` = `chv_pretrain.pt` → `chv_pretrain`.`model` = `yolo12n.pt`
s2hv_30p_30ep_lr005_s44n,B,s2hv,yolo12n,high,args-chain,`s2hv_30p_30ep_lr005_s44n`.`model` = `chv_pretrain.pt` → `chv_pretrain`.`model` = `yolo12n.pt`
s2hv_40p_100ep_base_s42n,B,s2hv,yolo12n,high,args-chain,`s2hv_40p_100ep_base_s42n`.`model` = `chv_pretrain.pt` → `chv_pretrain`.`model` = `yolo12n.pt`
s2hv_40p_100ep_base_s43n,B,s2hv,yolo12n,high,args-chain,`s2hv_40p_100ep_base_s43n`.`model` = `chv_pretrain.pt` → `chv_pretrain`.`model` = `yolo12n.pt`
s2hv_40p_100ep_base_s44n,B,s2hv,yolo12n,high,args-chain,`s2hv_40p_100ep_base_s44n`.`model` = `chv_pretrain.pt` → `chv_pretrain`.`model` = `yolo12n.pt`
s2hv_40p_100ep_lr005_s42n,B,s2hv,yolo12n,high,args-chain,`s2hv_40p_100ep_lr005_s42n`.`model` = `chv_pretrain.pt` → `chv_pretrain`.`model` = `yolo12n.pt`
s2hv_40p_100ep_lr005_s43n,B,s2hv,yolo12n,high,args-chain,`s2hv_40p_100ep_lr005_s43n`.`model` = `chv_pretrain.pt` → `chv_pretrain`.`model` = `yolo12n.pt`
s2hv_40p_100ep_lr005_s44n,B,s2hv,yolo12n,high,args-chain,`s2hv_40p_100ep_lr005_s44n`.`model` = `chv_pretrain.pt` → `chv_pretrain`.`model` = `yolo12n.pt`
s2hv_40p_30ep_base_s42n,B,s2hv,yolo12n,high,args-chain,`s2hv_40p_30ep_base_s42n`.`model` = `chv_pretrain.pt` → `chv_pretrain`.`model` = `yolo12n.pt`
s2hv_40p_30ep_base_s43n,B,s2hv,yolo12n,high,args-chain,`s2hv_40p_30ep_base_s43n`.`model` = `chv_pretrain.pt` → `chv_pretrain`.`model` = `yolo12n.pt`
s2hv_40p_30ep_base_s44n,B,s2hv,yolo12n,high,args-chain,`s2hv_40p_30ep_base_s44n`.`model` = `chv_pretrain.pt` → `chv_pretrain`.`model` = `yolo12n.pt`
s2hv_40p_30ep_lr005_s42n,B,s2hv,yolo12n,high,args-chain,`s2hv_40p_30ep_lr005_s42n`.`model` = `chv_pretrain.pt` → `chv_pretrain`.`model` = `yolo12n.pt`
s2hv_40p_30ep_lr005_s43n,B,s2hv,yolo12n,high,args-chain,`s2hv_40p_30ep_lr005_s43n`.`model` = `chv_pretrain.pt` → `chv_pretrain`.`model` = `yolo12n.pt`
s2hv_40p_30ep_lr005_s44n,B,s2hv,yolo12n,high,args-chain,`s2hv_40p_30ep_lr005_s44n`.`model` = `chv_pretrain.pt` → `chv_pretrain`.`model` = `yolo12n.pt`
s2hv_50p_100ep_base_s42n,B,s2hv,yolo12n,high,args-chain,`s2hv_50p_100ep_base_s42n`.`model` = `chv_pretrain.pt` → `chv_pretrain`.`model` = `yolo12n.pt`
s2hv_50p_100ep_base_s43n,B,s2hv,yolo12n,high,args-chain,`s2hv_50p_100ep_base_s43n`.`model` = `chv_pretrain.pt` → `chv_pretrain`.`model` = `yolo12n.pt`
s2hv_50p_100ep_base_s44n,B,s2hv,yolo12n,high,args-chain,`s2hv_50p_100ep_base_s44n`.`model` = `chv_pretrain.pt` → `chv_pretrain`.`model` = `yolo12n.pt`
s2hv_50p_100ep_lr005_s42n,B,s2hv,yolo12n,high,args-chain,`s2hv_50p_100ep_lr005_s42n`.`model` = `chv_pretrain.pt` → `chv_pretrain`.`model` = `yolo12n.pt`
s2hv_50p_100ep_lr005_s43n,B,s2hv,yolo12n,high,args-chain,`s2hv_50p_100ep_lr005_s43n`.`model` = `chv_pretrain.pt` → `chv_pretrain`.`model` = `yolo12n.pt`
s2hv_50p_100ep_lr005_s44n,B,s2hv,yolo12n,high,args-chain,`s2hv_50p_100ep_lr005_s44n`.`model` = `chv_pretrain.pt` → `chv_pretrain`.`model` = `yolo12n.pt`
s2hv_50p_30ep_base_s42n,B,s2hv,yolo12n,high,args-chain,`s2hv_50p_30ep_base_s42n`.`model` = `chv_pretrain.pt` → `chv_pretrain`.`model` = `yolo12n.pt`
s2hv_50p_30ep_base_s43n,B,s2hv,yolo12n,high,args-chain,`s2hv_50p_30ep_base_s43n`.`model` = `chv_pretrain.pt` → `chv_pretrain`.`model` = `yolo12n.pt`
s2hv_50p_30ep_base_s44n,B,s2hv,yolo12n,high,args-chain,`s2hv_50p_30ep_base_s44n`.`model` = `chv_pretrain.pt` → `chv_pretrain`.`model` = `yolo12n.pt`
s2hv_50p_30ep_lr005_s42n,B,s2hv,yolo12n,high,args-chain,`s2hv_50p_30ep_lr005_s42n`.`model` = `chv_pretrain.pt` → `chv_pretrain`.`model` = `yolo12n.pt`
s2hv_50p_30ep_lr005_s43n,B,s2hv,yolo12n,high,args-chain,`s2hv_50p_30ep_lr005_s43n`.`model` = `chv_pretrain.pt` → `chv_pretrain`.`model` = `yolo12n.pt`
s2hv_50p_30ep_lr005_s44n,B,s2hv,yolo12n,high,args-chain,`s2hv_50p_30ep_lr005_s44n`.`model` = `chv_pretrain.pt` → `chv_pretrain`.`model` = `yolo12n.pt`
s2mk_10p_100ep_base_s42n,B,s2mk,yolo12n,high,args-chain,`s2mk_10p_100ep_base_s42n`.`model` = `mafa_pretrain.pt` → `mafa_pretrain`.`model` = `yolo12n.pt`
s2mk_10p_100ep_base_s43n,B,s2mk,yolo12n,high,args-chain,`s2mk_10p_100ep_base_s43n`.`model` = `mafa_pretrain.pt` → `mafa_pretrain`.`model` = `yolo12n.pt`
s2mk_10p_100ep_base_s44n,B,s2mk,yolo12n,high,args-chain,`s2mk_10p_100ep_base_s44n`.`model` = `mafa_pretrain.pt` → `mafa_pretrain`.`model` = `yolo12n.pt`
s2mk_10p_100ep_lr005_s42n,B,s2mk,yolo12n,high,args-chain,`s2mk_10p_100ep_lr005_s42n`.`model` = `mafa_pretrain.pt` → `mafa_pretrain`.`model` = `yolo12n.pt`
s2mk_10p_100ep_lr005_s43n,B,s2mk,yolo12n,high,args-chain,`s2mk_10p_100ep_lr005_s43n`.`model` = `mafa_pretrain.pt` → `mafa_pretrain`.`model` = `yolo12n.pt`
s2mk_10p_100ep_lr005_s44n,B,s2mk,yolo12n,high,args-chain,`s2mk_10p_100ep_lr005_s44n`.`model` = `mafa_pretrain.pt` → `mafa_pretrain`.`model` = `yolo12n.pt`
s2mk_10p_30ep_base_s42n,B,s2mk,yolo12n,high,args-chain,`s2mk_10p_30ep_base_s42n`.`model` = `mafa_pretrain.pt` → `mafa_pretrain`.`model` = `yolo12n.pt`
s2mk_10p_30ep_base_s43n,B,s2mk,yolo12n,high,args-chain,`s2mk_10p_30ep_base_s43n`.`model` = `mafa_pretrain.pt` → `mafa_pretrain`.`model` = `yolo12n.pt`
s2mk_10p_30ep_base_s44n,B,s2mk,yolo12n,high,args-chain,`s2mk_10p_30ep_base_s44n`.`model` = `mafa_pretrain.pt` → `mafa_pretrain`.`model` = `yolo12n.pt`
s2mk_10p_30ep_lr005_s42n,B,s2mk,yolo12n,high,args-chain,`s2mk_10p_30ep_lr005_s42n`.`model` = `mafa_pretrain.pt` → `mafa_pretrain`.`model` = `yolo12n.pt`
s2mk_10p_30ep_lr005_s43n,B,s2mk,yolo12n,high,args-chain,`s2mk_10p_30ep_lr005_s43n`.`model` = `mafa_pretrain.pt` → `mafa_pretrain`.`model` = `yolo12n.pt`
s2mk_10p_30ep_lr005_s44n,B,s2mk,yolo12n,high,args-chain,`s2mk_10p_30ep_lr005_s44n`.`model` = `mafa_pretrain.pt` → `mafa_pretrain`.`model` = `yolo12n.pt`
s2mk_20p_100ep_base_s42n,B,s2mk,yolo12n,high,args-chain,`s2mk_20p_100ep_base_s42n`.`model` = `mafa_pretrain.pt` → `mafa_pretrain`.`model` = `yolo12n.pt`
s2mk_20p_100ep_base_s43n,B,s2mk,yolo12n,high,args-chain,`s2mk_20p_100ep_base_s43n`.`model` = `mafa_pretrain.pt` → `mafa_pretrain`.`model` = `yolo12n.pt`
s2mk_20p_100ep_base_s44n,B,s2mk,yolo12n,high,args-chain,`s2mk_20p_100ep_base_s44n`.`model` = `mafa_pretrain.pt` → `mafa_pretrain`.`model` = `yolo12n.pt`
s2mk_20p_100ep_lr005_s42n,B,s2mk,yolo12n,high,args-chain,`s2mk_20p_100ep_lr005_s42n`.`model` = `mafa_pretrain.pt` → `mafa_pretrain`.`model` = `yolo12n.pt`
s2mk_20p_100ep_lr005_s43n,B,s2mk,yolo12n,high,args-chain,`s2mk_20p_100ep_lr005_s43n`.`model` = `mafa_pretrain.pt` → `mafa_pretrain`.`model` = `yolo12n.pt`
s2mk_20p_100ep_lr005_s44n,B,s2mk,yolo12n,high,args-chain,`s2mk_20p_100ep_lr005_s44n`.`model` = `mafa_pretrain.pt` → `mafa_pretrain`.`model` = `yolo12n.pt`
s2mk_20p_30ep_base_s42n,B,s2mk,yolo12n,high,args-chain,`s2mk_20p_30ep_base_s42n`.`model` = `mafa_pretrain.pt` → `mafa_pretrain`.`model` = `yolo12n.pt`
s2mk_20p_30ep_base_s43n,B,s2mk,yolo12n,high,args-chain,`s2mk_20p_30ep_base_s43n`.`model` = `mafa_pretrain.pt` → `mafa_pretrain`.`model` = `yolo12n.pt`
s2mk_20p_30ep_base_s44n,B,s2mk,yolo12n,high,args-chain,`s2mk_20p_30ep_base_s44n`.`model` = `mafa_pretrain.pt` → `mafa_pretrain`.`model` = `yolo12n.pt`
s2mk_20p_30ep_lr005_s42n,B,s2mk,yolo12n,high,args-chain,`s2mk_20p_30ep_lr005_s42n`.`model` = `mafa_pretrain.pt` → `mafa_pretrain`.`model` = `yolo12n.pt`
s2mk_20p_30ep_lr005_s43n,B,s2mk,yolo12n,high,args-chain,`s2mk_20p_30ep_lr005_s43n`.`model` = `mafa_pretrain.pt` → `mafa_pretrain`.`model` = `yolo12n.pt`
s2mk_20p_30ep_lr005_s44n,B,s2mk,yolo12n,high,args-chain,`s2mk_20p_30ep_lr005_s44n`.`model` = `mafa_pretrain.pt` → `mafa_pretrain`.`model` = `yolo12n.pt`
s2mk_30p_100ep_base_s42n,B,s2mk,yolo12n,high,args-chain,`s2mk_30p_100ep_base_s42n`.`model` = `mafa_pretrain.pt` → `mafa_pretrain`.`model` = `yolo12n.pt`
s2mk_30p_100ep_base_s43n,B,s2mk,yolo12n,high,args-chain,`s2mk_30p_100ep_base_s43n`.`model` = `mafa_pretrain.pt` → `mafa_pretrain`.`model` = `yolo12n.pt`
s2mk_30p_100ep_base_s44n,B,s2mk,yolo12n,high,args-chain,`s2mk_30p_100ep_base_s44n`.`model` = `mafa_pretrain.pt` → `mafa_pretrain`.`model` = `yolo12n.pt`
s2mk_30p_100ep_lr005_s42n,B,s2mk,yolo12n,high,args-chain,`s2mk_30p_100ep_lr005_s42n`.`model` = `mafa_pretrain.pt` → `mafa_pretrain`.`model` = `yolo12n.pt`
s2mk_30p_100ep_lr005_s43n,B,s2mk,yolo12n,high,args-chain,`s2mk_30p_100ep_lr005_s43n`.`model` = `mafa_pretrain.pt` → `mafa_pretrain`.`model` = `yolo12n.pt`
s2mk_30p_100ep_lr005_s44n,B,s2mk,yolo12n,high,args-chain,`s2mk_30p_100ep_lr005_s44n`.`model` = `mafa_pretrain.pt` → `mafa_pretrain`.`model` = `yolo12n.pt`
s2mk_30p_30ep_base_s42n,B,s2mk,yolo12n,high,args-chain,`s2mk_30p_30ep_base_s42n`.`model` = `mafa_pretrain.pt` → `mafa_pretrain`.`model` = `yolo12n.pt`
s2mk_30p_30ep_base_s43n,B,s2mk,yolo12n,high,args-chain,`s2mk_30p_30ep_base_s43n`.`model` = `mafa_pretrain.pt` → `mafa_pretrain`.`model` = `yolo12n.pt`
s2mk_30p_30ep_base_s44n,B,s2mk,yolo12n,high,args-chain,`s2mk_30p_30ep_base_s44n`.`model` = `mafa_pretrain.pt` → `mafa_pretrain`.`model` = `yolo12n.pt`
s2mk_30p_30ep_lr005_s42n,B,s2mk,yolo12n,high,args-chain,`s2mk_30p_30ep_lr005_s42n`.`model` = `mafa_pretrain.pt` → `mafa_pretrain`.`model` = `yolo12n.pt`
s2mk_30p_30ep_lr005_s43n,B,s2mk,yolo12n,high,args-chain,`s2mk_30p_30ep_lr005_s43n`.`model` = `mafa_pretrain.pt` → `mafa_pretrain`.`model` = `yolo12n.pt`
s2mk_30p_30ep_lr005_s44n,B,s2mk,yolo12n,high,args-chain,`s2mk_30p_30ep_lr005_s44n`.`model` = `mafa_pretrain.pt` → `mafa_pretrain`.`model` = `yolo12n.pt`
s2mk_40p_100ep_base_s42n,B,s2mk,yolo12n,high,args-chain,`s2mk_40p_100ep_base_s42n`.`model` = `mafa_pretrain.pt` → `mafa_pretrain`.`model` = `yolo12n.pt`
s2mk_40p_100ep_base_s43n,B,s2mk,yolo12n,high,args-chain,`s2mk_40p_100ep_base_s43n`.`model` = `mafa_pretrain.pt` → `mafa_pretrain`.`model` = `yolo12n.pt`
s2mk_40p_100ep_base_s44n,B,s2mk,yolo12n,high,args-chain,`s2mk_40p_100ep_base_s44n`.`model` = `mafa_pretrain.pt` → `mafa_pretrain`.`model` = `yolo12n.pt`
s2mk_40p_100ep_lr005_s42n,B,s2mk,yolo12n,high,args-chain,`s2mk_40p_100ep_lr005_s42n`.`model` = `mafa_pretrain.pt` → `mafa_pretrain`.`model` = `yolo12n.pt`
s2mk_40p_100ep_lr005_s43n,B,s2mk,yolo12n,high,args-chain,`s2mk_40p_100ep_lr005_s43n`.`model` = `mafa_pretrain.pt` → `mafa_pretrain`.`model` = `yolo12n.pt`
s2mk_40p_100ep_lr005_s44n,B,s2mk,yolo12n,high,args-chain,`s2mk_40p_100ep_lr005_s44n`.`model` = `mafa_pretrain.pt` → `mafa_pretrain`.`model` = `yolo12n.pt`
s2mk_40p_30ep_base_s42n,B,s2mk,yolo12n,high,args-chain,`s2mk_40p_30ep_base_s42n`.`model` = `mafa_pretrain.pt` → `mafa_pretrain`.`model` = `yolo12n.pt`
s2mk_40p_30ep_base_s43n,B,s2mk,yolo12n,high,args-chain,`s2mk_40p_30ep_base_s43n`.`model` = `mafa_pretrain.pt` → `mafa_pretrain`.`model` = `yolo12n.pt`
s2mk_40p_30ep_base_s44n,B,s2mk,yolo12n,high,args-chain,`s2mk_40p_30ep_base_s44n`.`model` = `mafa_pretrain.pt` → `mafa_pretrain`.`model` = `yolo12n.pt`
s2mk_40p_30ep_lr005_s42n,B,s2mk,yolo12n,high,args-chain,`s2mk_40p_30ep_lr005_s42n`.`model` = `mafa_pretrain.pt` → `mafa_pretrain`.`model` = `yolo12n.pt`
s2mk_40p_30ep_lr005_s43n,B,s2mk,yolo12n,high,args-chain,`s2mk_40p_30ep_lr005_s43n`.`model` = `mafa_pretrain.pt` → `mafa_pretrain`.`model` = `yolo12n.pt`
s2mk_40p_30ep_lr005_s44n,B,s2mk,yolo12n,high,args-chain,`s2mk_40p_30ep_lr005_s44n`.`model` = `mafa_pretrain.pt` → `mafa_pretrain`.`model` = `yolo12n.pt`
s2mk_50p_100ep_base_s42n,B,s2mk,yolo12n,high,args-chain,`s2mk_50p_100ep_base_s42n`.`model` = `mafa_pretrain.pt` → `mafa_pretrain`.`model` = `yolo12n.pt`
s2mk_50p_100ep_base_s43n,B,s2mk,yolo12n,high,args-chain,`s2mk_50p_100ep_base_s43n`.`model` = `mafa_pretrain.pt` → `mafa_pretrain`.`model` = `yolo12n.pt`
s2mk_50p_100ep_base_s44n,B,s2mk,yolo12n,high,args-chain,`s2mk_50p_100ep_base_s44n`.`model` = `mafa_pretrain.pt` → `mafa_pretrain`.`model` = `yolo12n.pt`
s2mk_50p_100ep_lr005_s42n,B,s2mk,yolo12n,high,args-chain,`s2mk_50p_100ep_lr005_s42n`.`model` = `mafa_pretrain.pt` → `mafa_pretrain`.`model` = `yolo12n.pt`
s2mk_50p_100ep_lr005_s43n,B,s2mk,yolo12n,high,args-chain,`s2mk_50p_100ep_lr005_s43n`.`model` = `mafa_pretrain.pt` → `mafa_pretrain`.`model` = `yolo12n.pt`
s2mk_50p_100ep_lr005_s44n,B,s2mk,yolo12n,high,args-chain,`s2mk_50p_100ep_lr005_s44n`.`model` = `mafa_pretrain.pt` → `mafa_pretrain`.`model` = `yolo12n.pt`
s2mk_50p_30ep_base_s42n,B,s2mk,yolo12n,high,args-chain,`s2mk_50p_30ep_base_s42n`.`model` = `mafa_pretrain.pt` → `mafa_pretrain`.`model` = `yolo12n.pt`
s2mk_50p_30ep_base_s43n,B,s2mk,yolo12n,high,args-chain,`s2mk_50p_30ep_base_s43n`.`model` = `mafa_pretrain.pt` → `mafa_pretrain`.`model` = `yolo12n.pt`
s2mk_50p_30ep_base_s44n,B,s2mk,yolo12n,high,args-chain,`s2mk_50p_30ep_base_s44n`.`model` = `mafa_pretrain.pt` → `mafa_pretrain`.`model` = `yolo12n.pt`
s2mk_50p_30ep_lr005_s42n,B,s2mk,yolo12n,high,args-chain,`s2mk_50p_30ep_lr005_s42n`.`model` = `mafa_pretrain.pt` → `mafa_pretrain`.`model` = `yolo12n.pt`
s2mk_50p_30ep_lr005_s43n,B,s2mk,yolo12n,high,args-chain,`s2mk_50p_30ep_lr005_s43n`.`model` = `mafa_pretrain.pt` → `mafa_pretrain`.`model` = `yolo12n.pt`
s2mk_50p_30ep_lr005_s44n,B,s2mk,yolo12n,high,args-chain,`s2mk_50p_30ep_lr005_s44n`.`model` = `mafa_pretrain.pt` → `mafa_pretrain`.`model` = `yolo12n.pt`
s2sm_10p_100ep_base_s42n,B,s2sm,yolo12n,high,args-chain,`s2sm_10p_100ep_base_s42n`.`model` = `fsin_pretrain.pt` → `fsin_pretrain`.`model` = `yolo12n.pt`
s2sm_10p_100ep_base_s43n,B,s2sm,yolo12n,high,args-chain,`s2sm_10p_100ep_base_s43n`.`model` = `fsin_pretrain.pt` → `fsin_pretrain`.`model` = `yolo12n.pt`
s2sm_10p_100ep_base_s44n,B,s2sm,yolo12n,high,args-chain,`s2sm_10p_100ep_base_s44n`.`model` = `fsin_pretrain.pt` → `fsin_pretrain`.`model` = `yolo12n.pt`
s2sm_10p_100ep_lr005_s42n,B,s2sm,yolo12n,high,args-chain,`s2sm_10p_100ep_lr005_s42n`.`model` = `fsin_pretrain.pt` → `fsin_pretrain`.`model` = `yolo12n.pt`
s2sm_10p_100ep_lr005_s43n,B,s2sm,yolo12n,high,args-chain,`s2sm_10p_100ep_lr005_s43n`.`model` = `fsin_pretrain.pt` → `fsin_pretrain`.`model` = `yolo12n.pt`
s2sm_10p_100ep_lr005_s44n,B,s2sm,yolo12n,high,args-chain,`s2sm_10p_100ep_lr005_s44n`.`model` = `fsin_pretrain.pt` → `fsin_pretrain`.`model` = `yolo12n.pt`
s2sm_10p_30ep_base_s42n,B,s2sm,yolo12n,high,args-chain,`s2sm_10p_30ep_base_s42n`.`model` = `fsin_pretrain.pt` → `fsin_pretrain`.`model` = `yolo12n.pt`
s2sm_10p_30ep_base_s43n,B,s2sm,yolo12n,high,args-chain,`s2sm_10p_30ep_base_s43n`.`model` = `fsin_pretrain.pt` → `fsin_pretrain`.`model` = `yolo12n.pt`
s2sm_10p_30ep_base_s44n,B,s2sm,yolo12n,high,args-chain,`s2sm_10p_30ep_base_s44n`.`model` = `fsin_pretrain.pt` → `fsin_pretrain`.`model` = `yolo12n.pt`
s2sm_10p_30ep_lr005_s42n,B,s2sm,yolo12n,high,args-chain,`s2sm_10p_30ep_lr005_s42n`.`model` = `fsin_pretrain.pt` → `fsin_pretrain`.`model` = `yolo12n.pt`
s2sm_10p_30ep_lr005_s43n,B,s2sm,yolo12n,high,args-chain,`s2sm_10p_30ep_lr005_s43n`.`model` = `fsin_pretrain.pt` → `fsin_pretrain`.`model` = `yolo12n.pt`
s2sm_10p_30ep_lr005_s44n,B,s2sm,yolo12n,high,args-chain,`s2sm_10p_30ep_lr005_s44n`.`model` = `fsin_pretrain.pt` → `fsin_pretrain`.`model` = `yolo12n.pt`
s2sm_20p_100ep_base_s42n,B,s2sm,yolo12n,high,args-chain,`s2sm_20p_100ep_base_s42n`.`model` = `fsin_pretrain.pt` → `fsin_pretrain`.`model` = `yolo12n.pt`
s2sm_20p_100ep_base_s43n,B,s2sm,yolo12n,high,args-chain,`s2sm_20p_100ep_base_s43n`.`model` = `fsin_pretrain.pt` → `fsin_pretrain`.`model` = `yolo12n.pt`
s2sm_20p_100ep_base_s44n,B,s2sm,yolo12n,high,args-chain,`s2sm_20p_100ep_base_s44n`.`model` = `fsin_pretrain.pt` → `fsin_pretrain`.`model` = `yolo12n.pt`
s2sm_20p_100ep_lr005_s42n,B,s2sm,yolo12n,high,args-chain,`s2sm_20p_100ep_lr005_s42n`.`model` = `fsin_pretrain.pt` → `fsin_pretrain`.`model` = `yolo12n.pt`
s2sm_20p_100ep_lr005_s43n,B,s2sm,yolo12n,high,args-chain,`s2sm_20p_100ep_lr005_s43n`.`model` = `fsin_pretrain.pt` → `fsin_pretrain`.`model` = `yolo12n.pt`
s2sm_20p_100ep_lr005_s44n,B,s2sm,yolo12n,high,args-chain,`s2sm_20p_100ep_lr005_s44n`.`model` = `fsin_pretrain.pt` → `fsin_pretrain`.`model` = `yolo12n.pt`
s2sm_20p_30ep_base_s42n,B,s2sm,yolo12n,high,args-chain,`s2sm_20p_30ep_base_s42n`.`model` = `fsin_pretrain.pt` → `fsin_pretrain`.`model` = `yolo12n.pt`
s2sm_20p_30ep_base_s43n,B,s2sm,yolo12n,high,args-chain,`s2sm_20p_30ep_base_s43n`.`model` = `fsin_pretrain.pt` → `fsin_pretrain`.`model` = `yolo12n.pt`
s2sm_20p_30ep_base_s44n,B,s2sm,yolo12n,high,args-chain,`s2sm_20p_30ep_base_s44n`.`model` = `fsin_pretrain.pt` → `fsin_pretrain`.`model` = `yolo12n.pt`
s2sm_20p_30ep_lr005_s42n,B,s2sm,yolo12n,high,args-chain,`s2sm_20p_30ep_lr005_s42n`.`model` = `fsin_pretrain.pt` → `fsin_pretrain`.`model` = `yolo12n.pt`
s2sm_20p_30ep_lr005_s43n,B,s2sm,yolo12n,high,args-chain,`s2sm_20p_30ep_lr005_s43n`.`model` = `fsin_pretrain.pt` → `fsin_pretrain`.`model` = `yolo12n.pt`
s2sm_20p_30ep_lr005_s44n,B,s2sm,yolo12n,high,args-chain,`s2sm_20p_30ep_lr005_s44n`.`model` = `fsin_pretrain.pt` → `fsin_pretrain`.`model` = `yolo12n.pt`
s2sm_30p_100ep_base_s42n,B,s2sm,yolo12n,high,args-chain,`s2sm_30p_100ep_base_s42n`.`model` = `fsin_pretrain.pt` → `fsin_pretrain`.`model` = `yolo12n.pt`
s2sm_30p_100ep_base_s43n,B,s2sm,yolo12n,high,args-chain,`s2sm_30p_100ep_base_s43n`.`model` = `fsin_pretrain.pt` → `fsin_pretrain`.`model` = `yolo12n.pt`
s2sm_30p_100ep_base_s44n,B,s2sm,yolo12n,high,args-chain,`s2sm_30p_100ep_base_s44n`.`model` = `fsin_pretrain.pt` → `fsin_pretrain`.`model` = `yolo12n.pt`
s2sm_30p_100ep_lr005_s42n,B,s2sm,yolo12n,high,args-chain,`s2sm_30p_100ep_lr005_s42n`.`model` = `fsin_pretrain.pt` → `fsin_pretrain`.`model` = `yolo12n.pt`
s2sm_30p_100ep_lr005_s43n,B,s2sm,yolo12n,high,args-chain,`s2sm_30p_100ep_lr005_s43n`.`model` = `fsin_pretrain.pt` → `fsin_pretrain`.`model` = `yolo12n.pt`
s2sm_30p_100ep_lr005_s44n,B,s2sm,yolo12n,high,args-chain,`s2sm_30p_100ep_lr005_s44n`.`model` = `fsin_pretrain.pt` → `fsin_pretrain`.`model` = `yolo12n.pt`
s2sm_30p_30ep_base_s42n,B,s2sm,yolo12n,high,args-chain,`s2sm_30p_30ep_base_s42n`.`model` = `fsin_pretrain.pt` → `fsin_pretrain`.`model` = `yolo12n.pt`
s2sm_30p_30ep_base_s43n,B,s2sm,yolo12n,high,args-chain,`s2sm_30p_30ep_base_s43n`.`model` = `fsin_pretrain.pt` → `fsin_pretrain`.`model` = `yolo12n.pt`
s2sm_30p_30ep_base_s44n,B,s2sm,yolo12n,high,args-chain,`s2sm_30p_30ep_base_s44n`.`model` = `fsin_pretrain.pt` → `fsin_pretrain`.`model` = `yolo12n.pt`
s2sm_30p_30ep_lr005_s42n,B,s2sm,yolo12n,high,args-chain,`s2sm_30p_30ep_lr005_s42n`.`model` = `fsin_pretrain.pt` → `fsin_pretrain`.`model` = `yolo12n.pt`
s2sm_30p_30ep_lr005_s43n,B,s2sm,yolo12n,high,args-chain,`s2sm_30p_30ep_lr005_s43n`.`model` = `fsin_pretrain.pt` → `fsin_pretrain`.`model` = `yolo12n.pt`
s2sm_30p_30ep_lr005_s44n,B,s2sm,yolo12n,high,args-chain,`s2sm_30p_30ep_lr005_s44n`.`model` = `fsin_pretrain.pt` → `fsin_pretrain`.`model` = `yolo12n.pt`
s2sm_40p_100ep_base_s42n,B,s2sm,yolo12n,high,args-chain,`s2sm_40p_100ep_base_s42n`.`model` = `fsin_pretrain.pt` → `fsin_pretrain`.`model` = `yolo12n.pt`
s2sm_40p_100ep_base_s43n,B,s2sm,yolo12n,high,args-chain,`s2sm_40p_100ep_base_s43n`.`model` = `fsin_pretrain.pt` → `fsin_pretrain`.`model` = `yolo12n.pt`
s2sm_40p_100ep_base_s44n,B,s2sm,yolo12n,high,args-chain,`s2sm_40p_100ep_base_s44n`.`model` = `fsin_pretrain.pt` → `fsin_pretrain`.`model` = `yolo12n.pt`
s2sm_40p_100ep_lr005_s42n,B,s2sm,yolo12n,high,args-chain,`s2sm_40p_100ep_lr005_s42n`.`model` = `fsin_pretrain.pt` → `fsin_pretrain`.`model` = `yolo12n.pt`
s2sm_40p_100ep_lr005_s43n,B,s2sm,yolo12n,high,args-chain,`s2sm_40p_100ep_lr005_s43n`.`model` = `fsin_pretrain.pt` → `fsin_pretrain`.`model` = `yolo12n.pt`
s2sm_40p_100ep_lr005_s44n,B,s2sm,yolo12n,high,args-chain,`s2sm_40p_100ep_lr005_s44n`.`model` = `fsin_pretrain.pt` → `fsin_pretrain`.`model` = `yolo12n.pt`
s2sm_40p_30ep_base_s42n,B,s2sm,yolo12n,high,args-chain,`s2sm_40p_30ep_base_s42n`.`model` = `fsin_pretrain.pt` → `fsin_pretrain`.`model` = `yolo12n.pt`
s2sm_40p_30ep_base_s43n,B,s2sm,yolo12n,high,args-chain,`s2sm_40p_30ep_base_s43n`.`model` = `fsin_pretrain.pt` → `fsin_pretrain`.`model` = `yolo12n.pt`
s2sm_40p_30ep_base_s44n,B,s2sm,yolo12n,high,args-chain,`s2sm_40p_30ep_base_s44n`.`model` = `fsin_pretrain.pt` → `fsin_pretrain`.`model` = `yolo12n.pt`
s2sm_40p_30ep_lr005_s42n,B,s2sm,yolo12n,high,args-chain,`s2sm_40p_30ep_lr005_s42n`.`model` = `fsin_pretrain.pt` → `fsin_pretrain`.`model` = `yolo12n.pt`
s2sm_40p_30ep_lr005_s43n,B,s2sm,yolo12n,high,args-chain,`s2sm_40p_30ep_lr005_s43n`.`model` = `fsin_pretrain.pt` → `fsin_pretrain`.`model` = `yolo12n.pt`
s2sm_40p_30ep_lr005_s44n,B,s2sm,yolo12n,high,args-chain,`s2sm_40p_30ep_lr005_s44n`.`model` = `fsin_pretrain.pt` → `fsin_pretrain`.`model` = `yolo12n.pt`
s2sm_50p_100ep_base_s42n,B,s2sm,yolo12n,high,args-chain,`s2sm_50p_100ep_base_s42n`.`model` = `fsin_pretrain.pt` → `fsin_pretrain`.`model` = `yolo12n.pt`
s2sm_50p_100ep_base_s43n,B,s2sm,yolo12n,high,args-chain,`s2sm_50p_100ep_base_s43n`.`model` = `fsin_pretrain.pt` → `fsin_pretrain`.`model` = `yolo12n.pt`
s2sm_50p_100ep_base_s44n,B,s2sm,yolo12n,high,args-chain,`s2sm_50p_100ep_base_s44n`.`model` = `fsin_pretrain.pt` → `fsin_pretrain`.`model` = `yolo12n.pt`
s2sm_50p_100ep_lr005_s42n,B,s2sm,yolo12n,high,args-chain,`s2sm_50p_100ep_lr005_s42n`.`model` = `fsin_pretrain.pt` → `fsin_pretrain`.`model` = `yolo12n.pt`
s2sm_50p_100ep_lr005_s43n,B,s2sm,yolo12n,high,args-chain,`s2sm_50p_100ep_lr005_s43n`.`model` = `fsin_pretrain.pt` → `fsin_pretrain`.`model` = `yolo12n.pt`
s2sm_50p_100ep_lr005_s44n,B,s2sm,yolo12n,high,args-chain,`s2sm_50p_100ep_lr005_s44n`.`model` = `fsin_pretrain.pt` → `fsin_pretrain`.`model` = `yolo12n.pt`
s2sm_50p_30ep_base_s42n,B,s2sm,yolo12n,high,args-chain,`s2sm_50p_30ep_base_s42n`.`model` = `fsin_pretrain.pt` → `fsin_pretrain`.`model` = `yolo12n.pt`
s2sm_50p_30ep_base_s43n,B,s2sm,yolo12n,high,args-chain,`s2sm_50p_30ep_base_s43n`.`model` = `fsin_pretrain.pt` → `fsin_pretrain`.`model` = `yolo12n.pt`
s2sm_50p_30ep_base_s44n,B,s2sm,yolo12n,high,args-chain,`s2sm_50p_30ep_base_s44n`.`model` = `fsin_pretrain.pt` → `fsin_pretrain`.`model` = `yolo12n.pt`
s2sm_50p_30ep_lr005_s42n,B,s2sm,yolo12n,high,args-chain,`s2sm_50p_30ep_lr005_s42n`.`model` = `fsin_pretrain.pt` → `fsin_pretrain`.`model` = `yolo12n.pt`
s2sm_50p_30ep_lr005_s43n,B,s2sm,yolo12n,high,args-chain,`s2sm_50p_30ep_lr005_s43n`.`model` = `fsin_pretrain.pt` → `fsin_pretrain`.`model` = `yolo12n.pt`
s2sm_50p_30ep_lr005_s44n,B,s2sm,yolo12n,high,args-chain,`s2sm_50p_30ep_lr005_s44n`.`model` = `fsin_pretrain.pt` → `fsin_pretrain`.`model` = `yolo12n.pt`
seedtest_A_seed42_noshuffle,A,seedtest,yolo12n,high,log,日志模型签名 `yolov12n summary`（seedtest_A_seed42_noshuffle）
seedtest_B_seed42_noshuffle_repeat,A,seedtest,yolo12n,high,log,日志模型签名 `yolov12n summary`（seedtest_B_seed42_noshuffle_repeat）
seedtest_C_seed529_shuffle529,A,seedtest,yolo12n,high,log,日志模型签名 `yolov12n summary`（seedtest_C_seed529_shuffle529）
sfchd_tonly_base100,B,sfchd,yolo12n,high,args-chain,`sfchd_tonly_base100`.`model` = `yolo12n.pt`
sfchd_tonly_base30,B,sfchd,yolo12n,high,args-chain,`sfchd_tonly_base30`.`model` = `yolo12n.pt`
sfix_shwd2sf_44a,B,sfix,yolo12n,high,log,日志模型签名 `yolov12n summary`（sfix_shwd2sf_44a）
sfix_shwd2sf_44b,B,sfix,yolo12n,high,args-chain,`sfix_shwd2sf_44b`.`model` = `shwd2sf_pretrain.pt` → `shwd2sf_pretrain`.`model` = `yolo12n.pt`
sfix_shwd2sf_45a,B,sfix,yolo12n,high,args-chain,`sfix_shwd2sf_45a`.`model` = `shwd2sf_pretrain.pt` → `shwd2sf_pretrain`.`model` = `yolo12n.pt`
sfix_shwd2sf_45b,B,sfix,yolo12n,high,args-chain,`sfix_shwd2sf_45b`.`model` = `shwd2sf_pretrain.pt` → `shwd2sf_pretrain`.`model` = `yolo12n.pt`
sgh_200ep_base_s42n,B,sgh,yolo12n,high,args-chain,`sgh_200ep_base_s42n`.`model` = `shwd2sf_pretrain.pt` → `shwd2sf_pretrain`.`model` = `yolo12n.pt`
sgh_30ep_base_s42n,B,sgh,yolo12n,high,args-chain,`sgh_30ep_base_s42n`.`model` = `shwd2sf_pretrain.pt` → `shwd2sf_pretrain`.`model` = `yolo12n.pt`
sgh_30ep_base_s43n,B,sgh,yolo12n,high,args-chain,`sgh_30ep_base_s43n`.`model` = `shwd2sf_pretrain.pt` → `shwd2sf_pretrain`.`model` = `yolo12n.pt`
sgh_30ep_base_s44n,B,sgh,yolo12n,high,args-chain,`sgh_30ep_base_s44n`.`model` = `shwd2sf_pretrain.pt` → `shwd2sf_pretrain`.`model` = `yolo12n.pt`
sgh_30ep_lr005_s42n,B,sgh,yolo12n,high,args-chain,`sgh_30ep_lr005_s42n`.`model` = `shwd2sf_pretrain.pt` → `shwd2sf_pretrain`.`model` = `yolo12n.pt`
sgh_30ep_lr005_s43n,B,sgh,yolo12n,high,args-chain,`sgh_30ep_lr005_s43n`.`model` = `shwd2sf_pretrain.pt` → `shwd2sf_pretrain`.`model` = `yolo12n.pt`
sgh_30ep_lr005_s44n,B,sgh,yolo12n,high,args-chain,`sgh_30ep_lr005_s44n`.`model` = `shwd2sf_pretrain.pt` → `shwd2sf_pretrain`.`model` = `yolo12n.pt`
shwd2sf_adamw_lr001_100ep_s42n,B,shwd2sf,yolo12n,high,args-chain,`shwd2sf_adamw_lr001_100ep_s42n`.`model` = `shwd2sf_pretrain.pt` → `shwd2sf_pretrain`.`model` = `yolo12n.pt`
shwd2sf_adamw_lr0025_100ep_s42n,B,shwd2sf,yolo12n,high,args-chain,`shwd2sf_adamw_lr0025_100ep_s42n`.`model` = `shwd2sf_pretrain.pt` → `shwd2sf_pretrain`.`model` = `yolo12n.pt`
shwd2sf_b10p_base100_s42n,B,shwd2sf,yolo12n,high,log,日志模型签名 `yolov12n summary`（shwd2sf_b10p_base100_s42n）
shwd2sf_b10p_lr005_100ep_s42n,B,shwd2sf,yolo12n,high,args-chain,`shwd2sf_b10p_lr005_100ep_s42n`.`model` = `shwd2sf_pretrain.pt` → `shwd2sf_pretrain`.`model` = `yolo12n.pt`
shwd2sf_b20p_base100_s42n,B,shwd2sf,yolo12n,high,args-chain,`shwd2sf_b20p_base100_s42n`.`model` = `shwd2sf_pretrain.pt` → `shwd2sf_pretrain`.`model` = `yolo12n.pt`
shwd2sf_b20p_lr005_100ep_s42n,B,shwd2sf,yolo12n,high,args-chain,`shwd2sf_b20p_lr005_100ep_s42n`.`model` = `shwd2sf_pretrain.pt` → `shwd2sf_pretrain`.`model` = `yolo12n.pt`
shwd2sf_b30p_base100_s42n,B,shwd2sf,yolo12n,high,args-chain,`shwd2sf_b30p_base100_s42n`.`model` = `shwd2sf_pretrain.pt` → `shwd2sf_pretrain`.`model` = `yolo12n.pt`
shwd2sf_b30p_lr005_100ep_s42n,B,shwd2sf,yolo12n,high,args-chain,`shwd2sf_b30p_lr005_100ep_s42n`.`model` = `shwd2sf_pretrain.pt` → `shwd2sf_pretrain`.`model` = `yolo12n.pt`
shwd2sf_b50p_base100_s42n,B,shwd2sf,yolo12n,high,args-chain,`shwd2sf_b50p_base100_s42n`.`model` = `shwd2sf_pretrain.pt` → `shwd2sf_pretrain`.`model` = `yolo12n.pt`
shwd2sf_b50p_lr005_100ep_s42n,B,shwd2sf,yolo12n,high,args-chain,`shwd2sf_b50p_lr005_100ep_s42n`.`model` = `shwd2sf_pretrain.pt` → `shwd2sf_pretrain`.`model` = `yolo12n.pt`
shwd2sf_base100,B,shwd2sf,yolo12n,high,args-chain,`shwd2sf_base100`.`model` = `shwd2sf_pretrain.pt` → `shwd2sf_pretrain`.`model` = `yolo12n.pt`
shwd2sf_base100_s42n,B,shwd2sf,yolo12n,high,log,日志模型签名 `yolov12n summary`（shwd2sf_base100_s42n）
shwd2sf_base100_s43n,B,shwd2sf,yolo12n,high,log,日志模型签名 `yolov12n summary`（shwd2sf_base100_s43n）
shwd2sf_base100_s44n,B,shwd2sf,yolo12n,high,args-chain,`shwd2sf_base100_s44n`.`model` = `shwd2sf_pretrain.pt` → `shwd2sf_pretrain`.`model` = `yolo12n.pt`
shwd2sf_base100_s45n,B,shwd2sf,yolo12n,high,args-chain,`shwd2sf_base100_s45n`.`model` = `shwd2sf_pretrain.pt` → `shwd2sf_pretrain`.`model` = `yolo12n.pt`
shwd2sf_base100_s46n,B,shwd2sf,yolo12n,high,args-chain,`shwd2sf_base100_s46n`.`model` = `shwd2sf_pretrain.pt` → `shwd2sf_pretrain`.`model` = `yolo12n.pt`
shwd2sf_base100_s47n,B,shwd2sf,yolo12n,high,args-chain,`shwd2sf_base100_s47n`.`model` = `shwd2sf_pretrain.pt` → `shwd2sf_pretrain`.`model` = `yolo12n.pt`
shwd2sf_base100_s48n,B,shwd2sf,yolo12n,high,args-chain,`shwd2sf_base100_s48n`.`model` = `shwd2sf_pretrain.pt` → `shwd2sf_pretrain`.`model` = `yolo12n.pt`
shwd2sf_base100_s49n,B,shwd2sf,yolo12n,high,args-chain,`shwd2sf_base100_s49n`.`model` = `shwd2sf_pretrain.pt` → `shwd2sf_pretrain`.`model` = `yolo12n.pt`
shwd2sf_base100_s50n,B,shwd2sf,yolo12n,high,args-chain,`shwd2sf_base100_s50n`.`model` = `shwd2sf_pretrain.pt` → `shwd2sf_pretrain`.`model` = `yolo12n.pt`
shwd2sf_base100_s51n,B,shwd2sf,yolo12n,high,args-chain,`shwd2sf_base100_s51n`.`model` = `shwd2sf_pretrain.pt` → `shwd2sf_pretrain`.`model` = `yolo12n.pt`
shwd2sf_base100_v3_s42n,B,shwd2sf,yolo12n,high,log,日志模型签名 `yolov12n summary`（shwd2sf_base100_v3_s42n）
shwd2sf_base200_s42n,B,shwd2sf,yolo12n,high,args-chain,`shwd2sf_base200_s42n`.`model` = `shwd2sf_pretrain.pt` → `shwd2sf_pretrain`.`model` = `yolo12n.pt`
shwd2sf_base30,B,shwd2sf,yolo12n,high,args-chain,`shwd2sf_base30`.`model` = `shwd2sf_pretrain.pt` → `shwd2sf_pretrain`.`model` = `yolo12n.pt`
shwd2sf_base30_s42n,B,shwd2sf,yolo12n,high,args-chain,`shwd2sf_base30_s42n`.`model` = `shwd2sf_pretrain.pt` → `shwd2sf_pretrain`.`model` = `yolo12n.pt`
shwd2sf_base30_s43n,B,shwd2sf,yolo12n,high,args-chain,`shwd2sf_base30_s43n`.`model` = `shwd2sf_pretrain.pt` → `shwd2sf_pretrain`.`model` = `yolo12n.pt`
shwd2sf_base30_s44n,B,shwd2sf,yolo12n,high,args-chain,`shwd2sf_base30_s44n`.`model` = `shwd2sf_pretrain.pt` → `shwd2sf_pretrain`.`model` = `yolo12n.pt`
shwd2sf_base50_s42n,B,shwd2sf,yolo12n,high,args-chain,`shwd2sf_base50_s42n`.`model` = `shwd2sf_pretrain.pt` → `shwd2sf_pretrain`.`model` = `yolo12n.pt`
shwd2sf_base50_s43n,B,shwd2sf,yolo12n,high,args-chain,`shwd2sf_base50_s43n`.`model` = `shwd2sf_pretrain.pt` → `shwd2sf_pretrain`.`model` = `yolo12n.pt`
shwd2sf_base50_s44n,B,shwd2sf,yolo12n,high,args-chain,`shwd2sf_base50_s44n`.`model` = `shwd2sf_pretrain.pt` → `shwd2sf_pretrain`.`model` = `yolo12n.pt`
shwd2sf_coslr_base100_s42n,B,shwd2sf,yolo12n,high,args-chain,`shwd2sf_coslr_base100_s42n`.`model` = `shwd2sf_pretrain.pt` → `shwd2sf_pretrain`.`model` = `yolo12n.pt`
shwd2sf_coslr_base30_s42n,B,shwd2sf,yolo12n,high,args-chain,`shwd2sf_coslr_base30_s42n`.`model` = `shwd2sf_pretrain.pt` → `shwd2sf_pretrain`.`model` = `yolo12n.pt`
shwd2sf_frz9_base100_s42n,B,shwd2sf,yolo12n,high,args-chain,`shwd2sf_frz9_base100_s42n`.`model` = `shwd2sf_pretrain.pt` → `shwd2sf_pretrain`.`model` = `yolo12n.pt`
shwd2sf_frz9_base30_s42n,B,shwd2sf,yolo12n,high,args-chain,`shwd2sf_frz9_base30_s42n`.`model` = `shwd2sf_pretrain.pt` → `shwd2sf_pretrain`.`model` = `yolo12n.pt`
shwd2sf_lr0025_100ep_s42n,B,shwd2sf,yolo12n,high,args-chain,`shwd2sf_lr0025_100ep_s42n`.`model` = `shwd2sf_pretrain.pt` → `shwd2sf_pretrain`.`model` = `yolo12n.pt`
shwd2sf_lr0025_30ep_s42n,B,shwd2sf,yolo12n,high,args-chain,`shwd2sf_lr0025_30ep_s42n`.`model` = `shwd2sf_pretrain.pt` → `shwd2sf_pretrain`.`model` = `yolo12n.pt`
shwd2sf_lr0025_50ep_s42n,B,shwd2sf,yolo12n,high,args-chain,`shwd2sf_lr0025_50ep_s42n`.`model` = `shwd2sf_pretrain.pt` → `shwd2sf_pretrain`.`model` = `yolo12n.pt`
shwd2sf_lr005_100ep,B,shwd2sf,yolo12n,high,args-chain,`shwd2sf_lr005_100ep`.`model` = `shwd2sf_pretrain.pt` → `shwd2sf_pretrain`.`model` = `yolo12n.pt`
shwd2sf_lr005_100ep_s42n,B,shwd2sf,yolo12n,high,args-chain,`shwd2sf_lr005_100ep_s42n`.`model` = `shwd2sf_pretrain.pt` → `shwd2sf_pretrain`.`model` = `yolo12n.pt`
shwd2sf_lr005_100ep_s43n,B,shwd2sf,yolo12n,high,log,日志模型签名 `yolov12n summary`（shwd2sf_lr005_100ep_s43n）
shwd2sf_lr005_100ep_s44,B,shwd2sf,yolo12n,high,args-chain,`shwd2sf_lr005_100ep_s44`.`model` = `shwd2sf_pretrain.pt` → `shwd2sf_pretrain`.`model` = `yolo12n.pt`
shwd2sf_lr005_100ep_s44n,B,shwd2sf,yolo12n,high,args-chain,`shwd2sf_lr005_100ep_s44n`.`model` = `shwd2sf_pretrain.pt` → `shwd2sf_pretrain`.`model` = `yolo12n.pt`
shwd2sf_lr005_100ep_s45,B,shwd2sf,yolo12n,high,args-chain,`shwd2sf_lr005_100ep_s45`.`model` = `shwd2sf_pretrain.pt` → `shwd2sf_pretrain`.`model` = `yolo12n.pt`
shwd2sf_lr005_100ep_s45n,B,shwd2sf,yolo12n,high,args-chain,`shwd2sf_lr005_100ep_s45n`.`model` = `shwd2sf_pretrain.pt` → `shwd2sf_pretrain`.`model` = `yolo12n.pt`
shwd2sf_lr005_100ep_s46n,B,shwd2sf,yolo12n,high,args-chain,`shwd2sf_lr005_100ep_s46n`.`model` = `shwd2sf_pretrain.pt` → `shwd2sf_pretrain`.`model` = `yolo12n.pt`
shwd2sf_lr005_100ep_s47n,B,shwd2sf,yolo12n,high,args-chain,`shwd2sf_lr005_100ep_s47n`.`model` = `shwd2sf_pretrain.pt` → `shwd2sf_pretrain`.`model` = `yolo12n.pt`
shwd2sf_lr005_100ep_s48n,B,shwd2sf,yolo12n,high,args-chain,`shwd2sf_lr005_100ep_s48n`.`model` = `shwd2sf_pretrain.pt` → `shwd2sf_pretrain`.`model` = `yolo12n.pt`
shwd2sf_lr005_100ep_s49n,B,shwd2sf,yolo12n,high,args-chain,`shwd2sf_lr005_100ep_s49n`.`model` = `shwd2sf_pretrain.pt` → `shwd2sf_pretrain`.`model` = `yolo12n.pt`
shwd2sf_lr005_100ep_s50n,B,shwd2sf,yolo12n,high,args-chain,`shwd2sf_lr005_100ep_s50n`.`model` = `shwd2sf_pretrain.pt` → `shwd2sf_pretrain`.`model` = `yolo12n.pt`
shwd2sf_lr005_100ep_s51n,B,shwd2sf,yolo12n,high,args-chain,`shwd2sf_lr005_100ep_s51n`.`model` = `shwd2sf_pretrain.pt` → `shwd2sf_pretrain`.`model` = `yolo12n.pt`
shwd2sf_lr005_150ep,B,shwd2sf,yolo12n,high,args-chain,`shwd2sf_lr005_150ep`.`model` = `shwd2sf_pretrain.pt` → `shwd2sf_pretrain`.`model` = `yolo12n.pt`
shwd2sf_lr005_200ep,B,shwd2sf,yolo12n,high,args-chain,`shwd2sf_lr005_200ep`.`model` = `shwd2sf_pretrain.pt` → `shwd2sf_pretrain`.`model` = `yolo12n.pt`
shwd2sf_lr005_200ep_s42n,B,shwd2sf,yolo12n,high,args-chain,`shwd2sf_lr005_200ep_s42n`.`model` = `shwd2sf_pretrain.pt` → `shwd2sf_pretrain`.`model` = `yolo12n.pt`
shwd2sf_lr005_30ep,B,shwd2sf,yolo12n,high,args-chain,`shwd2sf_lr005_30ep`.`model` = `shwd2sf_pretrain.pt` → `shwd2sf_pretrain`.`model` = `yolo12n.pt`
shwd2sf_lr005_30ep_s42n,B,shwd2sf,yolo12n,high,args-chain,`shwd2sf_lr005_30ep_s42n`.`model` = `shwd2sf_pretrain.pt` → `shwd2sf_pretrain`.`model` = `yolo12n.pt`
shwd2sf_lr005_30ep_s43n,B,shwd2sf,yolo12n,high,args-chain,`shwd2sf_lr005_30ep_s43n`.`model` = `shwd2sf_pretrain.pt` → `shwd2sf_pretrain`.`model` = `yolo12n.pt`
shwd2sf_lr005_30ep_s44n,B,shwd2sf,yolo12n,high,args-chain,`shwd2sf_lr005_30ep_s44n`.`model` = `shwd2sf_pretrain.pt` → `shwd2sf_pretrain`.`model` = `yolo12n.pt`
shwd2sf_lr005_50ep,B,shwd2sf,yolo12n,high,args-chain,`shwd2sf_lr005_50ep`.`model` = `shwd2sf_pretrain.pt` → `shwd2sf_pretrain`.`model` = `yolo12n.pt`
shwd2sf_lr005_50ep_s42n,B,shwd2sf,yolo12n,high,args-chain,`shwd2sf_lr005_50ep_s42n`.`model` = `shwd2sf_pretrain.pt` → `shwd2sf_pretrain`.`model` = `yolo12n.pt`
shwd2sf_lr005_50ep_s43n,B,shwd2sf,yolo12n,high,args-chain,`shwd2sf_lr005_50ep_s43n`.`model` = `shwd2sf_pretrain.pt` → `shwd2sf_pretrain`.`model` = `yolo12n.pt`
shwd2sf_lr005_50ep_s44n,B,shwd2sf,yolo12n,high,args-chain,`shwd2sf_lr005_50ep_s44n`.`model` = `shwd2sf_pretrain.pt` → `shwd2sf_pretrain`.`model` = `yolo12n.pt`
shwd2sf_lr010_100ep_s42n,B,shwd2sf,yolo12n,high,args-chain,`shwd2sf_lr010_100ep_s42n`.`model` = `shwd2sf_pretrain.pt` → `shwd2sf_pretrain`.`model` = `yolo12n.pt`
shwd2sf_lr010_30ep_s42n,B,shwd2sf,yolo12n,high,args-chain,`shwd2sf_lr010_30ep_s42n`.`model` = `shwd2sf_pretrain.pt` → `shwd2sf_pretrain`.`model` = `yolo12n.pt`
shwd2sf_lr010_50ep_s42n,B,shwd2sf,yolo12n,high,args-chain,`shwd2sf_lr010_50ep_s42n`.`model` = `shwd2sf_pretrain.pt` → `shwd2sf_pretrain`.`model` = `yolo12n.pt`
shwd2sf_lr020_100ep_s42n,B,shwd2sf,yolo12n,high,args-chain,`shwd2sf_lr020_100ep_s42n`.`model` = `shwd2sf_pretrain.pt` → `shwd2sf_pretrain`.`model` = `yolo12n.pt`
shwd2sf_lr020_30ep_s42n,B,shwd2sf,yolo12n,high,args-chain,`shwd2sf_lr020_30ep_s42n`.`model` = `shwd2sf_pretrain.pt` → `shwd2sf_pretrain`.`model` = `yolo12n.pt`
shwd2sf_lw003_lr005_100ep_s42n,A,shwd2sf,yolo12n,high,args-chain,`shwd2sf_lw003_lr005_100ep_s42n`.`model` = `shwd2sf_pretrain.pt` → `shwd2sf_pretrain`.`model` = `yolo12n.pt`
shwd2sf_lw003_lr005_100ep_s43n,A,shwd2sf,yolo12n,high,args-chain,`shwd2sf_lw003_lr005_100ep_s43n`.`model` = `shwd2sf_pretrain.pt` → `shwd2sf_pretrain`.`model` = `yolo12n.pt`
shwd2sf_lw003_lr005_100ep_s44n,A,shwd2sf,yolo12n,high,args-chain,`shwd2sf_lw003_lr005_100ep_s44n`.`model` = `shwd2sf_pretrain.pt` → `shwd2sf_pretrain`.`model` = `yolo12n.pt`
shwd2sf_lw003_lr005_30ep_s42n,A,shwd2sf,yolo12n,high,args-chain,`shwd2sf_lw003_lr005_30ep_s42n`.`model` = `shwd2sf_pretrain.pt` → `shwd2sf_pretrain`.`model` = `yolo12n.pt`
shwd2sf_lw003_lr005_30ep_s43n,A,shwd2sf,yolo12n,high,args-chain,`shwd2sf_lw003_lr005_30ep_s43n`.`model` = `shwd2sf_pretrain.pt` → `shwd2sf_pretrain`.`model` = `yolo12n.pt`
shwd2sf_lw003_lr005_30ep_s44n,A,shwd2sf,yolo12n,high,args-chain,`shwd2sf_lw003_lr005_30ep_s44n`.`model` = `shwd2sf_pretrain.pt` → `shwd2sf_pretrain`.`model` = `yolo12n.pt`
shwd2sf_lw01_lr005_100ep_s42n,B,shwd2sf,yolo12n,high,log,日志模型签名 `yolov12n summary`（shwd2sf_lw01_lr005_100ep_s42n）
shwd2sf_lw01_lr005_100ep_s43n,B,shwd2sf,yolo12n,high,args-chain,`shwd2sf_lw01_lr005_100ep_s43n`.`model` = `shwd2sf_pretrain.pt` → `shwd2sf_pretrain`.`model` = `yolo12n.pt`
shwd2sf_lw01_lr005_100ep_s44n,B,shwd2sf,yolo12n,high,args-chain,`shwd2sf_lw01_lr005_100ep_s44n`.`model` = `shwd2sf_pretrain.pt` → `shwd2sf_pretrain`.`model` = `yolo12n.pt`
shwd2sf_lw01_lr005_30ep_s42n,B,shwd2sf,yolo12n,high,args-chain,`shwd2sf_lw01_lr005_30ep_s42n`.`model` = `shwd2sf_pretrain.pt` → `shwd2sf_pretrain`.`model` = `yolo12n.pt`
shwd2sf_lw01_lr005_30ep_s43n,B,shwd2sf,yolo12n,high,args-chain,`shwd2sf_lw01_lr005_30ep_s43n`.`model` = `shwd2sf_pretrain.pt` → `shwd2sf_pretrain`.`model` = `yolo12n.pt`
shwd2sf_lw01_lr005_30ep_s44n,B,shwd2sf,yolo12n,high,args-chain,`shwd2sf_lw01_lr005_30ep_s44n`.`model` = `shwd2sf_pretrain.pt` → `shwd2sf_pretrain`.`model` = `yolo12n.pt`
shwd2sf_lw03_lr005_100ep_s42n,B,shwd2sf,yolo12n,high,args-chain,`shwd2sf_lw03_lr005_100ep_s42n`.`model` = `shwd2sf_pretrain.pt` → `shwd2sf_pretrain`.`model` = `yolo12n.pt`
shwd2sf_lw03_lr005_100ep_s43n,B,shwd2sf,yolo12n,high,args-chain,`shwd2sf_lw03_lr005_100ep_s43n`.`model` = `shwd2sf_pretrain.pt` → `shwd2sf_pretrain`.`model` = `yolo12n.pt`
shwd2sf_lw03_lr005_100ep_s44n,B,shwd2sf,yolo12n,high,args-chain,`shwd2sf_lw03_lr005_100ep_s44n`.`model` = `shwd2sf_pretrain.pt` → `shwd2sf_pretrain`.`model` = `yolo12n.pt`
shwd2sf_lw03_lr005_30ep_s42n,B,shwd2sf,yolo12n,high,args-chain,`shwd2sf_lw03_lr005_30ep_s42n`.`model` = `shwd2sf_pretrain.pt` → `shwd2sf_pretrain`.`model` = `yolo12n.pt`
shwd2sf_lw03_lr005_30ep_s43n,B,shwd2sf,yolo12n,high,args-chain,`shwd2sf_lw03_lr005_30ep_s43n`.`model` = `shwd2sf_pretrain.pt` → `shwd2sf_pretrain`.`model` = `yolo12n.pt`
shwd2sf_lw03_lr005_30ep_s44n,B,shwd2sf,yolo12n,high,args-chain,`shwd2sf_lw03_lr005_30ep_s44n`.`model` = `shwd2sf_pretrain.pt` → `shwd2sf_pretrain`.`model` = `yolo12n.pt`
shwd2sf_modC2fEMA_v2_100ep_s42n,B,shwd2sf,yolo12n,high,args-chain,`shwd2sf_modC2fEMA_v2_100ep_s42n`.`model` = `shwd2sf_pretrain.pt` → `shwd2sf_pretrain`.`model` = `yolo12n.pt`
shwd2sf_modCA_v2_100ep_s42n,B,shwd2sf,yolo12n,high,args-chain,`shwd2sf_modCA_v2_100ep_s42n`.`model` = `shwd2sf_pretrain.pt` → `shwd2sf_pretrain`.`model` = `yolo12n.pt`
shwd2sf_modCBAM_v2_100ep_s42n,B,shwd2sf,yolo12n,high,log,日志模型签名 `yolov12n summary`（shwd2sf_modCBAM_v2_100ep_s42n）
shwd2sf_modECAplus_v2_100ep_s42n,B,shwd2sf,yolo12n,high,args-chain,`shwd2sf_modECAplus_v2_100ep_s42n`.`model` = `shwd2sf_pretrain.pt` → `shwd2sf_pretrain`.`model` = `yolo12n.pt`
shwd2sf_modEMA_v2_100ep_s42n,B,shwd2sf,yolo12n,high,args-chain,`shwd2sf_modEMA_v2_100ep_s42n`.`model` = `shwd2sf_pretrain.pt` → `shwd2sf_pretrain`.`model` = `yolo12n.pt`
shwd2sf_modGAM_v2_100ep_s42n,B,shwd2sf,yolo12n,high,args-chain,`shwd2sf_modGAM_v2_100ep_s42n`.`model` = `shwd2sf_pretrain.pt` → `shwd2sf_pretrain`.`model` = `yolo12n.pt`
shwd2sf_modSA_v2_100ep_s42n,B,shwd2sf,yolo12n,high,args-chain,`shwd2sf_modSA_v2_100ep_s42n`.`model` = `shwd2sf_pretrain.pt` → `shwd2sf_pretrain`.`model` = `yolo12n.pt`
shwd2sf_modSE_v2_100ep_s42n,B,shwd2sf,yolo12n,high,args-chain,`shwd2sf_modSE_v2_100ep_s42n`.`model` = `shwd2sf_pretrain.pt` → `shwd2sf_pretrain`.`model` = `yolo12n.pt`
shwd2sf_modSimAM_v2_100ep_s42n,B,shwd2sf,yolo12n,high,args-chain,`shwd2sf_modSimAM_v2_100ep_s42n`.`model` = `shwd2sf_pretrain.pt` → `shwd2sf_pretrain`.`model` = `yolo12n.pt`
shwd2sf_pretrain,B,shwd2sf,yolo12n,high,log,日志模型签名 `yolov12n summary`（shwd2sf_pretrain）
shwd2sf_pws_100ep,B,shwd2sf,yolo12n,high,args-chain,`shwd2sf_pws_100ep`.`model` = `shwd2sf_pretrain.pt` → `shwd2sf_pretrain`.`model` = `yolo12n.pt`
shwd2sf_sns_100ep,B,shwd2sf,yolo12n,high,args-chain,`shwd2sf_sns_100ep`.`model` = `shwd2sf_pretrain.pt` → `shwd2sf_pretrain`.`model` = `yolo12n.pt`
shwd2sf_sns_100ep_s44,B,shwd2sf,yolo12n,high,args-chain,`shwd2sf_sns_100ep_s44`.`model` = `shwd2sf_pretrain.pt` → `shwd2sf_pretrain`.`model` = `yolo12n.pt`
shwd2sf_sns_100ep_s45,B,shwd2sf,yolo12n,high,args-chain,`shwd2sf_sns_100ep_s45`.`model` = `shwd2sf_pretrain.pt` → `shwd2sf_pretrain`.`model` = `yolo12n.pt`
shwd_pretrain_100ep,A,shwd,yolo12n,high,args-chain,`shwd_pretrain_100ep`.`model` = `yolo12n.pt`
smoke2sf_base100,B,smoke2sf,yolo12n,high,args-chain,`smoke2sf_base100`.`model` = `smoke_pretrain.pt` → `smoke_pretrain`.`model` = `yolo12n.pt`
smoke2sf_base100_s42n,B,smoke2sf,yolo12n,high,log,日志模型签名 `yolov12n summary`（smoke2sf_base100_s42n）
smoke2sf_base100_s43n,B,smoke2sf,yolo12n,high,log,日志模型签名 `yolov12n summary`（smoke2sf_base100_s43n）
smoke2sf_base100_s44n,B,smoke2sf,yolo12n,high,args-chain,`smoke2sf_base100_s44n`.`model` = `smoke_pretrain.pt` → `smoke_pretrain`.`model` = `yolo12n.pt`
smoke2sf_base100_s45n,B,smoke2sf,yolo12n,high,args-chain,`smoke2sf_base100_s45n`.`model` = `smoke_pretrain.pt` → `smoke_pretrain`.`model` = `yolo12n.pt`
smoke2sf_base100_s46n,B,smoke2sf,yolo12n,high,args-chain,`smoke2sf_base100_s46n`.`model` = `smoke_pretrain.pt` → `smoke_pretrain`.`model` = `yolo12n.pt`
smoke2sf_base100_s47n,B,smoke2sf,yolo12n,high,args-chain,`smoke2sf_base100_s47n`.`model` = `smoke_pretrain.pt` → `smoke_pretrain`.`model` = `yolo12n.pt`
smoke2sf_base100_s48n,B,smoke2sf,yolo12n,high,args-chain,`smoke2sf_base100_s48n`.`model` = `smoke_pretrain.pt` → `smoke_pretrain`.`model` = `yolo12n.pt`
smoke2sf_base100_s49n,B,smoke2sf,yolo12n,high,args-chain,`smoke2sf_base100_s49n`.`model` = `smoke_pretrain.pt` → `smoke_pretrain`.`model` = `yolo12n.pt`
smoke2sf_base100_s50n,B,smoke2sf,yolo12n,high,args-chain,`smoke2sf_base100_s50n`.`model` = `smoke_pretrain.pt` → `smoke_pretrain`.`model` = `yolo12n.pt`
smoke2sf_base100_s51n,B,smoke2sf,yolo12n,high,args-chain,`smoke2sf_base100_s51n`.`model` = `smoke_pretrain.pt` → `smoke_pretrain`.`model` = `yolo12n.pt`
smoke2sf_base30_s42n,B,smoke2sf,yolo12n,high,args-chain,`smoke2sf_base30_s42n`.`model` = `smoke_pretrain.pt` → `smoke_pretrain`.`model` = `yolo12n.pt`
smoke2sf_lr0025_100ep_s42n,B,smoke2sf,yolo12n,high,args-chain,`smoke2sf_lr0025_100ep_s42n`.`model` = `smoke_pretrain.pt` → `smoke_pretrain`.`model` = `yolo12n.pt`
smoke2sf_lr0025_30ep_s42n,B,smoke2sf,yolo12n,high,args-chain,`smoke2sf_lr0025_30ep_s42n`.`model` = `smoke_pretrain.pt` → `smoke_pretrain`.`model` = `yolo12n.pt`
smoke2sf_lr005_100ep,B,smoke2sf,yolo12n,high,args-chain,`smoke2sf_lr005_100ep`.`model` = `smoke_pretrain.pt` → `smoke_pretrain`.`model` = `yolo12n.pt`
smoke2sf_lr005_100ep_s42n,B,smoke2sf,yolo12n,high,args-chain,`smoke2sf_lr005_100ep_s42n`.`model` = `smoke_pretrain.pt` → `smoke_pretrain`.`model` = `yolo12n.pt`
smoke2sf_lr005_100ep_s43n,B,smoke2sf,yolo12n,high,args-chain,`smoke2sf_lr005_100ep_s43n`.`model` = `smoke_pretrain.pt` → `smoke_pretrain`.`model` = `yolo12n.pt`
smoke2sf_lr005_100ep_s44n,B,smoke2sf,yolo12n,high,args-chain,`smoke2sf_lr005_100ep_s44n`.`model` = `smoke_pretrain.pt` → `smoke_pretrain`.`model` = `yolo12n.pt`
smoke2sf_lr005_100ep_s45n,B,smoke2sf,yolo12n,high,args-chain,`smoke2sf_lr005_100ep_s45n`.`model` = `smoke_pretrain.pt` → `smoke_pretrain`.`model` = `yolo12n.pt`
smoke2sf_lr005_100ep_s46n,B,smoke2sf,yolo12n,high,args-chain,`smoke2sf_lr005_100ep_s46n`.`model` = `smoke_pretrain.pt` → `smoke_pretrain`.`model` = `yolo12n.pt`
smoke2sf_lr005_100ep_s47n,B,smoke2sf,yolo12n,high,args-chain,`smoke2sf_lr005_100ep_s47n`.`model` = `smoke_pretrain.pt` → `smoke_pretrain`.`model` = `yolo12n.pt`
smoke2sf_lr005_100ep_s48n,B,smoke2sf,yolo12n,high,args-chain,`smoke2sf_lr005_100ep_s48n`.`model` = `smoke_pretrain.pt` → `smoke_pretrain`.`model` = `yolo12n.pt`
smoke2sf_lr005_100ep_s49n,B,smoke2sf,yolo12n,high,args-chain,`smoke2sf_lr005_100ep_s49n`.`model` = `smoke_pretrain.pt` → `smoke_pretrain`.`model` = `yolo12n.pt`
smoke2sf_lr005_100ep_s50n,B,smoke2sf,yolo12n,high,args-chain,`smoke2sf_lr005_100ep_s50n`.`model` = `smoke_pretrain.pt` → `smoke_pretrain`.`model` = `yolo12n.pt`
smoke2sf_lr005_100ep_s51n,B,smoke2sf,yolo12n,high,args-chain,`smoke2sf_lr005_100ep_s51n`.`model` = `smoke_pretrain.pt` → `smoke_pretrain`.`model` = `yolo12n.pt`
smoke2sf_lr005_30ep_s42n,B,smoke2sf,yolo12n,high,args-chain,`smoke2sf_lr005_30ep_s42n`.`model` = `smoke_pretrain.pt` → `smoke_pretrain`.`model` = `yolo12n.pt`
smoke2sf_lr010_100ep_s42n,B,smoke2sf,yolo12n,high,log,日志模型签名 `yolov12n summary`（smoke2sf_lr010_100ep_s42n）
smoke2sf_lr010_30ep_s42n,B,smoke2sf,yolo12n,high,args-chain,`smoke2sf_lr010_30ep_s42n`.`model` = `smoke_pretrain.pt` → `smoke_pretrain`.`model` = `yolo12n.pt`
smoke_pretrain,B,smoke,yolo12n,high,args-chain,`smoke_pretrain`.`model` = `yolo12n.pt`
smoke_pretrain_nc2,B,smoke,yolo12n,high,log,日志模型签名 `yolov12n summary`（smoke_pretrain_nc2）
smoke_s45n_3ep,B,smoke,yolo12n,high,log,日志模型签名 `yolov12n summary`（smoke_s45n_3ep）
smoke_s45rep_3ep,B,smoke,yolo12n,high,args-chain,`smoke_s45rep_3ep`.`model` = `shwd2sf_pretrain.pt` → `shwd2sf_pretrain`.`model` = `yolo12n.pt`
smoke_s46n_3ep,B,smoke,yolo12n,high,args-chain,`smoke_s46n_3ep`.`model` = `shwd2sf_pretrain.pt` → `shwd2sf_pretrain`.`model` = `yolo12n.pt`
smoke_sns_pretrain,B,smoke,yolo12n,high,args-chain,`smoke_sns_pretrain`.`model` = `yolo12n.pt`
smokefs_adamw_lr005_100ep,B,smokefs,yolo12n,high,args-chain,`smokefs_adamw_lr005_100ep`.`model` = `smoke_pretrain.pt` → `smoke_pretrain`.`model` = `yolo12n.pt`
smokefs_base100,B,smokefs,yolo12n,high,args-chain,`smokefs_base100`.`model` = `smoke_pretrain.pt` → `smoke_pretrain`.`model` = `yolo12n.pt`
smokefs_base100_s43n,B,smokefs,yolo12n,high,args-chain,`smokefs_base100_s43n`.`model` = `smoke_pretrain.pt` → `smoke_pretrain`.`model` = `yolo12n.pt`
smokefs_base100_s44n,B,smokefs,yolo12n,high,args-chain,`smokefs_base100_s44n`.`model` = `smoke_pretrain.pt` → `smoke_pretrain`.`model` = `yolo12n.pt`
smokefs_base30,B,smokefs,yolo12n,high,args-chain,`smokefs_base30`.`model` = `smoke_pretrain.pt` → `smoke_pretrain`.`model` = `yolo12n.pt`
smokefs_base30_s43,B,smokefs,yolo12n,high,args-chain,`smokefs_base30_s43`.`model` = `smoke_pretrain.pt` → `smoke_pretrain`.`model` = `yolo12n.pt`
smokefs_base30_s44,B,smokefs,yolo12n,high,args-chain,`smokefs_base30_s44`.`model` = `smoke_pretrain.pt` → `smoke_pretrain`.`model` = `yolo12n.pt`
smokefs_base50,B,smokefs,yolo12n,high,args-chain,`smokefs_base50`.`model` = `smoke_pretrain.pt` → `smoke_pretrain`.`model` = `yolo12n.pt`
smokefs_css_100ep,B,smokefs,yolo12n,high,args-chain,`smokefs_css_100ep`.`model` = `smoke_pretrain.pt` → `smoke_pretrain`.`model` = `yolo12n.pt`
smokefs_css_30ep,B,smokefs,yolo12n,high,args-chain,`smokefs_css_30ep`.`model` = `smoke_pretrain.pt` → `smoke_pretrain`.`model` = `yolo12n.pt`
smokefs_lr005_100ep,B,smokefs,yolo12n,high,log,日志模型签名 `yolov12n summary`（smokefs_lr005_100ep）
smokefs_lr005_100ep_s43n,B,smokefs,yolo12n,high,args-chain,`smokefs_lr005_100ep_s43n`.`model` = `smoke_pretrain.pt` → `smoke_pretrain`.`model` = `yolo12n.pt`
smokefs_lr005_100ep_s44n,B,smokefs,yolo12n,high,args-chain,`smokefs_lr005_100ep_s44n`.`model` = `smoke_pretrain.pt` → `smoke_pretrain`.`model` = `yolo12n.pt`
smokefs_lr005_150ep,B,smokefs,yolo12n,high,args-chain,`smokefs_lr005_150ep`.`model` = `smoke_pretrain.pt` → `smoke_pretrain`.`model` = `yolo12n.pt`
smokefs_lr005_200ep,B,smokefs,yolo12n,high,args-chain,`smokefs_lr005_200ep`.`model` = `smoke_pretrain.pt` → `smoke_pretrain`.`model` = `yolo12n.pt`
smokefs_lr005_30ep,B,smokefs,yolo12n,high,args-chain,`smokefs_lr005_30ep`.`model` = `smoke_pretrain.pt` → `smoke_pretrain`.`model` = `yolo12n.pt`
smokefs_lr005_30ep_s43,B,smokefs,yolo12n,high,args-chain,`smokefs_lr005_30ep_s43`.`model` = `smoke_pretrain.pt` → `smoke_pretrain`.`model` = `yolo12n.pt`
smokefs_lr005_30ep_s44,B,smokefs,yolo12n,high,args-chain,`smokefs_lr005_30ep_s44`.`model` = `smoke_pretrain.pt` → `smoke_pretrain`.`model` = `yolo12n.pt`
smokefs_lr005_50ep,B,smokefs,yolo12n,high,args-chain,`smokefs_lr005_50ep`.`model` = `smoke_pretrain.pt` → `smoke_pretrain`.`model` = `yolo12n.pt`
smokefs_pws_100ep,B,smokefs,yolo12n,high,args-chain,`smokefs_pws_100ep`.`model` = `smoke_pretrain.pt` → `smoke_pretrain`.`model` = `yolo12n.pt`
smokefs_pws_30ep,B,smokefs,yolo12n,high,args-chain,`smokefs_pws_30ep`.`model` = `smoke_pretrain.pt` → `smoke_pretrain`.`model` = `yolo12n.pt`
smokefs_pws_50ep,B,smokefs,yolo12n,high,args-chain,`smokefs_pws_50ep`.`model` = `smoke_pretrain.pt` → `smoke_pretrain`.`model` = `yolo12n.pt`
smokefs_sns_100ep,B,smokefs,yolo12n,high,args-chain,`smokefs_sns_100ep`.`model` = `smoke_pretrain.pt` → `smoke_pretrain`.`model` = `yolo12n.pt`
smokefs_sns_100ep_s43,B,smokefs,yolo12n,high,args-chain,`smokefs_sns_100ep_s43`.`model` = `smoke_pretrain.pt` → `smoke_pretrain`.`model` = `yolo12n.pt`
smokefs_sns_100ep_s44,B,smokefs,yolo12n,high,args-chain,`smokefs_sns_100ep_s44`.`model` = `smoke_pretrain.pt` → `smoke_pretrain`.`model` = `yolo12n.pt`
smokefs_sns_30ep,B,smokefs,yolo12n,high,args-chain,`smokefs_sns_30ep`.`model` = `smoke_pretrain.pt` → `smoke_pretrain`.`model` = `yolo12n.pt`
smokefs_sns_30ep_s43,B,smokefs,yolo12n,high,log,日志模型签名 `yolov12n summary`（smokefs_sns_30ep_s43）
smokefs_sns_30ep_s44,B,smokefs,yolo12n,high,args-chain,`smokefs_sns_30ep_s44`.`model` = `smoke_pretrain.pt` → `smoke_pretrain`.`model` = `yolo12n.pt`
smokefs_sns_50ep,B,smokefs,yolo12n,high,args-chain,`smokefs_sns_50ep`.`model` = `smoke_pretrain.pt` → `smoke_pretrain`.`model` = `yolo12n.pt`
smokefs_sns_50ep_s43,B,smokefs,yolo12n,high,args-chain,`smokefs_sns_50ep_s43`.`model` = `smoke_pretrain.pt` → `smoke_pretrain`.`model` = `yolo12n.pt`
smokefs_sns_50ep_s44,B,smokefs,yolo12n,high,args-chain,`smokefs_sns_50ep_s44`.`model` = `smoke_pretrain.pt` → `smoke_pretrain`.`model` = `yolo12n.pt`
smokefs_sns_src_shapeiou_ft_s44,B,smokefs,yolo12n,high,args-chain,`smokefs_sns_src_shapeiou_ft_s44`.`model` = `smoke_sns_pretrain.pt` → `smoke_sns_pretrain`.`model` = `yolo12n.pt`
smokefs_sns_src_shapeiou_ft_s45,B,smokefs,yolo12n,high,args-chain,`smokefs_sns_src_shapeiou_ft_s45`.`model` = `smoke_sns_pretrain.pt` → `smoke_sns_pretrain`.`model` = `yolo12n.pt`
smokefs_sns_src_sns_ft_s44,B,smokefs,yolo12n,high,args-chain,`smokefs_sns_src_sns_ft_s44`.`model` = `smoke_sns_pretrain.pt` → `smoke_sns_pretrain`.`model` = `yolo12n.pt`
smokefs_sns_src_sns_ft_s45,B,smokefs,yolo12n,high,args-chain,`smokefs_sns_src_sns_ft_s45`.`model` = `smoke_sns_pretrain.pt` → `smoke_sns_pretrain`.`model` = `yolo12n.pt`
sns_100ep_cds,B,sns,yolo12n,high,args-chain,`sns_100ep_cds`.`model` = `mafa_pretrain.pt` → `mafa_pretrain`.`model` = `yolo12n.pt`
sns_30ep_cds,B,sns,yolo12n,high,args-chain,`sns_30ep_cds`.`model` = `mafa_pretrain.pt` → `mafa_pretrain`.`model` = `yolo12n.pt`
sp1000_s42n,A,sp1000,yolo12n,high,log,日志模型签名 `yolov12n summary`（sp1000_s42n）
sp1000_s43n,A,sp1000,yolo12n,high,log,日志模型签名 `yolov12n summary`（sp1000_s43n）
srh_30ep_base_s42n,B,srh,yolo12n,high,args-chain,`srh_30ep_base_s42n`.`model` = `shwd2sf_pretrain.pt` → `shwd2sf_pretrain`.`model` = `yolo12n.pt`
srh_30ep_base_s43n,B,srh,yolo12n,high,args-chain,`srh_30ep_base_s43n`.`model` = `shwd2sf_pretrain.pt` → `shwd2sf_pretrain`.`model` = `yolo12n.pt`
srh_30ep_base_s44n,B,srh,yolo12n,high,args-chain,`srh_30ep_base_s44n`.`model` = `shwd2sf_pretrain.pt` → `shwd2sf_pretrain`.`model` = `yolo12n.pt`
srh_30ep_lr005_s42n,B,srh,yolo12n,high,args-chain,`srh_30ep_lr005_s42n`.`model` = `shwd2sf_pretrain.pt` → `shwd2sf_pretrain`.`model` = `yolo12n.pt`
srh_30ep_lr005_s43n,B,srh,yolo12n,high,args-chain,`srh_30ep_lr005_s43n`.`model` = `shwd2sf_pretrain.pt` → `shwd2sf_pretrain`.`model` = `yolo12n.pt`
srh_30ep_lr005_s44n,B,srh,yolo12n,high,args-chain,`srh_30ep_lr005_s44n`.`model` = `shwd2sf_pretrain.pt` → `shwd2sf_pretrain`.`model` = `yolo12n.pt`
t1a_d15toaitod_base100_s42n,A,t1a,yolo12n,high,log,日志模型签名 `yolov12n summary`（t1a_d15toaitod_base100_s42n）
t1a_d15toaitod_base100_s43n,A,t1a,yolo12n,high,args-chain,`t1a_d15toaitod_base100_s43n`.`model` = `dota15_pretrain.pt` → `dota15_pretrain`.`model` = `yolo12n.pt`
t1a_d15toaitod_base100_s44n,A,t1a,yolo12n,high,args-chain,`t1a_d15toaitod_base100_s44n`.`model` = `dota15_pretrain.pt` → `dota15_pretrain`.`model` = `yolo12n.pt`
t1a_d15toaitod_base100_s45n,A,t1a,yolo12n,high,args-chain,`t1a_d15toaitod_base100_s45n`.`model` = `dota15_pretrain.pt` → `dota15_pretrain`.`model` = `yolo12n.pt`
t1a_d15toaitod_base100_s46n,A,t1a,yolo12n,high,args-chain,`t1a_d15toaitod_base100_s46n`.`model` = `dota15_pretrain.pt` → `dota15_pretrain`.`model` = `yolo12n.pt`
t1a_d15toaitod_base100_s47n,A,t1a,yolo12n,high,args-chain,`t1a_d15toaitod_base100_s47n`.`model` = `dota15_pretrain.pt` → `dota15_pretrain`.`model` = `yolo12n.pt`
t1a_d15toaitod_base100_s48n,A,t1a,yolo12n,high,args-chain,`t1a_d15toaitod_base100_s48n`.`model` = `dota15_pretrain.pt` → `dota15_pretrain`.`model` = `yolo12n.pt`
t1a_d15toaitod_base100_s49n,A,t1a,yolo12n,high,args-chain,`t1a_d15toaitod_base100_s49n`.`model` = `dota15_pretrain.pt` → `dota15_pretrain`.`model` = `yolo12n.pt`
t1a_d15toaitod_base100_s50n,A,t1a,yolo12n,high,args-chain,`t1a_d15toaitod_base100_s50n`.`model` = `dota15_pretrain.pt` → `dota15_pretrain`.`model` = `yolo12n.pt`
t1a_d15toaitod_base100_s51n,A,t1a,yolo12n,high,args-chain,`t1a_d15toaitod_base100_s51n`.`model` = `dota15_pretrain.pt` → `dota15_pretrain`.`model` = `yolo12n.pt`
t1a_d15toaitod_lr005_100ep_s42n,A,t1a,yolo12n,high,log,日志模型签名 `yolov12n summary`（t1a_d15toaitod_lr005_100ep_s42n）
t1a_d15toaitod_lr005_100ep_s43n,A,t1a,yolo12n,high,args-chain,`t1a_d15toaitod_lr005_100ep_s43n`.`model` = `dota15_pretrain.pt` → `dota15_pretrain`.`model` = `yolo12n.pt`
t1a_d15toaitod_lr005_100ep_s44n,A,t1a,yolo12n,high,args-chain,`t1a_d15toaitod_lr005_100ep_s44n`.`model` = `dota15_pretrain.pt` → `dota15_pretrain`.`model` = `yolo12n.pt`
t1a_d15toaitod_lr005_100ep_s45n,A,t1a,yolo12n,high,args-chain,`t1a_d15toaitod_lr005_100ep_s45n`.`model` = `dota15_pretrain.pt` → `dota15_pretrain`.`model` = `yolo12n.pt`
t1a_d15toaitod_lr005_100ep_s46n,A,t1a,yolo12n,high,args-chain,`t1a_d15toaitod_lr005_100ep_s46n`.`model` = `dota15_pretrain.pt` → `dota15_pretrain`.`model` = `yolo12n.pt`
t1a_d15toaitod_lr005_100ep_s47n,A,t1a,yolo12n,high,args-chain,`t1a_d15toaitod_lr005_100ep_s47n`.`model` = `dota15_pretrain.pt` → `dota15_pretrain`.`model` = `yolo12n.pt`
t1a_d15toaitod_lr005_100ep_s48n,A,t1a,yolo12n,high,args-chain,`t1a_d15toaitod_lr005_100ep_s48n`.`model` = `dota15_pretrain.pt` → `dota15_pretrain`.`model` = `yolo12n.pt`
t1a_d15toaitod_lr005_100ep_s49n,A,t1a,yolo12n,high,args-chain,`t1a_d15toaitod_lr005_100ep_s49n`.`model` = `dota15_pretrain.pt` → `dota15_pretrain`.`model` = `yolo12n.pt`
t1a_d15toaitod_lr005_100ep_s50n,A,t1a,yolo12n,high,args-chain,`t1a_d15toaitod_lr005_100ep_s50n`.`model` = `dota15_pretrain.pt` → `dota15_pretrain`.`model` = `yolo12n.pt`
t1a_d15toaitod_lr005_100ep_s51n,A,t1a,yolo12n,high,args-chain,`t1a_d15toaitod_lr005_100ep_s51n`.`model` = `dota15_pretrain.pt` → `dota15_pretrain`.`model` = `yolo12n.pt`
t1b_aitodtovis_base100_s42n,B,t1b,yolo12n,high,log,日志模型签名 `yolov12n summary`（t1b_aitodtovis_base100_s42n）
t1b_aitodtovis_base100_s43n,B,t1b,yolo12n,high,log,日志模型签名 `yolov12n summary`（t1b_aitodtovis_base100_s43n）
t1b_aitodtovis_base100_s44n,B,t1b,yolo12n,high,args-chain,`t1b_aitodtovis_base100_s44n`.`model` = `aitod_pretrain.pt` → `aitod_pretrain`.`model` = `yolo12n.pt`
t1b_aitodtovis_base100_s45n,B,t1b,yolo12n,high,args-chain,`t1b_aitodtovis_base100_s45n`.`model` = `aitod_pretrain.pt` → `aitod_pretrain`.`model` = `yolo12n.pt`
t1b_aitodtovis_base100_s46n,B,t1b,yolo12n,high,log,日志模型签名 `yolov12n summary`（t1b_aitodtovis_base100_s46n）
t1b_aitodtovis_base100_s47n,B,t1b,yolo12n,high,args-chain,`t1b_aitodtovis_base100_s47n`.`model` = `aitod_pretrain.pt` → `aitod_pretrain`.`model` = `yolo12n.pt`
t1b_aitodtovis_base100_s48n,B,t1b,yolo12n,high,args-chain,`t1b_aitodtovis_base100_s48n`.`model` = `aitod_pretrain.pt` → `aitod_pretrain`.`model` = `yolo12n.pt`
t1b_aitodtovis_base100_s49n,B,t1b,yolo12n,high,args-chain,`t1b_aitodtovis_base100_s49n`.`model` = `aitod_pretrain.pt` → `aitod_pretrain`.`model` = `yolo12n.pt`
t1b_aitodtovis_base100_s50n,B,t1b,yolo12n,high,args-chain,`t1b_aitodtovis_base100_s50n`.`model` = `aitod_pretrain.pt` → `aitod_pretrain`.`model` = `yolo12n.pt`
t1b_aitodtovis_base100_s51n,B,t1b,yolo12n,high,args-chain,`t1b_aitodtovis_base100_s51n`.`model` = `aitod_pretrain.pt` → `aitod_pretrain`.`model` = `yolo12n.pt`
t1b_aitodtovis_lr005_100ep_s42n,B,t1b,yolo12n,high,args-chain,`t1b_aitodtovis_lr005_100ep_s42n`.`model` = `aitod_pretrain.pt` → `aitod_pretrain`.`model` = `yolo12n.pt`
t1b_aitodtovis_lr005_100ep_s43n,B,t1b,yolo12n,high,args-chain,`t1b_aitodtovis_lr005_100ep_s43n`.`model` = `aitod_pretrain.pt` → `aitod_pretrain`.`model` = `yolo12n.pt`
t1b_aitodtovis_lr005_100ep_s44n,B,t1b,yolo12n,high,args-chain,`t1b_aitodtovis_lr005_100ep_s44n`.`model` = `aitod_pretrain.pt` → `aitod_pretrain`.`model` = `yolo12n.pt`
t1b_aitodtovis_lr005_100ep_s45n,B,t1b,yolo12n,high,args-chain,`t1b_aitodtovis_lr005_100ep_s45n`.`model` = `aitod_pretrain.pt` → `aitod_pretrain`.`model` = `yolo12n.pt`
t1b_aitodtovis_lr005_100ep_s46n,B,t1b,yolo12n,high,args-chain,`t1b_aitodtovis_lr005_100ep_s46n`.`model` = `aitod_pretrain.pt` → `aitod_pretrain`.`model` = `yolo12n.pt`
t1b_aitodtovis_lr005_100ep_s47n,B,t1b,yolo12n,high,args-chain,`t1b_aitodtovis_lr005_100ep_s47n`.`model` = `aitod_pretrain.pt` → `aitod_pretrain`.`model` = `yolo12n.pt`
t1b_aitodtovis_lr005_100ep_s48n,B,t1b,yolo12n,high,args-chain,`t1b_aitodtovis_lr005_100ep_s48n`.`model` = `aitod_pretrain.pt` → `aitod_pretrain`.`model` = `yolo12n.pt`
t1b_aitodtovis_lr005_100ep_s49n,B,t1b,yolo12n,high,args-chain,`t1b_aitodtovis_lr005_100ep_s49n`.`model` = `aitod_pretrain.pt` → `aitod_pretrain`.`model` = `yolo12n.pt`
t1b_aitodtovis_lr005_100ep_s50n,B,t1b,yolo12n,high,args-chain,`t1b_aitodtovis_lr005_100ep_s50n`.`model` = `aitod_pretrain.pt` → `aitod_pretrain`.`model` = `yolo12n.pt`
t1b_aitodtovis_lr005_100ep_s51n,B,t1b,yolo12n,high,args-chain,`t1b_aitodtovis_lr005_100ep_s51n`.`model` = `aitod_pretrain.pt` → `aitod_pretrain`.`model` = `yolo12n.pt`
t1c_vistod15_base100_s42n,B,t1c,yolo12n,high,log,日志模型签名 `yolov12n summary`（t1c_vistod15_base100_s42n）
t1c_vistod15_base100_s43n,B,t1c,yolo12n,high,args-chain,`t1c_vistod15_base100_s43n`.`model` = `visdrone_pretrain.pt` → `visdrone_pretrain`.`model` = `yolo12n.pt`
t1c_vistod15_base100_s44n,B,t1c,yolo12n,high,args-chain,`t1c_vistod15_base100_s44n`.`model` = `visdrone_pretrain.pt` → `visdrone_pretrain`.`model` = `yolo12n.pt`
t1c_vistod15_base100_s45n,B,t1c,yolo12n,high,args-chain,`t1c_vistod15_base100_s45n`.`model` = `visdrone_pretrain.pt` → `visdrone_pretrain`.`model` = `yolo12n.pt`
t1c_vistod15_base100_s46n,B,t1c,yolo12n,high,args-chain,`t1c_vistod15_base100_s46n`.`model` = `visdrone_pretrain.pt` → `visdrone_pretrain`.`model` = `yolo12n.pt`
t1c_vistod15_base100_s47n,B,t1c,yolo12n,high,args-chain,`t1c_vistod15_base100_s47n`.`model` = `visdrone_pretrain.pt` → `visdrone_pretrain`.`model` = `yolo12n.pt`
t1c_vistod15_base100_s48n,B,t1c,yolo12n,high,args-chain,`t1c_vistod15_base100_s48n`.`model` = `visdrone_pretrain.pt` → `visdrone_pretrain`.`model` = `yolo12n.pt`
t1c_vistod15_base100_s49n,B,t1c,yolo12n,high,args-chain,`t1c_vistod15_base100_s49n`.`model` = `visdrone_pretrain.pt` → `visdrone_pretrain`.`model` = `yolo12n.pt`
t1c_vistod15_base100_s50n,B,t1c,yolo12n,high,args-chain,`t1c_vistod15_base100_s50n`.`model` = `visdrone_pretrain.pt` → `visdrone_pretrain`.`model` = `yolo12n.pt`
t1c_vistod15_base100_s51n,B,t1c,yolo12n,high,args-chain,`t1c_vistod15_base100_s51n`.`model` = `visdrone_pretrain.pt` → `visdrone_pretrain`.`model` = `yolo12n.pt`
t1c_vistod15_lr005_100ep_s42n,B,t1c,yolo12n,high,args-chain,`t1c_vistod15_lr005_100ep_s42n`.`model` = `visdrone_pretrain.pt` → `visdrone_pretrain`.`model` = `yolo12n.pt`
t1c_vistod15_lr005_100ep_s43n,B,t1c,yolo12n,high,args-chain,`t1c_vistod15_lr005_100ep_s43n`.`model` = `visdrone_pretrain.pt` → `visdrone_pretrain`.`model` = `yolo12n.pt`
t1c_vistod15_lr005_100ep_s44n,B,t1c,yolo12n,high,args-chain,`t1c_vistod15_lr005_100ep_s44n`.`model` = `visdrone_pretrain.pt` → `visdrone_pretrain`.`model` = `yolo12n.pt`
t1c_vistod15_lr005_100ep_s45n,B,t1c,yolo12n,high,args-chain,`t1c_vistod15_lr005_100ep_s45n`.`model` = `visdrone_pretrain.pt` → `visdrone_pretrain`.`model` = `yolo12n.pt`
t1c_vistod15_lr005_100ep_s46n,B,t1c,yolo12n,high,args-chain,`t1c_vistod15_lr005_100ep_s46n`.`model` = `visdrone_pretrain.pt` → `visdrone_pretrain`.`model` = `yolo12n.pt`
t1c_vistod15_lr005_100ep_s47n,B,t1c,yolo12n,high,args-chain,`t1c_vistod15_lr005_100ep_s47n`.`model` = `visdrone_pretrain.pt` → `visdrone_pretrain`.`model` = `yolo12n.pt`
t1c_vistod15_lr005_100ep_s48n,B,t1c,yolo12n,high,args-chain,`t1c_vistod15_lr005_100ep_s48n`.`model` = `visdrone_pretrain.pt` → `visdrone_pretrain`.`model` = `yolo12n.pt`
t1c_vistod15_lr005_100ep_s49n,B,t1c,yolo12n,high,args-chain,`t1c_vistod15_lr005_100ep_s49n`.`model` = `visdrone_pretrain.pt` → `visdrone_pretrain`.`model` = `yolo12n.pt`
t1c_vistod15_lr005_100ep_s50n,B,t1c,yolo12n,high,args-chain,`t1c_vistod15_lr005_100ep_s50n`.`model` = `visdrone_pretrain.pt` → `visdrone_pretrain`.`model` = `yolo12n.pt`
t1c_vistod15_lr005_100ep_s51n,B,t1c,yolo12n,high,args-chain,`t1c_vistod15_lr005_100ep_s51n`.`model` = `visdrone_pretrain.pt` → `visdrone_pretrain`.`model` = `yolo12n.pt`
t1d_dotatod15_base100_s42n,A,t1d,yolo12n,high,log,日志模型签名 `yolov12n summary`（t1d_dotatod15_base100_s42n）
t1d_dotatod15_base100_s42n,B,t1d,yolo12n,high,log,日志模型签名 `yolov12n summary`（t1d_dotatod15_base100_s42n）
t1d_dotatod15_base100_s43n,A,t1d,yolo12n,high,args-chain,`t1d_dotatod15_base100_s43n`.`model` = `dota_pretrain.pt` → `dota_pretrain`.`model` = `yolo12n.pt`
t1d_dotatod15_base100_s43n,B,t1d,yolo12n,high,args-chain,`t1d_dotatod15_base100_s43n`.`model` = `dota_pretrain.pt` → `dota_pretrain`.`model` = `yolo12n.pt`
t1d_dotatod15_base100_s44n,A,t1d,yolo12n,high,args-chain,`t1d_dotatod15_base100_s44n`.`model` = `dota_pretrain.pt` → `dota_pretrain`.`model` = `yolo12n.pt`
t1d_dotatod15_base100_s44n,B,t1d,yolo12n,high,args-chain,`t1d_dotatod15_base100_s44n`.`model` = `dota_pretrain.pt` → `dota_pretrain`.`model` = `yolo12n.pt`
t1d_dotatod15_base100_s45n,A,t1d,yolo12n,high,args-chain,`t1d_dotatod15_base100_s45n`.`model` = `dota_pretrain.pt` → `dota_pretrain`.`model` = `yolo12n.pt`
t1d_dotatod15_base100_s45n,B,t1d,yolo12n,high,args-chain,`t1d_dotatod15_base100_s45n`.`model` = `dota_pretrain.pt` → `dota_pretrain`.`model` = `yolo12n.pt`
t1d_dotatod15_base100_s46n,A,t1d,yolo12n,high,args-chain,`t1d_dotatod15_base100_s46n`.`model` = `dota_pretrain.pt` → `dota_pretrain`.`model` = `yolo12n.pt`
t1d_dotatod15_base100_s46n,B,t1d,yolo12n,high,args-chain,`t1d_dotatod15_base100_s46n`.`model` = `dota_pretrain.pt` → `dota_pretrain`.`model` = `yolo12n.pt`
t1d_dotatod15_base100_s47n,A,t1d,yolo12n,high,args-chain,`t1d_dotatod15_base100_s47n`.`model` = `dota_pretrain.pt` → `dota_pretrain`.`model` = `yolo12n.pt`
t1d_dotatod15_base100_s47n,B,t1d,yolo12n,high,args-chain,`t1d_dotatod15_base100_s47n`.`model` = `dota_pretrain.pt` → `dota_pretrain`.`model` = `yolo12n.pt`
t1d_dotatod15_base100_s48n,A,t1d,yolo12n,high,args-chain,`t1d_dotatod15_base100_s48n`.`model` = `dota_pretrain.pt` → `dota_pretrain`.`model` = `yolo12n.pt`
t1d_dotatod15_base100_s48n,B,t1d,yolo12n,high,args-chain,`t1d_dotatod15_base100_s48n`.`model` = `dota_pretrain.pt` → `dota_pretrain`.`model` = `yolo12n.pt`
t1d_dotatod15_base100_s49n,A,t1d,yolo12n,high,log,日志模型签名 `yolov12n summary`（t1d_dotatod15_base100_s49n）
t1d_dotatod15_base100_s50n,A,t1d,yolo12n,high,args-chain,`t1d_dotatod15_base100_s50n`.`model` = `dota_pretrain.pt` → `dota_pretrain`.`model` = `yolo12n.pt`
t1d_dotatod15_base100_s51n,A,t1d,yolo12n,high,args-chain,`t1d_dotatod15_base100_s51n`.`model` = `dota_pretrain.pt` → `dota_pretrain`.`model` = `yolo12n.pt`
t1d_dotatod15_lr005_100ep_s42n,A,t1d,yolo12n,high,args-chain,`t1d_dotatod15_lr005_100ep_s42n`.`model` = `dota_pretrain.pt` → `dota_pretrain`.`model` = `yolo12n.pt`
t1d_dotatod15_lr005_100ep_s42n,B,t1d,yolo12n,high,args-chain,`t1d_dotatod15_lr005_100ep_s42n`.`model` = `dota_pretrain.pt` → `dota_pretrain`.`model` = `yolo12n.pt`
t1d_dotatod15_lr005_100ep_s43n,A,t1d,yolo12n,high,args-chain,`t1d_dotatod15_lr005_100ep_s43n`.`model` = `dota_pretrain.pt` → `dota_pretrain`.`model` = `yolo12n.pt`
t1d_dotatod15_lr005_100ep_s43n,B,t1d,yolo12n,high,args-chain,`t1d_dotatod15_lr005_100ep_s43n`.`model` = `dota_pretrain.pt` → `dota_pretrain`.`model` = `yolo12n.pt`
t1d_dotatod15_lr005_100ep_s44n,A,t1d,yolo12n,high,args-chain,`t1d_dotatod15_lr005_100ep_s44n`.`model` = `dota_pretrain.pt` → `dota_pretrain`.`model` = `yolo12n.pt`
t1d_dotatod15_lr005_100ep_s44n,B,t1d,yolo12n,high,args-chain,`t1d_dotatod15_lr005_100ep_s44n`.`model` = `dota_pretrain.pt` → `dota_pretrain`.`model` = `yolo12n.pt`
t1d_dotatod15_lr005_100ep_s45n,A,t1d,yolo12n,high,args-chain,`t1d_dotatod15_lr005_100ep_s45n`.`model` = `dota_pretrain.pt` → `dota_pretrain`.`model` = `yolo12n.pt`
t1d_dotatod15_lr005_100ep_s45n,B,t1d,yolo12n,high,args-chain,`t1d_dotatod15_lr005_100ep_s45n`.`model` = `dota_pretrain.pt` → `dota_pretrain`.`model` = `yolo12n.pt`
t1d_dotatod15_lr005_100ep_s46n,A,t1d,yolo12n,high,args-chain,`t1d_dotatod15_lr005_100ep_s46n`.`model` = `dota_pretrain.pt` → `dota_pretrain`.`model` = `yolo12n.pt`
t1d_dotatod15_lr005_100ep_s46n,B,t1d,yolo12n,high,args-chain,`t1d_dotatod15_lr005_100ep_s46n`.`model` = `dota_pretrain.pt` → `dota_pretrain`.`model` = `yolo12n.pt`
t1d_dotatod15_lr005_100ep_s47n,A,t1d,yolo12n,high,args-chain,`t1d_dotatod15_lr005_100ep_s47n`.`model` = `dota_pretrain.pt` → `dota_pretrain`.`model` = `yolo12n.pt`
t1d_dotatod15_lr005_100ep_s47n,B,t1d,yolo12n,high,args-chain,`t1d_dotatod15_lr005_100ep_s47n`.`model` = `dota_pretrain.pt` → `dota_pretrain`.`model` = `yolo12n.pt`
t1d_dotatod15_lr005_100ep_s48n,A,t1d,yolo12n,high,args-chain,`t1d_dotatod15_lr005_100ep_s48n`.`model` = `dota_pretrain.pt` → `dota_pretrain`.`model` = `yolo12n.pt`
t1d_dotatod15_lr005_100ep_s48n,B,t1d,yolo12n,high,args-chain,`t1d_dotatod15_lr005_100ep_s48n`.`model` = `dota_pretrain.pt` → `dota_pretrain`.`model` = `yolo12n.pt`
t1d_dotatod15_lr005_100ep_s49n,A,t1d,yolo12n,high,log,日志模型签名 `yolov12n summary`（t1d_dotatod15_lr005_100ep_s49n）
t1d_dotatod15_lr005_100ep_s50n,A,t1d,yolo12n,high,args-chain,`t1d_dotatod15_lr005_100ep_s50n`.`model` = `dota_pretrain.pt` → `dota_pretrain`.`model` = `yolo12n.pt`
t1d_dotatod15_lr005_100ep_s51n,A,t1d,yolo12n,high,args-chain,`t1d_dotatod15_lr005_100ep_s51n`.`model` = `dota_pretrain.pt` → `dota_pretrain`.`model` = `yolo12n.pt`
t2_mask2mende_base100_s42n,B,t2,yolo12n,high,log,日志模型签名 `yolov12n summary`（t2_mask2mende_base100_s42n）
t2_mask2mende_base100_s43n,B,t2,yolo12n,high,args-chain,`t2_mask2mende_base100_s43n`.`model` = `mask_pretrain.pt` → `mask_pretrain`.`model` = `yolo12n.pt`
t2_mask2mende_base100_s44n,B,t2,yolo12n,high,args-chain,`t2_mask2mende_base100_s44n`.`model` = `mask_pretrain.pt` → `mask_pretrain`.`model` = `yolo12n.pt`
t2_mask2mende_base100_s45n,B,t2,yolo12n,high,args-chain,`t2_mask2mende_base100_s45n`.`model` = `mask_pretrain.pt` → `mask_pretrain`.`model` = `yolo12n.pt`
t2_mask2mende_base100_s46n,B,t2,yolo12n,high,args-chain,`t2_mask2mende_base100_s46n`.`model` = `mask_pretrain.pt` → `mask_pretrain`.`model` = `yolo12n.pt`
t2_mask2mende_base100_s47n,B,t2,yolo12n,high,args-chain,`t2_mask2mende_base100_s47n`.`model` = `mask_pretrain.pt` → `mask_pretrain`.`model` = `yolo12n.pt`
t2_mask2mende_base100_s48n,B,t2,yolo12n,high,args-chain,`t2_mask2mende_base100_s48n`.`model` = `mask_pretrain.pt` → `mask_pretrain`.`model` = `yolo12n.pt`
t2_mask2mende_base100_s49n,B,t2,yolo12n,high,args-chain,`t2_mask2mende_base100_s49n`.`model` = `mask_pretrain.pt` → `mask_pretrain`.`model` = `yolo12n.pt`
t2_mask2mende_base100_s50n,B,t2,yolo12n,high,args-chain,`t2_mask2mende_base100_s50n`.`model` = `mask_pretrain.pt` → `mask_pretrain`.`model` = `yolo12n.pt`
t2_mask2mende_base100_s51n,B,t2,yolo12n,high,args-chain,`t2_mask2mende_base100_s51n`.`model` = `mask_pretrain.pt` → `mask_pretrain`.`model` = `yolo12n.pt`
t2_mask2mende_lr005_100ep_s42n,B,t2,yolo12n,high,args-chain,`t2_mask2mende_lr005_100ep_s42n`.`model` = `mask_pretrain.pt` → `mask_pretrain`.`model` = `yolo12n.pt`
t2_mask2mende_lr005_100ep_s43n,B,t2,yolo12n,high,args-chain,`t2_mask2mende_lr005_100ep_s43n`.`model` = `mask_pretrain.pt` → `mask_pretrain`.`model` = `yolo12n.pt`
t2_mask2mende_lr005_100ep_s44n,B,t2,yolo12n,high,args-chain,`t2_mask2mende_lr005_100ep_s44n`.`model` = `mask_pretrain.pt` → `mask_pretrain`.`model` = `yolo12n.pt`
t2_mask2mende_lr005_100ep_s45n,B,t2,yolo12n,high,args-chain,`t2_mask2mende_lr005_100ep_s45n`.`model` = `mask_pretrain.pt` → `mask_pretrain`.`model` = `yolo12n.pt`
t2_mask2mende_lr005_100ep_s46n,B,t2,yolo12n,high,args-chain,`t2_mask2mende_lr005_100ep_s46n`.`model` = `mask_pretrain.pt` → `mask_pretrain`.`model` = `yolo12n.pt`
t2_mask2mende_lr005_100ep_s47n,B,t2,yolo12n,high,args-chain,`t2_mask2mende_lr005_100ep_s47n`.`model` = `mask_pretrain.pt` → `mask_pretrain`.`model` = `yolo12n.pt`
t2_mask2mende_lr005_100ep_s48n,B,t2,yolo12n,high,args-chain,`t2_mask2mende_lr005_100ep_s48n`.`model` = `mask_pretrain.pt` → `mask_pretrain`.`model` = `yolo12n.pt`
t2_mask2mende_lr005_100ep_s49n,B,t2,yolo12n,high,args-chain,`t2_mask2mende_lr005_100ep_s49n`.`model` = `mask_pretrain.pt` → `mask_pretrain`.`model` = `yolo12n.pt`
t2_mask2mende_lr005_100ep_s50n,B,t2,yolo12n,high,args-chain,`t2_mask2mende_lr005_100ep_s50n`.`model` = `mask_pretrain.pt` → `mask_pretrain`.`model` = `yolo12n.pt`
t2_mask2mende_lr005_100ep_s51n,B,t2,yolo12n,high,args-chain,`t2_mask2mende_lr005_100ep_s51n`.`model` = `mask_pretrain.pt` → `mask_pretrain`.`model` = `yolo12n.pt`
vd15_30ep_base_s42n,B,vd15,yolo12n,high,args-chain,`vd15_30ep_base_s42n`.`model` = `visdrone_pretrain.pt` → `visdrone_pretrain`.`model` = `yolo12n.pt`
vd15_30ep_base_s43n,B,vd15,yolo12n,high,args-chain,`vd15_30ep_base_s43n`.`model` = `visdrone_pretrain.pt` → `visdrone_pretrain`.`model` = `yolo12n.pt`
vd15_30ep_base_s44n,B,vd15,yolo12n,high,args-chain,`vd15_30ep_base_s44n`.`model` = `visdrone_pretrain.pt` → `visdrone_pretrain`.`model` = `yolo12n.pt`
vd15_30ep_lr005_s42n,B,vd15,yolo12n,high,args-chain,`vd15_30ep_lr005_s42n`.`model` = `visdrone_pretrain.pt` → `visdrone_pretrain`.`model` = `yolo12n.pt`
vd15_30ep_lr005_s43n,B,vd15,yolo12n,high,args-chain,`vd15_30ep_lr005_s43n`.`model` = `visdrone_pretrain.pt` → `visdrone_pretrain`.`model` = `yolo12n.pt`
vd15_30ep_lr005_s44n,B,vd15,yolo12n,high,args-chain,`vd15_30ep_lr005_s44n`.`model` = `visdrone_pretrain.pt` → `visdrone_pretrain`.`model` = `yolo12n.pt`
vis_d15_base100_s52n,A,vis,yolo12n,high,log,日志模型签名 `yolov12n summary`（vis_d15_base100_s52n）
vis_d15_base100_s53n,A,vis,yolo12n,high,log,日志模型签名 `yolov12n summary`（vis_d15_base100_s53n）
vis_d15_base100_s54n,A,vis,yolo12n,high,log,日志模型签名 `yolov12n summary`（vis_d15_base100_s54n）
vis_d15_lr005_100ep_s52n,A,vis,yolo12n,high,log,日志模型签名 `yolov12n summary`（vis_d15_lr005_100ep_s52n）
vis_d15_lr005_100ep_s53n,A,vis,yolo12n,high,log,日志模型签名 `yolov12n summary`（vis_d15_lr005_100ep_s53n）
vis_d15_lr005_100ep_s54n,A,vis,yolo12n,high,log,日志模型签名 `yolov12n summary`（vis_d15_lr005_100ep_s54n）
visdrone_base100,B,visdrone,yolo12n,high,args-chain,`visdrone_base100`.`model` = `visdrone_pretrain.pt` → `visdrone_pretrain`.`model` = `yolo12n.pt`
visdrone_base100_s42n,B,visdrone,yolo12n,high,args-chain,`visdrone_base100_s42n`.`model` = `visdrone_pretrain.pt` → `visdrone_pretrain`.`model` = `yolo12n.pt`
visdrone_base30,B,visdrone,yolo12n,high,args-chain,`visdrone_base30`.`model` = `visdrone_pretrain.pt` → `visdrone_pretrain`.`model` = `yolo12n.pt`
visdrone_lr005_100ep_s42n,B,visdrone,yolo12n,high,args-chain,`visdrone_lr005_100ep_s42n`.`model` = `visdrone_pretrain.pt` → `visdrone_pretrain`.`model` = `yolo12n.pt`
visdrone_lr005_30ep,B,visdrone,yolo12n,high,args-chain,`visdrone_lr005_30ep`.`model` = `visdrone_pretrain.pt` → `visdrone_pretrain`.`model` = `yolo12n.pt`
visdrone_pretrain,B,visdrone,yolo12n,high,log,日志模型签名 `yolov12n summary`（visdrone_pretrain）
visdrone_pws_30ep,B,visdrone,yolo12n,high,args-chain,`visdrone_pws_30ep`.`model` = `visdrone_pretrain.pt` → `visdrone_pretrain`.`model` = `yolo12n.pt`
visdrone_sns_30ep,B,visdrone,yolo12n,high,args-chain,`visdrone_sns_30ep`.`model` = `visdrone_pretrain.pt` → `visdrone_pretrain`.`model` = `yolo12n.pt`
vvhr_200ep_base_s44n,B,vvhr,yolo12n,high,args-chain,`vvhr_200ep_base_s44n`.`model` = `visdrone_pretrain.pt` → `visdrone_pretrain`.`model` = `yolo12n.pt`
vvhr_30ep_base_s42n,B,vvhr,yolo12n,high,args-chain,`vvhr_30ep_base_s42n`.`model` = `visdrone_pretrain.pt` → `visdrone_pretrain`.`model` = `yolo12n.pt`
vvhr_30ep_base_s43n,B,vvhr,yolo12n,high,args-chain,`vvhr_30ep_base_s43n`.`model` = `visdrone_pretrain.pt` → `visdrone_pretrain`.`model` = `yolo12n.pt`
vvhr_30ep_base_s44n,B,vvhr,yolo12n,high,args-chain,`vvhr_30ep_base_s44n`.`model` = `visdrone_pretrain.pt` → `visdrone_pretrain`.`model` = `yolo12n.pt`
vvhr_30ep_lr005_s42n,B,vvhr,yolo12n,high,args-chain,`vvhr_30ep_lr005_s42n`.`model` = `visdrone_pretrain.pt` → `visdrone_pretrain`.`model` = `yolo12n.pt`
vvhr_30ep_lr005_s43n,B,vvhr,yolo12n,high,args-chain,`vvhr_30ep_lr005_s43n`.`model` = `visdrone_pretrain.pt` → `visdrone_pretrain`.`model` = `yolo12n.pt`
vvhr_30ep_lr005_s44n,B,vvhr,yolo12n,high,args-chain,`vvhr_30ep_lr005_s44n`.`model` = `visdrone_pretrain.pt` → `visdrone_pretrain`.`model` = `yolo12n.pt`
xcal_A_s42n,A,xcal,yolo11n,high,args-chain,`xcal_A_s42n`.`model` = `y11_shwd_pretrain.pt` → `y11_shwd_pretrain`.`model` = `yolo11n.pt`
xcal_B_s42n,B,xcal,yolo11n,high,args-chain,`xcal_B_s42n`.`model` = `y11_shwd_pretrain.pt` → `y11_shwd_pretrain`.`model` = `yolo11n.pt`
y11_sf_base100_s42n,B,y11,yolo11n,high,log,日志模型签名 `yolo11n summary`（y11_sf_base100_s42n）
y11_sf_base100_s43n,B,y11,yolo11n,high,args-chain,`y11_sf_base100_s43n`.`model` = `y11_shwd_pretrain.pt` → `y11_shwd_pretrain`.`model` = `yolo11n.pt`
y11_sf_base100_s44n,B,y11,yolo11n,high,args-chain,`y11_sf_base100_s44n`.`model` = `y11_shwd_pretrain.pt` → `y11_shwd_pretrain`.`model` = `yolo11n.pt`
y11_sf_base30_s42n,B,y11,yolo11n,high,args-chain,`y11_sf_base30_s42n`.`model` = `y11_shwd_pretrain.pt` → `y11_shwd_pretrain`.`model` = `yolo11n.pt`
y11_sf_base30_s43n,B,y11,yolo11n,high,args-chain,`y11_sf_base30_s43n`.`model` = `y11_shwd_pretrain.pt` → `y11_shwd_pretrain`.`model` = `yolo11n.pt`
y11_sf_base30_s44n,B,y11,yolo11n,high,args-chain,`y11_sf_base30_s44n`.`model` = `y11_shwd_pretrain.pt` → `y11_shwd_pretrain`.`model` = `yolo11n.pt`
y11_sf_base30_s45n,B,y11,yolo11n,high,args-chain,`y11_sf_base30_s45n`.`model` = `y11_shwd_pretrain.pt` → `y11_shwd_pretrain`.`model` = `yolo11n.pt`
y11_sf_base30_s46n,B,y11,yolo11n,high,args-chain,`y11_sf_base30_s46n`.`model` = `y11_shwd_pretrain.pt` → `y11_shwd_pretrain`.`model` = `yolo11n.pt`
y11_sf_base30_s47n,B,y11,yolo11n,high,args-chain,`y11_sf_base30_s47n`.`model` = `y11_shwd_pretrain.pt` → `y11_shwd_pretrain`.`model` = `yolo11n.pt`
y11_sf_base30_s48n,B,y11,yolo11n,high,args-chain,`y11_sf_base30_s48n`.`model` = `y11_shwd_pretrain.pt` → `y11_shwd_pretrain`.`model` = `yolo11n.pt`
y11_sf_base30_s49n,B,y11,yolo11n,high,args-chain,`y11_sf_base30_s49n`.`model` = `y11_shwd_pretrain.pt` → `y11_shwd_pretrain`.`model` = `yolo11n.pt`
y11_sf_base30_s50n,B,y11,yolo11n,high,args-chain,`y11_sf_base30_s50n`.`model` = `y11_shwd_pretrain.pt` → `y11_shwd_pretrain`.`model` = `yolo11n.pt`
y11_sf_base30_s51n,B,y11,yolo11n,high,args-chain,`y11_sf_base30_s51n`.`model` = `y11_shwd_pretrain.pt` → `y11_shwd_pretrain`.`model` = `yolo11n.pt`
y11_sf_lr005_100ep_s42n,B,y11,yolo11n,high,args-chain,`y11_sf_lr005_100ep_s42n`.`model` = `y11_shwd_pretrain.pt` → `y11_shwd_pretrain`.`model` = `yolo11n.pt`
y11_sf_lr005_100ep_s43n,B,y11,yolo11n,high,args-chain,`y11_sf_lr005_100ep_s43n`.`model` = `y11_shwd_pretrain.pt` → `y11_shwd_pretrain`.`model` = `yolo11n.pt`
y11_sf_lr005_100ep_s44n,B,y11,yolo11n,high,args-chain,`y11_sf_lr005_100ep_s44n`.`model` = `y11_shwd_pretrain.pt` → `y11_shwd_pretrain`.`model` = `yolo11n.pt`
y11_sf_lr005_30ep_s42n,B,y11,yolo11n,high,args-chain,`y11_sf_lr005_30ep_s42n`.`model` = `y11_shwd_pretrain.pt` → `y11_shwd_pretrain`.`model` = `yolo11n.pt`
y11_sf_lr005_30ep_s43n,B,y11,yolo11n,high,args-chain,`y11_sf_lr005_30ep_s43n`.`model` = `y11_shwd_pretrain.pt` → `y11_shwd_pretrain`.`model` = `yolo11n.pt`
y11_sf_lr005_30ep_s44n,B,y11,yolo11n,high,args-chain,`y11_sf_lr005_30ep_s44n`.`model` = `y11_shwd_pretrain.pt` → `y11_shwd_pretrain`.`model` = `yolo11n.pt`
y11_sf_lr005_30ep_s45n,B,y11,yolo11n,high,args-chain,`y11_sf_lr005_30ep_s45n`.`model` = `y11_shwd_pretrain.pt` → `y11_shwd_pretrain`.`model` = `yolo11n.pt`
y11_sf_lr005_30ep_s46n,B,y11,yolo11n,high,args-chain,`y11_sf_lr005_30ep_s46n`.`model` = `y11_shwd_pretrain.pt` → `y11_shwd_pretrain`.`model` = `yolo11n.pt`
y11_sf_lr005_30ep_s47n,B,y11,yolo11n,high,args-chain,`y11_sf_lr005_30ep_s47n`.`model` = `y11_shwd_pretrain.pt` → `y11_shwd_pretrain`.`model` = `yolo11n.pt`
y11_sf_lr005_30ep_s48n,B,y11,yolo11n,high,args-chain,`y11_sf_lr005_30ep_s48n`.`model` = `y11_shwd_pretrain.pt` → `y11_shwd_pretrain`.`model` = `yolo11n.pt`
y11_sf_lr005_30ep_s49n,B,y11,yolo11n,high,args-chain,`y11_sf_lr005_30ep_s49n`.`model` = `y11_shwd_pretrain.pt` → `y11_shwd_pretrain`.`model` = `yolo11n.pt`
y11_sf_lr005_30ep_s50n,B,y11,yolo11n,high,args-chain,`y11_sf_lr005_30ep_s50n`.`model` = `y11_shwd_pretrain.pt` → `y11_shwd_pretrain`.`model` = `yolo11n.pt`
y11_sf_lr005_30ep_s51n,B,y11,yolo11n,high,args-chain,`y11_sf_lr005_30ep_s51n`.`model` = `y11_shwd_pretrain.pt` → `y11_shwd_pretrain`.`model` = `yolo11n.pt`
y11_shwd_pretrain,B,y11,yolo11n,high,log,日志模型签名 `yolo11n summary`（y11_shwd_pretrain）
y26_sf_100ep_base_s42n,A,y26,yolo26n,high,args-chain,`y26_sf_100ep_base_s42n`.`model` = `y26_shwd_pretrain.pt` → `y26_shwd_pretrain`.`model` = `yolo26n.pt`
y26_sf_100ep_base_s43n,A,y26,yolo26n,high,args-chain,`y26_sf_100ep_base_s43n`.`model` = `y26_shwd_pretrain.pt` → `y26_shwd_pretrain`.`model` = `yolo26n.pt`
y26_sf_100ep_base_s44n,A,y26,yolo26n,high,args-chain,`y26_sf_100ep_base_s44n`.`model` = `y26_shwd_pretrain.pt` → `y26_shwd_pretrain`.`model` = `yolo26n.pt`
y26_sf_100ep_lr005_s42n,A,y26,yolo26n,high,args-chain,`y26_sf_100ep_lr005_s42n`.`model` = `y26_shwd_pretrain.pt` → `y26_shwd_pretrain`.`model` = `yolo26n.pt`
y26_sf_100ep_lr005_s43n,A,y26,yolo26n,high,args-chain,`y26_sf_100ep_lr005_s43n`.`model` = `y26_shwd_pretrain.pt` → `y26_shwd_pretrain`.`model` = `yolo26n.pt`
y26_sf_100ep_lr005_s44n,A,y26,yolo26n,high,args-chain,`y26_sf_100ep_lr005_s44n`.`model` = `y26_shwd_pretrain.pt` → `y26_shwd_pretrain`.`model` = `yolo26n.pt`
y26_sf_30ep_base_s42n,A,y26,yolo26n,high,args-chain,`y26_sf_30ep_base_s42n`.`model` = `y26_shwd_pretrain.pt` → `y26_shwd_pretrain`.`model` = `yolo26n.pt`
y26_sf_30ep_base_s43n,A,y26,yolo26n,high,args-chain,`y26_sf_30ep_base_s43n`.`model` = `y26_shwd_pretrain.pt` → `y26_shwd_pretrain`.`model` = `yolo26n.pt`
y26_sf_30ep_base_s44n,A,y26,yolo26n,high,args-chain,`y26_sf_30ep_base_s44n`.`model` = `y26_shwd_pretrain.pt` → `y26_shwd_pretrain`.`model` = `yolo26n.pt`
y26_sf_30ep_lr005_s42n,A,y26,yolo26n,high,args-chain,`y26_sf_30ep_lr005_s42n`.`model` = `y26_shwd_pretrain.pt` → `y26_shwd_pretrain`.`model` = `yolo26n.pt`
y26_sf_30ep_lr005_s43n,A,y26,yolo26n,high,args-chain,`y26_sf_30ep_lr005_s43n`.`model` = `y26_shwd_pretrain.pt` → `y26_shwd_pretrain`.`model` = `yolo26n.pt`
y26_sf_30ep_lr005_s44n,A,y26,yolo26n,high,args-chain,`y26_sf_30ep_lr005_s44n`.`model` = `y26_shwd_pretrain.pt` → `y26_shwd_pretrain`.`model` = `yolo26n.pt`
y26_shwd_pretrain,A,y26,yolo26n,high,args-chain,`y26_shwd_pretrain`.`model` = `yolo26n.pt`
