run,machine,outcome,loss,loss_src,epochs_nominal,epochs_actual,best_epoch,best_map50_95,best_map50,last_map50_95,last_map50,wall_sec,lr0,seed_name,seed_args,seed_kind,seed_used,dataset,data_yaml,model,imgsz,batch,patience,save_period,family,budget_pct,lr_arm,threeway,flag_partial,flag_incomplete,also_on_other_machine,n_sources,sources,src_primary,md5_results,has_args,has_weights_A,test_map50_95,test_map50,test_mp,test_mr,dup_test_line
a0_100_10p_100ep_base_s42n,A,complete,shapeiou,sio_b_results.csv,100,100,88,0.41486,0.70883,0.40315,0.69511,2096.36,0.001,42,42,shuffle,42,sfchd_10p,/root/workspace/data/SFCHD_split/sfchd_10p.yaml,shwd_pretrain_100ep.pt,640,32,100,5,a0,10,base,0,0,0,,1,A_runs_20260929,A_runs_20260929,0df797026d2ac8372993ec366588681a,1,1,0.4148,0.7089,0.8335,0.6642,0
a0_100_10p_100ep_base_s43n,A,complete,shapeiou,sio_b_results.csv,100,100,84,0.41133,0.70867,0.39563,0.6844,2132.0,0.001,43,42,shuffle,43,sfchd_10p,/root/workspace/data/SFCHD_split/sfchd_10p.yaml,shwd_pretrain_100ep.pt,640,32,100,5,a0,10,base,0,0,0,,2,A_part2|A_runs_20260929,A_runs_20260929,cdd04ad2d1f74bf9a33948c66fae6d1e,1,1,0.4114,0.7086,0.8345,0.6572,0
a0_100_10p_100ep_base_s44n,A,complete,shapeiou,sio_b_results.csv,100,100,66,0.41773,0.71468,0.39989,0.68966,2009.25,0.001,44,42,shuffle,44,sfchd_10p,/root/workspace/data/SFCHD_split/sfchd_10p.yaml,shwd_pretrain_100ep.pt,640,32,100,5,a0,10,base,0,0,0,,1,A_runs_20260929,A_runs_20260929,74e363ea317927a57fbb19ed6f36c1e3,1,1,0.4177,0.7149,0.817,0.6714,0
a0_100_10p_100ep_lr005_s42n,A,complete,shapeiou,sio_b_results.csv,100,100,82,0.41769,0.70843,0.41048,0.69822,2152.61,0.005,42,42,shuffle,42,sfchd_10p,/root/workspace/data/SFCHD_split/sfchd_10p.yaml,shwd_pretrain_100ep.pt,640,32,100,5,a0,10,lr005,0,0,0,,2,A_part2|A_runs_20260929,A_runs_20260929,d476655ce8002d6dd54d7b32e296fb0e,1,1,0.4176,0.7085,0.823,0.6665,0
a0_100_10p_100ep_lr005_s43n,A,complete,shapeiou,sio_b_results.csv,100,100,99,0.41281,0.70424,0.41206,0.7031,2048.6,0.005,43,42,shuffle,43,sfchd_10p,/root/workspace/data/SFCHD_split/sfchd_10p.yaml,shwd_pretrain_100ep.pt,640,32,100,5,a0,10,lr005,0,0,0,,1,A_runs_20260929,A_runs_20260929,4247274f1c5c2ddcdee6d788bbec3e9f,1,1,0.4128,0.7044,0.8317,0.6645,0
a0_100_10p_100ep_lr005_s44n,A,complete,shapeiou,sio_b_results.csv,100,100,100,0.41553,0.70511,0.41553,0.70511,2108.45,0.005,44,42,shuffle,44,sfchd_10p,/root/workspace/data/SFCHD_split/sfchd_10p.yaml,shwd_pretrain_100ep.pt,640,32,100,5,a0,10,lr005,0,0,0,,2,A_part2|A_runs_20260929,A_runs_20260929,c731649e052119b081e1e6b9d7e5596e,1,1,0.4155,0.7051,0.8336,0.6666,0
a0_100_10p_30ep_base_s42n,A,complete,shapeiou,sio_b_results.csv,30,30,20,0.40605,0.70099,0.40465,0.69547,613.899,0.001,42,42,shuffle,42,sfchd_10p,/root/workspace/data/SFCHD_split/sfchd_10p.yaml,shwd_pretrain_100ep.pt,640,32,100,5,a0,10,base,0,0,0,,1,A_runs_20260929,A_runs_20260929,22be0f9956affc14db847a28560fad39,1,1,0.406,0.701,0.8217,0.6447,0
a0_100_10p_30ep_base_s43n,A,complete,shapeiou,sio_b_results.csv,30,30,20,0.40722,0.70395,0.39794,0.6906,644.021,0.001,43,42,shuffle,43,sfchd_10p,/root/workspace/data/SFCHD_split/sfchd_10p.yaml,shwd_pretrain_100ep.pt,640,32,100,5,a0,10,base,0,0,0,,2,A_part2|A_runs_20260929,A_runs_20260929,908ed66828503445b745c6b600e66ac1,1,1,0.4072,0.7039,0.8155,0.64,0
a0_100_10p_30ep_base_s44n,A,complete,shapeiou,sio_b_results.csv,30,30,20,0.40664,0.70909,0.40162,0.6957,635.891,0.001,44,42,shuffle,44,sfchd_10p,/root/workspace/data/SFCHD_split/sfchd_10p.yaml,shwd_pretrain_100ep.pt,640,32,100,5,a0,10,base,0,0,0,,1,A_runs_20260929,A_runs_20260929,0829d61bbd9068b058466665e62cb5e5,1,1,0.4069,0.7092,0.8319,0.646,0
a0_100_10p_30ep_lr005_s42n,A,complete,shapeiou,sio_b_results.csv,30,30,30,0.41022,0.70218,0.41022,0.70218,657.339,0.005,42,42,shuffle,42,sfchd_10p,/root/workspace/data/SFCHD_split/sfchd_10p.yaml,shwd_pretrain_100ep.pt,640,32,100,5,a0,10,lr005,0,0,0,,2,A_part2|A_runs_20260929,A_runs_20260929,c285bed3c741d4e0668024f91ea363d4,1,1,0.4101,0.7022,0.82,0.648,0
a0_100_10p_30ep_lr005_s43n,A,complete,shapeiou,sio_b_results.csv,30,30,30,0.40907,0.70274,0.40907,0.70274,625.862,0.005,43,42,shuffle,43,sfchd_10p,/root/workspace/data/SFCHD_split/sfchd_10p.yaml,shwd_pretrain_100ep.pt,640,32,100,5,a0,10,lr005,0,0,0,,1,A_runs_20260929,A_runs_20260929,efa1490d91e36d2f807bb5d2e9748e2a,1,1,0.4092,0.7027,0.8054,0.6573,0
a0_100_10p_30ep_lr005_s44n,A,complete,shapeiou,sio_b_results.csv,30,30,30,0.40847,0.70277,0.40847,0.70277,645.188,0.005,44,42,shuffle,44,sfchd_10p,/root/workspace/data/SFCHD_split/sfchd_10p.yaml,shwd_pretrain_100ep.pt,640,32,100,5,a0,10,lr005,0,0,0,,2,A_part2|A_runs_20260929,A_runs_20260929,ceae83ceea253f097e30eb00dbbb5793,1,1,0.4088,0.7036,0.8217,0.6553,0
a0_100_20p_100ep_base_s42n,A,complete,shapeiou,sio_b_results.csv,100,100,77,0.44209,0.74335,0.43152,0.7297,2608.9,0.001,42,42,shuffle,42,sfchd_20p,/root/workspace/data/SFCHD_split/sfchd_20p.yaml,shwd_pretrain_100ep.pt,640,32,100,5,a0,20,base,0,0,0,,1,A_runs_20260929,A_runs_20260929,c33d7424465fae03378ed8b31974cb73,1,1,0.4422,0.7433,0.8629,0.6877,0
a0_100_20p_100ep_base_s43n,A,complete,shapeiou,sio_b_results.csv,100,100,77,0.4404,0.74166,0.42996,0.72561,2639.56,0.001,43,42,shuffle,43,sfchd_20p,/root/workspace/data/SFCHD_split/sfchd_20p.yaml,shwd_pretrain_100ep.pt,640,32,100,5,a0,20,base,0,0,0,,2,A_part2|A_runs_20260929,A_runs_20260929,9bc383a0ca6847c5c723111f1e0ac626,1,1,0.4405,0.7417,0.8469,0.6959,0
a0_100_20p_100ep_base_s44n,A,complete,shapeiou,sio_b_results.csv,100,100,80,0.44212,0.73898,0.4309,0.72693,2623.15,0.001,44,42,shuffle,44,sfchd_20p,/root/workspace/data/SFCHD_split/sfchd_20p.yaml,shwd_pretrain_100ep.pt,640,32,100,5,a0,20,base,0,0,0,,1,A_runs_20260929,A_runs_20260929,59597f061bf2074339fe77e9b9cc6dcc,1,1,0.4421,0.7389,0.8492,0.6894,0
a0_100_20p_100ep_lr005_s42n,A,complete,shapeiou,sio_b_results.csv,100,100,84,0.44542,0.74057,0.43868,0.73438,2726.13,0.005,42,42,shuffle,42,sfchd_20p,/root/workspace/data/SFCHD_split/sfchd_20p.yaml,shwd_pretrain_100ep.pt,640,32,100,5,a0,20,lr005,0,0,0,,2,A_part2|A_runs_20260929,A_runs_20260929,e649797933e47f55d2ee509f5ad4da7c,1,1,0.4452,0.7404,0.8415,0.7018,0
a0_100_20p_100ep_lr005_s43n,A,complete,shapeiou,sio_b_results.csv,100,100,79,0.44454,0.73918,0.44005,0.73232,2620.89,0.005,43,42,shuffle,43,sfchd_20p,/root/workspace/data/SFCHD_split/sfchd_20p.yaml,shwd_pretrain_100ep.pt,640,32,100,5,a0,20,lr005,0,0,0,,1,A_runs_20260929,A_runs_20260929,c77e2d78db53f63050a4ffbe1cfe2e2f,1,1,0.4446,0.7396,0.8404,0.6999,0
a0_100_20p_100ep_lr005_s44n,A,complete,shapeiou,sio_b_results.csv,100,100,85,0.4469,0.74653,0.44098,0.73621,2747.23,0.005,44,42,shuffle,44,sfchd_20p,/root/workspace/data/SFCHD_split/sfchd_20p.yaml,shwd_pretrain_100ep.pt,640,32,100,5,a0,20,lr005,0,0,0,,2,A_part2|A_runs_20260929,A_runs_20260929,0e6e517f6a291b4ac375a3824ddb7d4e,1,1,0.4469,0.7466,0.8258,0.7078,0
a0_100_20p_30ep_base_s42n,A,complete,shapeiou,sio_b_results.csv,30,30,18,0.42626,0.72414,0.41951,0.71782,803.139,0.001,42,42,shuffle,42,sfchd_20p,/root/workspace/data/SFCHD_split/sfchd_20p.yaml,shwd_pretrain_100ep.pt,640,32,100,5,a0,20,base,0,0,0,,1,A_runs_20260929,A_runs_20260929,2048cfce7d4bb48dcaf43a6867a60847,1,1,0.4264,0.7245,0.8436,0.6658,0
a0_100_20p_30ep_base_s43n,A,complete,shapeiou,sio_b_results.csv,30,30,30,0.42978,0.73263,0.42978,0.73263,806.582,0.001,43,42,shuffle,43,sfchd_20p,/root/workspace/data/SFCHD_split/sfchd_20p.yaml,shwd_pretrain_100ep.pt,640,32,100,5,a0,20,base,0,0,0,,2,A_part2|A_runs_20260929,A_runs_20260929,0f62f816770be642df91456f21beb16a,1,1,0.4297,0.7326,0.8435,0.6715,0
a0_100_20p_30ep_base_s44n,A,complete,shapeiou,sio_b_results.csv,30,30,29,0.4321,0.73126,0.43008,0.72803,790.078,0.001,44,42,shuffle,44,sfchd_20p,/root/workspace/data/SFCHD_split/sfchd_20p.yaml,shwd_pretrain_100ep.pt,640,32,100,5,a0,20,base,0,0,0,,1,A_runs_20260929,A_runs_20260929,172f7e8cecb8eff7a06daff85ea2ccca,1,1,0.432,0.7314,0.8482,0.6699,0
a0_100_20p_30ep_lr005_s42n,A,complete,shapeiou,sio_b_results.csv,30,30,30,0.43494,0.73464,0.43494,0.73464,809.667,0.005,42,42,shuffle,42,sfchd_20p,/root/workspace/data/SFCHD_split/sfchd_20p.yaml,shwd_pretrain_100ep.pt,640,32,100,5,a0,20,lr005,0,0,0,,2,A_part2|A_runs_20260929,A_runs_20260929,11172464136b77828dbdcba597b6e133,1,1,0.435,0.7348,0.8301,0.6821,0
a0_100_20p_30ep_lr005_s43n,A,complete,shapeiou,sio_b_results.csv,30,30,30,0.4383,0.7389,0.4383,0.7389,793.963,0.005,43,42,shuffle,43,sfchd_20p,/root/workspace/data/SFCHD_split/sfchd_20p.yaml,shwd_pretrain_100ep.pt,640,32,100,5,a0,20,lr005,0,0,0,,1,A_runs_20260929,A_runs_20260929,87bd04a1278dc66827097ac356a2ae7c,1,1,0.4382,0.7389,0.8296,0.6864,0
a0_100_20p_30ep_lr005_s44n,A,complete,shapeiou,sio_b_results.csv,30,30,30,0.43846,0.73812,0.43846,0.73812,819.978,0.005,44,42,shuffle,44,sfchd_20p,/root/workspace/data/SFCHD_split/sfchd_20p.yaml,shwd_pretrain_100ep.pt,640,32,100,5,a0,20,lr005,0,0,0,,2,A_part2|A_runs_20260929,A_runs_20260929,ec1c8d17174f07f4f40cfb707cc13869,1,1,0.4383,0.7382,0.8104,0.6927,0
a0_100_30p_100ep_base_s42n,A,complete,shapeiou,sio_b_results.csv,100,100,89,0.45429,0.74961,0.44953,0.74257,3151.75,0.001,42,42,shuffle,42,sfchd_30p,/root/workspace/data/SFCHD_split/sfchd_30p.yaml,shwd_pretrain_100ep.pt,640,32,100,5,a0,30,base,0,0,0,,1,A_runs_20260929,A_runs_20260929,23481a5ab3212c200f96aa3963075a0f,1,1,0.4543,0.7497,0.8398,0.7111,0
a0_100_30p_100ep_base_s43n,A,complete,shapeiou,sio_b_results.csv,100,100,76,0.45375,0.74814,0.44552,0.7419,3279.65,0.001,43,42,shuffle,43,sfchd_30p,/root/workspace/data/SFCHD_split/sfchd_30p.yaml,shwd_pretrain_100ep.pt,640,32,100,5,a0,30,base,0,0,0,,2,A_part2|A_runs_20260929,A_runs_20260929,b3c128e41537f5bab56b60c146f0c1d3,1,1,0.4535,0.7482,0.8541,0.7052,0
a0_100_30p_100ep_base_s44n,A,complete,shapeiou,sio_b_results.csv,100,100,72,0.45148,0.75366,0.44282,0.7421,3098.93,0.001,44,42,shuffle,44,sfchd_30p,/root/workspace/data/SFCHD_split/sfchd_30p.yaml,shwd_pretrain_100ep.pt,640,32,100,5,a0,30,base,0,0,0,,1,A_runs_20260929,A_runs_20260929,d515249dd4ecb60848f72e64405d844c,1,1,0.4516,0.7538,0.8267,0.7161,0
a0_100_30p_100ep_lr005_s42n,A,complete,shapeiou,sio_b_results.csv,100,100,90,0.46023,0.75432,0.45567,0.75033,3174.2,0.005,42,42,shuffle,42,sfchd_30p,/root/workspace/data/SFCHD_split/sfchd_30p.yaml,shwd_pretrain_100ep.pt,640,32,100,5,a0,30,lr005,0,0,0,,2,A_part2|A_runs_20260929,A_runs_20260929,6560f5c7704c67c20a56641357f3c665,1,1,0.46,0.7544,0.8401,0.7193,0
a0_100_30p_100ep_lr005_s43n,A,complete,shapeiou,sio_b_results.csv,100,100,73,0.45934,0.75628,0.45273,0.74539,3148.53,0.005,43,42,shuffle,43,sfchd_30p,/root/workspace/data/SFCHD_split/sfchd_30p.yaml,shwd_pretrain_100ep.pt,640,32,100,5,a0,30,lr005,0,0,0,,1,A_runs_20260929,A_runs_20260929,2ba9b9a5e33aba3cefbb15a9f91bd996,1,1,0.4594,0.7562,0.8382,0.7137,0
a0_100_30p_100ep_lr005_s44n,A,complete,shapeiou,sio_b_results.csv,100,100,82,0.46025,0.75506,0.45768,0.75228,3329.26,0.005,44,42,shuffle,44,sfchd_30p,/root/workspace/data/SFCHD_split/sfchd_30p.yaml,shwd_pretrain_100ep.pt,640,32,100,5,a0,30,lr005,0,0,0,,2,A_part2|A_runs_20260929,A_runs_20260929,8d373ab0a7c743301541ae0065077b5a,1,1,0.4602,0.7551,0.846,0.7122,0
a0_100_30p_30ep_base_s42n,A,complete,shapeiou,sio_b_results.csv,30,30,30,0.43979,0.74065,0.43979,0.74065,953.477,0.001,42,42,shuffle,42,sfchd_30p,/root/workspace/data/SFCHD_split/sfchd_30p.yaml,shwd_pretrain_100ep.pt,640,32,100,5,a0,30,base,0,0,0,,1,A_runs_20260929,A_runs_20260929,cbbf325e6720f54b6027aabf91ea1e7f,1,1,0.4398,0.7407,0.8222,0.6948,0
a0_100_30p_30ep_base_s43n,A,complete,shapeiou,sio_b_results.csv,30,30,30,0.44,0.74139,0.44,0.74139,966.679,0.001,43,42,shuffle,43,sfchd_30p,/root/workspace/data/SFCHD_split/sfchd_30p.yaml,shwd_pretrain_100ep.pt,640,32,100,5,a0,30,base,0,0,0,,2,A_part2|A_runs_20260929,A_runs_20260929,bcd1f4976dc0f4e97ddbd0428a0dcea3,1,1,0.4403,0.7416,0.8511,0.6796,0
a0_100_30p_30ep_base_s44n,A,complete,shapeiou,sio_b_results.csv,30,30,30,0.4412,0.7392,0.4412,0.7392,930.514,0.001,44,42,shuffle,44,sfchd_30p,/root/workspace/data/SFCHD_split/sfchd_30p.yaml,shwd_pretrain_100ep.pt,640,32,100,5,a0,30,base,0,0,0,,1,A_runs_20260929,A_runs_20260929,764c336117ee50d2004b00d0a278bccd,1,1,0.4411,0.7392,0.8329,0.6854,0
a0_100_30p_30ep_lr005_s42n,A,complete,shapeiou,sio_b_results.csv,30,30,30,0.44993,0.75192,0.44993,0.75192,934.899,0.005,42,42,shuffle,42,sfchd_30p,/root/workspace/data/SFCHD_split/sfchd_30p.yaml,shwd_pretrain_100ep.pt,640,32,100,5,a0,30,lr005,0,0,0,,2,A_part2|A_runs_20260929,A_runs_20260929,c00927673824c026fd7f850bdd0e5b81,1,1,0.45,0.7519,0.834,0.7023,0
a0_100_30p_30ep_lr005_s43n,A,complete,shapeiou,sio_b_results.csv,30,30,30,0.44831,0.74561,0.44831,0.74561,973.508,0.005,43,42,shuffle,43,sfchd_30p,/root/workspace/data/SFCHD_split/sfchd_30p.yaml,shwd_pretrain_100ep.pt,640,32,100,5,a0,30,lr005,0,0,0,,1,A_runs_20260929,A_runs_20260929,91d4cee7532ffed5a57e3b06e00eb237,1,1,0.4484,0.7456,0.8317,0.6938,0
a0_100_30p_30ep_lr005_s44n,A,complete,shapeiou,sio_b_results.csv,30,30,30,0.45159,0.75485,0.45159,0.75485,969.923,0.005,44,42,shuffle,44,sfchd_30p,/root/workspace/data/SFCHD_split/sfchd_30p.yaml,shwd_pretrain_100ep.pt,640,32,100,5,a0,30,lr005,0,0,0,,2,A_part2|A_runs_20260929,A_runs_20260929,cd2c9673a9cb39e031fdf3ef70e7e1f9,1,1,0.4516,0.7548,0.8438,0.7072,0
a0_100_40p_100ep_base_s42n,A,complete,shapeiou,sio_b_results.csv,100,100,69,0.4634,0.76546,0.45468,0.75529,3677.53,0.001,42,42,shuffle,42,sfchd_40p,/root/workspace/data/SFCHD_split/sfchd_40p.yaml,shwd_pretrain_100ep.pt,640,32,100,5,a0,40,base,0,0,0,,1,A_runs_20260929,A_runs_20260929,8290cc68bcfefdbb771d632196776486,1,1,0.4636,0.7654,0.8535,0.7164,0
a0_100_40p_100ep_base_s43n,A,complete,shapeiou,sio_b_results.csv,100,100,72,0.46061,0.7598,0.45099,0.75242,3854.69,0.001,43,42,shuffle,43,sfchd_40p,/root/workspace/data/SFCHD_split/sfchd_40p.yaml,shwd_pretrain_100ep.pt,640,32,100,5,a0,40,base,0,0,0,,2,A_part2|A_runs_20260929,A_runs_20260929,4cc8ec4b378a26399286d962423eb5c1,1,1,0.4606,0.7598,0.8463,0.7165,0
a0_100_40p_100ep_base_s44n,A,complete,shapeiou,sio_b_results.csv,100,100,67,0.45992,0.76196,0.45545,0.75772,3645.59,0.001,44,42,shuffle,44,sfchd_40p,/root/workspace/data/SFCHD_split/sfchd_40p.yaml,shwd_pretrain_100ep.pt,640,32,100,5,a0,40,base,0,0,0,,1,A_runs_20260929,A_runs_20260929,73ed5a39bc9a25efcbdb0869bebb3063,1,1,0.4598,0.7619,0.8379,0.7224,0
a0_100_40p_100ep_lr005_s42n,A,complete,shapeiou,sio_b_results.csv,100,100,87,0.47142,0.76771,0.46341,0.75842,3755.18,0.005,42,42,shuffle,42,sfchd_40p,/root/workspace/data/SFCHD_split/sfchd_40p.yaml,shwd_pretrain_100ep.pt,640,32,100,5,a0,40,lr005,0,0,0,,2,A_part2|A_runs_20260929,A_runs_20260929,0bb2e96d7b80e1d758ba24174dcdccff,1,1,0.4715,0.7678,0.8648,0.7198,0
a0_100_40p_100ep_lr005_s43n,A,complete,shapeiou,sio_b_results.csv,100,100,90,0.47166,0.76835,0.46671,0.76269,3659.65,0.005,43,42,shuffle,43,sfchd_40p,/root/workspace/data/SFCHD_split/sfchd_40p.yaml,shwd_pretrain_100ep.pt,640,32,100,5,a0,40,lr005,0,0,0,,1,A_runs_20260929,A_runs_20260929,241c7a930ec9e4892eb64055befc1398,1,1,0.4716,0.7684,0.862,0.7203,0
a0_100_40p_100ep_lr005_s44n,A,complete,shapeiou,sio_b_results.csv,100,100,89,0.46823,0.76752,0.46625,0.76668,3821.06,0.005,44,42,shuffle,44,sfchd_40p,/root/workspace/data/SFCHD_split/sfchd_40p.yaml,shwd_pretrain_100ep.pt,640,32,100,5,a0,40,lr005,0,0,0,,2,A_part2|A_runs_20260929,A_runs_20260929,7ba9eac7573a004f6575d1271a8a6468,1,1,0.4684,0.7676,0.8581,0.7287,0
a0_100_40p_30ep_base_s42n,A,complete,shapeiou,sio_b_results.csv,30,30,30,0.45203,0.757,0.45203,0.757,1077.12,0.001,42,42,shuffle,42,sfchd_40p,/root/workspace/data/SFCHD_split/sfchd_40p.yaml,shwd_pretrain_100ep.pt,640,32,100,5,a0,40,base,0,0,0,,1,A_runs_20260929,A_runs_20260929,2d8a3f6b775856add515d76dcedff39f,1,1,0.4519,0.7571,0.8495,0.6989,0
a0_100_40p_30ep_base_s43n,A,complete,shapeiou,sio_b_results.csv,30,30,29,0.45063,0.75015,0.4496,0.7515,1194.09,0.001,43,42,shuffle,43,sfchd_40p,/root/workspace/data/SFCHD_split/sfchd_40p.yaml,shwd_pretrain_100ep.pt,640,32,100,5,a0,40,base,0,0,0,,2,A_part2|A_runs_20260929,A_runs_20260929,46041bd768ce20d2bbc5b7ffc941cf2d,1,1,0.4507,0.7501,0.8418,0.6923,0
a0_100_40p_30ep_base_s44n,A,complete,shapeiou,sio_b_results.csv,30,30,30,0.45186,0.75218,0.45186,0.75218,1116.7,0.001,44,42,shuffle,44,sfchd_40p,/root/workspace/data/SFCHD_split/sfchd_40p.yaml,shwd_pretrain_100ep.pt,640,32,100,5,a0,40,base,0,0,0,,1,A_runs_20260929,A_runs_20260929,54a7ba28e8addda447f6c744f92cfe2f,1,1,0.4521,0.7522,0.8409,0.6897,0
a0_100_40p_30ep_lr005_s42n,A,complete,shapeiou,sio_b_results.csv,30,30,30,0.45697,0.75854,0.45697,0.75854,1144.33,0.005,42,42,shuffle,42,sfchd_40p,/root/workspace/data/SFCHD_split/sfchd_40p.yaml,shwd_pretrain_100ep.pt,640,32,100,5,a0,40,lr005,0,0,0,,2,A_part2|A_runs_20260929,A_runs_20260929,88fe4626e47d290f7bcfc4e08306dee2,1,1,0.457,0.7585,0.8478,0.7073,0
a0_100_40p_30ep_lr005_s43n,A,complete,shapeiou,sio_b_results.csv,30,30,29,0.45837,0.76046,0.45788,0.75677,1148.98,0.005,43,42,shuffle,43,sfchd_40p,/root/workspace/data/SFCHD_split/sfchd_40p.yaml,shwd_pretrain_100ep.pt,640,32,100,5,a0,40,lr005,0,0,0,,1,A_runs_20260929,A_runs_20260929,71169e035ce8ab2f6a2cf9811bc39e62,1,1,0.4583,0.7604,0.8505,0.7104,0
a0_100_40p_30ep_lr005_s44n,A,complete,shapeiou,sio_b_results.csv,30,30,30,0.45992,0.76174,0.45992,0.76174,1137.65,0.005,44,42,shuffle,44,sfchd_40p,/root/workspace/data/SFCHD_split/sfchd_40p.yaml,shwd_pretrain_100ep.pt,640,32,100,5,a0,40,lr005,0,0,0,,2,A_part2|A_runs_20260929,A_runs_20260929,2a9c802ff8bda2998124b2b1f5b996f9,1,1,0.4599,0.761,0.8626,0.7068,0
a0_100_50p_100ep_base_s42n,A,complete,shapeiou,sio_b_results.csv,100,100,62,0.46734,0.76403,0.45813,0.75665,4331.43,0.001,42,42,shuffle,42,sfchd_50p,/root/workspace/data/SFCHD_split/sfchd_50p.yaml,shwd_pretrain_100ep.pt,640,32,100,5,a0,50,base,0,0,0,,1,A_runs_20260929,A_runs_20260929,5635f50454c80071bfdd0fbaa5b9326b,1,1,0.4672,0.764,0.8603,0.7146,0
a0_100_50p_100ep_base_s43n,A,complete,shapeiou,sio_b_results.csv,100,100,70,0.46718,0.76667,0.46001,0.75759,4212.51,0.001,43,42,shuffle,43,sfchd_50p,/root/workspace/data/SFCHD_split/sfchd_50p.yaml,shwd_pretrain_100ep.pt,640,32,100,5,a0,50,base,0,0,0,,2,A_part2|A_runs_20260929,A_runs_20260929,9d2455649107a1da4fb11bb11d29d4fb,1,1,0.4672,0.7666,0.8457,0.7187,0
a0_100_50p_100ep_base_s44n,A,complete,shapeiou,sio_b_results.csv,100,100,84,0.46847,0.76778,0.4611,0.76062,4275.23,0.001,44,42,shuffle,44,sfchd_50p,/root/workspace/data/SFCHD_split/sfchd_50p.yaml,shwd_pretrain_100ep.pt,640,32,100,5,a0,50,base,0,0,0,,1,A_runs_20260929,A_runs_20260929,431ee92b4adf4759163c837b99231725,1,1,0.4683,0.7678,0.8739,0.7212,0
a0_100_50p_100ep_lr005_s42n,A,complete,shapeiou,sio_b_results.csv,100,100,84,0.47703,0.77042,0.46815,0.7641,4428.08,0.005,42,42,shuffle,42,sfchd_50p,/root/workspace/data/SFCHD_split/sfchd_50p.yaml,shwd_pretrain_100ep.pt,640,32,100,5,a0,50,lr005,0,0,0,,2,A_part2|A_runs_20260929,A_runs_20260929,0bda50ad1515389e49f215485101f274,1,1,0.4771,0.7704,0.87,0.7269,0
a0_100_50p_100ep_lr005_s43n,A,complete,shapeiou,sio_b_results.csv,100,100,83,0.4784,0.77272,0.46945,0.75943,4980.07,0.005,43,42,shuffle,43,sfchd_50p,/root/workspace/data/SFCHD_split/sfchd_50p.yaml,shwd_pretrain_100ep.pt,640,32,100,5,a0,50,lr005,0,0,0,,1,A_runs_20260929,A_runs_20260929,1395ec330c9d239c22bedff053a67e04,1,1,0.4785,0.7727,0.8536,0.7286,0
a0_100_50p_100ep_lr005_s44n,A,complete,shapeiou,sio_b_results.csv,100,100,74,0.47596,0.7718,0.46977,0.76401,4805.93,0.005,44,42,shuffle,44,sfchd_50p,/root/workspace/data/SFCHD_split/sfchd_50p.yaml,shwd_pretrain_100ep.pt,640,32,100,5,a0,50,lr005,0,0,0,,1,A_runs_20260929,A_runs_20260929,87e8fca9bc24e68cca9a93546c25a6d0,1,1,0.4759,0.7716,0.8505,0.7268,0
a0_100_50p_30ep_base_s42n,A,complete,shapeiou,sio_b_results.csv,30,30,30,0.45634,0.75796,0.45634,0.75796,1225.51,0.001,42,42,shuffle,42,sfchd_50p,/root/workspace/data/SFCHD_split/sfchd_50p.yaml,shwd_pretrain_100ep.pt,640,32,100,5,a0,50,base,0,0,0,,1,A_runs_20260929,A_runs_20260929,d283bdeca8bb4201a7adaba60fb3fd32,1,1,0.4562,0.7578,0.8372,0.707,0
a0_100_50p_30ep_base_s43n,A,complete,shapeiou,sio_b_results.csv,30,30,29,0.45693,0.75467,0.45564,0.75598,1297.24,0.001,43,42,shuffle,43,sfchd_50p,/root/workspace/data/SFCHD_split/sfchd_50p.yaml,shwd_pretrain_100ep.pt,640,32,100,5,a0,50,base,0,0,0,,2,A_part2|A_runs_20260929,A_runs_20260929,28fdc54bc9b7920327c98333a7948b1e,1,1,0.4569,0.7543,0.8561,0.6986,0
a0_100_50p_30ep_base_s44n,A,complete,shapeiou,sio_b_results.csv,30,30,30,0.45784,0.7592,0.45784,0.7592,1235.56,0.001,44,42,shuffle,44,sfchd_50p,/root/workspace/data/SFCHD_split/sfchd_50p.yaml,shwd_pretrain_100ep.pt,640,32,100,5,a0,50,base,0,0,0,,1,A_runs_20260929,A_runs_20260929,a2c6d0839864ea1bbc41dd3c91441bd3,1,1,0.4577,0.7584,0.8453,0.7098,0
a0_100_50p_30ep_lr005_s42n,A,complete,shapeiou,sio_b_results.csv,30,30,30,0.46267,0.7696,0.46267,0.7696,1447.3,0.005,42,42,shuffle,42,sfchd_50p,/root/workspace/data/SFCHD_split/sfchd_50p.yaml,shwd_pretrain_100ep.pt,640,32,100,5,a0,50,lr005,0,0,0,,2,A_part2|A_runs_20260929,A_runs_20260929,5b042a954522750e15a77c64741de4cb,1,1,0.4628,0.7696,0.8629,0.7143,0
a0_100_50p_30ep_lr005_s43n,A,complete,shapeiou,sio_b_results.csv,30,30,30,0.46347,0.76739,0.46347,0.76739,1278.13,0.005,43,42,shuffle,43,sfchd_50p,/root/workspace/data/SFCHD_split/sfchd_50p.yaml,shwd_pretrain_100ep.pt,640,32,100,5,a0,50,lr005,0,0,0,,1,A_runs_20260929,A_runs_20260929,f4eef714a4a2106bd64626174357e50f,1,1,0.4634,0.7674,0.8444,0.7198,0
a0_100_50p_30ep_lr005_s44n,A,complete,shapeiou,sio_b_results.csv,30,30,30,0.46373,0.76306,0.46373,0.76306,1273.83,0.005,44,42,shuffle,44,sfchd_50p,/root/workspace/data/SFCHD_split/sfchd_50p.yaml,shwd_pretrain_100ep.pt,640,32,100,5,a0,50,lr005,0,0,0,,2,A_part2|A_runs_20260929,A_runs_20260929,839ae89d90e91d6be634746e0de84433,1,1,0.4636,0.7631,0.8442,0.7194,0
a0_30_10p_100ep_base_s43n,A,complete,shapeiou,sio_b_results.csv,100,100,79,0.40994,0.70511,0.39513,0.68557,2076.28,0.001,43,42,shuffle,43,sfchd_10p,/root/workspace/data/SFCHD_split/sfchd_10p.yaml,shwd2sf_pretrain.pt,640,32,100,5,a0,10,base,0,0,0,,2,A_runs_20260929|A_small2_20260927,A_runs_20260929,6f54018f5b85b2e97209556c61d16e5c,1,1,0.41,0.7052,0.8246,0.6663,0
a0_30_10p_100ep_lr005_s42n,A,complete,shapeiou,sio_b_results.csv,100,100,85,0.41535,0.70353,0.40718,0.69247,2064.09,0.005,42,42,shuffle,42,sfchd_10p,/root/workspace/data/SFCHD_split/sfchd_10p.yaml,shwd2sf_pretrain.pt,640,32,100,5,a0,10,lr005,0,0,0,,2,A_runs_20260929|A_small2_20260927,A_runs_20260929,e335cdeb9a898f92fd3c98478d309ff4,1,1,0.4153,0.7035,0.8149,0.6702,0
a0_30_10p_100ep_lr005_s44n,A,complete,shapeiou,sio_b_results.csv,100,100,78,0.40907,0.69859,0.40382,0.68888,2038.69,0.005,44,42,shuffle,44,sfchd_10p,/root/workspace/data/SFCHD_split/sfchd_10p.yaml,shwd2sf_pretrain.pt,640,32,100,5,a0,10,lr005,0,0,0,,2,A_runs_20260929|A_small2_20260927,A_runs_20260929,b648c51632b0754762283fbc437d7906,1,1,0.409,0.6985,0.8076,0.6605,0
a0_30_10p_30ep_base_s42n,A,complete,shapeiou,sio_b_results.csv,30,30,20,0.39636,0.69624,0.39576,0.6896,601.802,0.001,42,42,shuffle,42,sfchd_10p,/root/workspace/data/SFCHD_split/sfchd_10p.yaml,shwd2sf_pretrain.pt,640,32,100,5,a0,10,base,0,0,0,,2,A_runs_20260929|A_small2_20260927,A_runs_20260929,698565cf3bae2829c5b951e07b4c0d45,1,1,0.3965,0.6969,0.8021,0.6495,0
a0_30_10p_30ep_base_s43n,A,complete,shapeiou,sio_b_results.csv,30,30,20,0.39906,0.69641,0.39103,0.68963,605.526,0.001,43,42,shuffle,43,sfchd_10p,/root/workspace/data/SFCHD_split/sfchd_10p.yaml,shwd2sf_pretrain.pt,640,32,100,5,a0,10,base,0,0,0,,2,A_runs_20260929|A_small2_20260927,A_runs_20260929,05a5105e646905e7592e12cb12356579,1,1,0.3992,0.696,0.7913,0.6557,0
a0_30_10p_30ep_base_s44n,A,complete,shapeiou,sio_b_results.csv,30,30,16,0.39827,0.69908,0.39654,0.68702,678.469,0.001,44,42,shuffle,44,sfchd_10p,/root/workspace/data/SFCHD_split/sfchd_10p.yaml,shwd2sf_pretrain.pt,640,32,100,5,a0,10,base,0,0,0,,1,A_runs_20260929,A_runs_20260929,3eeed0570408f7a0fbed2a97d7134301,1,1,0.3982,0.699,0.8091,0.6489,0
a0_30_10p_30ep_lr005_s42n,A,complete,shapeiou,sio_b_results.csv,30,30,30,0.40294,0.69406,0.40294,0.69406,587.181,0.005,42,42,shuffle,42,sfchd_10p,/root/workspace/data/SFCHD_split/sfchd_10p.yaml,shwd2sf_pretrain.pt,640,32,100,5,a0,10,lr005,0,0,0,,2,A_runs_20260929|A_small2_20260927,A_runs_20260929,17c82a4d313e4e1375c0b8826f1711c5,1,1,0.4029,0.6939,0.801,0.6471,0
a0_30_10p_30ep_lr005_s43n,A,complete,shapeiou,sio_b_results.csv,30,30,30,0.40479,0.70132,0.40479,0.70132,653.115,0.005,43,42,shuffle,43,sfchd_10p,/root/workspace/data/SFCHD_split/sfchd_10p.yaml,shwd2sf_pretrain.pt,640,32,100,5,a0,10,lr005,0,0,0,,2,A_part2|A_runs_20260929,A_runs_20260929,5ea3822271451fabf6e5c6fda95dc7c9,1,1,0.4048,0.7013,0.8054,0.653,0
a0_30_10p_30ep_lr005_s44n,A,complete,shapeiou,sio_b_results.csv,30,30,30,0.40521,0.70017,0.40521,0.70017,588.404,0.005,44,42,shuffle,44,sfchd_10p,/root/workspace/data/SFCHD_split/sfchd_10p.yaml,shwd2sf_pretrain.pt,640,32,100,5,a0,10,lr005,0,0,0,,2,A_runs_20260929|A_small2_20260927,A_runs_20260929,81a679079bb031c24a404f9dfb9b180d,1,1,0.4051,0.7004,0.8208,0.6581,0
a0_30_20p_100ep_base_s42n,A,complete,shapeiou,sio_b_results.csv,100,100,87,0.4371,0.73103,0.42974,0.72508,3028.28,0.001,42,42,shuffle,42,sfchd_20p,/root/workspace/data/SFCHD_split/sfchd_20p.yaml,shwd2sf_pretrain.pt,640,32,100,5,a0,20,base,0,0,0,,1,A_runs_20260929,A_runs_20260929,7e072d4db357e75ce6ee18f22c149717,1,1,0.4369,0.7311,0.8472,0.6841,0
a0_30_20p_100ep_base_s43n,A,complete,shapeiou,sio_b_results.csv,100,100,74,0.43399,0.73792,0.42362,0.71941,2664.8,0.001,43,42,shuffle,43,sfchd_20p,/root/workspace/data/SFCHD_split/sfchd_20p.yaml,shwd2sf_pretrain.pt,640,32,100,5,a0,20,base,0,0,0,,1,A_runs_20260929,A_runs_20260929,253ef6140f74fe7586380f19bc8d0751,1,1,0.4339,0.738,0.8366,0.7046,0
a0_30_20p_100ep_base_s44n,A,complete,shapeiou,sio_b_results.csv,100,100,56,0.43753,0.74333,0.42694,0.72046,2565.74,0.001,44,42,shuffle,44,sfchd_20p,/root/workspace/data/SFCHD_split/sfchd_20p.yaml,shwd2sf_pretrain.pt,640,32,100,5,a0,20,base,0,0,0,,2,A_part2|A_runs_20260929,A_runs_20260929,607a007501171a96e0e25f0e714c6270,1,1,0.4376,0.7433,0.8494,0.688,0
a0_30_20p_100ep_lr005_s42n,A,complete,shapeiou,sio_b_results.csv,100,100,90,0.44335,0.74044,0.43938,0.73295,2584.13,0.005,42,42,shuffle,42,sfchd_20p,/root/workspace/data/SFCHD_split/sfchd_20p.yaml,shwd2sf_pretrain.pt,640,32,100,5,a0,20,lr005,0,0,0,,1,A_runs_20260929,A_runs_20260929,88657f348f8a63d02fe4df9c590617ec,1,1,0.4433,0.7405,0.8541,0.6967,0
a0_30_20p_100ep_lr005_s43n,A,complete,shapeiou,sio_b_results.csv,100,100,90,0.4436,0.7393,0.43978,0.7334,2860.86,0.005,43,42,shuffle,43,sfchd_20p,/root/workspace/data/SFCHD_split/sfchd_20p.yaml,shwd2sf_pretrain.pt,640,32,100,5,a0,20,lr005,0,0,0,,1,A_runs_20260929,A_runs_20260929,9306d588e229074d0250822889749194,1,1,0.4435,0.7393,0.8344,0.703,0
a0_30_20p_100ep_lr005_s44n,A,complete,shapeiou,sio_b_results.csv,100,100,83,0.44265,0.73812,0.43864,0.73534,2715.1,0.005,44,42,shuffle,44,sfchd_20p,/root/workspace/data/SFCHD_split/sfchd_20p.yaml,shwd2sf_pretrain.pt,640,32,100,5,a0,20,lr005,0,0,0,,1,A_runs_20260929,A_runs_20260929,29d67b3a36202f4daad99361ab03bd78,1,1,0.4427,0.7381,0.8284,0.7071,0
a0_30_20p_30ep_base_s42n,A,complete,shapeiou,sio_b_results.csv,30,30,30,0.42129,0.72037,0.42129,0.72037,849.759,0.001,42,42,shuffle,42,sfchd_20p,/root/workspace/data/SFCHD_split/sfchd_20p.yaml,shwd2sf_pretrain.pt,640,32,100,5,a0,20,base,0,0,0,,1,A_runs_20260929,A_runs_20260929,e849cb3825a2f0e40ec980a5b16df8e6,1,1,0.4214,0.7208,0.8393,0.6653,0
a0_30_20p_30ep_base_s43n,A,complete,shapeiou,sio_b_results.csv,30,30,30,0.42491,0.72311,0.42491,0.72311,783.46,0.001,43,42,shuffle,43,sfchd_20p,/root/workspace/data/SFCHD_split/sfchd_20p.yaml,shwd2sf_pretrain.pt,640,32,100,5,a0,20,base,0,0,0,,2,A_runs_20260929|A_small2_20260927,A_runs_20260929,8e12f447febc19a3e1eb76a05d024dc4,1,1,0.4246,0.7225,0.8223,0.6705,0
a0_30_20p_30ep_base_s44n,A,complete,shapeiou,sio_b_results.csv,30,30,28,0.42454,0.72473,0.42376,0.72351,870.326,0.001,44,42,shuffle,44,sfchd_20p,/root/workspace/data/SFCHD_split/sfchd_20p.yaml,shwd2sf_pretrain.pt,640,32,100,5,a0,20,base,0,0,0,,1,A_runs_20260929,A_runs_20260929,42b0360978594b6841355b596bc17c27,1,1,0.4247,0.7246,0.8266,0.6721,0
a0_30_20p_30ep_lr005_s42n,A,complete,shapeiou,sio_b_results.csv,30,30,30,0.43293,0.73604,0.43293,0.73604,766.32,0.005,42,42,shuffle,42,sfchd_20p,/root/workspace/data/SFCHD_split/sfchd_20p.yaml,shwd2sf_pretrain.pt,640,32,100,5,a0,20,lr005,0,0,0,,1,A_runs_20260929,A_runs_20260929,bb58c3a49c6a46b09fa160f680b62856,1,1,0.4331,0.7361,0.8209,0.6917,0
a0_30_20p_30ep_lr005_s43n,A,complete,shapeiou,sio_b_results.csv,30,30,30,0.43446,0.73529,0.43446,0.73529,776.341,0.005,43,42,shuffle,43,sfchd_20p,/root/workspace/data/SFCHD_split/sfchd_20p.yaml,shwd2sf_pretrain.pt,640,32,100,5,a0,20,lr005,0,0,0,,1,A_runs_20260929,A_runs_20260929,95d973a801089266a1c928a03aa7f232,1,1,0.4345,0.7353,0.8147,0.6917,0
a0_30_20p_30ep_lr005_s44n,A,complete,shapeiou,sio_b_results.csv,30,30,30,0.43383,0.73868,0.43383,0.73868,798.766,0.005,44,42,shuffle,44,sfchd_20p,/root/workspace/data/SFCHD_split/sfchd_20p.yaml,shwd2sf_pretrain.pt,640,32,100,5,a0,20,lr005,0,0,0,,1,A_runs_20260929,A_runs_20260929,23a0fe4e5b3faa014d5f980e59f5459d,1,1,0.4338,0.7386,0.8315,0.6893,0
a0_30_30p_30ep_base_s42n,A,complete,shapeiou,sio_b_results.csv,30,30,20,0.43563,0.73756,0.43307,0.72755,964.557,0.001,42,42,shuffle,42,sfchd_30p,/root/workspace/data/SFCHD_split/sfchd_30p.yaml,shwd2sf_pretrain.pt,640,32,100,5,a0,30,base,0,0,0,,1,A_runs_20260929,A_runs_20260929,35a1da8a6d66ba0993072d15e02a77a3,1,1,0.4354,0.7372,0.8247,0.6885,0
a0_30_30p_30ep_base_s43n,A,complete,shapeiou,sio_b_results.csv,30,30,30,0.43611,0.73593,0.43611,0.73593,943.731,0.001,43,42,shuffle,43,sfchd_30p,/root/workspace/data/SFCHD_split/sfchd_30p.yaml,shwd2sf_pretrain.pt,640,32,100,5,a0,30,base,0,0,0,,2,A_runs_20260929|A_small2_20260927,A_runs_20260929,350c443945ef48135d229497fed5f667,1,1,0.4361,0.7363,0.8285,0.6764,0
a0_30_30p_30ep_base_s44n,A,complete,shapeiou,sio_b_results.csv,30,30,30,0.43486,0.73611,0.43486,0.73611,1160.72,0.001,44,42,shuffle,44,sfchd_30p,/root/workspace/data/SFCHD_split/sfchd_30p.yaml,shwd2sf_pretrain.pt,640,32,100,5,a0,30,base,0,0,0,,1,A_runs_20260929,A_runs_20260929,ec26ad4837b743f4724fd6790c45d32f,1,1,0.4348,0.7358,0.8313,0.6792,0
a0_30_30p_30ep_lr005_s42n,A,complete,shapeiou,sio_b_results.csv,30,30,30,0.44487,0.74621,0.44487,0.74621,920.405,0.005,42,42,shuffle,42,sfchd_30p,/root/workspace/data/SFCHD_split/sfchd_30p.yaml,shwd2sf_pretrain.pt,640,32,100,5,a0,30,lr005,0,0,0,,2,A_runs_20260929|A_small2_20260927,A_runs_20260929,4d8413ad837a842d892cdf7887ee8ed2,1,1,0.4449,0.7463,0.8197,0.7035,0
a0_30_30p_30ep_lr005_s43n,A,complete,shapeiou,sio_b_results.csv,30,30,30,0.44625,0.74576,0.44625,0.74576,978.129,0.005,43,42,shuffle,43,sfchd_30p,/root/workspace/data/SFCHD_split/sfchd_30p.yaml,shwd2sf_pretrain.pt,640,32,100,5,a0,30,lr005,0,0,0,,1,A_runs_20260929,A_runs_20260929,8c10658f554affa76fd85788ddcf901d,1,1,0.4463,0.7458,0.8332,0.6998,0
a0_30_30p_30ep_lr005_s44n,A,complete,shapeiou,sio_b_results.csv,30,30,30,0.44909,0.75177,0.44909,0.75177,914.169,0.005,44,42,shuffle,44,sfchd_30p,/root/workspace/data/SFCHD_split/sfchd_30p.yaml,shwd2sf_pretrain.pt,640,32,100,5,a0,30,lr005,0,0,0,,2,A_runs_20260929|A_small2_20260927,A_runs_20260929,c0eadc138dd294b75359f8c26c9829a8,1,1,0.4489,0.7517,0.8454,0.6971,0
a0_30_40p_100ep_base_s42n,A,complete,shapeiou,sio_b_results.csv,100,100,87,0.45822,0.75853,0.44986,0.74608,3798.18,0.001,42,42,shuffle,42,sfchd_40p,/root/workspace/data/SFCHD_split/sfchd_40p.yaml,shwd2sf_pretrain.pt,640,32,100,5,a0,40,base,0,0,0,,1,A_runs_20260929,A_runs_20260929,0f0633caedb72dccf392b377e1fd9ab8,1,1,0.4582,0.7584,0.8731,0.7049,0
a0_30_40p_100ep_base_s43n,A,complete,shapeiou,sio_b_results.csv,100,100,72,0.45905,0.75966,0.44958,0.74889,3488.52,0.001,43,42,shuffle,43,sfchd_40p,/root/workspace/data/SFCHD_split/sfchd_40p.yaml,shwd2sf_pretrain.pt,640,32,100,5,a0,40,base,0,0,0,,2,A_runs_20260929|A_small2_20260927,A_runs_20260929,12db3889314ddc088f77552988ce6741,1,1,0.459,0.7597,0.8461,0.7222,0
a0_30_40p_100ep_base_s44n,A,complete,shapeiou,sio_b_results.csv,100,100,76,0.45415,0.75452,0.44875,0.74334,3900.8,0.001,44,42,shuffle,44,sfchd_40p,/root/workspace/data/SFCHD_split/sfchd_40p.yaml,shwd2sf_pretrain.pt,640,32,100,5,a0,40,base,0,0,0,,1,A_runs_20260929,A_runs_20260929,a44c9d1ba177fa50466aee616e0ec6c4,1,1,0.4542,0.7546,0.8606,0.7032,0
a0_30_40p_100ep_lr005_s42n,A,complete,shapeiou,sio_b_results.csv,100,100,81,0.46767,0.76572,0.46037,0.75241,3501.74,0.005,42,42,shuffle,42,sfchd_40p,/root/workspace/data/SFCHD_split/sfchd_40p.yaml,shwd2sf_pretrain.pt,640,32,100,5,a0,40,lr005,0,0,0,,2,A_runs_20260929|A_small2_20260927,A_runs_20260929,73c715120188f6b1a64017a5893ed036,1,1,0.4678,0.7658,0.8693,0.7208,0
a0_30_40p_100ep_lr005_s43n,A,complete,shapeiou,sio_b_results.csv,100,100,87,0.46913,0.76768,0.46337,0.762,3657.91,0.005,43,42,shuffle,43,sfchd_40p,/root/workspace/data/SFCHD_split/sfchd_40p.yaml,shwd2sf_pretrain.pt,640,32,100,5,a0,40,lr005,0,0,0,,1,A_runs_20260929,A_runs_20260929,a3e8e76d9ef62c5d4b0996d61714e29d,1,1,0.4691,0.7677,0.8633,0.7163,0
a0_30_40p_100ep_lr005_s44n,A,complete,shapeiou,sio_b_results.csv,100,100,84,0.46756,0.76993,0.46205,0.7638,3446.61,0.005,44,42,shuffle,44,sfchd_40p,/root/workspace/data/SFCHD_split/sfchd_40p.yaml,shwd2sf_pretrain.pt,640,32,100,5,a0,40,lr005,0,0,0,,2,A_runs_20260929|A_small2_20260927,A_runs_20260929,b6b005fa43b892ebcae72c873d2ab942,1,1,0.4674,0.7699,0.8684,0.7226,0
a0_30_40p_30ep_base_s42n,A,complete,shapeiou,sio_b_results.csv,30,30,30,0.4462,0.74493,0.4462,0.74493,1266.85,0.001,42,42,shuffle,42,sfchd_40p,/root/workspace/data/SFCHD_split/sfchd_40p.yaml,shwd2sf_pretrain.pt,640,32,100,5,a0,40,base,0,0,0,,1,A_runs_20260929,A_runs_20260929,df7f77ba0be150ca5f801f4d2c209816,1,1,0.446,0.7449,0.8307,0.7055,0
a0_30_40p_30ep_base_s43n,A,complete,shapeiou,sio_b_results.csv,30,30,30,0.44624,0.74497,0.44624,0.74497,1063.87,0.001,43,42,shuffle,43,sfchd_40p,/root/workspace/data/SFCHD_split/sfchd_40p.yaml,shwd2sf_pretrain.pt,640,32,100,5,a0,40,base,0,0,0,,2,A_runs_20260929|A_small2_20260927,A_runs_20260929,9e558ee49d6c3403c778e35fbd25feed,1,1,0.4461,0.7449,0.8458,0.693,0
a0_30_40p_30ep_base_s44n,A,complete,shapeiou,sio_b_results.csv,30,30,30,0.44076,0.74357,0.44076,0.74357,1132.31,0.001,44,42,shuffle,44,sfchd_40p,/root/workspace/data/SFCHD_split/sfchd_40p.yaml,shwd2sf_pretrain.pt,640,32,100,5,a0,40,base,0,0,0,,2,A_part2|A_runs_20260929,A_runs_20260929,52fd88634332610d92422260dfb01854,1,1,0.4408,0.7436,0.8237,0.703,0
a0_30_40p_30ep_lr005_s42n,A,complete,shapeiou,sio_b_results.csv,30,30,29,0.45281,0.75603,0.4526,0.75505,1054.5,0.005,42,42,shuffle,42,sfchd_40p,/root/workspace/data/SFCHD_split/sfchd_40p.yaml,shwd2sf_pretrain.pt,640,32,100,5,a0,40,lr005,0,0,0,,2,A_runs_20260929|A_small2_20260927,A_runs_20260929,f08058c528d69dc23d1c1d179eaa2011,1,1,0.4526,0.756,0.863,0.6956,0
a0_30_40p_30ep_lr005_s43n,A,complete,shapeiou,sio_b_results.csv,30,30,30,0.45276,0.7542,0.45276,0.7542,1105.88,0.005,43,42,shuffle,43,sfchd_40p,/root/workspace/data/SFCHD_split/sfchd_40p.yaml,shwd2sf_pretrain.pt,640,32,100,5,a0,40,lr005,0,0,0,,1,A_runs_20260929,A_runs_20260929,dbfd645fbb3245a68e33b42dad11cbb3,1,1,0.4528,0.7542,0.844,0.7014,0
a0_30_40p_30ep_lr005_s44n,A,complete,shapeiou,sio_b_results.csv,30,30,30,0.45745,0.76002,0.45745,0.76002,1080.24,0.005,44,42,shuffle,44,sfchd_40p,/root/workspace/data/SFCHD_split/sfchd_40p.yaml,shwd2sf_pretrain.pt,640,32,100,5,a0,40,lr005,0,0,0,,2,A_runs_20260929|A_small2_20260927,A_runs_20260929,c1a31af5cf86ceaa53aeeb32573ba7b1,1,1,0.4575,0.7595,0.8447,0.7129,0
a0_30_50p_30ep_base_s42n,A,complete,shapeiou,sio_b_results.csv,30,30,30,0.45098,0.74658,0.45098,0.74658,1334.91,0.001,42,42,shuffle,42,sfchd_50p,/root/workspace/data/SFCHD_split/sfchd_50p.yaml,shwd2sf_pretrain.pt,640,32,100,5,a0,50,base,0,0,0,,1,A_runs_20260929,A_runs_20260929,97ca65cde99c7d99f6468670bf83f5d9,1,1,0.451,0.7466,0.8382,0.701,0
a0_30_50p_30ep_base_s43n,A,complete,shapeiou,sio_b_results.csv,30,30,30,0.45168,0.75178,0.45168,0.75178,1286.98,0.001,43,42,shuffle,43,sfchd_50p,/root/workspace/data/SFCHD_split/sfchd_50p.yaml,shwd2sf_pretrain.pt,640,32,100,5,a0,50,base,0,0,0,,2,A_part2|A_runs_20260929,A_runs_20260929,05e2bf2b75461921954eb72e20ac3f3b,1,1,0.4515,0.7517,0.8287,0.7057,0
a0_30_50p_30ep_base_s44n,A,complete,shapeiou,sio_b_results.csv,30,30,30,0.44743,0.74566,0.44743,0.74566,1266.06,0.001,44,42,shuffle,44,sfchd_50p,/root/workspace/data/SFCHD_split/sfchd_50p.yaml,shwd2sf_pretrain.pt,640,32,100,5,a0,50,base,0,0,0,,1,A_runs_20260929,A_runs_20260929,d87387759ed43bc5aca0b633f6a44e66,1,1,0.4475,0.746,0.8235,0.706,0
a0_30_50p_30ep_lr005_s42n,A,complete,shapeiou,sio_b_results.csv,30,30,30,0.46305,0.76225,0.46305,0.76225,1284.41,0.005,42,42,shuffle,42,sfchd_50p,/root/workspace/data/SFCHD_split/sfchd_50p.yaml,shwd2sf_pretrain.pt,640,32,100,5,a0,50,lr005,0,0,0,,1,A_runs_20260929,A_runs_20260929,8ac1daa59b47d72974e46b93646bce13,1,1,0.463,0.7622,0.8415,0.7133,0
a0_30_50p_30ep_lr005_s43n,A,complete,shapeiou,sio_b_results.csv,30,30,30,0.46259,0.76369,0.46259,0.76369,1316.4,0.005,43,42,shuffle,43,sfchd_50p,/root/workspace/data/SFCHD_split/sfchd_50p.yaml,shwd2sf_pretrain.pt,640,32,100,5,a0,50,lr005,0,0,0,,1,A_runs_20260929,A_runs_20260929,74606b5180b49b2e624c481d813ca372,1,1,0.4626,0.7637,0.8559,0.7148,0
a0_30_50p_30ep_lr005_s44n,A,complete,shapeiou,sio_b_results.csv,30,30,30,0.45977,0.75661,0.45977,0.75661,1314.01,0.005,44,42,shuffle,44,sfchd_50p,/root/workspace/data/SFCHD_split/sfchd_50p.yaml,shwd2sf_pretrain.pt,640,32,100,5,a0,50,lr005,0,0,0,,2,A_part2|A_runs_20260929,A_runs_20260929,f3682dc3262198863974f0bc6b88f22f,1,1,0.4599,0.7567,0.8389,0.7122,0
a5a_lr005_aug101_s42n,A,complete,shapeiou,a5a_results.csv,100,100,87,0.44532,0.73718,0.43977,0.73355,4335.22,0.005,42,42,shuffle,42,sfchd_20p_b,/root/sfchd_20p_b.yaml,shwd2sf_pretrain.pt,640,32,100,5,a5a,,lr005,0,0,0,,2,A_runs_20260929|A_small2_20260927,A_runs_20260929,604e8b449069bed2d0a8631207fe319c,1,1,0.445,0.7371,0.8345,0.6999,0
a5a_lr005_aug202_s42n,A,complete,shapeiou,a5a_results.csv,100,100,87,0.44341,0.73458,0.43946,0.72881,2478.81,0.005,42,42,shuffle,42,sfchd_20p_b,/root/sfchd_20p_b.yaml,shwd2sf_pretrain.pt,640,32,100,5,a5a,,lr005,0,0,0,,2,A_runs_20260929|A_small2_20260927,A_runs_20260929,57e86230d400da1e87978126e9c474be,1,1,0.4435,0.7346,0.8371,0.6965,0
a5a_lr005_aug303_s42n,A,complete,shapeiou,a5a_results.csv,100,100,89,0.4401,0.73275,0.43689,0.73189,4334.7,0.005,42,42,shuffle,42,sfchd_20p_b,/root/sfchd_20p_b.yaml,shwd2sf_pretrain.pt,640,32,100,5,a5a,,lr005,0,0,0,,2,A_runs_20260929|A_small2_20260927,A_runs_20260929,c004dbc3673dc1f6520fd700134df259,1,1,0.4402,0.7327,0.8495,0.6853,0
a5s_base_aug101_s42n,A,complete,shapeiou,a5s_results.csv,100,100,65,0.4228,0.72706,0.41287,0.71592,3114.89,0.001,42,42,shuffle,42,sfchd_20p_b,/root/sfchd_20p_b.yaml,smoke_pretrain_nc2.pt,640,32,100,5,a5s,,base,0,0,0,,2,A_runs_20260929|A_small2_20260927,A_runs_20260929,d6587edb25866cb97d8737bf60e67b4e,1,1,0.4227,0.727,0.8105,0.68,0
a5s_base_aug202_s42n,A,complete,shapeiou,a5s_results.csv,100,100,76,0.42502,0.7262,0.41471,0.71394,2437.64,0.001,42,42,shuffle,42,sfchd_20p_b,/root/sfchd_20p_b.yaml,smoke_pretrain_nc2.pt,640,32,100,5,a5s,,base,0,0,0,,2,A_runs_20260929|A_small2_20260927,A_runs_20260929,6190c086d985c1c01757d1c126b8c301,1,1,0.4248,0.7261,0.8292,0.6771,0
a5s_base_aug303_s42n,A,complete,shapeiou,a5s_results.csv,100,100,89,0.42758,0.72957,0.42026,0.72077,2446.87,0.001,42,42,shuffle,42,sfchd_20p_b,/root/sfchd_20p_b.yaml,smoke_pretrain_nc2.pt,640,32,100,5,a5s,,base,0,0,0,,2,A_runs_20260929|A_small2_20260927,A_runs_20260929,fde9a3bec9da0605f0a1f97a326db9bc,1,1,0.4273,0.7294,0.82,0.6794,0
a5s_lr005_aug101_s42n,A,complete,shapeiou,a5s_results.csv,100,100,88,0.44077,0.74181,0.43375,0.72953,2442.33,0.005,42,42,shuffle,42,sfchd_20p_b,/root/sfchd_20p_b.yaml,smoke_pretrain_nc2.pt,640,32,100,5,a5s,,lr005,0,0,0,,2,A_runs_20260929|A_small2_20260927,A_runs_20260929,7f5c281cc118ac9d22e30741c2130cc2,1,1,0.4408,0.7418,0.8456,0.698,0
a5s_lr005_aug202_s42n,A,complete,shapeiou,a5s_results.csv,100,100,86,0.44142,0.74481,0.43813,0.73725,2422.41,0.005,42,42,shuffle,42,sfchd_20p_b,/root/sfchd_20p_b.yaml,smoke_pretrain_nc2.pt,640,32,100,5,a5s,,lr005,0,0,0,,2,A_runs_20260929|A_small2_20260927,A_runs_20260929,7e91b88bce457ea48637e9b018439113,1,1,0.4414,0.7448,0.8402,0.7018,0
a5s_lr005_aug303_s42n,A,complete,shapeiou,a5s_results.csv,100,100,85,0.43743,0.73778,0.43444,0.73149,2437.87,0.005,42,42,shuffle,42,sfchd_20p_b,/root/sfchd_20p_b.yaml,smoke_pretrain_nc2.pt,640,32,100,5,a5s,,lr005,0,0,0,,2,A_runs_20260929|A_small2_20260927,A_runs_20260929,34977e3797bc9167ad70748cad94454e,1,1,0.4371,0.7364,0.843,0.6927,0
aitod_vis_base100_s52n,A,complete,shapeiou,sio_b_results.csv,100,100,71,0.11268,0.21241,0.10759,0.20424,1482.73,0.001,52,42,shuffle,52,visdrone_20p_3way,/root/datasets_mask/visdrone/visdrone_20p_3way.yaml,aitod_pretrain.pt,640,32,100,5,aitod,,base,0,0,0,,2,A_runs_20260929|A_small2_20260927,A_runs_20260929,419999970d7ee3bc4dc2663bccfb4994,1,1,0.1021,0.1885,0.29,0.2426,0
aitod_vis_base100_s53n,A,complete,shapeiou,sio_b_results.csv,100,100,80,0.11183,0.21043,0.10619,0.20136,1492.29,0.001,53,42,shuffle,53,visdrone_20p_3way,/root/datasets_mask/visdrone/visdrone_20p_3way.yaml,aitod_pretrain.pt,640,32,100,5,aitod,,base,0,0,0,,2,A_runs_20260929|A_small2_20260927,A_runs_20260929,9ba9081e3370f13e2f055f046d93f9af,1,1,0.1018,0.1885,0.3012,0.245,0
aitod_vis_base100_s54n,A,complete,shapeiou,sio_b_results.csv,100,100,82,0.11399,0.21255,0.10746,0.20286,1545.08,0.001,54,42,shuffle,54,visdrone_20p_3way,/root/datasets_mask/visdrone/visdrone_20p_3way.yaml,aitod_pretrain.pt,640,32,100,5,aitod,,base,0,0,0,,2,A_runs_20260929|A_small2_20260927,A_runs_20260929,2697394e88e44f9e912c7424ab7351d1,1,1,0.1014,0.1867,0.2913,0.2473,0
aitod_vis_lr005_100ep_s52n,A,complete,shapeiou,sio_b_results.csv,100,100,75,0.12544,0.23691,0.12506,0.23476,1484.48,0.005,52,42,shuffle,52,visdrone_20p_3way,/root/datasets_mask/visdrone/visdrone_20p_3way.yaml,aitod_pretrain.pt,640,32,100,5,aitod,,lr005,0,0,0,,2,A_runs_20260929|A_small2_20260927,A_runs_20260929,9c73565993663937aabc0890810fd034,1,1,0.1055,0.1956,0.3227,0.2491,0
aitod_vis_lr005_100ep_s53n,A,complete,shapeiou,sio_b_results.csv,100,100,86,0.12466,0.2354,0.12313,0.2311,1366.98,0.005,53,42,shuffle,53,visdrone_20p_3way,/root/datasets_mask/visdrone/visdrone_20p_3way.yaml,aitod_pretrain.pt,640,32,100,5,aitod,,lr005,0,0,0,,2,A_runs_20260929|A_small2_20260927,A_runs_20260929,ff94b552da61d1df9b5815007c30a41f,1,1,0.1019,0.1914,0.3088,0.2499,0
aitod_vis_lr005_100ep_s54n,A,complete,shapeiou,sio_b_results.csv,100,100,89,0.12748,0.239,0.12392,0.23312,1486.93,0.005,54,42,shuffle,54,visdrone_20p_3way,/root/datasets_mask/visdrone/visdrone_20p_3way.yaml,aitod_pretrain.pt,640,32,100,5,aitod,,lr005,0,0,0,,2,A_runs_20260929|A_small2_20260927,A_runs_20260929,13db8aba26b59ad2260db27c8bf775ce,1,1,0.1021,0.1917,0.315,0.2506,0
_PARTIAL_b2_smoke2sf_lr005_200ep_s44n_052324,A,interrupted,,,200,154,144,0.43799,0.73282,0.43578,0.73173,3920.97,0.005,44,42,shuffle,44,sfchd_20p_b,/root/sfchd_20p_b.yaml,smoke_pretrain.pt,640,32,100,5,b2,,lr005,0,1,0,,2,A_runs_20260929|A_small2_20260927,A_runs_20260929,bd588355719809260933e8a426394a2b,1,1,,,,,0
_PARTIAL_b2_smoke2sf_lr005_200ep_s47n_052324,A,interrupted,,,200,130,119,0.43723,0.73748,0.43692,0.73651,3192.04,0.005,47,42,shuffle,47,sfchd_20p_b,/root/sfchd_20p_b.yaml,smoke_pretrain.pt,640,32,100,5,b2,,lr005,0,1,0,,2,A_runs_20260929|A_small2_20260927,A_runs_20260929,bf0428913e6d6916aae61d12a5de234f,1,1,,,,,0
b2_shwd2sf_base100_s42n,A,complete,shapeiou,sio_b_results.csv,100,100,87,0.4371,0.73103,0.42974,0.72508,4541.51,0.001,42,42,shuffle,42,sfchd_20p_b,/root/sfchd_20p_b.yaml,shwd2sf_pretrain.pt,640,32,100,5,b2,,base,0,0,0,,2,A_runs_20260929|A_small2_20260927,A_runs_20260929,b3b0cab4b89e79b9d2c443241490fec3,1,1,0.4369,0.7311,0.8472,0.6841,0
b2_shwd2sf_base100_s43n,A,complete,shapeiou,sio_b_results.csv,100,100,74,0.43399,0.73792,0.42362,0.71941,4548.31,0.001,43,42,shuffle,43,sfchd_20p_b,/root/sfchd_20p_b.yaml,shwd2sf_pretrain.pt,640,32,100,5,b2,,base,0,0,0,,2,A_runs_20260929|A_small2_20260927,A_runs_20260929,d1808a1bed11c2dd57971561ea3ae8da,1,1,0.4339,0.738,0.8366,0.7046,0
b2_shwd2sf_base100_s44n,A,complete,shapeiou,sio_b_results.csv,100,100,56,0.43753,0.74333,0.42694,0.72046,4443.41,0.001,44,42,shuffle,44,sfchd_20p_b,/root/sfchd_20p_b.yaml,shwd2sf_pretrain.pt,640,32,100,5,b2,,base,0,0,0,,2,A_runs_20260929|A_small2_20260927,A_runs_20260929,311f715bd49abc29067a590317b40f29,1,1,0.4376,0.7433,0.8494,0.688,0
b2_shwd2sf_base100_s45n,A,complete,shapeiou,sio_b_results.csv,100,100,64,0.43927,0.74305,0.43067,0.72635,4516.71,0.001,45,42,shuffle,45,sfchd_20p_b,/root/sfchd_20p_b.yaml,shwd2sf_pretrain.pt,640,32,100,5,b2,,base,0,0,0,,2,A_runs_20260929|A_small2_20260927,A_runs_20260929,db5f185d5b369bd4bb7e26a4e83d3a78,1,1,0.4394,0.7432,0.8365,0.6958,0
b2_shwd2sf_base100_s46n,A,complete,shapeiou,sio_b_results.csv,100,100,76,0.44013,0.73832,0.42971,0.72641,4384.04,0.001,46,42,shuffle,46,sfchd_20p_b,/root/sfchd_20p_b.yaml,shwd2sf_pretrain.pt,640,32,100,5,b2,,base,0,0,0,,2,A_runs_20260929|A_small2_20260927,A_runs_20260929,534518cb0076087b91ad88e73e684bd4,1,1,0.4401,0.7383,0.8436,0.6966,0
b2_shwd2sf_base100_s46n.incomplete_20260923_003042,A,archive_snapshot,shapeiou,sio_b_results.csv,100,44,41,0.4345,0.73394,0.42846,0.73064,2642.57,0.001,46,42,shuffle,46,sfchd_20p_b,/root/sfchd_20p_b.yaml,shwd2sf_pretrain.pt,640,32,100,5,b2,,base,0,0,1,,2,A_runs_20260929|A_small2_20260927,A_runs_20260929,fce2ee544496bc805157a3001df3ef08,1,1,0.4401,0.7383,0.8436,0.6966,0
b2_shwd2sf_base100_s47n,A,complete,shapeiou,sio_b_results.csv,100,100,79,0.43663,0.73597,0.42917,0.72534,4480.63,0.001,47,42,shuffle,47,sfchd_20p_b,/root/sfchd_20p_b.yaml,shwd2sf_pretrain.pt,640,32,100,5,b2,,base,0,0,0,,2,A_runs_20260929|A_small2_20260927,A_runs_20260929,e87e955cf7dc9e2bd14aa5f5b77aa034,1,1,0.4367,0.7361,0.8388,0.6909,0
b2_shwd2sf_base100_s47n.incomplete_20260923_003042,A,archive_snapshot,shapeiou,sio_b_results.csv,100,46,31,0.42988,0.73304,0.42884,0.72838,2598.57,0.001,47,42,shuffle,47,sfchd_20p_b,/root/sfchd_20p_b.yaml,shwd2sf_pretrain.pt,640,32,100,5,b2,,base,0,0,1,,2,A_runs_20260929|A_small2_20260927,A_runs_20260929,0b22c45d7b3c3997c7ce801bbd3701ed,1,1,0.4367,0.7361,0.8388,0.6909,0
b2_shwd2sf_base100_s48n,A,complete,shapeiou,sio_b_results.csv,100,100,90,0.43911,0.73221,0.42937,0.72212,4465.6,0.001,48,42,shuffle,48,sfchd_20p_b,/root/sfchd_20p_b.yaml,shwd2sf_pretrain.pt,640,32,100,5,b2,,base,0,0,0,,2,A_runs_20260929|A_small2_20260927,A_runs_20260929,9afab5d43dab87d940c5a4c4d1d85aee,1,1,0.4391,0.7323,0.8374,0.6922,0
b2_shwd2sf_base100_s48n.incomplete_20260923_003042,A,archive_snapshot,shapeiou,sio_b_results.csv,100,9,8,0.39421,0.69873,0.38799,0.69633,843.16,0.001,48,42,shuffle,48,sfchd_20p_b,/root/sfchd_20p_b.yaml,shwd2sf_pretrain.pt,640,32,100,5,b2,,base,0,0,1,,2,A_runs_20260929|A_small2_20260927,A_runs_20260929,03bc757ce139f367829b955a737d7d61,1,1,0.4391,0.7323,0.8374,0.6922,0
b2_shwd2sf_base100_s49n,A,complete,shapeiou,sio_b_results.csv,100,100,57,0.43521,0.73899,0.426,0.72314,4431.87,0.001,49,42,shuffle,49,sfchd_20p_b,/root/sfchd_20p_b.yaml,shwd2sf_pretrain.pt,640,32,100,5,b2,,base,0,0,0,,2,A_runs_20260929|A_small2_20260927,A_runs_20260929,ae25a25525936f0c842c94545227cec8,1,1,0.4352,0.7378,0.836,0.6913,0
b2_shwd2sf_base100_s49n.incomplete_20260923_003042,A,archive_snapshot,shapeiou,sio_b_results.csv,100,8,8,0.39216,0.69148,0.39216,0.69148,830.379,0.001,49,42,shuffle,49,sfchd_20p_b,/root/sfchd_20p_b.yaml,shwd2sf_pretrain.pt,640,32,100,5,b2,,base,0,0,1,,2,A_runs_20260929|A_small2_20260927,A_runs_20260929,44ab3167944d84463893592ca42ac3cd,1,1,0.4352,0.7378,0.836,0.6913,0
b2_shwd2sf_base100_s50n,A,complete,shapeiou,sio_b_results.csv,100,100,90,0.43855,0.73677,0.42814,0.72346,4397.64,0.001,50,42,shuffle,50,sfchd_20p_b,/root/sfchd_20p_b.yaml,shwd2sf_pretrain.pt,640,32,100,5,b2,,base,0,0,0,,2,A_runs_20260929|A_small2_20260927,A_runs_20260929,b9269b6d8c390724bd5e38618d81afbe,1,1,0.4384,0.7368,0.8258,0.7,0
b2_shwd2sf_base100_s51n,A,complete,shapeiou,sio_b_results.csv,100,100,69,0.43823,0.73714,0.42973,0.72289,4432.25,0.001,51,42,shuffle,51,sfchd_20p_b,/root/sfchd_20p_b.yaml,shwd2sf_pretrain.pt,640,32,100,5,b2,,base,0,0,0,,2,A_runs_20260929|A_small2_20260927,A_runs_20260929,1870446a9a958243816701f2b4f81564,1,1,0.4382,0.7376,0.8494,0.6796,0
b2_shwd2sf_base200_s42n,A,early_stop_legit,shapeiou,sio_b_results.csv,200,187,87,0.43561,0.73148,0.43068,0.72469,8892.16,0.001,42,42,shuffle,42,sfchd_20p_b,/root/sfchd_20p_b.yaml,shwd2sf_pretrain.pt,640,32,100,5,b2,,base,0,0,0,,2,A_runs_20260929|A_small2_20260927,A_runs_20260929,ee3ca482d03347c806b354e4a53e7bfe,1,1,0.4354,0.7311,0.8414,0.6928,0
b2_shwd2sf_base200_s43n,A,complete,shapeiou,sio_b_results.csv,200,200,135,0.43715,0.73447,0.42141,0.7107,9554.83,0.001,43,42,shuffle,43,sfchd_20p_b,/root/sfchd_20p_b.yaml,shwd2sf_pretrain.pt,640,32,100,5,b2,,base,0,0,0,,2,A_runs_20260929|A_small2_20260927,A_runs_20260929,f31f08fe307be4bf5231e00a10ddc17c,1,1,0.4372,0.7345,0.8214,0.7031,0
b2_shwd2sf_base200_s44n,A,complete,shapeiou,sio_b_results.csv,200,200,118,0.43594,0.7328,0.42111,0.71571,9467.48,0.001,44,42,shuffle,44,sfchd_20p_b,/root/sfchd_20p_b.yaml,shwd2sf_pretrain.pt,640,32,100,5,b2,,base,0,0,0,,2,A_runs_20260929|A_small2_20260927,A_runs_20260929,159c65de727fc52b96efbb8d024af579,1,1,0.436,0.7328,0.8389,0.7001,0
b2_shwd2sf_base200_s45n,A,early_stop_legit,shapeiou,sio_b_results.csv,200,193,93,0.4359,0.73329,0.41766,0.70986,9120.97,0.001,45,42,shuffle,45,sfchd_20p_b,/root/sfchd_20p_b.yaml,shwd2sf_pretrain.pt,640,32,100,5,b2,,base,0,0,0,,2,A_runs_20260929|A_small2_20260927,A_runs_20260929,5ab959c61684962af9005ab0c26586ab,1,1,0.436,0.7334,0.8433,0.69,0
b2_shwd2sf_base200_s46n,A,early_stop_legit,shapeiou,sio_b_results.csv,200,182,82,0.43897,0.73873,0.43056,0.725,8251.87,0.001,46,42,shuffle,46,sfchd_20p_b,/root/sfchd_20p_b.yaml,shwd2sf_pretrain.pt,640,32,100,5,b2,,base,0,0,0,,2,A_runs_20260929|A_small2_20260927,A_runs_20260929,3bd41b7cc6625171de78d91fc7882d4f,1,1,0.4389,0.7389,0.8577,0.6914,0
b2_shwd2sf_base200_s46n.incomplete_20260923_125622,A,archive_snapshot,shapeiou,sio_b_results.csv,200,108,82,0.43897,0.73873,0.43463,0.73201,5091.12,0.001,46,42,shuffle,46,sfchd_20p_b,/root/sfchd_20p_b.yaml,shwd2sf_pretrain.pt,640,32,100,5,b2,,base,0,0,1,,2,A_runs_20260929|A_small2_20260927,A_runs_20260929,927323a22ac4f461d9422b7eb9549308,1,1,0.4389,0.7389,0.8577,0.6914,0
b2_shwd2sf_base200_s47n,A,complete,shapeiou,sio_b_results.csv,200,200,107,0.43501,0.72966,0.42411,0.71731,9221.11,0.001,47,42,shuffle,47,sfchd_20p_b,/root/sfchd_20p_b.yaml,shwd2sf_pretrain.pt,640,32,100,5,b2,,base,0,0,0,,2,A_runs_20260929|A_small2_20260927,A_runs_20260929,eca02970959522072cf923dfc24ee375,1,1,0.435,0.7298,0.8142,0.7055,0
b2_shwd2sf_base200_s47n.incomplete_20260923_125622,A,archive_snapshot,shapeiou,sio_b_results.csv,200,100,88,0.43349,0.73165,0.42904,0.7231,4725.86,0.001,47,42,shuffle,47,sfchd_20p_b,/root/sfchd_20p_b.yaml,shwd2sf_pretrain.pt,640,32,100,5,b2,,base,0,0,1,,2,A_runs_20260929|A_small2_20260927,A_runs_20260929,e4e6a16f7f00185bdd1ae0b3089398b6,1,1,0.435,0.7298,0.8142,0.7055,0
b2_shwd2sf_base200_s48n,A,early_stop_legit,shapeiou,sio_b_results.csv,200,188,88,0.43509,0.72919,0.42992,0.72522,8598.59,0.001,48,42,shuffle,48,sfchd_20p_b,/root/sfchd_20p_b.yaml,shwd2sf_pretrain.pt,640,32,100,5,b2,,base,0,0,0,,2,A_runs_20260929|A_small2_20260927,A_runs_20260929,36b72ee9eb7da5d567a7c0751cf85c5d,1,1,0.4352,0.7294,0.817,0.6958,0
b2_shwd2sf_base200_s48n.incomplete_20260923_125622,A,archive_snapshot,shapeiou,sio_b_results.csv,200,104,88,0.43509,0.72919,0.43304,0.73628,4947.51,0.001,48,42,shuffle,48,sfchd_20p_b,/root/sfchd_20p_b.yaml,shwd2sf_pretrain.pt,640,32,100,5,b2,,base,0,0,1,,2,A_runs_20260929|A_small2_20260927,A_runs_20260929,27f4e9a0ee5593fd7481c914fd1a1870,1,1,0.4352,0.7294,0.817,0.6958,0
b2_shwd2sf_base200_s49n,A,early_stop_legit,shapeiou,sio_b_results.csv,200,182,82,0.43619,0.73613,0.43149,0.72597,8205.94,0.001,49,42,shuffle,49,sfchd_20p_b,/root/sfchd_20p_b.yaml,shwd2sf_pretrain.pt,640,32,100,5,b2,,base,0,0,0,,2,A_runs_20260929|A_small2_20260927,A_runs_20260929,493032bdc4677bf6d34a4f2df8c7039b,1,1,0.436,0.7357,0.8375,0.685,0
b2_shwd2sf_base200_s49n.incomplete_20260923_125622,A,archive_snapshot,shapeiou,sio_b_results.csv,200,110,82,0.43619,0.73613,0.43466,0.73215,5152.26,0.001,49,42,shuffle,49,sfchd_20p_b,/root/sfchd_20p_b.yaml,shwd2sf_pretrain.pt,640,32,100,5,b2,,base,0,0,1,,2,A_runs_20260929|A_small2_20260927,A_runs_20260929,77e9473fdccfa5838505d0d095785205,1,1,0.436,0.7357,0.8375,0.685,0
b2_shwd2sf_base200_s50n,A,early_stop_legit,shapeiou,sio_b_results.csv,200,186,86,0.43655,0.73336,0.4312,0.72763,7794.41,0.001,50,42,shuffle,50,sfchd_20p_b,/root/sfchd_20p_b.yaml,shwd2sf_pretrain.pt,640,32,100,5,b2,,base,0,0,0,,2,A_runs_20260929|A_small2_20260927,A_runs_20260929,2cd86e219ffea276fcfbf2292e6998d0,1,1,0.4366,0.7332,0.8304,0.6966,0
b2_shwd2sf_base200_s51n,A,complete,shapeiou,sio_b_results.csv,200,200,117,0.43861,0.74098,0.42521,0.72206,8333.79,0.001,51,42,shuffle,51,sfchd_20p_b,/root/sfchd_20p_b.yaml,shwd2sf_pretrain.pt,640,32,100,5,b2,,base,0,0,0,,2,A_runs_20260929|A_small2_20260927,A_runs_20260929,e213c2793ec5ed407f21fb145cc7e220,1,1,0.4386,0.741,0.8172,0.7142,0
b2_shwd2sf_base300_s42n,A,early_stop_legit,shapeiou,sio_b_results.csv,300,187,87,0.43891,0.73905,0.43062,0.725,4729.44,0.001,42,42,shuffle,42,sfchd_20p_ws,/root/sfchd_20p_ws.yaml,shwd2sf_pretrain.pt,640,32,100,5,b2,,base,0,0,0,,2,A_runs_20260929|A_small2_20260927,A_runs_20260929,be7e32a28e6c5578b515b3802befe75d,1,1,0.4389,0.7392,0.8453,0.7007,0
b2_shwd2sf_base300_s42n.incomplete_20260924_100748,A,archive_snapshot,shapeiou,sio_b_results.csv,300,3,3,0.36017,0.63892,0.36017,0.63892,135.607,0.001,42,42,shuffle,42,sfchd_20p_ws,/root/sfchd_20p_ws.yaml,shwd2sf_pretrain.pt,640,32,100,5,b2,,base,0,0,1,,2,A_runs_20260929|A_small2_20260927,A_runs_20260929,045223ea8dec9bd548b4245fd9ab0967,1,1,0.4389,0.7392,0.8453,0.7007,0
b2_shwd2sf_base300_s47n,A,early_stop_legit,shapeiou,sio_b_results.csv,300,219,119,0.43897,0.73808,0.43291,0.72888,5551.11,0.001,47,42,shuffle,47,sfchd_20p_ws,/root/sfchd_20p_ws.yaml,shwd2sf_pretrain.pt,640,32,100,5,b2,,base,0,0,0,,2,A_runs_20260929|A_small2_20260927,A_runs_20260929,6b4b57d2c7b1722d9a55fa1df4c3677d,1,1,0.4389,0.7381,0.847,0.6871,0
b2_shwd2sf_base300_s47n.incomplete_20260924_100748,A,archive_snapshot,shapeiou,sio_b_results.csv,300,3,2,0.34141,0.61149,0.33969,0.62503,137.84,0.001,47,42,shuffle,47,sfchd_20p_ws,/root/sfchd_20p_ws.yaml,shwd2sf_pretrain.pt,640,32,100,5,b2,,base,0,0,1,,2,A_runs_20260929|A_small2_20260927,A_runs_20260929,043e1ceecd46283a9e1e692085c470b9,1,1,0.4389,0.7381,0.847,0.6871,0
b2_shwd2sf_base30_s42n,A,complete,shapeiou,sio_b_results.csv,30,30,30,0.42129,0.72037,0.42129,0.72037,1321.27,0.001,42,42,shuffle,42,sfchd_20p_b,/root/sfchd_20p_b.yaml,shwd2sf_pretrain.pt,640,32,100,5,b2,,base,0,0,0,,2,A_runs_20260929|A_small2_20260927,A_runs_20260929,f707edf6dbfa6e1590eb8e39df742453,1,1,0.4214,0.7208,0.8393,0.6653,0
b2_shwd2sf_base30_s43n,A,complete,shapeiou,sio_b_results.csv,30,30,30,0.42491,0.72311,0.42491,0.72311,1321.3,0.001,43,42,shuffle,43,sfchd_20p_b,/root/sfchd_20p_b.yaml,shwd2sf_pretrain.pt,640,32,100,5,b2,,base,0,0,0,,2,A_runs_20260929|A_small2_20260927,A_runs_20260929,976f62b35beef1d045bfb12b098f76a2,1,1,0.4246,0.7225,0.8223,0.6705,0
b2_shwd2sf_base30_s44n,A,complete,shapeiou,sio_b_results.csv,30,30,28,0.42454,0.72473,0.42376,0.72351,1311.74,0.001,44,42,shuffle,44,sfchd_20p_b,/root/sfchd_20p_b.yaml,shwd2sf_pretrain.pt,640,32,100,5,b2,,base,0,0,0,,2,A_runs_20260929|A_small2_20260927,A_runs_20260929,d014149f8419a82605caa1c7c841ce03,1,1,0.4247,0.7246,0.8266,0.6721,0
b2_shwd2sf_base30_s45n,A,complete,shapeiou,sio_b_results.csv,30,30,29,0.42115,0.72213,0.41868,0.71938,1301.64,0.001,45,42,shuffle,45,sfchd_20p_b,/root/sfchd_20p_b.yaml,shwd2sf_pretrain.pt,640,32,100,5,b2,,base,0,0,0,,2,A_runs_20260929|A_small2_20260927,A_runs_20260929,67a695dd1f7b288520c62efef3a8f8d1,1,1,0.4214,0.7223,0.8078,0.6758,0
b2_shwd2sf_base30_s46n,A,complete,shapeiou,sio_b_results.csv,30,30,30,0.42553,0.72381,0.42553,0.72381,1315.16,0.001,46,42,shuffle,46,sfchd_20p_b,/root/sfchd_20p_b.yaml,shwd2sf_pretrain.pt,640,32,100,5,b2,,base,0,0,0,,2,A_runs_20260929|A_small2_20260927,A_runs_20260929,3f3570df7502bf16ad9031feb9570bdd,1,1,0.4255,0.7234,0.8322,0.6708,0
b2_shwd2sf_base30_s47n,A,complete,shapeiou,sio_b_results.csv,30,30,30,0.42602,0.71861,0.42602,0.71861,1331.2,0.001,47,42,shuffle,47,sfchd_20p_b,/root/sfchd_20p_b.yaml,shwd2sf_pretrain.pt,640,32,100,5,b2,,base,0,0,0,,2,A_runs_20260929|A_small2_20260927,A_runs_20260929,a82282f80f983cc54f91426f1ddfeb5e,1,1,0.4261,0.7188,0.8471,0.6534,0
b2_shwd2sf_base30_s48n,A,complete,shapeiou,sio_b_results.csv,30,30,30,0.42184,0.72067,0.42184,0.72067,1335.52,0.001,48,42,shuffle,48,sfchd_20p_b,/root/sfchd_20p_b.yaml,shwd2sf_pretrain.pt,640,32,100,5,b2,,base,0,0,0,,2,A_runs_20260929|A_small2_20260927,A_runs_20260929,b1a2df4108f3644d39381a2351bb967b,1,1,0.4218,0.7207,0.8126,0.6749,0
b2_shwd2sf_base30_s49n,A,complete,shapeiou,sio_b_results.csv,30,30,19,0.42566,0.72736,0.42553,0.7236,1370.84,0.001,49,42,shuffle,49,sfchd_20p_b,/root/sfchd_20p_b.yaml,shwd2sf_pretrain.pt,640,32,100,5,b2,,base,0,0,0,,2,A_runs_20260929|A_small2_20260927,A_runs_20260929,e3c3ef5a59aa48576abaf02b6a01fd57,1,1,0.4258,0.7275,0.8395,0.6634,0
b2_shwd2sf_base30_s50n,A,complete,shapeiou,sio_b_results.csv,30,30,20,0.42481,0.72625,0.4245,0.72741,1317.87,0.001,50,42,shuffle,50,sfchd_20p_b,/root/sfchd_20p_b.yaml,shwd2sf_pretrain.pt,640,32,100,5,b2,,base,0,0,0,,2,A_runs_20260929|A_small2_20260927,A_runs_20260929,bc0829bb941f2ae42f447422e22f3caa,1,1,0.425,0.7263,0.8361,0.6652,0
b2_shwd2sf_base30_s51n,A,complete,shapeiou,sio_b_results.csv,30,30,19,0.42579,0.72349,0.42171,0.72173,1424.24,0.001,51,42,shuffle,51,sfchd_20p_b,/root/sfchd_20p_b.yaml,shwd2sf_pretrain.pt,640,32,100,5,b2,,base,0,0,0,,2,A_runs_20260929|A_small2_20260927,A_runs_20260929,6346d2e565256fc781e44cfd08c767b1,1,1,0.4258,0.7235,0.8348,0.669,0
b2_shwd2sf_base50_s42n,A,complete,shapeiou,sio_b_results.csv,50,50,40,0.43298,0.7354,0.42889,0.72588,2220.28,0.001,42,42,shuffle,42,sfchd_20p_b,/root/sfchd_20p_b.yaml,shwd2sf_pretrain.pt,640,32,100,5,b2,,base,0,0,0,,2,A_runs_20260929|A_small2_20260927,A_runs_20260929,c7166c2dc190a338b0a3ec8a56ba7a5b,1,1,0.433,0.7354,0.8433,0.6798,0
b2_shwd2sf_base50_s43n,A,complete,shapeiou,sio_b_results.csv,50,50,38,0.43174,0.72885,0.4262,0.72241,2240.85,0.001,43,42,shuffle,43,sfchd_20p_b,/root/sfchd_20p_b.yaml,shwd2sf_pretrain.pt,640,32,100,5,b2,,base,0,0,0,,2,A_runs_20260929|A_small2_20260927,A_runs_20260929,060ae824c4a43ed71641dd90d2788f9a,1,1,0.4316,0.7289,0.8359,0.6757,0
b2_shwd2sf_base50_s44n,A,complete,shapeiou,sio_b_results.csv,50,50,35,0.43378,0.73529,0.4282,0.72716,2267.69,0.001,44,42,shuffle,44,sfchd_20p_b,/root/sfchd_20p_b.yaml,shwd2sf_pretrain.pt,640,32,100,5,b2,,base,0,0,0,,2,A_runs_20260929|A_small2_20260927,A_runs_20260929,8b7afaeb645d4618b7ba658a4e1125a9,1,1,0.4337,0.7352,0.841,0.6763,0
b2_shwd2sf_base50_s45n,A,complete,shapeiou,sio_b_results.csv,50,50,34,0.43108,0.73426,0.42504,0.72337,2288.75,0.001,45,42,shuffle,45,sfchd_20p_b,/root/sfchd_20p_b.yaml,shwd2sf_pretrain.pt,640,32,100,5,b2,,base,0,0,0,,2,A_runs_20260929|A_small2_20260927,A_runs_20260929,488a13c67c3fdec49686e75250276a86,1,1,0.4309,0.7336,0.8247,0.6808,0
b2_shwd2sf_base50_s46n,A,complete,shapeiou,sio_b_results.csv,50,50,36,0.43431,0.73778,0.42777,0.7285,2290.91,0.001,46,42,shuffle,46,sfchd_20p_b,/root/sfchd_20p_b.yaml,shwd2sf_pretrain.pt,640,32,100,5,b2,,base,0,0,0,,2,A_runs_20260929|A_small2_20260927,A_runs_20260929,acc24eb1b3abb4c48e62bca3314f8411,1,1,0.4344,0.7378,0.8282,0.6897,0
b2_shwd2sf_base50_s47n,A,complete,shapeiou,sio_b_results.csv,50,50,39,0.43631,0.73464,0.43073,0.7285,2326.15,0.001,47,42,shuffle,47,sfchd_20p_b,/root/sfchd_20p_b.yaml,shwd2sf_pretrain.pt,640,32,100,5,b2,,base,0,0,0,,2,A_runs_20260929|A_small2_20260927,A_runs_20260929,2b831d020ff2a90c14212b4c83d65a7c,1,1,0.4363,0.735,0.8311,0.6849,0
b2_shwd2sf_base50_s48n,A,complete,shapeiou,sio_b_results.csv,50,50,39,0.43233,0.7337,0.42582,0.72204,2298.89,0.001,48,42,shuffle,48,sfchd_20p_b,/root/sfchd_20p_b.yaml,shwd2sf_pretrain.pt,640,32,100,5,b2,,base,0,0,0,,2,A_runs_20260929|A_small2_20260927,A_runs_20260929,7f9d3bf28467047b4ccfc2a4f83e6c61,1,1,0.4323,0.7337,0.8393,0.6799,0
b2_shwd2sf_base50_s49n,A,complete,shapeiou,sio_b_results.csv,50,50,39,0.43167,0.73166,0.42885,0.72473,2271.73,0.001,49,42,shuffle,49,sfchd_20p_b,/root/sfchd_20p_b.yaml,shwd2sf_pretrain.pt,640,32,100,5,b2,,base,0,0,0,,2,A_runs_20260929|A_small2_20260927,A_runs_20260929,0966ab381ec67aa14fc988b8017c9cd4,1,1,0.4316,0.7315,0.8143,0.6877,0
b2_shwd2sf_base50_s50n,A,complete,shapeiou,sio_b_results.csv,50,50,40,0.43438,0.73436,0.4246,0.72166,2320.05,0.001,50,42,shuffle,50,sfchd_20p_b,/root/sfchd_20p_b.yaml,shwd2sf_pretrain.pt,640,32,100,5,b2,,base,0,0,0,,2,A_runs_20260929|A_small2_20260927,A_runs_20260929,b4eb27c3c5582fe01bb195b3f9527729,1,1,0.4346,0.7344,0.8177,0.6804,0
b2_shwd2sf_base50_s51n,A,complete,shapeiou,sio_b_results.csv,50,50,35,0.43684,0.738,0.4303,0.728,2254.96,0.001,51,42,shuffle,51,sfchd_20p_b,/root/sfchd_20p_b.yaml,shwd2sf_pretrain.pt,640,32,100,5,b2,,base,0,0,0,,2,A_runs_20260929|A_small2_20260927,A_runs_20260929,9809ef4daaa0baed92c7fdaf4fdc4c24,1,1,0.437,0.7379,0.8334,0.6819,0
b2_shwd2sf_lr005_100ep_s42n,A,complete,shapeiou,sio_b_results.csv,100,100,90,0.44335,0.74044,0.43938,0.73295,4494.43,0.005,42,42,shuffle,42,sfchd_20p_b,/root/sfchd_20p_b.yaml,shwd2sf_pretrain.pt,640,32,100,5,b2,,lr005,0,0,0,,2,A_runs_20260929|A_small2_20260927,A_runs_20260929,534fa1221e1724783d416a06ec01dbaf,1,1,0.4433,0.7405,0.8541,0.6967,0
b2_shwd2sf_lr005_100ep_s43n,A,complete,shapeiou,sio_b_results.csv,100,100,90,0.4436,0.7393,0.43978,0.7334,4562.85,0.005,43,42,shuffle,43,sfchd_20p_b,/root/sfchd_20p_b.yaml,shwd2sf_pretrain.pt,640,32,100,5,b2,,lr005,0,0,0,,2,A_runs_20260929|A_small2_20260927,A_runs_20260929,679d72e50612423a6cd5f7c1683c5931,1,1,0.4435,0.7393,0.8344,0.703,0
b2_shwd2sf_lr005_100ep_s44n,A,complete,shapeiou,sio_b_results.csv,100,100,83,0.44265,0.73812,0.43864,0.73534,4534.87,0.005,44,42,shuffle,44,sfchd_20p_b,/root/sfchd_20p_b.yaml,shwd2sf_pretrain.pt,640,32,100,5,b2,,lr005,0,0,0,,2,A_runs_20260929|A_small2_20260927,A_runs_20260929,ba9dbff36ea2d51f7b64470a72eb4144,1,1,0.4427,0.7381,0.8284,0.7071,0
b2_shwd2sf_lr005_100ep_s45n,A,complete,shapeiou,sio_b_results.csv,100,100,87,0.4439,0.74041,0.44,0.72932,4533.76,0.005,45,42,shuffle,45,sfchd_20p_b,/root/sfchd_20p_b.yaml,shwd2sf_pretrain.pt,640,32,100,5,b2,,lr005,0,0,0,,2,A_runs_20260929|A_small2_20260927,A_runs_20260929,d3841d47b6bf467c2fff7c062747d01a,1,1,0.4441,0.7404,0.8242,0.7031,0
b2_shwd2sf_lr005_100ep_s46n,A,complete,shapeiou,sio_b_results.csv,100,100,85,0.44546,0.746,0.44127,0.73454,4623.72,0.005,46,42,shuffle,46,sfchd_20p_b,/root/sfchd_20p_b.yaml,shwd2sf_pretrain.pt,640,32,100,5,b2,,lr005,0,0,0,,2,A_runs_20260929|A_small2_20260927,A_runs_20260929,555819aa0d823c333c940910698354ed,1,1,0.4454,0.7458,0.8463,0.7004,0
b2_shwd2sf_lr005_100ep_s47n,A,complete,shapeiou,sio_b_results.csv,100,100,87,0.44278,0.7396,0.44034,0.7328,4292.1,0.005,47,42,shuffle,47,sfchd_20p_b,/root/sfchd_20p_b.yaml,shwd2sf_pretrain.pt,640,32,100,5,b2,,lr005,0,0,0,,2,A_runs_20260929|A_small2_20260927,A_runs_20260929,f0b0a467780f80242b0bb50451947608,1,1,0.4427,0.7395,0.8377,0.6985,0
b2_shwd2sf_lr005_100ep_s48n,A,complete,shapeiou,sio_b_results.csv,100,100,84,0.44893,0.74948,0.44147,0.73819,4374.75,0.005,48,42,shuffle,48,sfchd_20p_b,/root/sfchd_20p_b.yaml,shwd2sf_pretrain.pt,640,32,100,5,b2,,lr005,0,0,0,,2,A_runs_20260929|A_small2_20260927,A_runs_20260929,1e07828f01c91a671cf7d9f726f72945,1,1,0.4489,0.7494,0.8536,0.7062,0
b2_shwd2sf_lr005_100ep_s49n,A,complete,shapeiou,sio_b_results.csv,100,100,89,0.44345,0.73866,0.43845,0.73306,4480.94,0.005,49,42,shuffle,49,sfchd_20p_b,/root/sfchd_20p_b.yaml,shwd2sf_pretrain.pt,640,32,100,5,b2,,lr005,0,0,0,,2,A_runs_20260929|A_small2_20260927,A_runs_20260929,d385c81cb327a2eb89a7a53899290ec0,1,1,0.4436,0.7382,0.8386,0.6964,0
b2_shwd2sf_lr005_100ep_s50n,A,complete,shapeiou,sio_b_results.csv,100,100,90,0.44436,0.73443,0.43831,0.73136,4509.09,0.005,50,42,shuffle,50,sfchd_20p_b,/root/sfchd_20p_b.yaml,shwd2sf_pretrain.pt,640,32,100,5,b2,,lr005,0,0,0,,2,A_runs_20260929|A_small2_20260927,A_runs_20260929,e6960364c9aa70c5694e3ba185a181bf,1,1,0.4444,0.7344,0.8493,0.6922,0
b2_shwd2sf_lr005_100ep_s51n,A,complete,shapeiou,sio_b_results.csv,100,100,83,0.44629,0.74372,0.44187,0.73908,4394.61,0.005,51,42,shuffle,51,sfchd_20p_b,/root/sfchd_20p_b.yaml,shwd2sf_pretrain.pt,640,32,100,5,b2,,lr005,0,0,0,,2,A_runs_20260929|A_small2_20260927,A_runs_20260929,4ffec2eb639464bda7594c6e2ba1fe70,1,1,0.4463,0.7438,0.8353,0.7109,0
b2_shwd2sf_lr005_200ep_s42n,A,complete,shapeiou,sio_b_results.csv,200,200,119,0.44382,0.73951,0.43261,0.72544,9425.68,0.005,42,42,shuffle,42,sfchd_20p_b,/root/sfchd_20p_b.yaml,shwd2sf_pretrain.pt,640,32,100,5,b2,,lr005,0,0,0,,2,A_runs_20260929|A_small2_20260927,A_runs_20260929,35a931e92273205c35b4f858cf31644f,1,1,0.444,0.7395,0.8484,0.6948,0
b2_shwd2sf_lr005_200ep_s43n,A,complete,shapeiou,sio_b_results.csv,200,200,139,0.44255,0.73534,0.43004,0.72045,9290.8,0.005,43,42,shuffle,43,sfchd_20p_b,/root/sfchd_20p_b.yaml,shwd2sf_pretrain.pt,640,32,100,5,b2,,lr005,0,0,0,,2,A_runs_20260929|A_small2_20260927,A_runs_20260929,64231ac77fb7261e52de23136894c49b,1,1,0.4426,0.7361,0.837,0.6912,0
b2_shwd2sf_lr005_200ep_s44n,A,complete,shapeiou,sio_b_results.csv,200,200,133,0.44466,0.73945,0.43036,0.71913,9155.79,0.005,44,42,shuffle,44,sfchd_20p_b,/root/sfchd_20p_b.yaml,shwd2sf_pretrain.pt,640,32,100,5,b2,,lr005,0,0,0,,2,A_runs_20260929|A_small2_20260927,A_runs_20260929,93662e0f4452b5dd91875fa18134442c,1,1,0.4445,0.7394,0.8436,0.6909,0
b2_shwd2sf_lr005_200ep_s45n,A,complete,shapeiou,sio_b_results.csv,200,200,114,0.44728,0.74409,0.43476,0.72838,9266.85,0.005,45,42,shuffle,45,sfchd_20p_b,/root/sfchd_20p_b.yaml,shwd2sf_pretrain.pt,640,32,100,5,b2,,lr005,0,0,0,,2,A_runs_20260929|A_small2_20260927,A_runs_20260929,4c4767f918a46f94996fb755aaf1e4c9,1,1,0.4473,0.744,0.8559,0.6975,0
b2_shwd2sf_lr005_200ep_s46n,A,complete,shapeiou,sio_b_results.csv,200,200,152,0.44324,0.73552,0.43151,0.72132,9364.32,0.005,46,42,shuffle,46,sfchd_20p_b,/root/sfchd_20p_b.yaml,shwd2sf_pretrain.pt,640,32,100,5,b2,,lr005,0,0,0,,2,A_runs_20260929|A_small2_20260927,A_runs_20260929,19e9891bec2e5be8b39500d0a179836a,1,1,0.4433,0.7356,0.8278,0.7009,0
b2_shwd2sf_lr005_200ep_s47n,A,complete,shapeiou,sio_b_results.csv,200,200,145,0.44548,0.74098,0.43497,0.7277,8399.8,0.005,47,42,shuffle,47,sfchd_20p_b,/root/sfchd_20p_b.yaml,shwd2sf_pretrain.pt,640,32,100,5,b2,,lr005,0,0,0,,2,A_runs_20260929|A_small2_20260927,A_runs_20260929,81d472c0bcb7f66709d66e4d2c454d03,1,1,0.4454,0.7408,0.8508,0.7012,0
b2_shwd2sf_lr005_200ep_s48n,A,complete,shapeiou,sio_b_results.csv,200,200,143,0.44537,0.73986,0.43213,0.72468,8875.03,0.005,48,42,shuffle,48,sfchd_20p_b,/root/sfchd_20p_b.yaml,shwd2sf_pretrain.pt,640,32,100,5,b2,,lr005,0,0,0,,2,A_runs_20260929|A_small2_20260927,A_runs_20260929,aad375c45f98341148134a440a493e57,1,1,0.4454,0.7398,0.8444,0.6988,0
b2_shwd2sf_lr005_200ep_s49n,A,complete,shapeiou,sio_b_results.csv,200,200,110,0.44491,0.74438,0.43371,0.72224,9010.9,0.005,49,42,shuffle,49,sfchd_20p_b,/root/sfchd_20p_b.yaml,shwd2sf_pretrain.pt,640,32,100,5,b2,,lr005,0,0,0,,2,A_runs_20260929|A_small2_20260927,A_runs_20260929,60a61a76c4f4fa22e1d7705fd1e1e601,1,1,0.4448,0.7444,0.8391,0.6935,0
b2_shwd2sf_lr005_200ep_s50n,A,complete,shapeiou,sio_b_results.csv,200,200,133,0.44475,0.73915,0.4331,0.72209,8358.96,0.005,50,42,shuffle,50,sfchd_20p_b,/root/sfchd_20p_b.yaml,shwd2sf_pretrain.pt,640,32,100,5,b2,,lr005,0,0,0,,2,A_runs_20260929|A_small2_20260927,A_runs_20260929,5a2bcaabec95507958d965230078f4f9,1,1,0.4448,0.7391,0.8257,0.7114,0
b2_shwd2sf_lr005_200ep_s51n,A,complete,shapeiou,sio_b_results.csv,200,200,119,0.44213,0.73882,0.43322,0.72982,8154.03,0.005,51,42,shuffle,51,sfchd_20p_b,/root/sfchd_20p_b.yaml,shwd2sf_pretrain.pt,640,32,100,5,b2,,lr005,0,0,0,,2,A_runs_20260929|A_small2_20260927,A_runs_20260929,53e2717946d69fa8171a467b77c014ef,1,1,0.4422,0.739,0.841,0.7069,0
b2_shwd2sf_lr005_300ep_s42n,A,interrupted,,,300,60,54,0.42412,0.7283,0.42007,0.72993,1502.18,0.005,42,42,shuffle,42,sfchd_20p_ws,/root/sfchd_20p_ws.yaml,shwd2sf_pretrain.pt,640,32,100,5,b2,,lr005,0,0,0,,2,A_runs_20260929|A_small2_20260927,A_runs_20260929,3102a8b86724d21c1b8faf2a02329769,1,1,,,,,0
b2_shwd2sf_lr005_300ep_s47n,A,interrupted,,,300,27,27,0.39281,0.6909,0.39281,0.6909,684.138,0.005,47,42,shuffle,47,sfchd_20p_ws,/root/sfchd_20p_ws.yaml,shwd2sf_pretrain.pt,640,32,100,5,b2,,lr005,0,0,0,,2,A_runs_20260929|A_small2_20260927,A_runs_20260929,0a1f0c686de853a7910817fdd9275517,1,1,,,,,0
b2_shwd2sf_lr005_30ep_s42n,A,complete,shapeiou,sio_b_results.csv,30,30,30,0.43293,0.73604,0.43293,0.73604,1330.65,0.005,42,42,shuffle,42,sfchd_20p_b,/root/sfchd_20p_b.yaml,shwd2sf_pretrain.pt,640,32,100,5,b2,,lr005,0,0,0,,2,A_runs_20260929|A_small2_20260927,A_runs_20260929,636bc0ca3a328b0944343d7fcf46d6d0,1,1,0.4331,0.7361,0.8209,0.6917,0
b2_shwd2sf_lr005_30ep_s43n,A,complete,shapeiou,sio_b_results.csv,30,30,30,0.43446,0.73529,0.43446,0.73529,1327.15,0.005,43,42,shuffle,43,sfchd_20p_b,/root/sfchd_20p_b.yaml,shwd2sf_pretrain.pt,640,32,100,5,b2,,lr005,0,0,0,,2,A_runs_20260929|A_small2_20260927,A_runs_20260929,e4d262c833df71bd4189458d78d6b398,1,1,0.4345,0.7353,0.8147,0.6917,0
b2_shwd2sf_lr005_30ep_s44n,A,complete,shapeiou,sio_b_results.csv,30,30,30,0.43383,0.73868,0.43383,0.73868,1325.34,0.005,44,42,shuffle,44,sfchd_20p_b,/root/sfchd_20p_b.yaml,shwd2sf_pretrain.pt,640,32,100,5,b2,,lr005,0,0,0,,2,A_runs_20260929|A_small2_20260927,A_runs_20260929,1760eb23e9dff4a36cb71e2134cb9533,1,1,0.4338,0.7386,0.8315,0.6893,0
b2_shwd2sf_lr005_30ep_s45n,A,complete,shapeiou,sio_b_results.csv,30,30,30,0.43251,0.73355,0.43251,0.73355,1311.93,0.005,45,42,shuffle,45,sfchd_20p_b,/root/sfchd_20p_b.yaml,shwd2sf_pretrain.pt,640,32,100,5,b2,,lr005,0,0,0,,2,A_runs_20260929|A_small2_20260927,A_runs_20260929,73b228a0db92d4fa4ff21d8982919c7f,1,1,0.4325,0.7341,0.8372,0.6868,0
b2_shwd2sf_lr005_30ep_s46n,A,complete,shapeiou,sio_b_results.csv,30,30,30,0.42829,0.73175,0.42829,0.73175,1387.6,0.005,46,42,shuffle,46,sfchd_20p_b,/root/sfchd_20p_b.yaml,shwd2sf_pretrain.pt,640,32,100,5,b2,,lr005,0,0,0,,2,A_runs_20260929|A_small2_20260927,A_runs_20260929,5a655fd44dda1f68a828ab09b91fc1c5,1,1,0.4284,0.7316,0.8368,0.6787,0
b2_shwd2sf_lr005_30ep_s47n,A,complete,shapeiou,sio_b_results.csv,30,30,30,0.43185,0.73753,0.43185,0.73753,1337.52,0.005,47,42,shuffle,47,sfchd_20p_b,/root/sfchd_20p_b.yaml,shwd2sf_pretrain.pt,640,32,100,5,b2,,lr005,0,0,0,,2,A_runs_20260929|A_small2_20260927,A_runs_20260929,f8bd489d038bd369dbec1df580adcc5a,1,1,0.4317,0.7375,0.8258,0.6866,0
b2_shwd2sf_lr005_30ep_s48n,A,complete,shapeiou,sio_b_results.csv,30,30,29,0.43221,0.73191,0.43134,0.7326,1358.32,0.005,48,42,shuffle,48,sfchd_20p_b,/root/sfchd_20p_b.yaml,shwd2sf_pretrain.pt,640,32,100,5,b2,,lr005,0,0,0,,2,A_runs_20260929|A_small2_20260927,A_runs_20260929,4058620aa03b770fa5a33cb36dea470c,1,1,0.4322,0.7319,0.8635,0.667,0
b2_shwd2sf_lr005_30ep_s49n,A,complete,shapeiou,sio_b_results.csv,30,30,30,0.43013,0.72791,0.43013,0.72791,1359.4,0.005,49,42,shuffle,49,sfchd_20p_b,/root/sfchd_20p_b.yaml,shwd2sf_pretrain.pt,640,32,100,5,b2,,lr005,0,0,0,,2,A_runs_20260929|A_small2_20260927,A_runs_20260929,67952c429b019af567f57fcaa19320cd,1,1,0.4301,0.7279,0.8363,0.6798,0
b2_shwd2sf_lr005_30ep_s50n,A,complete,shapeiou,sio_b_results.csv,30,30,30,0.43561,0.73347,0.43561,0.73347,1375.04,0.005,50,42,shuffle,50,sfchd_20p_b,/root/sfchd_20p_b.yaml,shwd2sf_pretrain.pt,640,32,100,5,b2,,lr005,0,0,0,,2,A_runs_20260929|A_small2_20260927,A_runs_20260929,988700d601cb7cf6a42b97699a0b1f33,1,1,0.4357,0.7334,0.8251,0.6928,0
b2_shwd2sf_lr005_30ep_s51n,A,complete,shapeiou,sio_b_results.csv,30,30,30,0.43143,0.73108,0.43143,0.73108,1392.14,0.005,51,42,shuffle,51,sfchd_20p_b,/root/sfchd_20p_b.yaml,shwd2sf_pretrain.pt,640,32,100,5,b2,,lr005,0,0,0,,2,A_runs_20260929|A_small2_20260927,A_runs_20260929,173b14052deed91eff253181b7039c7b,1,1,0.4313,0.7304,0.837,0.6768,0
b2_shwd2sf_lr005_50ep_s42n,A,complete,shapeiou,sio_b_results.csv,50,50,40,0.43742,0.7371,0.43675,0.73242,2332.22,0.005,42,42,shuffle,42,sfchd_20p_b,/root/sfchd_20p_b.yaml,shwd2sf_pretrain.pt,640,32,100,5,b2,,lr005,0,0,0,,2,A_runs_20260929|A_small2_20260927,A_runs_20260929,f0933a3db20118ac87e6a195eed1102e,1,1,0.4374,0.7371,0.823,0.6936,0
b2_shwd2sf_lr005_50ep_s43n,A,complete,shapeiou,sio_b_results.csv,50,50,50,0.44023,0.73865,0.44023,0.73865,2314.84,0.005,43,42,shuffle,43,sfchd_20p_b,/root/sfchd_20p_b.yaml,shwd2sf_pretrain.pt,640,32,100,5,b2,,lr005,0,0,0,,2,A_runs_20260929|A_small2_20260927,A_runs_20260929,bedae340c8636a6384303efc0946e64f,1,1,0.4401,0.7386,0.8353,0.6935,0
b2_shwd2sf_lr005_50ep_s44n,A,complete,shapeiou,sio_b_results.csv,50,50,50,0.44271,0.73932,0.44271,0.73932,2337.57,0.005,44,42,shuffle,44,sfchd_20p_b,/root/sfchd_20p_b.yaml,shwd2sf_pretrain.pt,640,32,100,5,b2,,lr005,0,0,0,,2,A_runs_20260929|A_small2_20260927,A_runs_20260929,03cdb8dc6072c53e06938f0697a1c5ba,1,1,0.4427,0.7394,0.8313,0.702,0
b2_shwd2sf_lr005_50ep_s45n,A,complete,shapeiou,sio_b_results.csv,50,50,50,0.44304,0.74415,0.44304,0.74415,2280.49,0.005,45,42,shuffle,45,sfchd_20p_b,/root/sfchd_20p_b.yaml,shwd2sf_pretrain.pt,640,32,100,5,b2,,lr005,0,0,0,,2,A_runs_20260929|A_small2_20260927,A_runs_20260929,ba47a14bec65a473636ae3ef20c83c0a,1,1,0.443,0.7442,0.834,0.7005,0
b2_shwd2sf_lr005_50ep_s46n,A,complete,shapeiou,sio_b_results.csv,50,50,50,0.44309,0.74567,0.44309,0.74567,2252.3,0.005,46,42,shuffle,46,sfchd_20p_b,/root/sfchd_20p_b.yaml,shwd2sf_pretrain.pt,640,32,100,5,b2,,lr005,0,0,0,,2,A_runs_20260929|A_small2_20260927,A_runs_20260929,d68b896c4881b1453ec9bd8fd083e5c6,1,1,0.4431,0.7455,0.8476,0.6971,0
b2_shwd2sf_lr005_50ep_s47n,A,complete,shapeiou,sio_b_results.csv,50,50,49,0.44077,0.74241,0.44063,0.73983,2254.61,0.005,47,42,shuffle,47,sfchd_20p_b,/root/sfchd_20p_b.yaml,shwd2sf_pretrain.pt,640,32,100,5,b2,,lr005,0,0,0,,2,A_runs_20260929|A_small2_20260927,A_runs_20260929,80d7a1fe587ed90add4eabf49ab8ae8b,1,1,0.4407,0.7422,0.8399,0.6998,0
b2_shwd2sf_lr005_50ep_s48n,A,complete,shapeiou,sio_b_results.csv,50,50,49,0.44224,0.73865,0.43981,0.73597,2295.56,0.005,48,42,shuffle,48,sfchd_20p_b,/root/sfchd_20p_b.yaml,shwd2sf_pretrain.pt,640,32,100,5,b2,,lr005,0,0,0,,2,A_runs_20260929|A_small2_20260927,A_runs_20260929,007af92d5ef5f5fc60dd19390456e6e1,1,1,0.4422,0.7385,0.8385,0.6887,0
b2_shwd2sf_lr005_50ep_s49n,A,complete,shapeiou,sio_b_results.csv,50,50,50,0.43958,0.73573,0.43958,0.73573,2252.51,0.005,49,42,shuffle,49,sfchd_20p_b,/root/sfchd_20p_b.yaml,shwd2sf_pretrain.pt,640,32,100,5,b2,,lr005,0,0,0,,2,A_runs_20260929|A_small2_20260927,A_runs_20260929,b89a0c8cedda7ae727bdf82b35e7c3f9,1,1,0.4396,0.7357,0.8128,0.698,0
b2_shwd2sf_lr005_50ep_s50n,A,complete,shapeiou,sio_b_results.csv,50,50,40,0.44002,0.74404,0.43935,0.738,2286.65,0.005,50,42,shuffle,50,sfchd_20p_b,/root/sfchd_20p_b.yaml,shwd2sf_pretrain.pt,640,32,100,5,b2,,lr005,0,0,0,,2,A_runs_20260929|A_small2_20260927,A_runs_20260929,8a57c7eb0edc58f1dbfdbfcccd9115f2,1,1,0.44,0.7441,0.8382,0.6878,0
b2_shwd2sf_lr005_50ep_s51n,A,complete,shapeiou,sio_b_results.csv,50,50,50,0.43932,0.73713,0.43932,0.73713,2328.74,0.005,51,42,shuffle,51,sfchd_20p_b,/root/sfchd_20p_b.yaml,shwd2sf_pretrain.pt,640,32,100,5,b2,,lr005,0,0,0,,2,A_runs_20260929|A_small2_20260927,A_runs_20260929,9e35c8721eb650c35c0527006ba174b6,1,1,0.4394,0.7371,0.8343,0.6991,0
b2_smoke2sf_base200_s42n,A,complete,shapeiou,sio_b_results.csv,200,200,155,0.42497,0.71896,0.41512,0.70988,5431.84,0.001,42,42,shuffle,42,sfchd_20p_b,/root/sfchd_20p_b.yaml,smoke_pretrain.pt,640,32,100,5,b2,,base,0,0,0,B,2,A_runs_20260929|A_small2_20260927,A_runs_20260929,22decd112bbedd935623a82147967f79,1,1,0.4248,0.7188,0.8215,0.682,0
b2_smoke2sf_base200_s43n,A,complete,shapeiou,sio_b_results.csv,200,200,130,0.42214,0.72135,0.40977,0.70512,4992.43,0.001,43,42,shuffle,43,sfchd_20p_b,/root/sfchd_20p_b.yaml,smoke_pretrain.pt,640,32,100,5,b2,,base,0,0,0,B,2,A_runs_20260929|A_small2_20260927,A_runs_20260929,eab398be4ca67679879177f42d730a6d,1,1,0.4221,0.7214,0.8233,0.6823,0
b2_smoke2sf_base200_s44n,A,complete,shapeiou,sio_b_results.csv,200,200,141,0.42733,0.72647,0.41618,0.71244,5033.38,0.001,44,42,shuffle,44,sfchd_20p_b,/root/sfchd_20p_b.yaml,smoke_pretrain.pt,640,32,100,5,b2,,base,0,0,0,B,2,A_runs_20260929|A_small2_20260927,A_runs_20260929,6aa1537827fad2849bffa2cdff1cd98c,1,1,0.4274,0.7265,0.8374,0.6829,0
b2_smoke2sf_base200_s45n,A,complete,shapeiou,sio_b_results.csv,200,200,162,0.42424,0.72185,0.41312,0.70962,5393.97,0.001,45,42,shuffle,45,sfchd_20p_b,/root/sfchd_20p_b.yaml,smoke_pretrain.pt,640,32,100,5,b2,,base,0,0,0,B,2,A_runs_20260929|A_small2_20260927,A_runs_20260929,fc858088c0f254f4101ff4d61faff9fd,1,1,0.4242,0.7219,0.8091,0.6852,0
b2_smoke2sf_base200_s46n,A,complete,shapeiou,sio_b_results.csv,200,200,153,0.42573,0.71945,0.41647,0.71486,5079.29,0.001,46,42,shuffle,46,sfchd_20p_b,/root/sfchd_20p_b.yaml,smoke_pretrain.pt,640,32,100,5,b2,,base,0,0,0,B,2,A_runs_20260929|A_small2_20260927,A_runs_20260929,da0d9dd60200cc56d5e0ead2179746ee,1,1,0.4256,0.7192,0.8327,0.6733,0
b2_smoke2sf_base200_s47n,A,complete,shapeiou,sio_b_results.csv,200,200,122,0.42245,0.71705,0.41333,0.70584,5036.45,0.001,47,42,shuffle,47,sfchd_20p_b,/root/sfchd_20p_b.yaml,smoke_pretrain.pt,640,32,100,5,b2,,base,0,0,0,B,2,A_runs_20260929|A_small2_20260927,A_runs_20260929,3b06395e9220d55e95010145662b2a38,1,1,0.4223,0.717,0.8111,0.6812,0
b2_smoke2sf_base300_s42n.incomplete_20260924_095226,A,archive_snapshot,,,300,2,2,0.18099,0.33585,0.18099,0.33585,187.45,0.001,42,42,shuffle,42,sfchd_20p_b,/root/sfchd_20p_b.yaml,smoke_pretrain.pt,640,32,100,5,b2,,base,0,0,1,B,2,A_runs_20260929|A_small2_20260927,A_runs_20260929,384fb62319304128e624633898e3aa03,1,1,,,,,0
b2_smoke2sf_base300_s42n.incomplete_20260924_100239,A,archive_snapshot,,,300,9,9,0.30204,0.55074,0.30204,0.55074,420.968,0.001,42,42,shuffle,42,sfchd_20p_ws,/root/sfchd_20p_ws.yaml,smoke_pretrain.pt,640,32,100,5,b2,,base,0,0,1,B,2,A_runs_20260929|A_small2_20260927,A_runs_20260929,b9e318f6e63736e072098d9d310d6add,1,1,,,,,0
b2_smoke2sf_lr002_100ep_s42n.incomplete_20260924_095226,A,archive_snapshot,shapeiou,sio_b_results.csv,100,2,2,0.20484,0.37037,0.20484,0.37037,184.342,0.002,42,42,shuffle,42,sfchd_20p_b,/root/sfchd_20p_b.yaml,smoke_pretrain.pt,640,32,100,5,b2,,lr002,0,0,1,B,2,A_runs_20260929|A_small2_20260927,A_runs_20260929,de39463cbbcdb163ba1c5f23f479fb3e,1,1,0.4301,0.7263,0.8321,0.6799,0
b2_smoke2sf_lr002_100ep_s42n.incomplete_20260924_100239,A,archive_snapshot,shapeiou,sio_b_results.csv,100,10,10,0.34753,0.6378,0.34753,0.6378,446.978,0.002,42,42,shuffle,42,sfchd_20p_ws,/root/sfchd_20p_ws.yaml,smoke_pretrain.pt,640,32,100,5,b2,,lr002,0,0,1,B,2,A_runs_20260929|A_small2_20260927,A_runs_20260929,e60f2456f8de1dcd1ab21e0d8ebfcc93,1,1,0.4301,0.7263,0.8321,0.6799,0
b2_smoke2sf_lr002_200ep_s42n.incomplete_20260924_095226,A,archive_snapshot,shapeiou,sio_b_results.csv,200,2,2,0.19719,0.36848,0.19719,0.36848,189.061,0.002,42,42,shuffle,42,sfchd_20p_b,/root/sfchd_20p_b.yaml,smoke_pretrain.pt,640,32,100,5,b2,,lr002,0,0,1,B,2,A_runs_20260929|A_small2_20260927,A_runs_20260929,00c89263a4aeb56f1aa2266b8a8c4aa8,1,1,0.4286,0.7285,0.8257,0.6884,0
b2_smoke2sf_lr002_200ep_s42n.incomplete_20260924_100239,A,archive_snapshot,shapeiou,sio_b_results.csv,200,10,10,0.33773,0.62795,0.33773,0.62795,446.672,0.002,42,42,shuffle,42,sfchd_20p_ws,/root/sfchd_20p_ws.yaml,smoke_pretrain.pt,640,32,100,5,b2,,lr002,0,0,1,B,2,A_runs_20260929|A_small2_20260927,A_runs_20260929,83a18cbd0736e95fda60926cfdc911eb,1,1,0.4286,0.7285,0.8257,0.6884,0
b2_smoke2sf_lr005_200ep_s42n,A,complete,shapeiou,sio_b_results.csv,200,200,115,0.43787,0.72958,0.42788,0.72286,5017.18,0.005,42,42,shuffle,42,sfchd_20p_b,/root/sfchd_20p_b.yaml,smoke_pretrain.pt,640,32,100,5,b2,,lr005,0,0,0,B,2,A_runs_20260929|A_small2_20260927,A_runs_20260929,7d4952825a65745470b46192ab372608,1,1,0.4378,0.7314,0.8442,0.6838,0
b2_smoke2sf_lr005_200ep_s43n,A,complete,shapeiou,sio_b_results.csv,200,200,142,0.43945,0.73283,0.43051,0.71824,4999.18,0.005,43,42,shuffle,43,sfchd_20p_b,/root/sfchd_20p_b.yaml,smoke_pretrain.pt,640,32,100,5,b2,,lr005,0,0,0,B,2,A_runs_20260929|A_small2_20260927,A_runs_20260929,b7eab8f077475432d1f2afa66a0c96cb,1,1,0.4393,0.7328,0.8402,0.6925,0
b2_smoke2sf_lr005_200ep_s45n,A,complete,shapeiou,sio_b_results.csv,200,200,135,0.4395,0.73379,0.42671,0.71376,5085.71,0.005,45,42,shuffle,45,sfchd_20p_b,/root/sfchd_20p_b.yaml,smoke_pretrain.pt,640,32,100,5,b2,,lr005,0,0,0,B,2,A_runs_20260929|A_small2_20260927,A_runs_20260929,fa865dbcdd2b9169edaac4250ff89f2d,1,1,0.4396,0.7338,0.8475,0.6836,0
b2_smoke2sf_lr005_200ep_s46n,A,complete,shapeiou,sio_b_results.csv,200,200,132,0.44495,0.73923,0.43175,0.72381,5069.97,0.005,46,42,shuffle,46,sfchd_20p_b,/root/sfchd_20p_b.yaml,smoke_pretrain.pt,640,32,100,5,b2,,lr005,0,0,0,B,2,A_runs_20260929|A_small2_20260927,A_runs_20260929,1186fda8ebdf71474121874541c4d706,1,1,0.4449,0.7391,0.8534,0.6913,0
b2_smoke2sf_lr005_300ep_s42n.incomplete_20260924_095226,A,archive_snapshot,,,300,2,2,0.20633,0.38455,0.20633,0.38455,190.114,0.005,42,42,shuffle,42,sfchd_20p_b,/root/sfchd_20p_b.yaml,smoke_pretrain.pt,640,32,100,5,b2,,lr005,0,0,1,B,2,A_runs_20260929|A_small2_20260927,A_runs_20260929,4baee8b2a36c015b8ee928193611250f,1,1,,,,,0
b2_smoke2sf_lr005_300ep_s42n.incomplete_20260924_100239,A,archive_snapshot,,,300,9,8,0.31376,0.58882,0.30833,0.59681,425.39,0.005,42,42,shuffle,42,sfchd_20p_ws,/root/sfchd_20p_ws.yaml,smoke_pretrain.pt,640,32,100,5,b2,,lr005,0,0,1,B,2,A_runs_20260929|A_small2_20260927,A_runs_20260929,69d11c1707e131fad92b5d8902c4b949,1,1,,,,,0
_PARTIAL_cal_noss_20260926,A,interrupted,,,100,5,5,0.38365,0.67358,0.38365,0.67358,250.373,0.001,,42,none,42,sfchd_20p_b,/root/sfchd_20p_b.yaml,shwd2sf_pretrain.pt,640,32,100,5,cal,,,0,1,0,,2,A_runs_20260929|A_small2_20260927,A_runs_20260929,fc91fa3aba40903ace9852823c6f32ed,1,1,,,,,0
cal_shwd2sf_base100_s42n_ss,A,interrupted,,,100,29,27,0.42208,0.72648,0.42036,0.7247,892.718,0.001,,42,none,42,sfchd_20p_b,/root/sfchd_20p_b.yaml,shwd2sf_pretrain.pt,640,32,100,5,cal,,base,0,0,0,,2,A_runs_20260929|A_small2_20260927,A_runs_20260929,6024913da091f0d666234109efa89b7b,1,1,,,,,0
calA_gpu0_base30_s42n,A,complete,shapeiou,sio_b_results.csv,30,30,30,0.42129,0.72037,0.42129,0.72037,781.71,0.001,42,42,shuffle,42,sfchd_20p_b,/root/sfchd_20p_b.yaml,shwd2sf_pretrain.pt,640,32,100,5,calA,,base,0,0,0,,2,A_runs_20260929|A_small2_20260927,A_runs_20260929,a08ff9d334dd727f1c5b3a35e01d2841,1,1,0.4214,0.7208,0.8393,0.6653,0
calA_gpu1_base30_s42n,A,complete,shapeiou,sio_b_results.csv,30,30,30,0.42129,0.72037,0.42129,0.72037,773.564,0.001,42,42,shuffle,42,sfchd_20p_b,/root/sfchd_20p_b.yaml,shwd2sf_pretrain.pt,640,32,100,5,calA,,base,0,0,0,,2,A_runs_20260929|A_small2_20260927,A_runs_20260929,507bde551209f41f61c66d510079ac51,1,1,0.4214,0.7208,0.8393,0.6653,0
chv_pretrain,A,complete,shapeiou,sio_b_results.csv,30,30,20,0.52147,0.87018,0.52015,0.87252,194.446,0.001,,42,none,42,chv,/root/workspace/data/chv/chv.yaml,yolo12n.pt,640,32,100,5,chv,,,0,0,0,,2,A_runs_20260929|A_small2_20260927,A_runs_20260929,8dc4b0f171610fc50dd09ee9645bb466,1,1,0.4948,0.8716,0.9009,0.8059,0
d15_ai_base100_s45n,A,complete,shapeiou,sio_b_results.csv,100,100,90,0.13272,0.27741,0.12864,0.27361,2388.6,0.001,45,42,shuffle,45,aitod20_3way,/root/datasets/AI-TOD_yolo/aitod20_3way.yaml,dota15_pretrain.pt,640,32,100,5,d15,,base,0,0,0,,2,A_runs_20260929|A_small2_20260927,A_runs_20260929,87ddb505cce24ac896f20c76b94cd8eb,1,1,0.0999,0.2414,0.7675,0.2439,0
d15_ai_base100_s46n,A,interrupted,shapeiou,sio_b_results.csv,100,11,1,0.13284,0.27144,0.12871,0.27038,2001.7,,46,,shuffle,46,,,,,,,,d15,,base,0,0,0,,2,A_runs_20260929|A_small2_20260927,A_runs_20260929,71e75146dd2a8935ef50907eaafed259,0,1,0.0991,0.2413,0.734,0.2483,0
d15_ai_base100_s47n,A,complete,shapeiou,sio_b_results.csv,100,100,74,0.12819,0.27246,0.12115,0.26886,2315.81,0.001,47,42,shuffle,47,aitod20_3way,/root/datasets/AI-TOD_yolo/aitod20_3way.yaml,dota15_pretrain.pt,640,32,100,5,d15,,base,0,0,0,,2,A_runs_20260929|A_small2_20260927,A_runs_20260929,8c27616de99831cfdfbb3d26e27475eb,1,1,0.0985,0.2428,0.7407,0.2502,0
d15_ai_base100_s48n,A,complete,shapeiou,sio_b_results.csv,100,100,76,0.12829,0.26949,0.12508,0.26788,2265.15,0.001,48,42,shuffle,48,aitod20_3way,/root/datasets/AI-TOD_yolo/aitod20_3way.yaml,dota15_pretrain.pt,640,32,100,5,d15,,base,0,0,0,,2,A_runs_20260929|A_small2_20260927,A_runs_20260929,a3fa6082ec0e4c74d1d9592d16288426,1,1,0.0961,0.2398,0.7466,0.2489,0
d15_ai_base100_s49n,A,complete,shapeiou,sio_b_results.csv,100,100,96,0.12672,0.26871,0.12402,0.26398,2228.32,0.001,49,42,shuffle,49,aitod20_3way,/root/datasets/AI-TOD_yolo/aitod20_3way.yaml,dota15_pretrain.pt,640,32,100,5,d15,,base,0,0,0,,2,A_runs_20260929|A_small2_20260927,A_runs_20260929,53d5acadca6fd0b10cd6a8f780fd1245,1,1,0.0969,0.241,0.7539,0.2481,0
d15_ai_base100_s50n,A,complete,shapeiou,sio_b_results.csv,100,100,71,0.12731,0.26818,0.11679,0.26654,1964.62,0.001,50,42,shuffle,50,aitod20_3way,/root/datasets/AI-TOD_yolo/aitod20_3way.yaml,dota15_pretrain.pt,640,32,100,5,d15,,base,0,0,0,,2,A_runs_20260929|A_small2_20260927,A_runs_20260929,31ca1254bb0097e476147feb84404d21,1,1,0.0969,0.2402,0.7478,0.2459,0
d15_ai_base100_s51n,A,complete,shapeiou,sio_b_results.csv,100,100,100,0.1302,0.27266,0.1302,0.27266,2151.03,0.001,51,42,shuffle,51,aitod20_3way,/root/datasets/AI-TOD_yolo/aitod20_3way.yaml,dota15_pretrain.pt,640,32,100,5,d15,,base,0,0,0,,2,A_runs_20260929|A_small2_20260927,A_runs_20260929,0c0738dfa3e9bec87727150ce3d2f204,1,1,0.0988,0.242,0.7282,0.2476,0
d15_ai_base100_s52n,A,complete,shapeiou,sio_b_results.csv,100,100,87,0.12856,0.27005,0.1271,0.267,1926.18,0.001,52,42,shuffle,52,aitod20_3way,/root/datasets/AI-TOD_yolo/aitod20_3way.yaml,dota15_pretrain.pt,640,32,100,5,d15,,base,0,0,0,,2,A_runs_20260929|A_small2_20260927,A_runs_20260929,39d537d30baf42f12121f2c8dae3d352,1,1,0.0987,0.24,0.7388,0.2487,0
d15_ai_base100_s53n,A,complete,shapeiou,sio_b_results.csv,100,100,87,0.12495,0.26688,0.12284,0.26344,2193.89,0.001,53,42,shuffle,53,aitod20_3way,/root/datasets/AI-TOD_yolo/aitod20_3way.yaml,dota15_pretrain.pt,640,32,100,5,d15,,base,0,0,0,,2,A_runs_20260929|A_small2_20260927,A_runs_20260929,35ca7bbc119c2b0a7281e2c59a414abb,1,1,0.0977,0.2404,0.7309,0.2465,0
d15_ai_base100_s54n,A,complete,shapeiou,sio_b_results.csv,100,100,62,0.12934,0.26849,0.12759,0.27564,1960.95,0.001,54,42,shuffle,54,aitod20_3way,/root/datasets/AI-TOD_yolo/aitod20_3way.yaml,dota15_pretrain.pt,640,32,100,5,d15,,base,0,0,0,,2,A_runs_20260929|A_small2_20260927,A_runs_20260929,6012f5a45ed8b1a2cd6028cfac04a17d,1,1,0.0942,0.235,0.7545,0.2462,0
d15_ai_lr005_100ep_s45n,A,complete,shapeiou,sio_b_results.csv,100,100,93,0.12656,0.28537,0.12414,0.28129,2207.39,0.005,45,42,shuffle,45,aitod20_3way,/root/datasets/AI-TOD_yolo/aitod20_3way.yaml,dota15_pretrain.pt,640,32,100,5,d15,,lr005,0,0,0,,2,A_runs_20260929|A_small2_20260927,A_runs_20260929,097a2262c9d52e5f5fffabf6130f2538,1,1,0.1007,0.2473,0.355,0.2492,0
d15_ai_lr005_100ep_s46n,A,complete,shapeiou,sio_b_results.csv,100,100,97,0.13149,0.29896,0.1275,0.29861,2422.39,0.005,46,42,shuffle,46,aitod20_3way,/root/datasets/AI-TOD_yolo/aitod20_3way.yaml,dota15_pretrain.pt,640,32,100,5,d15,,lr005,0,0,0,,2,A_runs_20260929|A_small2_20260927,A_runs_20260929,7a6bb5115062fc56580cd1b74c65a905,1,1,0.1009,0.2481,0.5025,0.2501,0
d15_ai_lr005_100ep_s47n,A,complete,shapeiou,sio_b_results.csv,100,100,100,0.11847,0.27387,0.11847,0.27387,1946.62,0.005,47,42,shuffle,47,aitod20_3way,/root/datasets/AI-TOD_yolo/aitod20_3way.yaml,dota15_pretrain.pt,640,32,100,5,d15,,lr005,0,0,0,,2,A_runs_20260929|A_small2_20260927,A_runs_20260929,91ceffe4e91847a58db330ad432dd4a1,1,1,0.0995,0.2398,0.5587,0.2402,0
d15_ai_lr005_100ep_s48n,A,complete,shapeiou,sio_b_results.csv,100,100,89,0.12037,0.27941,0.11746,0.27358,2040.41,0.005,48,42,shuffle,48,aitod20_3way,/root/datasets/AI-TOD_yolo/aitod20_3way.yaml,dota15_pretrain.pt,640,32,100,5,d15,,lr005,0,0,0,,2,A_runs_20260929|A_small2_20260927,A_runs_20260929,40565a1b96dbe88a92112abc9423dd23,1,1,0.0965,0.236,0.4983,0.2346,0
d15_ai_lr005_100ep_s49n,A,complete,shapeiou,sio_b_results.csv,100,100,100,0.11493,0.28049,0.11493,0.28049,1931.53,0.005,49,42,shuffle,49,aitod20_3way,/root/datasets/AI-TOD_yolo/aitod20_3way.yaml,dota15_pretrain.pt,640,32,100,5,d15,,lr005,0,0,0,,2,A_runs_20260929|A_small2_20260927,A_runs_20260929,a33bbbac9611e59c59ae58954170f2e4,1,1,0.1016,0.2471,0.4667,0.251,0
d15_ai_lr005_100ep_s50n,A,complete,shapeiou,sio_b_results.csv,100,100,100,0.12691,0.28659,0.12691,0.28659,1906.24,0.005,50,42,shuffle,50,aitod20_3way,/root/datasets/AI-TOD_yolo/aitod20_3way.yaml,dota15_pretrain.pt,640,32,100,5,d15,,lr005,0,0,0,,2,A_runs_20260929|A_small2_20260927,A_runs_20260929,0a0ceeb0c95825e707c1ec33c43ec347,1,1,0.1016,0.252,0.4744,0.2516,0
d15_ai_lr005_100ep_s51n,A,complete,shapeiou,sio_b_results.csv,100,100,87,0.12592,0.28645,0.11996,0.28182,2086.13,0.005,51,42,shuffle,51,aitod20_3way,/root/datasets/AI-TOD_yolo/aitod20_3way.yaml,dota15_pretrain.pt,640,32,100,5,d15,,lr005,0,0,0,,2,A_runs_20260929|A_small2_20260927,A_runs_20260929,bc1e7eb1f1bcf443d9c88e539cf0b16d,1,1,0.1045,0.2524,0.4631,0.2544,0
d15_ai_lr005_100ep_s52n,A,complete,shapeiou,sio_b_results.csv,100,100,97,0.12688,0.28573,0.12366,0.2793,1875.92,0.005,52,42,shuffle,52,aitod20_3way,/root/datasets/AI-TOD_yolo/aitod20_3way.yaml,dota15_pretrain.pt,640,32,100,5,d15,,lr005,0,0,0,,2,A_runs_20260929|A_small2_20260927,A_runs_20260929,3ffc465ab62643c03400c28fcc910568,1,1,0.1004,0.2463,0.475,0.2497,0
d15_ai_lr005_100ep_s53n,A,complete,shapeiou,sio_b_results.csv,100,100,98,0.10549,0.25387,0.10471,0.25136,2037.68,0.005,53,42,shuffle,53,aitod20_3way,/root/datasets/AI-TOD_yolo/aitod20_3way.yaml,dota15_pretrain.pt,640,32,100,5,d15,,lr005,0,0,0,,2,A_runs_20260929|A_small2_20260927,A_runs_20260929,c9713c0e20a0a12e10ea5fc350cd6182,1,1,0.0982,0.2397,0.5618,0.2391,0
d15_ai_lr005_100ep_s54n,A,complete,shapeiou,sio_b_results.csv,100,100,93,0.11972,0.27779,0.1182,0.27807,1887.35,0.005,54,42,shuffle,54,aitod20_3way,/root/datasets/AI-TOD_yolo/aitod20_3way.yaml,dota15_pretrain.pt,640,32,100,5,d15,,lr005,0,0,0,,2,A_runs_20260929|A_small2_20260927,A_runs_20260929,c14ce4e9eda42b903a5c44df2d966ead,1,1,0.0997,0.2462,0.5082,0.2468,0
_PARTIAL_dv_10p_lr005_s48n_052324,A,interrupted,,,100,56,50,0.09892,0.16493,0.09814,0.16428,857.647,0.005,48,42,shuffle,48,dota15_10p,/root/datasets_mask/dota15_yolo/dota15_10p.yaml,visdrone_pretrain.pt,640,32,100,5,dv,10,lr005,0,1,0,,2,A_runs_20260929|A_small2_20260927,A_runs_20260929,fb309cdbbbfb1b738ded985bffd93f9b,1,1,,,,,0
_PARTIAL_dv_50p_lr005_s45n_052324,A,interrupted,,,100,76,76,0.19221,0.31192,0.19221,0.31192,1598.58,0.005,45,42,shuffle,45,dota15_50p,/root/datasets_mask/dota15_yolo/dota15_50p.yaml,visdrone_pretrain.pt,640,32,100,5,dv,50,lr005,0,1,0,,2,A_runs_20260929|A_small2_20260927,A_runs_20260929,a3991842925c84585f588c9daa25e280,1,1,,,,,0
dv_10p_base_s42n,A,complete,shapeiou,sio_b_results.csv,100,100,90,0.09175,0.15381,0.08879,0.14789,687.541,0.001,42,42,shuffle,42,dota15_10p,/root/datasets_mask/dota15_yolo/dota15_10p.yaml,visdrone_pretrain.pt,640,32,100,5,dv,10,base,0,0,0,,2,A_runs_20260929|A_small2_20260927,A_runs_20260929,80ca9d4cc360006e0f95b562d6e20295,1,1,0.0917,0.1537,0.6772,0.1613,0
dv_10p_base_s43n,A,complete,shapeiou,sio_b_results.csv,100,100,79,0.09558,0.16355,0.09178,0.15626,660.906,0.001,43,42,shuffle,43,dota15_10p,/root/datasets_mask/dota15_yolo/dota15_10p.yaml,visdrone_pretrain.pt,640,32,100,5,dv,10,base,0,0,0,,1,A_runs_20260929,A_runs_20260929,028478e2147ae29327e500bf325cdfc4,1,1,0.0905,0.1515,0.6627,0.166,1
dv_10p_base_s44n,A,complete,shapeiou,sio_b_results.csv,100,100,90,0.09468,0.15957,0.0886,0.14814,685.231,0.001,44,42,shuffle,44,dota15_10p,/root/datasets_mask/dota15_yolo/dota15_10p.yaml,visdrone_pretrain.pt,640,32,100,5,dv,10,base,0,0,0,,1,A_runs_20260929,A_runs_20260929,c9413684055696e18aef2f96df3cc349,1,1,0.0908,0.1534,0.6729,0.1605,1
dv_10p_lr005_s42n,A,complete,shapeiou,sio_b_results.csv,100,100,90,0.11334,0.19047,0.1075,0.18132,762.613,0.005,42,42,shuffle,42,dota15_10p,/root/datasets_mask/dota15_yolo/dota15_10p.yaml,visdrone_pretrain.pt,640,32,100,5,dv,10,lr005,0,0,0,,1,A_runs_20260929,A_runs_20260929,e814df83155b0d7fdb13f606b2af5bac,1,1,0.1143,0.1926,0.6014,0.2063,0
dv_10p_lr005_s43n,A,complete,shapeiou,sio_b_results.csv,100,100,77,0.11443,0.19212,0.10883,0.18122,761.837,0.005,43,42,shuffle,43,dota15_10p,/root/datasets_mask/dota15_yolo/dota15_10p.yaml,visdrone_pretrain.pt,640,32,100,5,dv,10,lr005,0,0,0,,2,A_part2|A_runs_20260929,A_runs_20260929,daf4268d66fee775b5b0498becb3a593,1,1,0.1087,0.1781,0.6733,0.1904,1
dv_10p_lr005_s44n,A,complete,shapeiou,sio_b_results.csv,100,100,77,0.11409,0.19359,0.11108,0.18661,753.715,0.005,44,42,shuffle,44,dota15_10p,/root/datasets_mask/dota15_yolo/dota15_10p.yaml,visdrone_pretrain.pt,640,32,100,5,dv,10,lr005,0,0,0,,2,A_runs_20260929|A_small2_20260927,A_runs_20260929,26ecf510985f9e054944a86457eef9d1,1,1,0.1076,0.1768,0.6741,0.1838,1
dv_30p_base_s42n,A,complete,shapeiou,sio_b_results.csv,100,100,85,0.14463,0.24004,0.13653,0.22919,883.508,0.001,42,42,shuffle,42,dota15_30p,/root/datasets_mask/dota15_yolo/dota15_30p.yaml,visdrone_pretrain.pt,640,32,100,5,dv,30,base,0,0,0,,1,A_runs_20260929,A_runs_20260929,2108a53f0441631041afe221be5449e1,1,1,0.1445,0.2392,0.6652,0.2527,0
dv_30p_base_s43n,A,complete,shapeiou,sio_b_results.csv,100,100,91,0.14187,0.23808,0.13606,0.22863,849.103,0.001,43,42,shuffle,43,dota15_30p,/root/datasets_mask/dota15_yolo/dota15_30p.yaml,visdrone_pretrain.pt,640,32,100,5,dv,30,base,0,0,0,,2,A_runs_20260929|A_small2_20260927,A_runs_20260929,c68fd07b6e71546f2aa914b31e6171ff,1,1,0.1416,0.2381,0.6409,0.25,0
dv_30p_base_s44n,A,complete,shapeiou,sio_b_results.csv,100,100,85,0.14324,0.23864,0.13642,0.22766,941.121,0.001,44,42,shuffle,44,dota15_30p,/root/datasets_mask/dota15_yolo/dota15_30p.yaml,visdrone_pretrain.pt,640,32,100,5,dv,30,base,0,0,0,,1,A_runs_20260929,A_runs_20260929,f63c8feb242bd6433d059d178dc886ad,1,1,0.143,0.2381,0.6625,0.2517,0
dv_30p_lr005_s42n,A,complete,shapeiou,sio_b_results.csv,100,100,98,0.16841,0.27444,0.16819,0.27428,863.873,0.005,42,42,shuffle,42,dota15_30p,/root/datasets_mask/dota15_yolo/dota15_30p.yaml,visdrone_pretrain.pt,640,32,100,5,dv,30,lr005,0,0,0,,2,A_runs_20260929|A_small2_20260927,A_runs_20260929,6c6fed34e43efaf03d221adec4dd1c7d,1,1,0.1678,0.2744,0.5585,0.2873,0
dv_30p_lr005_s43n,A,complete,shapeiou,sio_b_results.csv,100,100,82,0.16843,0.27313,0.16544,0.27077,852.528,0.005,43,42,shuffle,43,dota15_30p,/root/datasets_mask/dota15_yolo/dota15_30p.yaml,visdrone_pretrain.pt,640,32,100,5,dv,30,lr005,0,0,0,,1,A_runs_20260929,A_runs_20260929,91d5a12e9be3c1bdfbe711e693174807,1,1,0.1686,0.2728,0.6542,0.2751,0
dv_30p_lr005_s44n,A,complete,shapeiou,sio_b_results.csv,100,100,91,0.16505,0.26816,0.16308,0.2673,874.969,0.005,44,42,shuffle,44,dota15_30p,/root/datasets_mask/dota15_yolo/dota15_30p.yaml,visdrone_pretrain.pt,640,32,100,5,dv,30,lr005,0,0,0,,2,A_runs_20260929|A_small2_20260927,A_runs_20260929,5de50a6d0fa2bd416b42f03d80f10c99,1,1,0.1651,0.2683,0.5156,0.2859,0
dv_50p_base_s42n,A,complete,shapeiou,sio_b_results.csv,100,100,82,0.16467,0.27576,0.16096,0.26888,1336.53,0.001,42,42,shuffle,42,dota15_50p,/root/datasets_mask/dota15_yolo/dota15_50p.yaml,visdrone_pretrain.pt,640,32,100,5,dv,50,base,0,0,0,,1,A_runs_20260929,A_runs_20260929,152763775faf8a3e4c49b06ea6c9c3e5,1,1,0.1645,0.275,0.6782,0.287,0
dv_50p_base_s43n,A,complete,shapeiou,sio_b_results.csv,100,100,85,0.16632,0.2753,0.16219,0.27001,1053.89,0.001,43,42,shuffle,43,dota15_50p,/root/datasets_mask/dota15_yolo/dota15_50p.yaml,visdrone_pretrain.pt,640,32,100,5,dv,50,base,0,0,0,,2,A_runs_20260929|A_small2_20260927,A_runs_20260929,a6edbf262f719033925620459c54307a,1,1,0.1661,0.2721,0.6876,0.2856,1
dv_50p_base_s44n,A,complete,shapeiou,sio_b_results.csv,100,100,75,0.16675,0.27396,0.16366,0.26915,1533.58,0.001,44,42,shuffle,44,dota15_50p,/root/datasets_mask/dota15_yolo/dota15_50p.yaml,visdrone_pretrain.pt,640,32,100,5,dv,50,base,0,0,0,,1,A_runs_20260929,A_runs_20260929,fee9ec71c5dc59065862e877b2ffef65,1,1,0.1617,0.2654,0.673,0.2718,1
dv_50p_lr005_s42n,A,complete,shapeiou,sio_b_results.csv,100,100,88,0.19792,0.32364,0.19589,0.32323,1047.8,0.005,42,42,shuffle,42,dota15_50p,/root/datasets_mask/dota15_yolo/dota15_50p.yaml,visdrone_pretrain.pt,640,32,100,5,dv,50,lr005,0,0,0,,1,A_runs_20260929,A_runs_20260929,8b1ba404cca36e36925575dd2becf583,1,1,0.1974,0.3257,0.5885,0.3409,0
dv_50p_lr005_s43n,A,complete,shapeiou,sio_b_results.csv,100,100,98,0.19781,0.32485,0.1976,0.32559,1190.38,0.005,43,42,shuffle,43,dota15_50p,/root/datasets_mask/dota15_yolo/dota15_50p.yaml,visdrone_pretrain.pt,640,32,100,5,dv,50,lr005,0,0,0,,2,A_part2|A_runs_20260929,A_runs_20260929,1cf22ee50a89c91766090f83734e88b2,1,1,0.1973,0.3201,0.6467,0.3266,1
dv_50p_lr005_s44n,A,complete,shapeiou,sio_b_results.csv,100,100,90,0.19719,0.32368,0.19611,0.3268,1290.07,0.005,44,42,shuffle,44,dota15_50p,/root/datasets_mask/dota15_yolo/dota15_50p.yaml,visdrone_pretrain.pt,640,32,100,5,dv,50,lr005,0,0,0,,1,A_runs_20260929,A_runs_20260929,477c55ab2c9238afc9e6c5aecef7849e,1,1,0.1958,0.3216,0.6203,0.3371,1
g1p_c2v_base100_s42n,A,complete,shapeiou,sio_b_results.csv,100,100,80,0.30703,0.45144,0.28091,0.42158,355.646,0.001,42,42,shuffle,42,g1pA_C2,/workspace/g1p_20260919/g1pA_C2.yaml,dota15_pretrain.pt,640,32,100,5,g1p,1,base,0,0,0,,2,A_runs_20260929|A_small2_20260927,A_runs_20260929,05904d82bf42cb7f3a139366d8812713,1,1,0.3262,0.5177,0.7686,0.4865,0
g1p_c2v_base100_s43n,A,complete,shapeiou,sio_b_results.csv,100,100,79,0.30822,0.46309,0.28315,0.42966,388.38,0.001,43,42,shuffle,43,g1pA_C2,/workspace/g1p_20260919/g1pA_C2.yaml,dota15_pretrain.pt,640,32,100,5,g1p,1,base,0,0,0,,2,A_runs_20260929|A_small2_20260927,A_runs_20260929,cf687bc84070ee9cad7ce9fe6a486176,1,1,0.3222,0.5141,0.7404,0.488,0
g1p_c2v_base100_s44n,A,complete,shapeiou,sio_b_results.csv,100,100,68,0.30884,0.4607,0.29024,0.44062,359.634,0.001,44,42,shuffle,44,g1pA_C2,/workspace/g1p_20260919/g1pA_C2.yaml,dota15_pretrain.pt,640,32,100,5,g1p,1,base,0,0,0,,2,A_runs_20260929|A_small2_20260927,A_runs_20260929,bc1d0efdd3efcf031ee542f4f69a068f,1,1,0.3281,0.5174,0.6961,0.532,0
g1p_c2v_base100_s45n,A,complete,shapeiou,sio_b_results.csv,100,100,86,0.30863,0.45907,0.28636,0.42403,356.941,0.001,45,42,shuffle,45,g1pA_C2,/workspace/g1p_20260919/g1pA_C2.yaml,dota15_pretrain.pt,640,32,100,5,g1p,1,base,0,0,0,,2,A_runs_20260929|A_small2_20260927,A_runs_20260929,8739322c2db3e411f3115e44046a7a88,1,1,0.3289,0.5121,0.7377,0.5081,0
g1p_c2v_base100_s46n,A,complete,shapeiou,sio_b_results.csv,100,100,88,0.30815,0.46483,0.29481,0.43902,353.639,0.001,46,42,shuffle,46,g1pA_C2,/workspace/g1p_20260919/g1pA_C2.yaml,dota15_pretrain.pt,640,32,100,5,g1p,1,base,0,0,0,,2,A_runs_20260929|A_small2_20260927,A_runs_20260929,f667712e37b931858519e828940283ca,1,1,0.3314,0.5151,0.7205,0.5008,0
g1p_c2v_lr005_100ep_s42n,A,complete,shapeiou,sio_b_results.csv,100,100,69,0.30056,0.46201,0.29148,0.44322,361.031,0.005,42,42,shuffle,42,g1pA_C2,/workspace/g1p_20260919/g1pA_C2.yaml,dota15_pretrain.pt,640,32,100,5,g1p,1,lr005,0,0,0,,2,A_runs_20260929|A_small2_20260927,A_runs_20260929,476a450ffebeb476461c42a3ef93770b,1,1,0.2952,0.4909,0.6664,0.5185,0
g1p_c2v_lr005_100ep_s43n,A,complete,shapeiou,sio_b_results.csv,100,100,88,0.30908,0.47059,0.30012,0.46249,372.415,0.005,43,42,shuffle,43,g1pA_C2,/workspace/g1p_20260919/g1pA_C2.yaml,dota15_pretrain.pt,640,32,100,5,g1p,1,lr005,0,0,0,,2,A_runs_20260929|A_small2_20260927,A_runs_20260929,05fe3d455ef783755d42dd80a4d45b6a,1,1,0.2876,0.4659,0.6348,0.4908,0
g1p_c2v_lr005_100ep_s44n,A,complete,shapeiou,sio_b_results.csv,100,100,85,0.30591,0.47217,0.30208,0.47311,402.497,0.005,44,42,shuffle,44,g1pA_C2,/workspace/g1p_20260919/g1pA_C2.yaml,dota15_pretrain.pt,640,32,100,5,g1p,1,lr005,0,0,0,,2,A_runs_20260929|A_small2_20260927,A_runs_20260929,1515c477eed085dab5d354e27042ba86,1,1,0.272,0.4445,0.6746,0.4423,0
g1p_c2v_lr005_100ep_s45n,A,complete,shapeiou,sio_b_results.csv,100,100,79,0.30082,0.45134,0.30058,0.46038,383.457,0.005,45,42,shuffle,45,g1pA_C2,/workspace/g1p_20260919/g1pA_C2.yaml,dota15_pretrain.pt,640,32,100,5,g1p,1,lr005,0,0,0,,2,A_runs_20260929|A_small2_20260927,A_runs_20260929,1632f12462a52a1406b0771cc7b54bbb,1,1,0.2872,0.4776,0.7048,0.483,0
g1p_c2v_lr005_100ep_s46n,A,complete,shapeiou,sio_b_results.csv,100,100,97,0.30298,0.46584,0.29979,0.46495,359.409,0.005,46,42,shuffle,46,g1pA_C2,/workspace/g1p_20260919/g1pA_C2.yaml,dota15_pretrain.pt,640,32,100,5,g1p,1,lr005,0,0,0,,2,A_runs_20260929|A_small2_20260927,A_runs_20260929,4f993e4f853430c6eb1885cd92ba35fc,1,1,0.2729,0.4638,0.6354,0.4968,0
g3clean_e400_base_s42n,A,complete,shapeiou,sio_b_results.csv,400,400,370,0.17205,0.28732,0.15864,0.26882,2938.63,0.001,42,42,shuffle,42,dota15_20p,/root/datasets_mask/dota15_yolo/dota15_20p.yaml,dota15_pretrain.pt,640,32,10000,5,g3clean,,base,0,0,0,,2,A_runs_20260929|A_small2_20260927,A_runs_20260929,98f40072f02c1316262c7b26c09a5335,1,1,0.1727,0.2886,0.6749,0.2996,0
g3clean_e400_base_s43n,A,complete,shapeiou,sio_b_results.csv,400,400,388,0.17476,0.29336,0.16132,0.27188,2809.37,0.001,43,42,shuffle,43,dota15_20p,/root/datasets_mask/dota15_yolo/dota15_20p.yaml,dota15_pretrain.pt,640,32,10000,5,g3clean,,base,0,0,0,,2,A_runs_20260929|A_small2_20260927,A_runs_20260929,f769344035d5b34f534137e58a729404,1,1,0.1756,0.2957,0.6853,0.3008,0
g3clean_e400_base_s44n,A,complete,shapeiou,sio_b_results.csv,400,400,374,0.17224,0.28877,0.15882,0.26818,2445.25,0.001,44,42,shuffle,44,dota15_20p,/root/datasets_mask/dota15_yolo/dota15_20p.yaml,dota15_pretrain.pt,640,32,10000,5,g3clean,,base,0,0,0,,2,A_runs_20260929|A_small2_20260927,A_runs_20260929,7cbb8ad6ba5c7180615bd50cbde0dbc8,1,1,0.173,0.2899,0.6534,0.3066,0
g3clean_e400_base_s45n,A,complete,shapeiou,sio_b_results.csv,400,400,323,0.17319,0.28993,0.1601,0.26978,2804.49,0.001,45,42,shuffle,45,dota15_20p,/root/datasets_mask/dota15_yolo/dota15_20p.yaml,dota15_pretrain.pt,640,32,10000,5,g3clean,,base,0,0,0,,2,A_runs_20260929|A_small2_20260927,A_runs_20260929,eb47d28c427e42b8a90908c744ae57c2,1,1,0.1738,0.2908,0.6648,0.3052,0
g3clean_e400_base_s46n,A,complete,shapeiou,sio_b_results.csv,400,400,218,0.17226,0.28663,0.16072,0.27049,2792.84,0.001,46,42,shuffle,46,dota15_20p,/root/datasets_mask/dota15_yolo/dota15_20p.yaml,dota15_pretrain.pt,640,32,10000,5,g3clean,,base,0,0,0,,2,A_runs_20260929|A_small2_20260927,A_runs_20260929,fc86f54f57b566dac284119f5873d003,1,1,0.1721,0.2869,0.6366,0.3068,0
g3clean_e400_lr005_s42n,A,complete,shapeiou,sio_b_results.csv,400,400,313,0.17981,0.30568,0.16959,0.28847,2827.81,0.005,42,42,shuffle,42,dota15_20p,/root/datasets_mask/dota15_yolo/dota15_20p.yaml,dota15_pretrain.pt,640,32,10000,5,g3clean,,lr005,0,0,0,,2,A_runs_20260929|A_small2_20260927,A_runs_20260929,3899ab042506eec5d1e4a133cca94607,1,1,0.1806,0.3061,0.6589,0.3217,0
g3clean_e400_lr005_s43n,A,complete,shapeiou,sio_b_results.csv,400,400,340,0.17719,0.30112,0.16649,0.2824,2834.92,0.005,43,42,shuffle,43,dota15_20p,/root/datasets_mask/dota15_yolo/dota15_20p.yaml,dota15_pretrain.pt,640,32,10000,5,g3clean,,lr005,0,0,0,,2,A_runs_20260929|A_small2_20260927,A_runs_20260929,4b60df165096aa2afbc33185c9bf71da,1,1,0.1777,0.3001,0.694,0.3138,0
g3clean_e400_lr005_s44n,A,complete,shapeiou,sio_b_results.csv,400,400,262,0.18315,0.3074,0.16602,0.28217,2775.75,0.005,44,42,shuffle,44,dota15_20p,/root/datasets_mask/dota15_yolo/dota15_20p.yaml,dota15_pretrain.pt,640,32,10000,5,g3clean,,lr005,0,0,0,,2,A_runs_20260929|A_small2_20260927,A_runs_20260929,f4a80a244a650b2254f66d8490d6aa8f,1,1,0.1825,0.3058,0.6468,0.324,0
g3clean_e400_lr005_s45n,A,complete,shapeiou,sio_b_results.csv,400,400,275,0.17763,0.30093,0.16626,0.28161,2756.48,0.005,45,42,shuffle,45,dota15_20p,/root/datasets_mask/dota15_yolo/dota15_20p.yaml,dota15_pretrain.pt,640,32,10000,5,g3clean,,lr005,0,0,0,,2,A_runs_20260929|A_small2_20260927,A_runs_20260929,88d17f717a55e75529a805fd7f067d71,1,1,0.1774,0.3007,0.6433,0.3181,0
g3clean_e400_lr005_s46n,A,complete,shapeiou,sio_b_results.csv,400,400,260,0.18177,0.30872,0.17064,0.28921,2614.99,0.005,46,42,shuffle,46,dota15_20p,/root/datasets_mask/dota15_yolo/dota15_20p.yaml,dota15_pretrain.pt,640,32,10000,5,g3clean,,lr005,0,0,0,,2,A_runs_20260929|A_small2_20260927,A_runs_20260929,9cb4f7c834dff377f3cd3769ab73b9c6,1,1,0.1815,0.3073,0.6621,0.3172,0
g3clean_e50_base_s42n,A,complete,shapeiou,sio_b_results.csv,50,50,38,0.1564,0.25487,0.14941,0.24616,386.502,0.001,42,42,shuffle,42,dota15_20p,/root/datasets_mask/dota15_yolo/dota15_20p.yaml,dota15_pretrain.pt,640,32,10000,5,g3clean,,base,0,0,0,,2,A_runs_20260929|A_small2_20260927,A_runs_20260929,39f17710ed6c9d9ebf82bb74b8a28afc,1,1,0.1552,0.2539,0.5895,0.28,0
g3clean_e50_base_s43n,A,complete,shapeiou,sio_b_results.csv,50,50,36,0.15596,0.25694,0.15171,0.2487,751.827,0.001,43,42,shuffle,43,dota15_20p,/root/datasets_mask/dota15_yolo/dota15_20p.yaml,dota15_pretrain.pt,640,32,10000,5,g3clean,,base,0,0,0,,2,A_runs_20260929|A_small2_20260927,A_runs_20260929,63ec2eeb3001d6324e661aa875265d13,1,1,0.1497,0.2488,0.5747,0.2703,1
g3clean_e50_base_s44n,A,complete,shapeiou,sio_b_results.csv,50,50,32,0.15645,0.25753,0.14993,0.24888,718.221,0.001,44,42,shuffle,44,dota15_20p,/root/datasets_mask/dota15_yolo/dota15_20p.yaml,dota15_pretrain.pt,640,32,10000,5,g3clean,,base,0,0,0,,2,A_runs_20260929|A_small2_20260927,A_runs_20260929,6c6f44907ffa96c00f9511b12188df6e,1,1,0.1555,0.2553,0.6036,0.274,0
g3clean_e50_base_s45n,A,complete,shapeiou,sio_b_results.csv,50,50,40,0.16056,0.26222,0.15126,0.25005,759.651,0.001,45,42,shuffle,45,dota15_20p,/root/datasets_mask/dota15_yolo/dota15_20p.yaml,dota15_pretrain.pt,640,32,10000,5,g3clean,,base,0,0,0,,2,A_runs_20260929|A_small2_20260927,A_runs_20260929,8faa33d5aa05ea54d22da1796379076f,1,1,0.1595,0.2606,0.6162,0.2793,0
g3clean_e50_base_s46n,A,complete,shapeiou,sio_b_results.csv,50,50,40,0.15727,0.25819,0.15071,0.24992,423.617,0.001,46,42,shuffle,46,dota15_20p,/root/datasets_mask/dota15_yolo/dota15_20p.yaml,dota15_pretrain.pt,640,32,10000,5,g3clean,,base,0,0,0,,2,A_runs_20260929|A_small2_20260927,A_runs_20260929,8c722c80a5cb4119c7f5a00c4942cd02,1,1,0.1563,0.2564,0.6052,0.2785,0
g3clean_e50_lr005_s42n,A,complete,shapeiou,sio_b_results.csv,50,50,38,0.16381,0.27477,0.16123,0.27354,671.499,0.005,42,42,shuffle,42,dota15_20p,/root/datasets_mask/dota15_yolo/dota15_20p.yaml,dota15_pretrain.pt,640,32,10000,5,g3clean,,lr005,0,0,0,,2,A_runs_20260929|A_small2_20260927,A_runs_20260929,67545e703569ce6503da5bca2c9a9db4,1,1,0.1644,0.2753,0.6627,0.2902,0
g3clean_e50_lr005_s43n,A,complete,shapeiou,sio_b_results.csv,50,50,46,0.15916,0.27171,0.15852,0.27063,2481.51,0.005,43,42,shuffle,43,dota15_20p,/root/datasets_mask/dota15_yolo/dota15_20p.yaml,dota15_pretrain.pt,640,32,10000,5,g3clean,,lr005,0,0,0,,2,A_runs_20260929|A_small2_20260927,A_runs_20260929,03b0841df404db2e0cca4b8cd0ef2016,1,1,0.1595,0.2719,0.6017,0.2909,0
g3clean_e50_lr005_s44n,A,complete,shapeiou,sio_b_results.csv,50,50,48,0.16134,0.27435,0.15985,0.27331,378.532,0.005,44,42,shuffle,44,dota15_20p,/root/datasets_mask/dota15_yolo/dota15_20p.yaml,dota15_pretrain.pt,640,32,10000,5,g3clean,,lr005,0,0,0,,2,A_runs_20260929|A_small2_20260927,A_runs_20260929,278c016646ed6b4c2fa1ff1cbeba6470,1,1,0.1622,0.2754,0.6162,0.295,0
g3clean_e50_lr005_s45n,A,complete,shapeiou,sio_b_results.csv,50,50,50,0.15875,0.269,0.15875,0.269,336.414,0.005,45,42,shuffle,45,dota15_20p,/root/datasets_mask/dota15_yolo/dota15_20p.yaml,dota15_pretrain.pt,640,32,10000,5,g3clean,,lr005,0,0,0,,2,A_runs_20260929|A_small2_20260927,A_runs_20260929,52450cfed31fd4250926eff4a249ba5d,1,1,0.1589,0.2692,0.6536,0.2887,0
g3clean_e50_lr005_s46n,A,complete,shapeiou,sio_b_results.csv,50,50,50,0.15983,0.27327,0.15983,0.27327,361.026,0.005,46,42,shuffle,46,dota15_20p,/root/datasets_mask/dota15_yolo/dota15_20p.yaml,dota15_pretrain.pt,640,32,10000,5,g3clean,,lr005,0,0,0,,2,A_runs_20260929|A_small2_20260927,A_runs_20260929,7393a9aba982f2f2a547210ca374d19e,1,1,0.1598,0.2734,0.6274,0.2948,0
g4_mende3way_base100_s42n,A,complete,shapeiou,sio_b_results.csv,100,100,2,0.73234,0.98927,0.64361,0.95675,805.735,0.001,42,42,shuffle,42,mende20_3way,/root/datasets_mask/mendeley_yolo/mende20_3way.yaml,mendein_pretrain.pt,640,32,100,5,g4,,base,1,0,0,,2,A_runs_20260929|A_small2_20260927,A_runs_20260929,23153410c3ad3117eb2ce43568e15ad6,1,1,0.7279,0.9622,0.9254,0.9201,0
g4_mende3way_base100_s43n,A,complete,shapeiou,sio_b_results.csv,100,100,1,0.73553,0.99106,0.65244,0.96363,715.626,0.001,43,42,shuffle,43,mende20_3way,/root/datasets_mask/mendeley_yolo/mende20_3way.yaml,mendein_pretrain.pt,640,32,100,5,g4,,base,1,0,0,,2,A_runs_20260929|A_small2_20260927,A_runs_20260929,7631a081fa9d8752081e629493f08f43,1,1,0.7307,0.9621,0.9243,0.9068,0
g4_mende3way_base100_s44n,A,complete,shapeiou,sio_b_results.csv,100,100,1,0.73231,0.99085,0.655,0.9668,772.929,0.001,44,42,shuffle,44,mende20_3way,/root/datasets_mask/mendeley_yolo/mende20_3way.yaml,mendein_pretrain.pt,640,32,100,5,g4,,base,1,0,0,,2,A_runs_20260929|A_small2_20260927,A_runs_20260929,aef52b09da28d88f6adae8f10b1fdfb8,1,1,0.722,0.9581,0.9341,0.9004,0
g4_mende3way_base100_s45n,A,complete,shapeiou,sio_b_results.csv,100,100,1,0.73267,0.98994,0.65449,0.96267,730.745,0.001,45,42,shuffle,45,mende20_3way,/root/datasets_mask/mendeley_yolo/mende20_3way.yaml,mendein_pretrain.pt,640,32,100,5,g4,,base,1,0,0,,2,A_runs_20260929|A_small2_20260927,A_runs_20260929,0781576e2efc04dc0906f00717738213,1,1,0.727,0.9591,0.9429,0.8983,0
g4_mende3way_base100_s46n,A,complete,shapeiou,sio_b_results.csv,100,100,3,0.72687,0.98964,0.6543,0.96682,743.297,0.001,46,42,shuffle,46,mende20_3way,/root/datasets_mask/mendeley_yolo/mende20_3way.yaml,mendein_pretrain.pt,640,32,100,5,g4,,base,1,0,0,,2,A_runs_20260929|A_small2_20260927,A_runs_20260929,89e0e234f7e5eea5759fcdb598c291dd,1,1,0.7143,0.9601,0.954,0.9025,0
g4_mende3way_base100_s47n,A,complete,shapeiou,sio_b_results.csv,100,100,3,0.72881,0.98671,0.65273,0.96318,738.428,0.001,47,42,shuffle,47,mende20_3way,/root/datasets_mask/mendeley_yolo/mende20_3way.yaml,mendein_pretrain.pt,640,32,100,5,g4,,base,1,0,0,,2,A_runs_20260929|A_small2_20260927,A_runs_20260929,7d00367d71e12f388a1d49421377d328,1,1,0.7281,0.958,0.9327,0.9095,0
g4_mende3way_base100_s48n,A,complete,shapeiou,sio_b_results.csv,100,100,1,0.72285,0.99049,0.64751,0.95725,725.961,0.001,48,42,shuffle,48,mende20_3way,/root/datasets_mask/mendeley_yolo/mende20_3way.yaml,mendein_pretrain.pt,640,32,100,5,g4,,base,1,0,0,,2,A_runs_20260929|A_small2_20260927,A_runs_20260929,85c87f6f70dfc324a63786fa38503f46,1,1,0.7261,0.9588,0.921,0.9134,0
g4_mende3way_base100_s49n,A,complete,shapeiou,sio_b_results.csv,100,100,1,0.73504,0.99049,0.65319,0.96148,731.992,0.001,49,42,shuffle,49,mende20_3way,/root/datasets_mask/mendeley_yolo/mende20_3way.yaml,mendein_pretrain.pt,640,32,100,5,g4,,base,1,0,0,,2,A_runs_20260929|A_small2_20260927,A_runs_20260929,f76e371f8c10a3d970fc35cadebf03d4,1,1,0.7261,0.9579,0.9421,0.896,0
g4_mende3way_base100_s50n,A,complete,shapeiou,sio_b_results.csv,100,100,1,0.73414,0.99064,0.64958,0.96177,737.859,0.001,50,42,shuffle,50,mende20_3way,/root/datasets_mask/mendeley_yolo/mende20_3way.yaml,mendein_pretrain.pt,640,32,100,5,g4,,base,1,0,0,,2,A_runs_20260929|A_small2_20260927,A_runs_20260929,f3871c8b88b62d7b864b4bff6a754bf8,1,1,0.7303,0.9627,0.9313,0.9089,0
g4_mende3way_base100_s51n,A,complete,shapeiou,sio_b_results.csv,100,100,1,0.72857,0.99094,0.65186,0.9629,733.548,0.001,51,42,shuffle,51,mende20_3way,/root/datasets_mask/mendeley_yolo/mende20_3way.yaml,mendein_pretrain.pt,640,32,100,5,g4,,base,1,0,0,,2,A_runs_20260929|A_small2_20260927,A_runs_20260929,db5b1d3041466900049c795be8991763,1,1,0.7223,0.9533,0.9158,0.9089,0
g4_mende3way_base100_s52n,A,complete,shapeiou,sio_b_results.csv,100,100,1,0.73424,0.99069,0.65078,0.96203,766.015,0.001,52,42,shuffle,52,mende20_3way,/root/datasets_mask/mendeley_yolo/mende20_3way.yaml,mendein_pretrain.pt,640,32,100,5,g4,,base,1,0,0,,2,A_runs_20260929|A_small2_20260927,A_runs_20260929,612c1bacaeeb7a4b2754578c6c073baa,1,1,0.7199,0.9558,0.9028,0.9248,0
g4_mende3way_base100_s53n,A,complete,shapeiou,sio_b_results.csv,100,100,1,0.72733,0.99085,0.66641,0.96737,736.042,0.001,53,42,shuffle,53,mende20_3way,/root/datasets_mask/mendeley_yolo/mende20_3way.yaml,mendein_pretrain.pt,640,32,100,5,g4,,base,1,0,0,,2,A_runs_20260929|A_small2_20260927,A_runs_20260929,e2db170a3fc956f760c112a8f711b8f5,1,1,0.7268,0.9574,0.9172,0.9153,0
g4_mende3way_base100_s54n,A,complete,shapeiou,sio_b_results.csv,100,100,2,0.7353,0.99086,0.65093,0.96053,739.284,0.001,54,42,shuffle,54,mende20_3way,/root/datasets_mask/mendeley_yolo/mende20_3way.yaml,mendein_pretrain.pt,640,32,100,5,g4,,base,1,0,0,,2,A_runs_20260929|A_small2_20260927,A_runs_20260929,33f671e0ced2a60c22c1383537d116c4,1,1,0.7272,0.9609,0.9366,0.9081,0
g4_mende3way_lr005_100ep_s42n,A,complete,shapeiou,sio_b_results.csv,100,100,1,0.71206,0.98166,0.61593,0.91373,730.586,0.005,42,42,shuffle,42,mende20_3way,/root/datasets_mask/mendeley_yolo/mende20_3way.yaml,mendein_pretrain.pt,640,32,100,5,g4,,lr005,1,0,0,,2,A_runs_20260929|A_small2_20260927,A_runs_20260929,a168a5a16dad5615e2ece1e8e6a3813d,1,1,0.7257,0.9647,0.9377,0.9301,0
g4_mende3way_lr005_100ep_s43n,A,complete,shapeiou,sio_b_results.csv,100,100,1,0.7006,0.9861,0.6061,0.92051,737.914,0.005,43,42,shuffle,43,mende20_3way,/root/datasets_mask/mendeley_yolo/mende20_3way.yaml,mendein_pretrain.pt,640,32,100,5,g4,,lr005,1,0,0,,2,A_runs_20260929|A_small2_20260927,A_runs_20260929,f88fe2c88654db45da6675e643f49a09,1,1,0.7079,0.9681,0.9327,0.9102,0
g4_mende3way_lr005_100ep_s44n,A,complete,shapeiou,sio_b_results.csv,100,100,1,0.66522,0.98595,0.60273,0.91421,750.636,0.005,44,42,shuffle,44,mende20_3way,/root/datasets_mask/mendeley_yolo/mende20_3way.yaml,mendein_pretrain.pt,640,32,100,5,g4,,lr005,1,0,0,,2,A_runs_20260929|A_small2_20260927,A_runs_20260929,03e247eb93bcb2f618170aff236d1cbc,1,1,0.6804,0.9589,0.9339,0.8941,0
g4_mende3way_lr005_100ep_s45n,A,complete,shapeiou,sio_b_results.csv,100,100,1,0.69091,0.98427,0.60499,0.91182,747.056,0.005,45,42,shuffle,45,mende20_3way,/root/datasets_mask/mendeley_yolo/mende20_3way.yaml,mendein_pretrain.pt,640,32,100,5,g4,,lr005,1,0,0,,2,A_runs_20260929|A_small2_20260927,A_runs_20260929,43ed778cbdfa590faa8aed8bab265acd,1,1,0.7076,0.9576,0.9497,0.8919,0
g4_mende3way_lr005_100ep_s46n,A,complete,shapeiou,sio_b_results.csv,100,100,1,0.6883,0.98671,0.60302,0.9125,745.35,0.005,46,42,shuffle,46,mende20_3way,/root/datasets_mask/mendeley_yolo/mende20_3way.yaml,mendein_pretrain.pt,640,32,100,5,g4,,lr005,1,0,0,,2,A_runs_20260929|A_small2_20260927,A_runs_20260929,e272091f491880b1959e72743b439bde,1,1,0.696,0.9535,0.9438,0.8894,0
g4_mende3way_lr005_100ep_s47n,A,complete,shapeiou,sio_b_results.csv,100,100,1,0.69905,0.98787,0.59948,0.92272,754.215,0.005,47,42,shuffle,47,mende20_3way,/root/datasets_mask/mendeley_yolo/mende20_3way.yaml,mendein_pretrain.pt,640,32,100,5,g4,,lr005,1,0,0,,2,A_runs_20260929|A_small2_20260927,A_runs_20260929,7c01c7b6edc1d4d39eb17cf8d1f73b16,1,1,0.7166,0.9636,0.9506,0.8963,0
g4_mende3way_lr005_100ep_s48n,A,complete,shapeiou,sio_b_results.csv,100,100,1,0.67492,0.98164,0.60192,0.91406,750.043,0.005,48,42,shuffle,48,mende20_3way,/root/datasets_mask/mendeley_yolo/mende20_3way.yaml,mendein_pretrain.pt,640,32,100,5,g4,,lr005,1,0,0,,2,A_runs_20260929|A_small2_20260927,A_runs_20260929,0d70c95a3571c65568d10f04e38fcef8,1,1,0.69,0.9525,0.9449,0.8898,0
g4_mende3way_lr005_100ep_s49n,A,complete,shapeiou,sio_b_results.csv,100,100,1,0.7196,0.9857,0.5975,0.91467,748.185,0.005,49,42,shuffle,49,mende20_3way,/root/datasets_mask/mendeley_yolo/mende20_3way.yaml,mendein_pretrain.pt,640,32,100,5,g4,,lr005,1,0,0,,2,A_runs_20260929|A_small2_20260927,A_runs_20260929,ae736aff887ba5a68277a629fb5545f4,1,1,0.7134,0.9572,0.9085,0.9461,0
g4_mende3way_lr005_100ep_s50n,A,complete,shapeiou,sio_b_results.csv,100,100,1,0.68355,0.97888,0.60379,0.90925,748.641,0.005,50,42,shuffle,50,mende20_3way,/root/datasets_mask/mendeley_yolo/mende20_3way.yaml,mendein_pretrain.pt,640,32,100,5,g4,,lr005,1,0,0,,2,A_runs_20260929|A_small2_20260927,A_runs_20260929,af0b7c7b45bd4cb0ef7afca81cf35b2e,1,1,0.692,0.9459,0.9122,0.9247,0
g4_mende3way_lr005_100ep_s51n,A,complete,shapeiou,sio_b_results.csv,100,100,2,0.66647,0.96354,0.59292,0.89105,742.795,0.005,51,42,shuffle,51,mende20_3way,/root/datasets_mask/mendeley_yolo/mende20_3way.yaml,mendein_pretrain.pt,640,32,100,5,g4,,lr005,1,0,0,,2,A_runs_20260929|A_small2_20260927,A_runs_20260929,013c14c869dd54528792573baa66f993,1,1,0.6933,0.9608,0.9271,0.9165,0
g4_mende3way_lr005_100ep_s52n,A,complete,shapeiou,sio_b_results.csv,100,100,1,0.70145,0.98907,0.59909,0.90935,761.797,0.005,52,42,shuffle,52,mende20_3way,/root/datasets_mask/mendeley_yolo/mende20_3way.yaml,mendein_pretrain.pt,640,32,100,5,g4,,lr005,1,0,0,,2,A_runs_20260929|A_small2_20260927,A_runs_20260929,dc8e56eb416bce97d4cac3d61ca80793,1,1,0.6933,0.9509,0.9359,0.9025,0
g4_mende3way_lr005_100ep_s53n,A,complete,shapeiou,sio_b_results.csv,100,100,1,0.68508,0.98465,0.6142,0.91267,913.905,0.005,53,42,shuffle,53,mende20_3way,/root/datasets_mask/mendeley_yolo/mende20_3way.yaml,mendein_pretrain.pt,640,32,100,5,g4,,lr005,1,0,0,,2,A_runs_20260929|A_small2_20260927,A_runs_20260929,1269652a6acb0c2680084924ccab1c2b,1,1,0.7054,0.9535,0.9367,0.9089,0
g4_mende3way_lr005_100ep_s54n,A,complete,shapeiou,sio_b_results.csv,100,100,1,0.68856,0.97802,0.59484,0.91511,829.812,0.005,54,42,shuffle,54,mende20_3way,/root/datasets_mask/mendeley_yolo/mende20_3way.yaml,mendein_pretrain.pt,640,32,100,5,g4,,lr005,1,0,0,,2,A_runs_20260929|A_small2_20260927,A_runs_20260929,09798f4a9e9b1a66b5852bb69a1da1a6,1,1,0.6984,0.9478,0.9346,0.9081,0
_PARTIAL_la_10p_base_s42n_054923,A,interrupted,,,100,2,2,0.3198,0.56082,0.3198,0.56082,48.6084,0.001,42,42,shuffle,42,sfchd_10p,/root/workspace/data/SFCHD_split/sfchd_10p.yaml,shwd2sf_pretrain.pt,640,32,100,5,la,10,base,0,1,0,,2,A_runs_20260929|A_small2_20260927,A_runs_20260929,a1c919848573546d33bb9fe25b7a71b5,1,1,,,,,0
_PARTIAL_la_10p_lr005_s45n_052324,A,interrupted,,,100,18,16,0.34028,0.64745,0.31529,0.57857,693.34,0.005,45,42,shuffle,45,sfchd_10p,/root/workspace/data/SFCHD_split/sfchd_10p.yaml,shwd2sf_pretrain.pt,640,32,100,5,la,10,lr005,0,1,0,,2,A_runs_20260929|A_small2_20260927,A_runs_20260929,f0a19b957b0c45dd88270ed5624225d2,1,1,,,,,0
_PARTIAL_la_50p_base_s42n_153645,A,interrupted,,,100,70,66,0.46524,0.7638,0.45923,0.75726,3254.17,0.001,42,42,shuffle,42,sfchd_50p,/root/workspace/data/SFCHD_split/sfchd_50p.yaml,shwd2sf_pretrain.pt,640,32,100,5,la,50,base,0,1,0,,1,A_runs_20260929,A_runs_20260929,fb5fc7022e90fa37ba59c210e96d37e1,1,1,,,,,0
_PARTIAL_la_50p_base_s44n_052324,A,interrupted,,,100,26,25,0.44625,0.75057,0.44194,0.74655,1967.22,0.001,44,42,shuffle,44,sfchd_50p,/root/workspace/data/SFCHD_split/sfchd_50p.yaml,shwd2sf_pretrain.pt,640,32,100,5,la,50,base,0,1,0,,2,A_runs_20260929|A_small2_20260927,A_runs_20260929,13ff6b8d95f3cb4ec25ad58e8f2ce30d,1,1,,,,,0
la_10p_base_s42n,A,complete,shapeiou,sio_b_results.csv,100,100,54,0.4091,0.70548,0.40129,0.69179,2078.11,0.001,42,42,shuffle,42,sfchd_10p,/root/workspace/data/SFCHD_split/sfchd_10p.yaml,shwd2sf_pretrain.pt,640,32,100,5,la,10,base,0,0,0,,2,A_runs_20260929|A_small2_20260927,A_runs_20260929,2e76dfd73fe428bfa602659fb9b32a57,1,1,0.4091,0.7053,0.8094,0.6636,0
la_10p_base_s43n,A,complete,shapeiou,sio_b_results.csv,100,100,79,0.40994,0.70511,0.39513,0.68557,2017.8,0.001,43,42,shuffle,43,sfchd_10p,/root/workspace/data/SFCHD_split/sfchd_10p.yaml,shwd2sf_pretrain.pt,640,32,100,5,la,10,base,0,0,0,,2,A_runs_20260929|A_small2_20260927,A_runs_20260929,6deb349df891554dd99f3dbb5df168d3,1,1,0.41,0.7052,0.8246,0.6663,0
la_10p_base_s44n,A,complete,shapeiou,sio_b_results.csv,100,100,90,0.41085,0.70575,0.40085,0.69123,1988.16,0.001,44,42,shuffle,44,sfchd_10p,/root/workspace/data/SFCHD_split/sfchd_10p.yaml,shwd2sf_pretrain.pt,640,32,100,5,la,10,base,0,0,0,,2,A_runs_20260929|A_small2_20260927,A_runs_20260929,23af9235160aa1415dd0f949a173f38c,1,1,0.4109,0.7064,0.8266,0.667,0
la_10p_lr005_s42n,A,complete,shapeiou,sio_b_results.csv,100,100,85,0.41535,0.70353,0.40718,0.69247,2027.41,0.005,42,42,shuffle,42,sfchd_10p,/root/workspace/data/SFCHD_split/sfchd_10p.yaml,shwd2sf_pretrain.pt,640,32,100,5,la,10,lr005,0,0,0,,2,A_runs_20260929|A_small2_20260927,A_runs_20260929,5d063de9ab260c36361a8c7c41736160,1,1,0.4153,0.7035,0.8149,0.6702,0
la_10p_lr005_s43n,A,complete,shapeiou,sio_b_results.csv,100,100,84,0.4136,0.7041,0.40711,0.69891,2170.1,0.005,43,42,shuffle,43,sfchd_10p,/root/workspace/data/SFCHD_split/sfchd_10p.yaml,shwd2sf_pretrain.pt,640,32,100,5,la,10,lr005,0,0,0,,2,A_runs_20260929|A_small2_20260927,A_runs_20260929,376db588f32d0663eda56181d349f3fc,1,1,0.4138,0.7042,0.8095,0.6673,0
la_10p_lr005_s44n,A,complete,shapeiou,sio_b_results.csv,100,100,78,0.40907,0.69859,0.40382,0.68888,2027.22,0.005,44,42,shuffle,44,sfchd_10p,/root/workspace/data/SFCHD_split/sfchd_10p.yaml,shwd2sf_pretrain.pt,640,32,100,5,la,10,lr005,0,0,0,,2,A_runs_20260929|A_small2_20260927,A_runs_20260929,45895d11f4eee2350f9566c0275b121e,1,1,0.409,0.6985,0.8076,0.6605,0
la_30p_base_s42n,A,complete,shapeiou,sio_b_results.csv,100,100,90,0.44832,0.74107,0.44101,0.73593,3090.12,0.001,42,42,shuffle,42,sfchd_30p,/root/workspace/data/SFCHD_split/sfchd_30p.yaml,shwd2sf_pretrain.pt,640,32,100,5,la,30,base,0,0,0,,2,A_runs_20260929|A_small2_20260927,A_runs_20260929,c12a739d26867986d78b2d15bdd5098f,1,1,0.4483,0.741,0.8441,0.7018,0
la_30p_base_s43n,A,complete,shapeiou,sio_b_results.csv,100,100,88,0.44781,0.73965,0.43729,0.73116,3048.26,0.001,43,42,shuffle,43,sfchd_30p,/root/workspace/data/SFCHD_split/sfchd_30p.yaml,shwd2sf_pretrain.pt,640,32,100,5,la,30,base,0,0,0,,2,A_runs_20260929|A_small2_20260927,A_runs_20260929,8decb927484f5d91ad1f679d339d7904,1,1,0.448,0.7396,0.8135,0.7087,0
la_30p_base_s44n,A,complete,shapeiou,sio_b_results.csv,100,100,72,0.4469,0.74596,0.43861,0.7365,3115.49,0.001,44,42,shuffle,44,sfchd_30p,/root/workspace/data/SFCHD_split/sfchd_30p.yaml,shwd2sf_pretrain.pt,640,32,100,5,la,30,base,0,0,0,,2,A_runs_20260929|A_small2_20260927,A_runs_20260929,9e5b2ab3aa2e905c4ff5a44e4b5e7386,1,1,0.447,0.7459,0.8396,0.706,0
la_30p_lr005_s42n,A,complete,shapeiou,sio_b_results.csv,100,100,85,0.4564,0.75737,0.45267,0.75033,3018.68,0.005,42,42,shuffle,42,sfchd_30p,/root/workspace/data/SFCHD_split/sfchd_30p.yaml,shwd2sf_pretrain.pt,640,32,100,5,la,30,lr005,0,0,0,,2,A_runs_20260929|A_small2_20260927,A_runs_20260929,10583e379d6f5af175d951d1cfc740d8,1,1,0.4564,0.7571,0.8489,0.7101,0
la_30p_lr005_s43n,A,complete,shapeiou,sio_b_results.csv,100,100,90,0.45921,0.75617,0.45382,0.74827,3038.69,0.005,43,42,shuffle,43,sfchd_30p,/root/workspace/data/SFCHD_split/sfchd_30p.yaml,shwd2sf_pretrain.pt,640,32,100,5,la,30,lr005,0,0,0,,2,A_runs_20260929|A_small2_20260927,A_runs_20260929,163c7b014309010a79b09ca57c856589,1,1,0.4592,0.7562,0.8494,0.7128,0
la_30p_lr005_s44n,A,complete,shapeiou,sio_b_results.csv,100,100,76,0.4578,0.75969,0.45305,0.74549,3285.83,0.005,44,42,shuffle,44,sfchd_30p,/root/workspace/data/SFCHD_split/sfchd_30p.yaml,shwd2sf_pretrain.pt,640,32,100,5,la,30,lr005,0,0,0,,2,A_runs_20260929|A_small2_20260927,A_runs_20260929,70c1575c79218689a99af5d6aed53c98,1,1,0.4578,0.7596,0.8331,0.7125,0
la_50p_base_s42n,A,complete,shapeiou,sio_b_results.csv,100,100,66,0.46524,0.7638,0.45592,0.75457,4304.85,0.001,42,42,shuffle,42,sfchd_50p,/root/workspace/data/SFCHD_split/sfchd_50p.yaml,shwd2sf_pretrain.pt,640,32,100,5,la,50,base,0,0,0,,2,A_runs_20260929|A_small2_20260927,A_runs_20260929,9d090f74d157b07da0882410712444f2,1,1,0.4652,0.7641,0.8569,0.7191,0
la_50p_base_s43n,A,complete,shapeiou,sio_b_results.csv,100,100,74,0.46607,0.7653,0.45785,0.75511,4390.14,0.001,43,42,shuffle,43,sfchd_50p,/root/workspace/data/SFCHD_split/sfchd_50p.yaml,shwd2sf_pretrain.pt,640,32,100,5,la,50,base,0,0,0,,1,A_runs_20260929,A_runs_20260929,1c6c1756a83e00eca3e435f8d0d71c61,1,1,0.4659,0.7652,0.8518,0.7201,0
la_50p_base_s44n,A,complete,shapeiou,sio_b_results.csv,100,100,74,0.4643,0.76244,0.45725,0.75533,4432.19,0.001,44,42,shuffle,44,sfchd_50p,/root/workspace/data/SFCHD_split/sfchd_50p.yaml,shwd2sf_pretrain.pt,640,32,100,5,la,50,base,0,0,0,,1,A_runs_20260929,A_runs_20260929,d8d8b2b1bc9c80c957b585af4c42c080,1,1,0.4642,0.7625,0.8565,0.7185,0
la_50p_lr005_s42n,A,complete,shapeiou,sio_b_results.csv,100,100,83,0.47375,0.7757,0.46719,0.7636,4319.47,0.005,42,42,shuffle,42,sfchd_50p,/root/workspace/data/SFCHD_split/sfchd_50p.yaml,shwd2sf_pretrain.pt,640,32,100,5,la,50,lr005,0,0,0,,1,A_runs_20260929,A_runs_20260929,98e66de439fa3cd61793e0439c1442be,1,1,0.4738,0.7757,0.8581,0.7286,0
la_50p_lr005_s43n,A,complete,shapeiou,sio_b_results.csv,100,100,84,0.47634,0.77526,0.46881,0.766,4580.09,0.005,43,42,shuffle,43,sfchd_50p,/root/workspace/data/SFCHD_split/sfchd_50p.yaml,shwd2sf_pretrain.pt,640,32,100,5,la,50,lr005,0,0,0,,1,A_runs_20260929,A_runs_20260929,842ec4cccb954a3bf34dfa85bdb12571,1,1,0.4782,0.7807,0.8424,0.7385,1
la_50p_lr005_s44n,A,complete,shapeiou,sio_b_results.csv,100,100,88,0.474,0.77416,0.46898,0.76638,4808.49,0.005,44,42,shuffle,44,sfchd_50p,/root/workspace/data/SFCHD_split/sfchd_50p.yaml,shwd2sf_pretrain.pt,640,32,100,5,la,50,lr005,0,0,0,,1,A_runs_20260929,A_runs_20260929,edd50fc58d7535c5d1bf2e5e28c45384,1,1,0.474,0.7743,0.8451,0.7388,0
mech_a_aitodtovis_base200_s42n,A,complete,shapeiou,sio_b_results.csv,200,200,112,0.11656,0.21598,0.11193,0.20908,2278.79,0.001,42,42,shuffle,42,visdrone_20p,/root/datasets_mask/visdrone/visdrone_20p.yaml,aitod_pretrain.pt,640,32,100,5,mech,,base,0,0,0,,2,A_runs_20260929|A_small2_20260927,A_runs_20260929,1a390c1919ade3e85693752e11f0a36e,1,1,0.1018,0.1895,0.2921,0.2516,0
mech_a_aitodtovis_base200_s43n,A,complete,shapeiou,sio_b_results.csv,200,200,129,0.11735,0.21854,0.11256,0.2114,2293.0,0.001,43,42,shuffle,43,visdrone_20p,/root/datasets_mask/visdrone/visdrone_20p.yaml,aitod_pretrain.pt,640,32,100,5,mech,,base,0,0,0,,2,A_runs_20260929|A_small2_20260927,A_runs_20260929,e87207f7d246548647e735d5aedfab54,1,1,0.0998,0.1873,0.2963,0.2421,0
mech_a_aitodtovis_base200_s44n,A,complete,shapeiou,sio_b_results.csv,200,200,180,0.11685,0.21592,0.11277,0.2098,2283.62,0.001,44,42,shuffle,44,visdrone_20p,/root/datasets_mask/visdrone/visdrone_20p.yaml,aitod_pretrain.pt,640,32,100,5,mech,,base,0,0,0,,2,A_runs_20260929|A_small2_20260927,A_runs_20260929,d6391b1f9148fa0a8db73b201e005743,1,1,0.1001,0.188,0.297,0.2501,0
mech_a_aitodtovis_base200_s45n,A,complete,shapeiou,sio_b_results.csv,200,200,159,0.11798,0.21829,0.11495,0.21384,2296.83,0.001,45,42,shuffle,45,visdrone_20p,/root/datasets_mask/visdrone/visdrone_20p.yaml,aitod_pretrain.pt,640,32,100,5,mech,,base,0,0,0,,2,A_runs_20260929|A_small2_20260927,A_runs_20260929,a8a705e19143904dfd64dfa12ffc3cb0,1,1,0.1015,0.1893,0.2948,0.2494,0
mech_a_aitodtovis_base200_s46n,A,complete,shapeiou,sio_b_results.csv,200,200,109,0.11807,0.21673,0.11347,0.21096,2289.02,0.001,46,42,shuffle,46,visdrone_20p,/root/datasets_mask/visdrone/visdrone_20p.yaml,aitod_pretrain.pt,640,32,100,5,mech,,base,0,0,0,,2,A_runs_20260929|A_small2_20260927,A_runs_20260929,bbe384cc983bb609f67bc52b0889f61f,1,1,0.1012,0.1885,0.2924,0.2487,0
mech_a_aitodtovis_base200_s47n,A,complete,shapeiou,sio_b_results.csv,200,200,115,0.11646,0.21611,0.11348,0.2124,2286.44,0.001,47,42,shuffle,47,visdrone_20p,/root/datasets_mask/visdrone/visdrone_20p.yaml,aitod_pretrain.pt,640,32,100,5,mech,,base,0,0,0,,2,A_runs_20260929|A_small2_20260927,A_runs_20260929,7a4841c27479700b528422326a8761b5,1,1,0.1019,0.1911,0.2934,0.254,0
mech_a_aitodtovis_base200_s48n,A,complete,shapeiou,sio_b_results.csv,200,200,123,0.11847,0.21743,0.11284,0.21182,2288.93,0.001,48,42,shuffle,48,visdrone_20p,/root/datasets_mask/visdrone/visdrone_20p.yaml,aitod_pretrain.pt,640,32,100,5,mech,,base,0,0,0,,2,A_runs_20260929|A_small2_20260927,A_runs_20260929,d7ccda42f7522ec61d3f640ad5decdc3,1,1,0.1004,0.1879,0.287,0.2503,0
mech_a_aitodtovis_base200_s49n,A,complete,shapeiou,sio_b_results.csv,200,200,128,0.11727,0.21601,0.11179,0.20945,2328.06,0.001,49,42,shuffle,49,visdrone_20p,/root/datasets_mask/visdrone/visdrone_20p.yaml,aitod_pretrain.pt,640,32,100,5,mech,,base,0,0,0,,2,A_runs_20260929|A_small2_20260927,A_runs_20260929,a642f2223cd7380ee8d20d96d5dbb338,1,1,0.1014,0.1894,0.2966,0.248,0
mech_a_aitodtovis_base200_s50n,A,complete,shapeiou,sio_b_results.csv,200,200,116,0.11782,0.21648,0.11393,0.21157,2313.08,0.001,50,42,shuffle,50,visdrone_20p,/root/datasets_mask/visdrone/visdrone_20p.yaml,aitod_pretrain.pt,640,32,100,5,mech,,base,0,0,0,,2,A_runs_20260929|A_small2_20260927,A_runs_20260929,ddbcef82fafb93cffef292db2510a360,1,1,0.1,0.1871,0.2889,0.247,0
mech_a_aitodtovis_base200_s51n,A,complete,shapeiou,sio_b_results.csv,200,200,135,0.11647,0.21556,0.11227,0.21062,2318.12,0.001,51,42,shuffle,51,visdrone_20p,/root/datasets_mask/visdrone/visdrone_20p.yaml,aitod_pretrain.pt,640,32,100,5,mech,,base,0,0,0,,2,A_runs_20260929|A_small2_20260927,A_runs_20260929,12f2f079d2e963133dc5667dd15ca87d,1,1,0.1019,0.1911,0.2991,0.2484,0
mech_a_aitodtovis_lr005_200ep_s42n,A,complete,shapeiou,sio_b_results.csv,200,200,157,0.12721,0.23315,0.12436,0.22847,2216.07,0.005,42,42,shuffle,42,visdrone_20p,/root/datasets_mask/visdrone/visdrone_20p.yaml,aitod_pretrain.pt,640,32,100,5,mech,,lr005,0,0,0,,2,A_runs_20260929|A_small2_20260927,A_runs_20260929,7ff09f55377f6aac1b683336f768ced0,1,1,0.1015,0.1891,0.315,0.244,0
mech_a_aitodtovis_lr005_200ep_s43n,A,complete,shapeiou,sio_b_results.csv,200,200,143,0.12579,0.23313,0.11937,0.22325,2232.53,0.005,43,42,shuffle,43,visdrone_20p,/root/datasets_mask/visdrone/visdrone_20p.yaml,aitod_pretrain.pt,640,32,100,5,mech,,lr005,0,0,0,,2,A_runs_20260929|A_small2_20260927,A_runs_20260929,9afcee0cb67526001a8d74b55557b12f,1,1,0.0992,0.1861,0.3081,0.2416,0
mech_a_aitodtovis_lr005_200ep_s44n,A,complete,shapeiou,sio_b_results.csv,200,200,129,0.12563,0.23235,0.11991,0.22356,2198.31,0.005,44,42,shuffle,44,visdrone_20p,/root/datasets_mask/visdrone/visdrone_20p.yaml,aitod_pretrain.pt,640,32,100,5,mech,,lr005,0,0,0,,2,A_runs_20260929|A_small2_20260927,A_runs_20260929,9e174aab1fa3dcadb98d7b2e50e70b79,1,1,0.0993,0.1853,0.3036,0.2449,0
mech_a_aitodtovis_lr005_200ep_s45n,A,complete,shapeiou,sio_b_results.csv,200,200,174,0.12586,0.23353,0.12021,0.22386,2194.64,0.005,45,42,shuffle,45,visdrone_20p,/root/datasets_mask/visdrone/visdrone_20p.yaml,aitod_pretrain.pt,640,32,100,5,mech,,lr005,0,0,0,,2,A_runs_20260929|A_small2_20260927,A_runs_20260929,f0fcdd1a14c4d30f31cc3ae5899fef48,1,1,0.0994,0.1843,0.3167,0.2386,0
mech_a_aitodtovis_lr005_200ep_s46n,A,complete,shapeiou,sio_b_results.csv,200,200,167,0.12575,0.23222,0.11849,0.22248,2196.47,0.005,46,42,shuffle,46,visdrone_20p,/root/datasets_mask/visdrone/visdrone_20p.yaml,aitod_pretrain.pt,640,32,100,5,mech,,lr005,0,0,0,,2,A_runs_20260929|A_small2_20260927,A_runs_20260929,080a65f93f8dea4d54b024c8b3798f15,1,1,0.0983,0.1851,0.3103,0.24,0
mech_a_aitodtovis_lr005_200ep_s47n,A,early_stop_legit,shapeiou,sio_b_results.csv,200,177,77,0.12758,0.23564,0.12538,0.23096,1955.43,0.005,47,42,shuffle,47,visdrone_20p,/root/datasets_mask/visdrone/visdrone_20p.yaml,aitod_pretrain.pt,640,32,100,5,mech,,lr005,0,0,0,,2,A_runs_20260929|A_small2_20260927,A_runs_20260929,12fd9e153af1ec0f99f8b8ad7e7d7832,1,1,0.103,0.1917,0.3107,0.2459,0
mech_a_aitodtovis_lr005_200ep_s48n,A,complete,shapeiou,sio_b_results.csv,200,200,150,0.12551,0.23197,0.12062,0.22393,2232.37,0.005,48,42,shuffle,48,visdrone_20p,/root/datasets_mask/visdrone/visdrone_20p.yaml,aitod_pretrain.pt,640,32,100,5,mech,,lr005,0,0,0,,2,A_runs_20260929|A_small2_20260927,A_runs_20260929,cf7556aee4f1f180900c14b685f6fc2b,1,1,0.1006,0.1888,0.3107,0.2465,0
mech_a_aitodtovis_lr005_200ep_s49n,A,complete,shapeiou,sio_b_results.csv,200,200,115,0.12559,0.23165,0.11942,0.22295,2257.1,0.005,49,42,shuffle,49,visdrone_20p,/root/datasets_mask/visdrone/visdrone_20p.yaml,aitod_pretrain.pt,640,32,100,5,mech,,lr005,0,0,0,,2,A_runs_20260929|A_small2_20260927,A_runs_20260929,8ae3dee07a8c7a3d8d003f096870cbc4,1,1,0.1011,0.1886,0.3123,0.2434,0
mech_a_aitodtovis_lr005_200ep_s50n,A,complete,shapeiou,sio_b_results.csv,200,200,102,0.12658,0.23274,0.11876,0.22121,2228.12,0.005,50,42,shuffle,50,visdrone_20p,/root/datasets_mask/visdrone/visdrone_20p.yaml,aitod_pretrain.pt,640,32,100,5,mech,,lr005,0,0,0,,2,A_runs_20260929|A_small2_20260927,A_runs_20260929,5507b4d39456de95952d51d63800b6da,1,1,0.1018,0.1914,0.2999,0.2501,0
mech_a_aitodtovis_lr005_200ep_s51n,A,complete,shapeiou,sio_b_results.csv,200,200,146,0.12513,0.23078,0.11906,0.2226,2254.19,0.005,51,42,shuffle,51,visdrone_20p,/root/datasets_mask/visdrone/visdrone_20p.yaml,aitod_pretrain.pt,640,32,100,5,mech,,lr005,0,0,0,,2,A_runs_20260929|A_small2_20260927,A_runs_20260929,2e81522e51690f07145efdf1a8abb2a9,1,1,0.1003,0.1886,0.3221,0.2423,1
mechctl_a_5ep_s42,A,complete,shapeiou,sio_b_results.csv,5,5,5,0.0448,0.0836,0.0448,0.0836,60.3098,0.001,42,42,torch,42,visdrone_20p,/root/datasets_mask/visdrone/visdrone_20p.yaml,aitod_pretrain.pt,640,32,100,5,mechctl,,,0,0,0,,2,A_runs_20260929|A_small2_20260927,A_runs_20260929,29db005feef2f075823c4b09e33cae38,1,1,0.0448,0.0833,0.3202,0.1251,0
mende_sns_base100ep_s43n,A,complete,sns,A_sio_b_results.csv,100,100,23,0.69625,0.95943,0.67616,0.94052,783.58,0.001,43,42,shuffle,43,mende_20p,/root/datasets_mask/mendeley_yolo/mende_20p.yaml,mafa_pretrain.pt,640,32,100,5,mende,,base,0,0,0,,1,P1supp_A_20261002,P1supp_A_20261002,fe83a4219627bf6c86e50cd07fb59388,1,0,0.6963,0.9594,0.9091,0.9321,0
mende_sns_base100ep_s46n,A,complete,sns,A_sio_b_results.csv,100,100,12,0.70385,0.95236,0.67679,0.94356,773.533,0.001,46,42,shuffle,46,mende_20p,/root/datasets_mask/mendeley_yolo/mende_20p.yaml,mafa_pretrain.pt,640,32,100,5,mende,,base,0,0,0,,1,P1supp_A_20261002,P1supp_A_20261002,5540309914e90021726e46d27fff99f6,1,0,0.704,0.9523,0.9105,0.9004,0
mende_sns_base100ep_s47n,A,complete,sns,A_sio_b_results.csv,100,100,16,0.70046,0.95814,0.68213,0.95079,788.682,0.001,47,42,shuffle,47,mende_20p,/root/datasets_mask/mendeley_yolo/mende_20p.yaml,mafa_pretrain.pt,640,32,100,5,mende,,base,0,0,0,,1,P1supp_A_20261002,P1supp_A_20261002,6622448e50dfb5db1fefc0e182032b78,1,0,0.7005,0.9582,0.9131,0.9089,0
mende_sns_base100ep_s48n,A,complete,sns,A_sio_b_results.csv,100,100,16,0.6951,0.95991,0.67324,0.94059,1453.6,0.001,48,42,shuffle,48,mende_20p,/root/datasets_mask/mendeley_yolo/mende_20p.yaml,mafa_pretrain.pt,640,32,100,5,mende,,base,0,0,0,,1,P1supp_A_20261002,P1supp_A_20261002,ca36f9d55d22bc760c8ddaa2e9d05c34,1,0,0.6952,0.9599,0.9053,0.9316,0
mende_sns_base100ep_s49n,A,complete,sns,A_sio_b_results.csv,100,100,24,0.69791,0.96027,0.67071,0.94078,2604.01,0.001,49,42,shuffle,49,mende_20p,/root/datasets_mask/mendeley_yolo/mende_20p.yaml,mafa_pretrain.pt,640,32,100,5,mende,,base,0,0,0,,1,P1supp_A_20261002,P1supp_A_20261002,b057467f3aa03f35caa628218c5eca88,1,0,0.698,0.9603,0.9315,0.9217,0
mende_sns_base100ep_s50n,A,complete,sns,A_sio_b_results.csv,100,100,21,0.69701,0.95116,0.67261,0.93865,2450.58,0.001,50,42,shuffle,50,mende_20p,/root/datasets_mask/mendeley_yolo/mende_20p.yaml,mafa_pretrain.pt,640,32,100,5,mende,,base,0,0,0,,1,P1supp_A_20261002,P1supp_A_20261002,52b480ff90313d3f45e8ada827f49d2c,1,0,0.6967,0.9511,0.932,0.8995,0
mende_sns_base100ep_s51n,A,complete,sns,A_sio_b_results.csv,100,100,11,0.69614,0.94886,0.67994,0.94498,1734.07,0.001,51,42,shuffle,51,mende_20p,/root/datasets_mask/mendeley_yolo/mende_20p.yaml,mafa_pretrain.pt,640,32,100,5,mende,,base,0,0,0,,1,P1supp_A_20261002,P1supp_A_20261002,d4e8bf06e0a4f6096a47455e559f9c3a,1,0,0.6963,0.9488,0.9185,0.9004,0
mende_sns_lr005_100ep_s43n,A,complete,sns,A_sio_b_results.csv,100,100,83,0.68694,0.94377,0.67729,0.93719,811.651,0.005,43,42,shuffle,43,mende_20p,/root/datasets_mask/mendeley_yolo/mende_20p.yaml,mafa_pretrain.pt,640,32,100,5,mende,,lr005,0,0,0,,1,P1supp_A_20261002,P1supp_A_20261002,0e27830507eb82519215467c38190f60,1,0,0.6869,0.9438,0.9303,0.8919,0
mende_sns_lr005_100ep_s46n,A,complete,sns,A_sio_b_results.csv,100,100,89,0.68943,0.94479,0.67815,0.9386,792.525,0.005,46,42,shuffle,46,mende_20p,/root/datasets_mask/mendeley_yolo/mende_20p.yaml,mafa_pretrain.pt,640,32,100,5,mende,,lr005,0,0,0,,1,P1supp_A_20261002,P1supp_A_20261002,5521d424c0d8a11fc1655b33cd5b1751,1,0,0.6895,0.9449,0.9455,0.9025,0
mende_sns_lr005_100ep_s47n,A,complete,sns,A_sio_b_results.csv,100,100,55,0.69931,0.95433,0.67959,0.94041,796.269,0.005,47,42,shuffle,47,mende_20p,/root/datasets_mask/mendeley_yolo/mende_20p.yaml,mafa_pretrain.pt,640,32,100,5,mende,,lr005,0,0,0,,1,P1supp_A_20261002,P1supp_A_20261002,b80ab3f22637f91ecad22675fe761f9b,1,0,0.699,0.9544,0.9517,0.8983,0
mende_sns_lr005_100ep_s48n,A,complete,sns,A_sio_b_results.csv,100,100,88,0.68584,0.9492,0.67757,0.94417,1139.45,0.005,48,42,shuffle,48,mende_20p,/root/datasets_mask/mendeley_yolo/mende_20p.yaml,mafa_pretrain.pt,640,32,100,5,mende,,lr005,0,0,0,,1,P1supp_A_20261002,P1supp_A_20261002,5b2c66d782fc529fac794709353e6d9f,1,0,0.6858,0.9492,0.9316,0.8939,0
mende_sns_lr005_100ep_s49n,A,complete,sns,A_sio_b_results.csv,100,100,72,0.69789,0.95568,0.68938,0.94967,2612.71,0.005,49,42,shuffle,49,mende_20p,/root/datasets_mask/mendeley_yolo/mende_20p.yaml,mafa_pretrain.pt,640,32,100,5,mende,,lr005,0,0,0,,1,P1supp_A_20261002,P1supp_A_20261002,85fafd4365416d95eb2ee3eb1281f532,1,0,0.6976,0.9558,0.9163,0.9089,0
mende_sns_lr005_100ep_s50n,A,complete,sns,A_sio_b_results.csv,100,100,37,0.68388,0.94189,0.6765,0.94944,2434.56,0.005,50,42,shuffle,50,mende_20p,/root/datasets_mask/mendeley_yolo/mende_20p.yaml,mafa_pretrain.pt,640,32,100,5,mende,,lr005,0,0,0,,1,P1supp_A_20261002,P1supp_A_20261002,6a1884f02952b3a00c5ce0788ac79975,1,0,0.6837,0.9418,0.9274,0.8856,0
mende_sns_lr005_100ep_s51n,A,complete,sns,A_sio_b_results.csv,100,100,64,0.68957,0.94249,0.67186,0.92914,1999.48,0.005,51,42,shuffle,51,mende_20p,/root/datasets_mask/mendeley_yolo/mende_20p.yaml,mafa_pretrain.pt,640,32,100,5,mende,,lr005,0,0,0,,1,P1supp_A_20261002,P1supp_A_20261002,bdd4142e1250a01dea05101d57f272ea,1,0,0.6902,0.9423,0.9299,0.8997,0
mendein_base100_s43n,A,complete,shapeiou,sio_b_results.csv,100,100,3,0.73155,0.97056,0.70336,0.95307,732.461,0.001,43,42,shuffle,43,mende_20p,/root/datasets_mask/mendeley_yolo/mende_20p.yaml,mendein_pretrain.pt,640,32,100,5,mendein,,base,0,0,0,,2,A_runs_20260929|A_small2_20260927,A_runs_20260929,f3fc6680db7e8b068260b383dd0b1fdd,1,1,0.7312,0.9706,0.9306,0.9258,0
mendein_base100_s44n,A,complete,shapeiou,sio_b_results.csv,100,100,2,0.72986,0.96529,0.68418,0.93162,673.715,0.001,44,42,shuffle,44,mende_20p,/root/datasets_mask/mendeley_yolo/mende_20p.yaml,mendein_pretrain.pt,640,32,100,5,mendein,,base,0,0,0,,2,A_runs_20260929|A_small2_20260927,A_runs_20260929,6ae2a43c6e1784d23f455cc405617a4c,1,1,0.7303,0.9653,0.9184,0.9299,0
mendein_pws_100ep_s43n,A,complete,pws,sio_b_results.csv,100,100,1,0.72845,0.96071,0.69727,0.94693,666.568,0.001,43,42,shuffle,43,mende_20p,/root/datasets_mask/mendeley_yolo/mende_20p.yaml,mendein_pretrain.pt,640,32,100,5,mendein,,,0,0,0,,2,A_runs_20260929|A_small2_20260927,A_runs_20260929,1056daf937a88be4a76cf0414b40bc48,1,1,0.7285,0.9608,0.9501,0.8879,0
mendein_pws_100ep_s44n,A,complete,pws,sio_b_results.csv,100,100,2,0.73234,0.966,0.68743,0.9436,670.378,0.001,44,42,shuffle,44,mende_20p,/root/datasets_mask/mendeley_yolo/mende_20p.yaml,mendein_pretrain.pt,640,32,100,5,mendein,,,0,0,0,,2,A_runs_20260929|A_small2_20260927,A_runs_20260929,2a2b103625a694a2d378ee266f3d601c,1,1,0.7316,0.966,0.9166,0.932,0
mendein_pws_base100ep_s46n,A,complete,pws,A_sio_b_results.csv,100,100,4,0.72149,0.96878,0.69725,0.93643,740.441,0.001,46,42,shuffle,46,mende_20p,/root/datasets_mask/mendeley_yolo/mende_20p.yaml,mendein_pretrain.pt,640,32,100,5,mendein,,base,0,0,0,,1,P1supp_A_20261002,P1supp_A_20261002,185c6fd853cd222eaa76b77890d059d3,1,0,0.7215,0.9688,0.9218,0.9246,0
mendein_pws_base100ep_s47n,A,complete,pws,A_sio_b_results.csv,100,100,1,0.72877,0.96027,0.68951,0.94069,736.954,0.001,47,42,shuffle,47,mende_20p,/root/datasets_mask/mendeley_yolo/mende_20p.yaml,mendein_pretrain.pt,640,32,100,5,mendein,,base,0,0,0,,1,P1supp_A_20261002,P1supp_A_20261002,507ca3684fea86e81583c0d6cf93d3fc,1,0,0.7292,0.9602,0.9466,0.9009,0
mendein_pws_base100ep_s48n,A,complete,pws,A_sio_b_results.csv,100,100,1,0.72129,0.95147,0.68782,0.94295,781.013,0.001,48,42,shuffle,48,mende_20p,/root/datasets_mask/mendeley_yolo/mende_20p.yaml,mendein_pretrain.pt,640,32,100,5,mendein,,base,0,0,0,,1,P1supp_A_20261002,P1supp_A_20261002,031d3fc4aa8b9afdeac1fc2abfcd4076,1,0,0.721,0.9515,0.9242,0.9047,0
mendein_pws_base100ep_s49n,A,complete,pws,A_sio_b_results.csv,100,100,1,0.72676,0.95874,0.69149,0.93494,765.804,0.001,49,42,shuffle,49,mende_20p,/root/datasets_mask/mendeley_yolo/mende_20p.yaml,mendein_pretrain.pt,640,32,100,5,mendein,,base,0,0,0,,1,P1supp_A_20261002,P1supp_A_20261002,ec234204a1f407cd0e866a15fc3c0060,1,0,0.7273,0.9588,0.9136,0.9174,0
mendein_pws_base100ep_s50n,A,complete,pws,A_sio_b_results.csv,100,100,1,0.7286,0.95679,0.69491,0.9416,760.748,0.001,50,42,shuffle,50,mende_20p,/root/datasets_mask/mendeley_yolo/mende_20p.yaml,mendein_pretrain.pt,640,32,100,5,mendein,,base,0,0,0,,1,P1supp_A_20261002,P1supp_A_20261002,12299f69441f074b1400ecb201511a0d,1,0,0.7286,0.9567,0.9347,0.8962,0
mendein_pws_base100ep_s51n,A,complete,pws,A_sio_b_results.csv,100,100,1,0.72717,0.95887,0.68535,0.92829,770.412,0.001,51,42,shuffle,51,mende_20p,/root/datasets_mask/mendeley_yolo/mende_20p.yaml,mendein_pretrain.pt,640,32,100,5,mendein,,base,0,0,0,,1,P1supp_A_20261002,P1supp_A_20261002,62034d5e0063193b54fec0c4bfa73504,1,0,0.7274,0.9589,0.908,0.9174,0
mendein_pws_lr005_100ep_s46n,A,complete,pws,A_sio_b_results.csv,100,100,1,0.71469,0.95396,0.67696,0.9407,723.483,0.005,46,42,shuffle,46,mende_20p,/root/datasets_mask/mendeley_yolo/mende_20p.yaml,mendein_pretrain.pt,640,32,100,5,mendein,,lr005,0,0,0,,1,P1supp_A_20261002,P1supp_A_20261002,9cfb5b00cf778ae01df129fe82ba264a,1,0,0.7147,0.954,0.9361,0.8999,0
mendein_pws_lr005_100ep_s47n,A,complete,pws,A_sio_b_results.csv,100,100,1,0.71717,0.96654,0.68091,0.93453,735.999,0.005,47,42,shuffle,47,mende_20p,/root/datasets_mask/mendeley_yolo/mende_20p.yaml,mendein_pretrain.pt,640,32,100,5,mendein,,lr005,0,0,0,,1,P1supp_A_20261002,P1supp_A_20261002,a948d6cbc8e351e243fceece96dff5fe,1,0,0.7177,0.9665,0.9614,0.9025,0
mendein_pws_lr005_100ep_s48n,A,complete,pws,A_sio_b_results.csv,100,100,1,0.70451,0.94502,0.68007,0.93672,745.185,0.005,48,42,shuffle,48,mende_20p,/root/datasets_mask/mendeley_yolo/mende_20p.yaml,mendein_pretrain.pt,640,32,100,5,mendein,,lr005,0,0,0,,1,P1supp_A_20261002,P1supp_A_20261002,690174302d10f55e3a5d1c300dce77ba,1,0,0.7051,0.9451,0.9409,0.8729,0
mendein_pws_lr005_100ep_s49n,A,complete,pws,A_sio_b_results.csv,100,100,1,0.72566,0.95914,0.67091,0.93449,795.037,0.005,49,42,shuffle,49,mende_20p,/root/datasets_mask/mendeley_yolo/mende_20p.yaml,mendein_pretrain.pt,640,32,100,5,mendein,,lr005,0,0,0,,1,P1supp_A_20261002,P1supp_A_20261002,94b15bc7a0de465760a1c9d4aa3d70a8,1,0,0.7256,0.9591,0.9359,0.9004,0
mendein_pws_lr005_100ep_s50n,A,complete,pws,A_sio_b_results.csv,100,100,1,0.70963,0.94894,0.6869,0.94998,750.28,0.005,50,42,shuffle,50,mende_20p,/root/datasets_mask/mendeley_yolo/mende_20p.yaml,mendein_pretrain.pt,640,32,100,5,mendein,,lr005,0,0,0,,1,P1supp_A_20261002,P1supp_A_20261002,8432a01ca6ec06cefc41b6aa452238d0,1,0,0.71,0.949,0.9416,0.8875,0
mendein_pws_lr005_100ep_s51n,A,complete,pws,A_sio_b_results.csv,100,100,1,0.71249,0.95575,0.68541,0.9483,802.135,0.005,51,42,shuffle,51,mende_20p,/root/datasets_mask/mendeley_yolo/mende_20p.yaml,mendein_pretrain.pt,640,32,100,5,mendein,,lr005,0,0,0,,1,P1supp_A_20261002,P1supp_A_20261002,d446e6968f1cb39b9645a0cc087c96df,1,0,0.7128,0.9557,0.9496,0.879,0
ns30_s42n,A,complete,shapeiou,sio_b_results.csv,30,30,30,0.42094,0.71913,0.42094,0.71913,781.207,0.001,42,42,shuffle,42,sfchd_20p_b,/root/sfchd_20p_b.yaml,shwd2sf_pretrain.pt,640,32,100,5,ns30,,,0,0,0,,2,A_runs_20260929|A_small2_20260927,A_runs_20260929,43cf01ac44a6c22220e3bceeeefff747,1,1,0.4209,0.7191,0.8331,0.6608,0
ns50_s42n,A,interrupted,,,50,47,35,0.43311,0.73402,0.42404,0.71871,1280.12,0.001,42,42,shuffle,42,sfchd_20p_b,/root/sfchd_20p_b.yaml,shwd2sf_pretrain.pt,640,32,100,5,ns50,,,0,0,0,,2,A_runs_20260929|A_small2_20260927,A_runs_20260929,07a2992dc6a3f9a4fc0e6847cd33a28f,1,1,,,,,0
oldenv_dv_10p_base_s43n,A,complete,,,100,100,83,0.09059,0.15162,0.08725,0.14585,895.147,0.001,43,42,shuffle,43,dota15_10p,/root/datasets_mask/dota15_yolo/dota15_10p.yaml,visdrone_pretrain.pt,640,32,100,5,oldenv,10,base,0,0,0,,2,A_runs_20260929|A_small2_20260927,A_runs_20260929,b1fcfb6e2368f1385a3f7ab0821e9221,1,1,,,,,0
oldenv_dv_10p_base_s44n,A,complete,,,100,100,88,0.09075,0.15362,0.08723,0.14598,1162.47,0.001,44,42,shuffle,44,dota15_10p,/root/datasets_mask/dota15_yolo/dota15_10p.yaml,visdrone_pretrain.pt,640,32,100,5,oldenv,10,base,0,0,0,,2,A_runs_20260929|A_small2_20260927,A_runs_20260929,7ea2a1f00c016e403e02fec8b3787961,1,1,,,,,0
oldenv_dv_10p_base_s45n,A,complete,,,100,100,84,0.09083,0.15243,0.08774,0.14648,1308.47,0.001,45,42,shuffle,45,dota15_10p,/root/datasets_mask/dota15_yolo/dota15_10p.yaml,visdrone_pretrain.pt,640,32,100,5,oldenv,10,base,0,0,0,,2,A_runs_20260929|A_small2_20260927,A_runs_20260929,fcbd5ea732ec811fa2100dc064675891,1,1,,,,,0
oldenv_dv_10p_base_s46n,A,complete,,,100,100,78,0.09076,0.15316,0.08804,0.14756,1437.86,0.001,46,42,shuffle,46,dota15_10p,/root/datasets_mask/dota15_yolo/dota15_10p.yaml,visdrone_pretrain.pt,640,32,100,5,oldenv,10,base,0,0,0,,2,A_runs_20260929|A_small2_20260927,A_runs_20260929,c5c20abee13331a4c1aaf35f503f0dee,1,1,,,,,0
oldenv_dv_10p_base_s47n,A,complete,,,100,100,84,0.09199,0.15352,0.08897,0.14839,1241.02,0.001,47,42,shuffle,47,dota15_10p,/root/datasets_mask/dota15_yolo/dota15_10p.yaml,visdrone_pretrain.pt,640,32,100,5,oldenv,10,base,0,0,0,,2,A_runs_20260929|A_small2_20260927,A_runs_20260929,7a94d2a7c5fe677d2eff92c087d1cef9,1,1,,,,,0
oldenv_dv_10p_base_s48n,A,complete,,,100,100,88,0.09266,0.1564,0.08895,0.14789,1323.0,0.001,48,42,shuffle,48,dota15_10p,/root/datasets_mask/dota15_yolo/dota15_10p.yaml,visdrone_pretrain.pt,640,32,100,5,oldenv,10,base,0,0,0,,2,A_runs_20260929|A_small2_20260927,A_runs_20260929,d2a31ca540a155e1d19426d2c9b0adca,1,1,,,,,0
oldenv_dv_10p_lr005_s43n,A,complete,,,100,100,91,0.10827,0.1776,0.10578,0.17517,1026.09,0.005,43,42,shuffle,43,dota15_10p,/root/datasets_mask/dota15_yolo/dota15_10p.yaml,visdrone_pretrain.pt,640,32,100,5,oldenv,10,lr005,0,0,0,,2,A_runs_20260929|A_small2_20260927,A_runs_20260929,e0775b23e5fd056de797065e439dfa1f,1,1,,,,,0
oldenv_dv_10p_lr005_s44n,A,complete,,,100,100,83,0.10751,0.17699,0.1055,0.17609,1383.99,0.005,44,42,shuffle,44,dota15_10p,/root/datasets_mask/dota15_yolo/dota15_10p.yaml,visdrone_pretrain.pt,640,32,100,5,oldenv,10,lr005,0,0,0,,2,A_runs_20260929|A_small2_20260927,A_runs_20260929,ace026a39ebea84f90abdc70db092841,1,1,,,,,0
oldenv_dv_10p_lr005_s45n,A,complete,,,100,100,87,0.11067,0.18248,0.1096,0.18149,1377.94,0.005,45,42,shuffle,45,dota15_10p,/root/datasets_mask/dota15_yolo/dota15_10p.yaml,visdrone_pretrain.pt,640,32,100,5,oldenv,10,lr005,0,0,0,,2,A_runs_20260929|A_small2_20260927,A_runs_20260929,e2f1da55267a5997d1e5613bda7293f6,1,1,,,,,0
oldenv_dv_10p_lr005_s46n,A,complete,,,100,100,92,0.11,0.18177,0.10762,0.18015,1392.75,0.005,46,42,shuffle,46,dota15_10p,/root/datasets_mask/dota15_yolo/dota15_10p.yaml,visdrone_pretrain.pt,640,32,100,5,oldenv,10,lr005,0,0,0,,2,A_runs_20260929|A_small2_20260927,A_runs_20260929,c26410c22a05233e221212997cb76c39,1,1,,,,,0
oldenv_dv_10p_lr005_s47n,A,complete,,,100,100,94,0.10899,0.17866,0.10781,0.17529,1338.68,0.005,47,42,shuffle,47,dota15_10p,/root/datasets_mask/dota15_yolo/dota15_10p.yaml,visdrone_pretrain.pt,640,32,100,5,oldenv,10,lr005,0,0,0,,2,A_runs_20260929|A_small2_20260927,A_runs_20260929,e76623a49c03827cc5efd7ef724fd960,1,1,,,,,0
oldenv_dv_50p_base_s43n,A,complete,,,100,100,89,0.1658,0.27213,0.15978,0.26328,2034.29,0.001,43,42,shuffle,43,dota15_50p,/root/datasets_mask/dota15_yolo/dota15_50p.yaml,visdrone_pretrain.pt,640,32,100,5,oldenv,50,base,0,0,0,,2,A_runs_20260929|A_small2_20260927,A_runs_20260929,5ad2ce5ff11fd29e05c3942af4bdeafb,1,1,,,,,0
oldenv_dv_50p_base_s44n,A,complete,,,100,100,90,0.16143,0.26563,0.15787,0.25956,2415.29,0.001,44,42,shuffle,44,dota15_50p,/root/datasets_mask/dota15_yolo/dota15_50p.yaml,visdrone_pretrain.pt,640,32,100,5,oldenv,50,base,0,0,0,,2,A_runs_20260929|A_small2_20260927,A_runs_20260929,018f1670fcc7a2ec1177696a7274bc05,1,1,,,,,0
oldenv_dv_50p_base_s45n,A,complete,,,100,100,90,0.16442,0.26839,0.16129,0.26224,2130.7,0.001,45,42,shuffle,45,dota15_50p,/root/datasets_mask/dota15_yolo/dota15_50p.yaml,visdrone_pretrain.pt,640,32,100,5,oldenv,50,base,0,0,0,,2,A_runs_20260929|A_small2_20260927,A_runs_20260929,cdb1b5dbd798e02c3b12005611894f90,1,1,,,,,0
oldenv_dv_50p_lr005_s43n,A,complete,,,100,100,88,0.19761,0.32172,0.19539,0.31951,2208.83,0.005,43,42,shuffle,43,dota15_50p,/root/datasets_mask/dota15_yolo/dota15_50p.yaml,visdrone_pretrain.pt,640,32,100,5,oldenv,50,lr005,0,0,0,,2,A_runs_20260929|A_small2_20260927,A_runs_20260929,a153f1376403691d7eb7ffb62b47b7cb,1,1,,,,,0
oldenv_dv_50p_lr005_s44n,A,complete,,,100,100,91,0.19662,0.32338,0.19319,0.31824,2121.55,0.005,44,42,shuffle,44,dota15_50p,/root/datasets_mask/dota15_yolo/dota15_50p.yaml,visdrone_pretrain.pt,640,32,100,5,oldenv,50,lr005,0,0,0,,2,A_runs_20260929|A_small2_20260927,A_runs_20260929,ddcbea30ec88793eca4e2bd1ed8723f2,1,1,,,,,0
oldenv_la_10p_base_s43n,A,complete,,,100,100,79,0.40994,0.70511,0.39513,0.68557,2016.34,0.001,43,42,shuffle,43,sfchd_10p,/root/workspace/data/SFCHD_split/sfchd_10p.yaml,shwd2sf_pretrain.pt,640,32,100,5,oldenv,10,base,0,0,0,,2,A_runs_20260929|A_small2_20260927,A_runs_20260929,573bd73f841513270b478bacdbe72bc9,1,1,,,,,0
oldenv_la_10p_base_s44n,A,complete,,,100,100,90,0.41085,0.70575,0.40085,0.69123,3590.51,0.001,44,42,shuffle,44,sfchd_10p,/root/workspace/data/SFCHD_split/sfchd_10p.yaml,shwd2sf_pretrain.pt,640,32,100,5,oldenv,10,base,0,0,0,,2,A_runs_20260929|A_small2_20260927,A_runs_20260929,7e804456ddb116e15739214466681ff9,1,1,,,,,0
oldenv_la_10p_base_s45n,A,complete,,,100,100,68,0.40894,0.70737,0.39333,0.68498,3669.56,0.001,45,42,shuffle,45,sfchd_10p,/root/workspace/data/SFCHD_split/sfchd_10p.yaml,shwd2sf_pretrain.pt,640,32,100,5,oldenv,10,base,0,0,0,,2,A_runs_20260929|A_small2_20260927,A_runs_20260929,83ba1e1da8406a69fd2027d296fbad4b,1,1,,,,,0
oldenv_la_10p_lr005_s43n,A,complete,,,100,100,84,0.4136,0.7041,0.40711,0.69891,3172.33,0.005,43,42,shuffle,43,sfchd_10p,/root/workspace/data/SFCHD_split/sfchd_10p.yaml,shwd2sf_pretrain.pt,640,32,100,5,oldenv,10,lr005,0,0,0,,2,A_runs_20260929|A_small2_20260927,A_runs_20260929,a1c66bef74f38958e379d8fb167221cb,1,1,,,,,0
oldenv_la_10p_lr005_s44n,A,complete,,,100,100,78,0.40907,0.69859,0.40382,0.68888,3700.82,0.005,44,42,shuffle,44,sfchd_10p,/root/workspace/data/SFCHD_split/sfchd_10p.yaml,shwd2sf_pretrain.pt,640,32,100,5,oldenv,10,lr005,0,0,0,,2,A_runs_20260929|A_small2_20260927,A_runs_20260929,6f7b41e07933f1bafd00f8b1f4c131c1,1,1,,,,,0
oldenv_la_50p_base_s43n,A,complete,,,100,100,74,0.46607,0.7653,0.45785,0.75511,4454.41,0.001,43,42,shuffle,43,sfchd_50p,/root/workspace/data/SFCHD_split/sfchd_50p.yaml,shwd2sf_pretrain.pt,640,32,100,5,oldenv,50,base,0,0,0,,2,A_runs_20260929|A_small2_20260927,A_runs_20260929,1b8e929c169b100a57c174f87d1c9647,1,1,,,,,0
oldenv_la_50p_lr005_s43n,A,complete,,,100,100,82,0.47816,0.78072,0.47302,0.77284,10858.1,0.005,43,42,shuffle,43,sfchd_50p,/root/workspace/data/SFCHD_split/sfchd_50p.yaml,shwd2sf_pretrain.pt,640,32,100,5,oldenv,50,lr005,0,0,0,,2,A_runs_20260929|A_small2_20260927,A_runs_20260929,dac4290e0224dd00b2b3e16bd7593259,1,1,,,,,0
r10_aitod20_base30_3way_s42n,A,complete,shapeiou,sio_b_results.csv,30,30,2,0.14621,0.32927,0.13835,0.31716,749.018,0.001,42,42,shuffle,42,aitod20_3way,/root/datasets/AI-TOD_yolo/aitod20_3way.yaml,aitod_pretrain.pt,640,32,100,5,r10,,base,1,0,0,B,2,A_runs_20260929|A_small2_20260927,A_runs_20260929,e87254d0f62a3f0cca46ca422c20c292,1,1,0.1021,0.2551,0.6084,0.2705,0
r10_aitod20_base30_3way_s43n,A,complete,shapeiou,sio_b_results.csv,30,30,2,0.14449,0.32638,0.14025,0.31386,1119.21,0.001,43,42,shuffle,43,aitod20_3way,/root/datasets/AI-TOD_yolo/aitod20_3way.yaml,aitod_pretrain.pt,640,32,100,5,r10,,base,1,0,0,,2,A_runs_20260929|A_small2_20260927,A_runs_20260929,740af609a81c01d9b2bc702ce99e36f7,1,1,0.1041,0.2601,0.6005,0.2673,0
r10_aitod20_base30_3way_s44n,A,complete,shapeiou,sio_b_results.csv,30,30,2,0.1447,0.32628,0.1359,0.31368,875.098,0.001,44,42,shuffle,44,aitod20_3way,/root/datasets/AI-TOD_yolo/aitod20_3way.yaml,aitod_pretrain.pt,640,32,100,5,r10,,base,1,0,0,,2,A_runs_20260929|A_small2_20260927,A_runs_20260929,935dd86d2f9015d761b7a5056984a130,1,1,0.1057,0.2592,0.6045,0.2705,0
r10_aitod20_base30_3way_s45n,A,complete,shapeiou,sio_b_results.csv,30,30,1,0.14165,0.33192,0.13785,0.31432,511.326,0.001,45,42,shuffle,45,aitod20_3way,/root/datasets/AI-TOD_yolo/aitod20_3way.yaml,aitod_pretrain.pt,640,32,100,5,r10,,base,1,0,0,,2,A_runs_20260929|A_small2_20260927,A_runs_20260929,6349e3df25cc966216809551764b8876,1,1,0.1043,0.2581,0.6048,0.2655,0
r10_aitod20_base30_3way_s46n,A,complete,shapeiou,sio_b_results.csv,30,30,1,0.14214,0.33248,0.13639,0.31314,510.142,0.001,46,42,shuffle,46,aitod20_3way,/root/datasets/AI-TOD_yolo/aitod20_3way.yaml,aitod_pretrain.pt,640,32,100,5,r10,,base,1,0,0,,2,A_runs_20260929|A_small2_20260927,A_runs_20260929,c6edb4ca331eee8df2b436c061551341,1,1,0.1034,0.2579,0.5963,0.2673,0
r10_aitod20_base30_3way_s47n,A,complete,shapeiou,sio_b_results.csv,30,30,1,0.1476,0.34134,0.13282,0.31184,511.295,0.001,47,42,shuffle,47,aitod20_3way,/root/datasets/AI-TOD_yolo/aitod20_3way.yaml,aitod_pretrain.pt,640,32,100,5,r10,,base,1,0,0,,2,A_runs_20260929|A_small2_20260927,A_runs_20260929,9b58e049d6576fcd2aa846c3e6171841,1,1,0.1054,0.2606,0.5909,0.2736,0
r10_aitod20_base30_3way_s48n,A,complete,shapeiou,sio_b_results.csv,30,30,2,0.14772,0.3303,0.14049,0.32031,510.879,0.001,48,42,shuffle,48,aitod20_3way,/root/datasets/AI-TOD_yolo/aitod20_3way.yaml,aitod_pretrain.pt,640,32,100,5,r10,,base,1,0,0,,2,A_runs_20260929|A_small2_20260927,A_runs_20260929,ae11ccd0ba9f522a70311ade2affe45d,1,1,0.1056,0.2603,0.6109,0.2707,0
r10_aitod20_base30_3way_s49n,A,complete,shapeiou,sio_b_results.csv,30,30,7,0.1478,0.31728,0.14,0.3215,504.333,0.001,49,42,shuffle,49,aitod20_3way,/root/datasets/AI-TOD_yolo/aitod20_3way.yaml,aitod_pretrain.pt,640,32,100,5,r10,,base,1,0,0,,2,A_runs_20260929|A_small2_20260927,A_runs_20260929,2c90f59923071bd79697c007e4053073,1,1,0.0982,0.2476,0.45,0.2629,0
r10_aitod20_base30_3way_s50n,A,complete,shapeiou,sio_b_results.csv,30,30,2,0.14627,0.32883,0.13261,0.31234,508.659,0.001,50,42,shuffle,50,aitod20_3way,/root/datasets/AI-TOD_yolo/aitod20_3way.yaml,aitod_pretrain.pt,640,32,100,5,r10,,base,1,0,0,,2,A_runs_20260929|A_small2_20260927,A_runs_20260929,e123c48ae7f9bf3e48e8261f6d151b30,1,1,0.1062,0.2642,0.5931,0.2799,0
r10_aitod20_base30_3way_s51n,A,complete,shapeiou,sio_b_results.csv,30,30,24,0.14606,0.32323,0.14337,0.31947,510.089,0.001,51,42,shuffle,51,aitod20_3way,/root/datasets/AI-TOD_yolo/aitod20_3way.yaml,aitod_pretrain.pt,640,32,100,5,r10,,base,1,0,0,,2,A_runs_20260929|A_small2_20260927,A_runs_20260929,3b033070ac23588e62fbfbc7a7ee9ce1,1,1,0.1074,0.2613,0.356,0.2705,0
r10_aitod20_lr005_30ep_3way_s42n,A,complete,shapeiou,sio_b_results.csv,30,30,21,0.12639,0.28367,0.12189,0.28957,1315.93,0.005,42,42,shuffle,42,aitod20_3way,/root/datasets/AI-TOD_yolo/aitod20_3way.yaml,aitod_pretrain.pt,640,32,100,5,r10,,lr005,1,0,0,,2,A_runs_20260929|A_small2_20260927,A_runs_20260929,f122427cfce121f302d5a35ebf6f2fde,1,1,0.0899,0.2281,0.3564,0.2335,0
r10_aitod20_lr005_30ep_3way_s43n,A,complete,shapeiou,sio_b_results.csv,30,30,25,0.11787,0.27958,0.11446,0.27782,1081.21,0.005,43,42,shuffle,43,aitod20_3way,/root/datasets/AI-TOD_yolo/aitod20_3way.yaml,aitod_pretrain.pt,640,32,100,5,r10,,lr005,1,0,0,,2,A_runs_20260929|A_small2_20260927,A_runs_20260929,c1e65d1e5c7eaf2ee79b01a4900a478e,1,1,0.0954,0.2391,0.3484,0.2457,0
r10_aitod20_lr005_30ep_3way_s44n,A,complete,shapeiou,sio_b_results.csv,30,30,30,0.11952,0.28503,0.11952,0.28503,709.985,0.005,44,42,shuffle,44,aitod20_3way,/root/datasets/AI-TOD_yolo/aitod20_3way.yaml,aitod_pretrain.pt,640,32,100,5,r10,,lr005,1,0,0,,2,A_runs_20260929|A_small2_20260927,A_runs_20260929,4d9b35c763a282a164d3599d8019eb23,1,1,0.0994,0.2456,0.3538,0.2507,0
r10_aitod20_lr005_30ep_3way_s45n,A,complete,shapeiou,sio_b_results.csv,30,30,1,0.11724,0.29276,0.11348,0.28332,515.378,0.005,45,42,shuffle,45,aitod20_3way,/root/datasets/AI-TOD_yolo/aitod20_3way.yaml,aitod_pretrain.pt,640,32,100,5,r10,,lr005,1,0,0,,2,A_runs_20260929|A_small2_20260927,A_runs_20260929,2f1f31ebc02d32f9bf154bde2ef6ce0c,1,1,0.0844,0.2301,0.6966,0.2449,0
r10_aitod20_lr005_30ep_3way_s45n_PARTIAL_09200932,A,interrupted,shapeiou,sio_b_results.csv,30,11,1,0.11911,0.29504,0.08397,0.22099,689.671,0.005,,42,none,42,aitod20_3way,/root/datasets/AI-TOD_yolo/aitod20_3way.yaml,aitod_pretrain.pt,640,32,100,5,r10,,lr005,1,0,0,,2,A_runs_20260929|A_small2_20260927,A_runs_20260929,7f61addbeee6282542de5368a3191afb,1,1,0.0844,0.2301,0.6966,0.2449,0
r10_aitod20_lr005_30ep_3way_s46n,A,complete,shapeiou,sio_b_results.csv,30,30,1,0.13002,0.3066,0.11068,0.28267,965.222,0.005,46,42,shuffle,46,aitod20_3way,/root/datasets/AI-TOD_yolo/aitod20_3way.yaml,aitod_pretrain.pt,640,32,100,5,r10,,lr005,1,0,0,,2,A_runs_20260929|A_small2_20260927,A_runs_20260929,e83b38e63af08defacd214b2d4b104a8,1,1,0.0989,0.2432,0.4482,0.2547,0
r10_aitod20_lr005_30ep_3way_s47n,A,complete,shapeiou,sio_b_results.csv,30,30,1,0.13219,0.31505,0.11763,0.28585,516.532,0.005,47,42,shuffle,47,aitod20_3way,/root/datasets/AI-TOD_yolo/aitod20_3way.yaml,aitod_pretrain.pt,640,32,100,5,r10,,lr005,1,0,0,,2,A_runs_20260929|A_small2_20260927,A_runs_20260929,4043b79b7ebfa4573fba139f62e19310,1,1,0.0913,0.2397,0.7179,0.256,0
r10_aitod20_lr005_30ep_3way_s47n_PARTIAL_09200932,A,interrupted,shapeiou,sio_b_results.csv,30,23,1,0.12755,0.30963,0.11293,0.26801,1307.23,0.005,,42,none,42,aitod20_3way,/root/datasets/AI-TOD_yolo/aitod20_3way.yaml,aitod_pretrain.pt,640,32,100,5,r10,,lr005,1,0,0,,2,A_runs_20260929|A_small2_20260927,A_runs_20260929,ccaceaf328f15844c168cd27ba5f8f13,1,1,0.0913,0.2397,0.7179,0.256,0
r10_aitod20_lr005_30ep_3way_s47n_oomfix,A,complete,shapeiou,sio_b_results.csv,30,30,1,0.12699,0.30331,0.1048,0.27223,636.357,0.005,,42,none,42,aitod20_3way,/root/datasets/AI-TOD_yolo/aitod20_3way.yaml,aitod_pretrain.pt,640,32,100,5,r10,,lr005,1,0,0,,2,A_runs_20260929|A_small2_20260927,A_runs_20260929,627cebecaf3a4502d06bb5f0f33a6c0e,1,1,0.0929,0.2381,0.6046,0.2485,0
r10_aitod20_lr005_30ep_3way_s48n,A,complete,shapeiou,sio_b_results.csv,30,30,1,0.11766,0.29662,0.10938,0.26463,1430.02,0.005,48,42,shuffle,48,aitod20_3way,/root/datasets/AI-TOD_yolo/aitod20_3way.yaml,aitod_pretrain.pt,640,32,100,5,r10,,lr005,1,0,0,,2,A_runs_20260929|A_small2_20260927,A_runs_20260929,0862c5fa3a5d1707df48898b37566f15,1,1,0.09,0.2341,0.5925,0.2555,0
r10_aitod20_lr005_30ep_3way_s49n,A,complete,shapeiou,sio_b_results.csv,30,30,1,0.12569,0.29866,0.11324,0.28813,516.561,0.005,49,42,shuffle,49,aitod20_3way,/root/datasets/AI-TOD_yolo/aitod20_3way.yaml,aitod_pretrain.pt,640,32,100,5,r10,,lr005,1,0,0,,2,A_runs_20260929|A_small2_20260927,A_runs_20260929,264513191c54708b110b8271785f65db,1,1,0.0896,0.2346,0.6831,0.2569,0
r10_aitod20_lr005_30ep_3way_s49n_PARTIAL_09200932,A,interrupted,shapeiou,sio_b_results.csv,30,6,1,0.12922,0.30387,0.04583,0.1368,362.822,0.005,,42,none,42,aitod20_3way,/root/datasets/AI-TOD_yolo/aitod20_3way.yaml,aitod_pretrain.pt,640,32,100,5,r10,,lr005,1,0,0,,2,A_runs_20260929|A_small2_20260927,A_runs_20260929,dfbd4ee5c05deaefc22777714507f1bd,1,1,0.0896,0.2346,0.6831,0.2569,0
r10_aitod20_lr005_30ep_3way_s50n,A,complete,shapeiou,sio_b_results.csv,30,30,1,0.13816,0.30781,0.10693,0.27733,975.057,0.005,50,42,shuffle,50,aitod20_3way,/root/datasets/AI-TOD_yolo/aitod20_3way.yaml,aitod_pretrain.pt,640,32,100,5,r10,,lr005,1,0,0,,2,A_runs_20260929|A_small2_20260927,A_runs_20260929,1bf5f4ef3b3dc5acee99a6dd66735f9d,1,1,0.0924,0.2422,0.6916,0.2594,0
r10_aitod20_lr005_30ep_3way_s51n,A,complete,shapeiou,sio_b_results.csv,30,30,1,0.12731,0.29527,0.11375,0.28892,524.345,0.005,51,42,shuffle,51,aitod20_3way,/root/datasets/AI-TOD_yolo/aitod20_3way.yaml,aitod_pretrain.pt,640,32,100,5,r10,,lr005,1,0,0,,2,A_runs_20260929|A_small2_20260927,A_runs_20260929,338d713ebbef66806bb5394d7f876ed4,1,1,0.0916,0.2348,0.5988,0.247,0
r10_aitod20_lr005_30ep_3way_s51n_PARTIAL_09200932,A,interrupted,shapeiou,sio_b_results.csv,30,1,1,0.12731,0.29527,0.12731,0.29527,44.0026,0.005,,42,none,42,aitod20_3way,/root/datasets/AI-TOD_yolo/aitod20_3way.yaml,aitod_pretrain.pt,640,32,100,5,r10,,lr005,1,0,0,,2,A_runs_20260929|A_small2_20260927,A_runs_20260929,966ab863288a7bce0a6aefbd309407cd,1,1,0.0916,0.2348,0.5988,0.247,0
r10_d15d15_base30_3way_s42n,A,complete,shapeiou,sio_b_results.csv,30,30,1,0.30722,0.45824,0.28447,0.43525,199.909,0.001,42,42,shuffle,42,dota15_20p_3way,/root/datasets_mask/dota15_yolo/dota15_20p_3way.yaml,dota15_pretrain.pt,640,32,100,5,r10,,base,1,0,0,,2,A_runs_20260929|A_small2_20260927,A_runs_20260929,ee1eb03748065025c6e6f1f4261416b0,1,1,0.1523,0.249,0.5705,0.2671,0
r10_d15d15_base30_3way_s42n_OOMKILLED_0842,A,interrupted,,,30,14,1,0.30717,0.45824,0.29613,0.45403,966.144,0.001,,42,none,42,dota15_20p_3way,/root/datasets_mask/dota15_yolo/dota15_20p_3way.yaml,dota15_pretrain.pt,640,32,100,5,r10,,base,1,0,0,,2,A_runs_20260929|A_small2_20260927,A_runs_20260929,e905b8079ad9485414649826e44af7e5,1,1,,,,,0
r10_d15d15_base30_3way_s43n,A,complete,shapeiou,sio_b_results.csv,30,30,1,0.30621,0.45582,0.28164,0.43246,335.569,0.001,43,42,shuffle,43,dota15_20p_3way,/root/datasets_mask/dota15_yolo/dota15_20p_3way.yaml,dota15_pretrain.pt,640,32,100,5,r10,,base,1,0,0,,2,A_runs_20260929|A_small2_20260927,A_runs_20260929,164ff465fc3a6b0d81de78b5c77416d9,1,1,0.1518,0.2471,0.5615,0.2628,0
r10_d15d15_base30_3way_s44n,A,complete,shapeiou,sio_b_results.csv,30,30,1,0.30378,0.45311,0.28734,0.44007,1082.76,0.001,44,42,shuffle,44,dota15_20p_3way,/root/datasets_mask/dota15_yolo/dota15_20p_3way.yaml,dota15_pretrain.pt,640,32,100,5,r10,,base,1,0,0,,2,A_runs_20260929|A_small2_20260927,A_runs_20260929,3dd607315322048587ba49818937b11c,1,1,0.151,0.2477,0.5676,0.2652,0
r10_d15d15_base30_3way_s45n,A,complete,shapeiou,sio_b_results.csv,30,30,1,0.30785,0.45698,0.28337,0.42946,941.073,0.001,45,42,shuffle,45,dota15_20p_3way,/root/datasets_mask/dota15_yolo/dota15_20p_3way.yaml,dota15_pretrain.pt,640,32,100,5,r10,,base,1,0,0,,2,A_runs_20260929|A_small2_20260927,A_runs_20260929,f1dd2e606d99e405018670e6fad53b30,1,1,0.1535,0.2492,0.5807,0.2649,0
r10_d15d15_base30_3way_s46n,A,complete,shapeiou,sio_b_results.csv,30,30,1,0.30443,0.45387,0.28413,0.43404,1176.24,0.001,46,42,shuffle,46,dota15_20p_3way,/root/datasets_mask/dota15_yolo/dota15_20p_3way.yaml,dota15_pretrain.pt,640,32,100,5,r10,,base,1,0,0,,2,A_runs_20260929|A_small2_20260927,A_runs_20260929,efa76ff1e419d08ec6501e62fc6433e5,1,1,0.1515,0.2473,0.548,0.27,0
r10_d15d15_base30_3way_s46n_oomfix,A,complete,shapeiou,sio_b_results.csv,30,30,1,0.3044,0.45388,0.28302,0.43257,268.684,0.001,,42,none,42,dota15_20p_3way,/root/datasets_mask/dota15_yolo/dota15_20p_3way.yaml,dota15_pretrain.pt,640,32,100,5,r10,,base,1,0,0,,2,A_runs_20260929|A_small2_20260927,A_runs_20260929,cc7a14021492d3770642b792dcdf698a,1,1,0.1515,0.2472,0.548,0.2701,0
r10_d15d15_base30_3way_s47n,A,complete,shapeiou,sio_b_results.csv,30,30,1,0.30413,0.4552,0.28906,0.43996,950.806,0.001,47,42,shuffle,47,dota15_20p_3way,/root/datasets_mask/dota15_yolo/dota15_20p_3way.yaml,dota15_pretrain.pt,640,32,100,5,r10,,base,1,0,0,,2,A_runs_20260929|A_small2_20260927,A_runs_20260929,647ab715059be33d8fd4a1d0babdc615,1,1,0.1506,0.2478,0.5858,0.2598,0
r10_d15d15_base30_3way_s48n,A,complete,shapeiou,sio_b_results.csv,30,30,1,0.30457,0.45425,0.28588,0.43645,216.411,0.001,48,42,shuffle,48,dota15_20p_3way,/root/datasets_mask/dota15_yolo/dota15_20p_3way.yaml,dota15_pretrain.pt,640,32,100,5,r10,,base,1,0,0,,2,A_runs_20260929|A_small2_20260927,A_runs_20260929,be37d019a5775e00e42cbe4627fa38e2,1,1,0.152,0.2474,0.5504,0.2695,0
r10_d15d15_base30_3way_s49n,A,complete,shapeiou,sio_b_results.csv,30,30,1,0.3066,0.45607,0.28934,0.44165,181.547,0.001,49,42,shuffle,49,dota15_20p_3way,/root/datasets_mask/dota15_yolo/dota15_20p_3way.yaml,dota15_pretrain.pt,640,32,100,5,r10,,base,1,0,0,,2,A_runs_20260929|A_small2_20260927,A_runs_20260929,4178c912aa218eabb14070aa0566a59e,1,1,0.1522,0.2492,0.5524,0.2711,0
r10_d15d15_base30_3way_s50n,A,complete,shapeiou,sio_b_results.csv,30,30,1,0.30653,0.45563,0.28616,0.43644,183.012,0.001,50,42,shuffle,50,dota15_20p_3way,/root/datasets_mask/dota15_yolo/dota15_20p_3way.yaml,dota15_pretrain.pt,640,32,100,5,r10,,base,1,0,0,,2,A_runs_20260929|A_small2_20260927,A_runs_20260929,c80f4b983b1bd9ac1608f40f6c5e8f28,1,1,0.1547,0.2507,0.5759,0.2657,0
r10_d15d15_base30_3way_s51n,A,complete,shapeiou,sio_b_results.csv,30,30,1,0.30456,0.45431,0.28821,0.4405,204.008,0.001,51,42,shuffle,51,dota15_20p_3way,/root/datasets_mask/dota15_yolo/dota15_20p_3way.yaml,dota15_pretrain.pt,640,32,100,5,r10,,base,1,0,0,,2,A_runs_20260929|A_small2_20260927,A_runs_20260929,3138416d06d09bca6ddab265b99ea628,1,1,0.1518,0.2484,0.5766,0.2674,0
r10_d15d15_lr005_30ep_3way_s42n,A,complete,shapeiou,sio_b_results.csv,30,30,1,0.29071,0.43912,0.28922,0.45208,1627.13,0.005,42,42,shuffle,42,dota15_20p_3way,/root/datasets_mask/dota15_yolo/dota15_20p_3way.yaml,dota15_pretrain.pt,640,32,100,5,r10,,lr005,1,0,0,,2,A_runs_20260929|A_small2_20260927,A_runs_20260929,07a58fcaa774557030a5d51b1f913cb9,1,1,0.1425,0.2356,0.6548,0.2548,0
r10_d15d15_lr005_30ep_3way_s42n_oomfix,A,complete,shapeiou,sio_b_results.csv,30,30,1,0.29042,0.43883,0.28908,0.45618,407.983,0.005,,42,none,42,dota15_20p_3way,/root/datasets_mask/dota15_yolo/dota15_20p_3way.yaml,dota15_pretrain.pt,640,32,100,5,r10,,lr005,1,0,0,,2,A_runs_20260929|A_small2_20260927,A_runs_20260929,cd8c5f04af40db83d4437280344884f5,1,1,0.1426,0.236,0.6534,0.2554,0
r10_d15d15_lr005_30ep_3way_s43n,A,complete,shapeiou,sio_b_results.csv,30,30,30,0.28931,0.4626,0.28931,0.4626,352.836,0.005,43,42,shuffle,43,dota15_20p_3way,/root/datasets_mask/dota15_yolo/dota15_20p_3way.yaml,dota15_pretrain.pt,640,32,100,5,r10,,lr005,1,0,0,,2,A_runs_20260929|A_small2_20260927,A_runs_20260929,c64e95fa3d634d6ea044cbfc877c73a7,1,1,0.1557,0.2632,0.6081,0.2855,0
r10_d15d15_lr005_30ep_3way_s43n_OOMKILLED_0842,A,interrupted,,,30,6,1,0.28306,0.43428,0.19099,0.33806,342.135,0.005,,42,none,42,dota15_20p_3way,/root/datasets_mask/dota15_yolo/dota15_20p_3way.yaml,dota15_pretrain.pt,640,32,100,5,r10,,lr005,1,0,0,,2,A_runs_20260929|A_small2_20260927,A_runs_20260929,06b40ca92e9b28cb21331c8f61e62565,1,1,,,,,0
r10_d15d15_lr005_30ep_3way_s43n_PARTIAL_1033,A,interrupted,shapeiou,sio_b_results.csv,30,16,1,0.28264,0.43381,0.25102,0.41686,116.725,0.005,,42,none,42,dota15_20p_3way,/root/datasets_mask/dota15_yolo/dota15_20p_3way.yaml,dota15_pretrain.pt,640,32,100,5,r10,,lr005,1,0,0,,2,A_runs_20260929|A_small2_20260927,A_runs_20260929,033ec819f0955fe79c2c79e39f034162,1,1,0.1557,0.2632,0.6081,0.2855,0
r10_d15d15_lr005_30ep_3way_s44n,A,complete,shapeiou,sio_b_results.csv,30,30,1,0.29265,0.44092,0.2739,0.44331,335.842,0.005,44,42,shuffle,44,dota15_20p_3way,/root/datasets_mask/dota15_yolo/dota15_20p_3way.yaml,dota15_pretrain.pt,640,32,100,5,r10,,lr005,1,0,0,,2,A_runs_20260929|A_small2_20260927,A_runs_20260929,0ea123cd7a7ceb35428c3b5ac9f93e4f,1,1,0.1507,0.2476,0.6984,0.2586,0
r10_d15d15_lr005_30ep_3way_s45n,A,complete,shapeiou,sio_b_results.csv,30,30,1,0.29063,0.43871,0.28612,0.45641,903.842,0.005,45,42,shuffle,45,dota15_20p_3way,/root/datasets_mask/dota15_yolo/dota15_20p_3way.yaml,dota15_pretrain.pt,640,32,100,5,r10,,lr005,1,0,0,,2,A_runs_20260929|A_small2_20260927,A_runs_20260929,0c44c155a47489303ef0eee26cc86b8c,1,1,0.1418,0.2345,0.5902,0.2558,0
r10_d15d15_lr005_30ep_3way_s46n,A,complete,shapeiou,sio_b_results.csv,30,30,30,0.28624,0.45911,0.28624,0.45911,732.107,0.005,46,42,shuffle,46,dota15_20p_3way,/root/datasets_mask/dota15_yolo/dota15_20p_3way.yaml,dota15_pretrain.pt,640,32,100,5,r10,,lr005,1,0,0,,2,A_runs_20260929|A_small2_20260927,A_runs_20260929,c6fdb7473a66e0da3963a7784a512fa6,1,1,0.1535,0.2618,0.6195,0.2846,0
r10_d15d15_lr005_30ep_3way_s47n,A,complete,shapeiou,sio_b_results.csv,30,30,25,0.28772,0.46254,0.28711,0.46006,1592.92,0.005,47,42,shuffle,47,dota15_20p_3way,/root/datasets_mask/dota15_yolo/dota15_20p_3way.yaml,dota15_pretrain.pt,640,32,100,5,r10,,lr005,1,0,0,,2,A_runs_20260929|A_small2_20260927,A_runs_20260929,9ee9ae878a728bfb42f4d7ee6b0b2139,1,1,0.1524,0.2605,0.6406,0.2833,0
r10_d15d15_lr005_30ep_3way_s47n_oomfix,A,complete,shapeiou,sio_b_results.csv,30,30,30,0.28507,0.45496,0.28507,0.45496,333.547,0.005,,42,none,42,dota15_20p_3way,/root/datasets_mask/dota15_yolo/dota15_20p_3way.yaml,dota15_pretrain.pt,640,32,100,5,r10,,lr005,1,0,0,,2,A_runs_20260929|A_small2_20260927,A_runs_20260929,fcce189daefe1253a6fa4881e9929ead,1,1,0.154,0.2608,0.6643,0.2823,0
r10_d15d15_lr005_30ep_3way_s48n,A,complete,shapeiou,sio_b_results.csv,30,30,29,0.2941,0.46932,0.29247,0.46509,184.39,0.005,48,42,shuffle,48,dota15_20p_3way,/root/datasets_mask/dota15_yolo/dota15_20p_3way.yaml,dota15_pretrain.pt,640,32,100,5,r10,,lr005,1,0,0,,2,A_runs_20260929|A_small2_20260927,A_runs_20260929,5e398c0605d6b81f05f9e2498ce4d533,1,1,0.1565,0.2615,0.6161,0.2799,0
r10_d15d15_lr005_30ep_3way_s49n,A,complete,shapeiou,sio_b_results.csv,30,30,30,0.2954,0.46302,0.2954,0.46302,185.607,0.005,49,42,shuffle,49,dota15_20p_3way,/root/datasets_mask/dota15_yolo/dota15_20p_3way.yaml,dota15_pretrain.pt,640,32,100,5,r10,,lr005,1,0,0,,2,A_runs_20260929|A_small2_20260927,A_runs_20260929,4c7ab58bdd7aea206d811b4e38ecc9ca,1,1,0.1549,0.2612,0.6206,0.2784,0
r10_d15d15_lr005_30ep_3way_s50n,A,complete,shapeiou,sio_b_results.csv,30,30,30,0.28963,0.46154,0.28963,0.46154,183.493,0.005,50,42,shuffle,50,dota15_20p_3way,/root/datasets_mask/dota15_yolo/dota15_20p_3way.yaml,dota15_pretrain.pt,640,32,100,5,r10,,lr005,1,0,0,,2,A_runs_20260929|A_small2_20260927,A_runs_20260929,9e4561b3c206660a189fdfefffc81520,1,1,0.1563,0.2628,0.6015,0.2885,0
r10_d15d15_lr005_30ep_3way_s51n,A,complete,shapeiou,sio_b_results.csv,30,30,30,0.28673,0.46207,0.28673,0.46207,204.522,0.005,51,42,shuffle,51,dota15_20p_3way,/root/datasets_mask/dota15_yolo/dota15_20p_3way.yaml,dota15_pretrain.pt,640,32,100,5,r10,,lr005,1,0,0,,2,A_runs_20260929|A_small2_20260927,A_runs_20260929,688da7b23ef99b67e8df8beb1f5bd2f7,1,1,0.154,0.2586,0.5922,0.2774,0
r10_dota_base30_3way_s42n,A,complete,shapeiou,sio_b_results.csv,30,30,1,0.3037,0.46282,0.29056,0.4677,1087.69,0.001,42,42,shuffle,42,dota_20p_3way,/root/datasets_mask/dota_yolo/dota_20p_3way.yaml,dota_pretrain.pt,640,32,100,5,r10,,base,1,0,0,,2,A_runs_20260929|A_small2_20260927,A_runs_20260929,d979923d6333c1651acce1d868233145,1,1,0.1708,0.2909,0.7102,0.3029,0
r10_dota_base30_3way_s43n,A,complete,shapeiou,sio_b_results.csv,30,30,9,0.30165,0.47381,0.29069,0.46785,1136.9,0.001,43,42,shuffle,43,dota_20p_3way,/root/datasets_mask/dota_yolo/dota_20p_3way.yaml,dota_pretrain.pt,640,32,100,5,r10,,base,1,0,0,,2,A_runs_20260929|A_small2_20260927,A_runs_20260929,ccebbc9edee947f1341efe21a919695d,1,1,0.1704,0.2912,0.6937,0.3001,0
r10_dota_base30_3way_s44n,A,complete,shapeiou,sio_b_results.csv,30,30,18,0.30448,0.48266,0.29245,0.46863,201.554,0.001,44,42,shuffle,44,dota_20p_3way,/root/datasets_mask/dota_yolo/dota_20p_3way.yaml,dota_pretrain.pt,640,32,100,5,r10,,base,1,0,0,,2,A_runs_20260929|A_small2_20260927,A_runs_20260929,e9aa6ebda1a3a31e2c19f3f45510f0fc,1,1,0.1738,0.2973,0.6957,0.3061,0
r10_dota_base30_3way_s45n,A,complete,shapeiou,sio_b_results.csv,30,30,20,0.3092,0.48565,0.29307,0.47019,1470.76,0.001,45,42,shuffle,45,dota_20p_3way,/root/datasets_mask/dota_yolo/dota_20p_3way.yaml,dota_pretrain.pt,640,32,100,5,r10,,base,1,0,0,,2,A_runs_20260929|A_small2_20260927,A_runs_20260929,7cb3b332616e1a0f3762e2e65095f938,1,1,0.1753,0.3021,0.6961,0.3088,0
r10_dota_base30_3way_s45n_oomfix,A,complete,shapeiou,sio_b_results.csv,30,30,20,0.31083,0.48803,0.2934,0.47153,293.196,0.001,,42,none,42,dota_20p_3way,/root/datasets_mask/dota_yolo/dota_20p_3way.yaml,dota_pretrain.pt,640,32,100,5,r10,,base,1,0,0,,2,A_runs_20260929|A_small2_20260927,A_runs_20260929,b16a08e84730e5be399c9061aa5d4660,1,1,0.1749,0.3009,0.6958,0.3081,0
r10_dota_base30_3way_s46n,A,complete,shapeiou,sio_b_results.csv,30,30,16,0.30035,0.47611,0.2885,0.46494,939.803,0.001,46,42,shuffle,46,dota_20p_3way,/root/datasets_mask/dota_yolo/dota_20p_3way.yaml,dota_pretrain.pt,640,32,100,5,r10,,base,1,0,0,,2,A_runs_20260929|A_small2_20260927,A_runs_20260929,ac5833dcdc4eba3130e65fd1987f93a9,1,1,0.1674,0.29,0.6846,0.3014,0
r10_dota_base30_3way_s47n,A,complete,shapeiou,sio_b_results.csv,30,30,17,0.30394,0.48146,0.29352,0.47281,846.551,0.001,47,42,shuffle,47,dota_20p_3way,/root/datasets_mask/dota_yolo/dota_20p_3way.yaml,dota_pretrain.pt,640,32,100,5,r10,,base,1,0,0,,2,A_runs_20260929|A_small2_20260927,A_runs_20260929,d12bab74a458c57dd23a6f237f0a5a2b,1,1,0.1728,0.2982,0.6709,0.3193,0
r10_dota_base30_3way_s48n,A,complete,shapeiou,sio_b_results.csv,30,30,21,0.30182,0.4788,0.2916,0.46889,204.854,0.001,48,42,shuffle,48,dota_20p_3way,/root/datasets_mask/dota_yolo/dota_20p_3way.yaml,dota_pretrain.pt,640,32,100,5,r10,,base,1,0,0,,2,A_runs_20260929|A_small2_20260927,A_runs_20260929,0cc0484ee8004725f6566b8a8a69fa19,1,1,0.1727,0.2954,0.6933,0.307,0
r10_dota_base30_3way_s49n,A,complete,shapeiou,sio_b_results.csv,30,30,1,0.3027,0.46381,0.28813,0.47005,201.755,0.001,49,42,shuffle,49,dota_20p_3way,/root/datasets_mask/dota_yolo/dota_20p_3way.yaml,dota_pretrain.pt,640,32,100,5,r10,,base,1,0,0,,2,A_runs_20260929|A_small2_20260927,A_runs_20260929,74d24634978c5413e8a13391cd7a54a2,1,1,0.1691,0.2896,0.7145,0.3022,0
r10_dota_base30_3way_s50n,A,complete,shapeiou,sio_b_results.csv,30,30,1,0.30715,0.46502,0.29159,0.46867,203.585,0.001,50,42,shuffle,50,dota_20p_3way,/root/datasets_mask/dota_yolo/dota_20p_3way.yaml,dota_pretrain.pt,640,32,100,5,r10,,base,1,0,0,,2,A_runs_20260929|A_small2_20260927,A_runs_20260929,2b821f172a1eae1c90222b1cb1597b81,1,1,0.1716,0.2912,0.7245,0.3008,0
r10_dota_base30_3way_s51n,A,complete,shapeiou,sio_b_results.csv,30,30,19,0.30308,0.4807,0.29086,0.46831,205.656,0.001,51,42,shuffle,51,dota_20p_3way,/root/datasets_mask/dota_yolo/dota_20p_3way.yaml,dota_pretrain.pt,640,32,100,5,r10,,base,1,0,0,,2,A_runs_20260929|A_small2_20260927,A_runs_20260929,8649641ca388b2be1dfcc90f408d9a5e,1,1,0.1695,0.2929,0.6942,0.3147,0
r10_dota_lr005_30ep_3way_s42n,A,complete,shapeiou,sio_b_results.csv,30,30,1,0.29579,0.45022,0.28167,0.46639,1371.54,0.005,42,42,shuffle,42,dota_20p_3way,/root/datasets_mask/dota_yolo/dota_20p_3way.yaml,dota_pretrain.pt,640,32,100,5,r10,,lr005,1,0,0,,2,A_runs_20260929|A_small2_20260927,A_runs_20260929,49b72facef5843e3b20d030103f04e46,1,1,0.1594,0.2733,0.7284,0.2898,0
r10_dota_lr005_30ep_3way_s42n_oomfix,A,complete,shapeiou,sio_b_results.csv,30,30,1,0.29579,0.45022,0.2827,0.46492,257.134,0.005,,42,none,42,dota_20p_3way,/root/datasets_mask/dota_yolo/dota_20p_3way.yaml,dota_pretrain.pt,640,32,100,5,r10,,lr005,1,0,0,,2,A_runs_20260929|A_small2_20260927,A_runs_20260929,0ecd5a520a656d151f91b6e8a80cb264,1,1,0.1594,0.2733,0.7284,0.2898,0
r10_dota_lr005_30ep_3way_s43n,A,complete,shapeiou,sio_b_results.csv,30,30,23,0.28393,0.47296,0.27901,0.46274,201.387,0.005,43,42,shuffle,43,dota_20p_3way,/root/datasets_mask/dota_yolo/dota_20p_3way.yaml,dota_pretrain.pt,640,32,100,5,r10,,lr005,1,0,0,,2,A_runs_20260929|A_small2_20260927,A_runs_20260929,784ed6c495f7c72255d2e2bcb88fc606,1,1,0.1662,0.2922,0.5772,0.3022,0
r10_dota_lr005_30ep_3way_s44n,A,complete,shapeiou,sio_b_results.csv,30,30,1,0.29157,0.44761,0.29059,0.47232,201.222,0.005,44,42,shuffle,44,dota_20p_3way,/root/datasets_mask/dota_yolo/dota_20p_3way.yaml,dota_pretrain.pt,640,32,100,5,r10,,lr005,1,0,0,,2,A_runs_20260929|A_small2_20260927,A_runs_20260929,6e38eeef0e6e1205401824cacd3a5a07,1,1,0.1615,0.2786,0.7122,0.2923,0
r10_dota_lr005_30ep_3way_s45n,A,complete,shapeiou,sio_b_results.csv,30,30,1,0.29292,0.45264,0.28734,0.47046,202.375,0.005,45,42,shuffle,45,dota_20p_3way,/root/datasets_mask/dota_yolo/dota_20p_3way.yaml,dota_pretrain.pt,640,32,100,5,r10,,lr005,1,0,0,,2,A_runs_20260929|A_small2_20260927,A_runs_20260929,5615ed5e5f1d49710cb673d763c184f1,1,1,0.1567,0.2701,0.7309,0.2838,0
r10_dota_lr005_30ep_3way_s45n_PARTIAL_09200932,A,interrupted,shapeiou,sio_b_results.csv,30,20,1,0.29288,0.45256,0.27357,0.46033,969.616,0.005,,42,none,42,dota_20p_3way,/root/datasets_mask/dota_yolo/dota_20p_3way.yaml,dota_pretrain.pt,640,32,100,5,r10,,lr005,1,0,0,,2,A_runs_20260929|A_small2_20260927,A_runs_20260929,81c38d83a6705af4758d9dee51583d57,1,1,0.1567,0.2701,0.7309,0.2838,0
r10_dota_lr005_30ep_3way_s46n,A,complete,shapeiou,sio_b_results.csv,30,30,24,0.28701,0.47226,0.28272,0.47387,787.122,0.005,46,42,shuffle,46,dota_20p_3way,/root/datasets_mask/dota_yolo/dota_20p_3way.yaml,dota_pretrain.pt,640,32,100,5,r10,,lr005,1,0,0,,2,A_runs_20260929|A_small2_20260927,A_runs_20260929,ebc2472c30e9eb4b45493467fe3eb767,1,1,0.1677,0.2976,0.666,0.3066,0
r10_dota_lr005_30ep_3way_s47n,A,complete,shapeiou,sio_b_results.csv,30,30,1,0.28885,0.4476,0.28435,0.46851,864.025,0.005,47,42,shuffle,47,dota_20p_3way,/root/datasets_mask/dota_yolo/dota_20p_3way.yaml,dota_pretrain.pt,640,32,100,5,r10,,lr005,1,0,0,,2,A_runs_20260929|A_small2_20260927,A_runs_20260929,e0405c353a9f95519210c8465abb7b3b,1,1,0.1616,0.2778,0.7206,0.2921,0
r10_dota_lr005_30ep_3way_s48n,A,complete,shapeiou,sio_b_results.csv,30,30,30,0.2878,0.47966,0.2878,0.47966,202.756,0.005,48,42,shuffle,48,dota_20p_3way,/root/datasets_mask/dota_yolo/dota_20p_3way.yaml,dota_pretrain.pt,640,32,100,5,r10,,lr005,1,0,0,,2,A_runs_20260929|A_small2_20260927,A_runs_20260929,c11f508767cde16f9f8567bcd19f3404,1,1,0.1704,0.2975,0.6163,0.3056,0
r10_dota_lr005_30ep_3way_s49n,A,complete,shapeiou,sio_b_results.csv,30,30,1,0.29244,0.45429,0.28715,0.47102,203.996,0.005,49,42,shuffle,49,dota_20p_3way,/root/datasets_mask/dota_yolo/dota_20p_3way.yaml,dota_pretrain.pt,640,32,100,5,r10,,lr005,1,0,0,,2,A_runs_20260929|A_small2_20260927,A_runs_20260929,74894c0e49ba908e621f637402372c2c,1,1,0.1604,0.28,0.7223,0.2942,0
r10_dota_lr005_30ep_3way_s50n,A,complete,shapeiou,sio_b_results.csv,30,30,1,0.28918,0.44289,0.2786,0.46722,201.386,0.005,50,42,shuffle,50,dota_20p_3way,/root/datasets_mask/dota_yolo/dota_20p_3way.yaml,dota_pretrain.pt,640,32,100,5,r10,,lr005,1,0,0,,2,A_runs_20260929|A_small2_20260927,A_runs_20260929,b22052c15772b2e39435325f97daefee,1,1,0.1573,0.2704,0.7214,0.2827,0
r10_dota_lr005_30ep_3way_s51n,A,complete,shapeiou,sio_b_results.csv,30,30,21,0.28625,0.46949,0.28185,0.46672,211.27,0.005,51,42,shuffle,51,dota_20p_3way,/root/datasets_mask/dota_yolo/dota_20p_3way.yaml,dota_pretrain.pt,640,32,100,5,r10,,lr005,1,0,0,,2,A_runs_20260929|A_small2_20260927,A_runs_20260929,d0cb20755ab1b2be3fbe6590c107621a,1,1,0.1672,0.2938,0.6633,0.3071,0
r10_fire_base30_3way_s42n,A,complete,shapeiou,sio_b_results.csv,30,30,1,0.60512,0.80446,0.47326,0.71178,3178.28,0.001,42,42,shuffle,42,firesmoke20_3way,/root/datasets_mask/firesmoke_clean/firesmoke20_3way.yaml,fsin_pretrain.pt,640,32,100,5,r10,,base,1,0,0,,2,A_runs_20260929|A_small2_20260927,A_runs_20260929,0859740e5fae5477c56119ef8aa5a54f,1,1,0.3975,0.7205,0.7797,0.6464,0
r10_fire_base30_3way_s43n,A,complete,shapeiou,sio_b_results.csv,30,30,1,0.59886,0.81304,0.5294,0.74095,3060.01,0.001,43,42,shuffle,43,firesmoke20_3way,/root/datasets_mask/firesmoke_clean/firesmoke20_3way.yaml,fsin_pretrain.pt,640,32,100,5,r10,,base,1,0,0,,2,A_runs_20260929|A_small2_20260927,A_runs_20260929,346ce5fff540573f63b6b68899635331,1,1,0.3914,0.7108,0.7638,0.6477,0
r10_fire_base30_3way_s44n,A,complete,shapeiou,sio_b_results.csv,30,30,1,0.62023,0.82049,0.49297,0.70724,3036.2,0.001,44,42,shuffle,44,firesmoke20_3way,/root/datasets_mask/firesmoke_clean/firesmoke20_3way.yaml,fsin_pretrain.pt,640,32,100,5,r10,,base,1,0,0,,2,A_runs_20260929|A_small2_20260927,A_runs_20260929,3c9cb8c141a2371edbf1595d6a4557bd,1,1,0.3986,0.7191,0.7787,0.6474,0
r10_fire_lr005_30ep_3way_s42n,A,complete,shapeiou,sio_b_results.csv,30,30,1,0.43981,0.66992,0.31723,0.49507,3179.01,0.005,42,42,shuffle,42,firesmoke20_3way,/root/datasets_mask/firesmoke_clean/firesmoke20_3way.yaml,fsin_pretrain.pt,640,32,100,5,r10,,lr005,1,0,0,,2,A_runs_20260929|A_small2_20260927,A_runs_20260929,7db493f47566696a804a02d05806e335,1,1,0.3639,0.675,0.7418,0.6077,0
r10_fire_lr005_30ep_3way_s43n,A,complete,shapeiou,sio_b_results.csv,30,30,30,0.3579,0.5549,0.3579,0.5549,3048.68,0.005,43,42,shuffle,43,firesmoke20_3way,/root/datasets_mask/firesmoke_clean/firesmoke20_3way.yaml,fsin_pretrain.pt,640,32,100,5,r10,,lr005,1,0,0,,2,A_runs_20260929|A_small2_20260927,A_runs_20260929,65ac076b4deb93b7d28a1e22dbd3c875,1,1,0.3508,0.6658,0.7415,0.6073,0
r10_fire_lr005_30ep_3way_s44n,A,complete,shapeiou,sio_b_results.csv,30,30,1,0.48516,0.72074,0.34166,0.52963,3024.09,0.005,44,42,shuffle,44,firesmoke20_3way,/root/datasets_mask/firesmoke_clean/firesmoke20_3way.yaml,fsin_pretrain.pt,640,32,100,5,r10,,lr005,1,0,0,,2,A_runs_20260929|A_small2_20260927,A_runs_20260929,75b3f614139e108a12061ecc28b8f6a8,1,1,0.3412,0.6453,0.7204,0.5841,0
r10_iv_src1,A,complete,shapeiou,a5_results.csv,30,30,29,0.61226,0.93449,0.61082,0.93456,3523.87,0.001,,42,none,42,shwd_data_b,/root/shwd_data_b.yaml,yolo12n.pt,640,32,100,5,r10,,,0,0,0,,2,A_runs_20260929|A_small2_20260927,A_runs_20260929,2fd5cd9de57ed7c0d70af039916cec1a,1,1,0.6123,0.9346,0.918,0.8783,0
r10_iv_src1_base100_3way_s42n,A,complete,shapeiou,sio_b_results.csv,100,100,55,0.60249,0.90615,0.58998,0.90092,1300.21,0.001,42,42,shuffle,42,sfchd20_3way_a,/root/sfchd20_3way_a.yaml,best.pt,640,32,100,5,r10,,base,1,0,0,,2,A_runs_20260929|A_small2_20260927,A_runs_20260929,873594c5b1fee616f7d6d44887cea98b,1,1,0.4363,0.7348,0.8342,0.6947,0
r10_iv_src1_lr005_100ep_3way_s42n,A,complete,shapeiou,sio_b_results.csv,100,100,85,0.59925,0.89896,0.59223,0.89465,1268.49,0.005,42,42,shuffle,42,sfchd20_3way_a,/root/sfchd20_3way_a.yaml,best.pt,640,32,100,5,r10,,lr005,1,0,0,,2,A_runs_20260929|A_small2_20260927,A_runs_20260929,c0b55604f58deab5cede22eac9ab1589,1,1,0.442,0.7308,0.8358,0.6931,0
r10_iv_src2,A,complete,shapeiou,a5_results.csv,30,30,30,0.61164,0.93474,0.61164,0.93474,1808.99,0.001,,42,none,42,shwd_data_b,/root/shwd_data_b.yaml,yolo12n.pt,640,32,100,5,r10,,,0,0,0,,2,A_runs_20260929|A_small2_20260927,A_runs_20260929,4e12f78a5652dce4c8743b82bca4e415,1,1,0.6116,0.9348,0.9176,0.8769,0
r10_iv_src2_base100_3way_s42n,A,complete,shapeiou,sio_b_results.csv,100,100,71,0.60512,0.90619,0.59567,0.9107,1270.29,0.001,42,42,shuffle,42,sfchd20_3way_a,/root/sfchd20_3way_a.yaml,best.pt,640,32,100,5,r10,,base,1,0,0,,2,A_runs_20260929|A_small2_20260927,A_runs_20260929,8b750c1a00825a991fc5f0c04d7b1327,1,1,0.4359,0.7358,0.8474,0.6864,0
r10_iv_src2_lr005_100ep_3way_s42n,A,complete,shapeiou,sio_b_results.csv,100,100,79,0.61274,0.90834,0.60476,0.90777,1267.27,0.005,42,42,shuffle,42,sfchd20_3way_a,/root/sfchd20_3way_a.yaml,best.pt,640,32,100,5,r10,,lr005,1,0,0,,2,A_runs_20260929|A_small2_20260927,A_runs_20260929,b2417119ad70603e78c7f798a49bbec6,1,1,0.4387,0.7311,0.8505,0.6757,0
r10_iv_src3,A,complete,shapeiou,a5_results.csv,30,30,30,0.61186,0.93446,0.61186,0.93446,3492.54,0.001,,42,none,42,shwd_data_b,/root/shwd_data_b.yaml,yolo12n.pt,640,32,100,5,r10,,,0,0,0,,2,A_runs_20260929|A_small2_20260927,A_runs_20260929,3521f88b752b39522ac406694ca6cffc,1,1,0.6119,0.9345,0.9204,0.8746,0
r10_iv_src3_base100_3way_s42n,A,complete,shapeiou,sio_b_results.csv,100,100,56,0.60556,0.91142,0.59051,0.90504,1270.84,0.001,42,42,shuffle,42,sfchd20_3way_a,/root/sfchd20_3way_a.yaml,best.pt,640,32,100,5,r10,,base,1,0,0,,2,A_runs_20260929|A_small2_20260927,A_runs_20260929,59000bf029af962161f31c91fc6621cd,1,1,0.4325,0.7291,0.8572,0.6812,0
r10_iv_src3_lr005_100ep_3way_s42n,A,complete,shapeiou,sio_b_results.csv,100,100,85,0.60509,0.90455,0.58801,0.89419,1275.24,0.005,42,42,shuffle,42,sfchd20_3way_a,/root/sfchd20_3way_a.yaml,best.pt,640,32,100,5,r10,,lr005,1,0,0,,2,A_runs_20260929|A_small2_20260927,A_runs_20260929,34d515e753fd60f94b9d493b58a60282,1,1,0.4371,0.7302,0.8403,0.6945,0
r10_mask20_base30_3way_s42n,A,complete,shapeiou,sio_b_results.csv,30,30,1,0.31101,0.50965,0.16979,0.41667,357.247,0.001,42,42,shuffle,42,mask20_3way,/root/datasets_mask/mask_clean/mask20_3way.yaml,mask_pretrain.pt,640,32,100,5,r10,,base,1,0,0,,2,A_runs_20260929|A_small2_20260927,A_runs_20260929,7b99be0f645fd8a3415fa76a6d83e1bd,1,1,0.6577,0.9571,0.9607,0.9282,0
r10_mask20_base30_3way_s43n,A,complete,shapeiou,sio_b_results.csv,30,30,4,0.34216,0.62598,0.21746,0.3646,394.01,0.001,43,42,shuffle,43,mask20_3way,/root/datasets_mask/mask_clean/mask20_3way.yaml,mask_pretrain.pt,640,32,100,5,r10,,base,1,0,0,,2,A_runs_20260929|A_small2_20260927,A_runs_20260929,aa1c72b34724d4f7a76cb225e179a2ff,1,1,0.6561,0.9506,0.9474,0.9153,0
r10_mask20_base30_3way_s44n,A,complete,shapeiou,sio_b_results.csv,30,30,3,0.37123,0.61069,0.15501,0.23149,374.376,0.001,44,42,shuffle,44,mask20_3way,/root/datasets_mask/mask_clean/mask20_3way.yaml,mask_pretrain.pt,640,32,100,5,r10,,base,1,0,0,,2,A_runs_20260929|A_small2_20260927,A_runs_20260929,97448f43f2651c632a31b03ef2daf450,1,1,0.6466,0.9515,0.956,0.9079,0
r10_mask20_lr005_30ep_3way_s42n,A,complete,shapeiou,sio_b_results.csv,30,30,1,0.27373,0.52059,0.0305,0.07182,384.487,0.005,42,42,shuffle,42,mask20_3way,/root/datasets_mask/mask_clean/mask20_3way.yaml,mask_pretrain.pt,640,32,100,5,r10,,lr005,1,0,0,,2,A_runs_20260929|A_small2_20260927,A_runs_20260929,b1dca684ea8e553f10efbdf66a8cb79d,1,1,0.6359,0.9441,0.9582,0.9171,0
r10_mask20_lr005_30ep_3way_s43n,A,complete,shapeiou,sio_b_results.csv,30,30,1,0.38088,0.60822,0.01667,0.04126,414.556,0.005,43,42,shuffle,43,mask20_3way,/root/datasets_mask/mask_clean/mask20_3way.yaml,mask_pretrain.pt,640,32,100,5,r10,,lr005,1,0,0,,2,A_runs_20260929|A_small2_20260927,A_runs_20260929,348b08e3dcbdc21526e287fa7cc5f1cb,1,1,0.6539,0.9566,0.9677,0.9153,0
r10_mask20_lr005_30ep_3way_s44n,A,complete,shapeiou,sio_b_results.csv,30,30,1,0.28926,0.57633,0.02155,0.04274,363.438,0.005,44,42,shuffle,44,mask20_3way,/root/datasets_mask/mask_clean/mask20_3way.yaml,mask_pretrain.pt,640,32,100,5,r10,,lr005,1,0,0,,2,A_runs_20260929|A_small2_20260927,A_runs_20260929,ee7492307109530e288ed9448e9af515,1,1,0.6427,0.9539,0.9344,0.93,0
r10_mende20_base30_3way_s42n,A,complete,shapeiou,sio_b_results.csv,30,30,1,0.73166,0.99034,0.68061,0.979,423.308,0.001,42,42,shuffle,42,mende20_3way,/root/datasets_mask/mendeley_yolo/mende20_3way.yaml,mendein_pretrain.pt,640,32,100,5,r10,,base,1,0,0,,2,A_runs_20260929|A_small2_20260927,A_runs_20260929,98538b11dec5391108251ac0946ac958,1,1,0.7336,0.9588,0.9213,0.9131,0
r10_mende20_base30_3way_s43n,A,complete,shapeiou,sio_b_results.csv,30,30,1,0.73553,0.99106,0.68804,0.97733,371.681,0.001,43,42,shuffle,43,mende20_3way,/root/datasets_mask/mendeley_yolo/mende20_3way.yaml,mendein_pretrain.pt,640,32,100,5,r10,,base,1,0,0,,2,A_runs_20260929|A_small2_20260927,A_runs_20260929,882cc943e15f40d95df45c609de90df0,1,1,0.7307,0.9621,0.9243,0.9068,0
r10_mende20_base30_3way_s44n,A,complete,shapeiou,sio_b_results.csv,30,30,2,0.73485,0.99165,0.68855,0.98172,590.577,0.001,44,42,shuffle,44,mende20_3way,/root/datasets_mask/mendeley_yolo/mende20_3way.yaml,mendein_pretrain.pt,640,32,100,5,r10,,base,1,0,0,,2,A_runs_20260929|A_small2_20260927,A_runs_20260929,b100665bcd7454a43bc93a80070b0633,1,1,0.728,0.9679,0.9185,0.928,0
r10_mende20_lr005_30ep_3way_s42n,A,complete,shapeiou,sio_b_results.csv,30,30,1,0.71206,0.98166,0.63058,0.93182,370.785,0.005,42,42,shuffle,42,mende20_3way,/root/datasets_mask/mendeley_yolo/mende20_3way.yaml,mendein_pretrain.pt,640,32,100,5,r10,,lr005,1,0,0,,2,A_runs_20260929|A_small2_20260927,A_runs_20260929,178c8e125db527a3a7dfdb09eb91f290,1,1,0.7257,0.9647,0.9377,0.9301,0
r10_mende20_lr005_30ep_3way_s43n,A,complete,shapeiou,sio_b_results.csv,30,30,1,0.6635,0.98068,0.60846,0.91054,706.113,0.005,43,42,shuffle,43,mende20_3way,/root/datasets_mask/mendeley_yolo/mende20_3way.yaml,mendein_pretrain.pt,640,32,100,5,r10,,lr005,1,0,0,,2,A_runs_20260929|A_small2_20260927,A_runs_20260929,4e06c717d9495f6083b8b11f52e1408b,1,1,0.6991,0.9539,0.9329,0.9004,0
r10_mende20_lr005_30ep_3way_s44n,A,complete,shapeiou,sio_b_results.csv,30,30,1,0.66522,0.98595,0.63129,0.93761,220.951,0.005,44,42,shuffle,44,mende20_3way,/root/datasets_mask/mendeley_yolo/mende20_3way.yaml,mendein_pretrain.pt,640,32,100,5,r10,,lr005,1,0,0,,2,A_runs_20260929|A_small2_20260927,A_runs_20260929,a8bf38759ea9d657a33eb85199836e8f,1,1,0.6804,0.9589,0.9339,0.8941,0
r10_p_aitovis_base100_3way_s42n,A,complete,shapeiou,sio_b_results.csv,100,100,90,0.11277,0.21122,0.10934,0.20599,1154.61,0.001,42,42,shuffle,42,visdrone_20p_3way,/root/datasets_mask/visdrone/visdrone_20p_3way.yaml,aitod_pretrain.pt,640,32,100,5,r10,,base,1,0,0,,2,A_runs_20260929|A_small2_20260927,A_runs_20260929,34a6902343d5055b3089078bb7215061,1,1,0.1001,0.186,0.3054,0.2417,0
r10_p_aitovis_base100_3way_s43n,A,complete,shapeiou,sio_b_results.csv,100,100,87,0.11224,0.21236,0.10626,0.20191,1128.78,0.001,43,42,shuffle,43,visdrone_20p_3way,/root/datasets_mask/visdrone/visdrone_20p_3way.yaml,aitod_pretrain.pt,640,32,100,5,r10,,base,1,0,0,,2,A_runs_20260929|A_small2_20260927,A_runs_20260929,46a50bbc7a8fef022d3bbbd4b2914ace,1,1,0.1012,0.1881,0.2916,0.2471,0
r10_p_aitovis_base100_3way_s44n,A,complete,shapeiou,sio_b_results.csv,100,100,90,0.11184,0.21128,0.10777,0.20498,1125.2,0.001,44,42,shuffle,44,visdrone_20p_3way,/root/datasets_mask/visdrone/visdrone_20p_3way.yaml,aitod_pretrain.pt,640,32,100,5,r10,,base,1,0,0,,2,A_runs_20260929|A_small2_20260927,A_runs_20260929,48857f66367f334825759f66d84ade25,1,1,0.1012,0.1879,0.2907,0.2516,0
r10_p_aitovis_base100_3way_s45n,A,complete,shapeiou,sio_b_results.csv,100,100,90,0.11365,0.21355,0.10757,0.20465,1199.67,0.001,45,42,shuffle,45,visdrone_20p_3way,/root/datasets_mask/visdrone/visdrone_20p_3way.yaml,aitod_pretrain.pt,640,32,100,5,r10,,base,1,0,0,,2,A_runs_20260929|A_small2_20260927,A_runs_20260929,c3c414a009a09f2063f281622c3fab15,1,1,0.1028,0.1902,0.2994,0.2425,0
r10_p_aitovis_base100_3way_s46n,A,complete,shapeiou,sio_b_results.csv,100,100,76,0.11269,0.21264,0.10902,0.20704,1192.19,0.001,46,42,shuffle,46,visdrone_20p_3way,/root/datasets_mask/visdrone/visdrone_20p_3way.yaml,aitod_pretrain.pt,640,32,100,5,r10,,base,1,0,0,,2,A_runs_20260929|A_small2_20260927,A_runs_20260929,660d9c7049402aa4360275e9b1ff0769,1,1,0.1036,0.1909,0.3012,0.2479,0
r10_p_aitovis_base100_3way_s47n,A,complete,shapeiou,sio_b_results.csv,100,100,87,0.1125,0.21236,0.10794,0.20282,1206.08,0.001,47,42,shuffle,47,visdrone_20p_3way,/root/datasets_mask/visdrone/visdrone_20p_3way.yaml,aitod_pretrain.pt,640,32,100,5,r10,,base,1,0,0,,2,A_runs_20260929|A_small2_20260927,A_runs_20260929,122dbe038990ddf63a3e90d859f8c7f3,1,1,0.102,0.1882,0.2995,0.2433,0
r10_p_aitovis_base100_3way_s48n,A,complete,shapeiou,sio_b_results.csv,100,100,76,0.11253,0.21123,0.10747,0.2024,1200.26,0.001,48,42,shuffle,48,visdrone_20p_3way,/root/datasets_mask/visdrone/visdrone_20p_3way.yaml,aitod_pretrain.pt,640,32,100,5,r10,,base,1,0,0,,2,A_runs_20260929|A_small2_20260927,A_runs_20260929,7b21560dcb7af480116a75549bb4a55c,1,1,0.1021,0.1887,0.314,0.2414,0
r10_p_aitovis_base100_3way_s49n,A,complete,shapeiou,sio_b_results.csv,100,100,87,0.1113,0.20978,0.10791,0.20522,1305.85,0.001,49,42,shuffle,49,visdrone_20p_3way,/root/datasets_mask/visdrone/visdrone_20p_3way.yaml,aitod_pretrain.pt,640,32,100,5,r10,,base,1,0,0,,2,A_runs_20260929|A_small2_20260927,A_runs_20260929,9fa63e09b08ae70e7d2a580f176f71fc,1,1,0.1017,0.1883,0.3097,0.2429,0
r10_p_aitovis_base100_3way_s50n,A,complete,shapeiou,sio_b_results.csv,100,100,90,0.11232,0.21215,0.10831,0.20435,1205.91,0.001,50,42,shuffle,50,visdrone_20p_3way,/root/datasets_mask/visdrone/visdrone_20p_3way.yaml,aitod_pretrain.pt,640,32,100,5,r10,,base,1,0,0,,2,A_runs_20260929|A_small2_20260927,A_runs_20260929,60bc85b71d4549e62f96f7ff1f1757cb,1,1,0.1024,0.1896,0.2938,0.2459,0
r10_p_aitovis_base100_3way_s51n,A,complete,shapeiou,sio_b_results.csv,100,100,90,0.11241,0.21169,0.10891,0.2062,1178.08,0.001,51,42,shuffle,51,visdrone_20p_3way,/root/datasets_mask/visdrone/visdrone_20p_3way.yaml,aitod_pretrain.pt,640,32,100,5,r10,,base,1,0,0,,2,A_runs_20260929|A_small2_20260927,A_runs_20260929,0f3a74b4b6e17acd7a7e09be7d3720c6,1,1,0.1039,0.1911,0.2951,0.2466,0
r10_p_aitovis_lr005_100ep_3way_s42n,A,complete,shapeiou,sio_b_results.csv,100,100,77,0.12887,0.2391,0.1247,0.23437,1109.42,0.005,42,42,shuffle,42,visdrone_20p_3way,/root/datasets_mask/visdrone/visdrone_20p_3way.yaml,aitod_pretrain.pt,640,32,100,5,r10,,lr005,1,0,0,,2,A_runs_20260929|A_small2_20260927,A_runs_20260929,61098f4c209c5ac4016340048469a33d,1,1,0.1049,0.1952,0.3175,0.2515,0
r10_p_aitovis_lr005_100ep_3way_s43n,A,complete,shapeiou,sio_b_results.csv,100,100,76,0.12443,0.23521,0.12288,0.23395,1088.8,0.005,43,42,shuffle,43,visdrone_20p_3way,/root/datasets_mask/visdrone/visdrone_20p_3way.yaml,aitod_pretrain.pt,640,32,100,5,r10,,lr005,1,0,0,,2,A_runs_20260929|A_small2_20260927,A_runs_20260929,db6f82dd3db3b20fb5bffebadc5c152f,1,1,0.1049,0.1951,0.3137,0.2474,0
r10_p_aitovis_lr005_100ep_3way_s44n,A,complete,shapeiou,sio_b_results.csv,100,100,80,0.12666,0.23774,0.1245,0.2334,1089.7,0.005,44,42,shuffle,44,visdrone_20p_3way,/root/datasets_mask/visdrone/visdrone_20p_3way.yaml,aitod_pretrain.pt,640,32,100,5,r10,,lr005,1,0,0,,2,A_runs_20260929|A_small2_20260927,A_runs_20260929,642dab55c4bf658f0b4cdbf48492017d,1,1,0.1024,0.193,0.3125,0.2471,0
r10_p_aitovis_lr005_100ep_3way_s45n,A,complete,shapeiou,sio_b_results.csv,100,100,90,0.12911,0.24183,0.12452,0.2343,1167.35,0.005,45,42,shuffle,45,visdrone_20p_3way,/root/datasets_mask/visdrone/visdrone_20p_3way.yaml,aitod_pretrain.pt,640,32,100,5,r10,,lr005,1,0,0,,2,A_runs_20260929|A_small2_20260927,A_runs_20260929,583b4eb8cb98697062d2caefc7eb8195,1,1,0.1033,0.1934,0.3178,0.2468,0
r10_p_aitovis_lr005_100ep_3way_s46n,A,complete,shapeiou,sio_b_results.csv,100,100,66,0.12495,0.23505,0.12182,0.22941,1160.41,0.005,46,42,shuffle,46,visdrone_20p_3way,/root/datasets_mask/visdrone/visdrone_20p_3way.yaml,aitod_pretrain.pt,640,32,100,5,r10,,lr005,1,0,0,,2,A_runs_20260929|A_small2_20260927,A_runs_20260929,022ca544e5f978cadf469079ba6ebd10,1,1,0.1032,0.1927,0.3107,0.2499,0
r10_p_aitovis_lr005_100ep_3way_s47n,A,complete,shapeiou,sio_b_results.csv,100,100,77,0.12586,0.23862,0.1224,0.23117,1181.02,0.005,47,42,shuffle,47,visdrone_20p_3way,/root/datasets_mask/visdrone/visdrone_20p_3way.yaml,aitod_pretrain.pt,640,32,100,5,r10,,lr005,1,0,0,,2,A_runs_20260929|A_small2_20260927,A_runs_20260929,440f9ff5957d4744be467a6e1976b7de,1,1,0.1058,0.1961,0.3117,0.2478,0
r10_p_aitovis_lr005_100ep_3way_s48n,A,complete,shapeiou,sio_b_results.csv,100,100,82,0.12592,0.2376,0.12554,0.23552,1180.43,0.005,48,42,shuffle,48,visdrone_20p_3way,/root/datasets_mask/visdrone/visdrone_20p_3way.yaml,aitod_pretrain.pt,640,32,100,5,r10,,lr005,1,0,0,,2,A_runs_20260929|A_small2_20260927,A_runs_20260929,a7f36fb32e61bca5d19158e433a9e8f4,1,1,0.1026,0.1912,0.3037,0.252,0
r10_p_aitovis_lr005_100ep_3way_s49n,A,complete,shapeiou,sio_b_results.csv,100,100,84,0.12764,0.24093,0.12446,0.23388,1161.09,0.005,49,42,shuffle,49,visdrone_20p_3way,/root/datasets_mask/visdrone/visdrone_20p_3way.yaml,aitod_pretrain.pt,640,32,100,5,r10,,lr005,1,0,0,,2,A_runs_20260929|A_small2_20260927,A_runs_20260929,b5b292ae7aa9781eef20d5762a2edeaa,1,1,0.1046,0.1954,0.3299,0.2405,0
r10_p_aitovis_lr005_100ep_3way_s50n,A,complete,shapeiou,sio_b_results.csv,100,100,90,0.12771,0.23972,0.12546,0.23636,1163.18,0.005,50,42,shuffle,50,visdrone_20p_3way,/root/datasets_mask/visdrone/visdrone_20p_3way.yaml,aitod_pretrain.pt,640,32,100,5,r10,,lr005,1,0,0,,2,A_runs_20260929|A_small2_20260927,A_runs_20260929,0d60179b654f5f6868f0d6dd8b28895f,1,1,0.1037,0.194,0.3142,0.2468,0
r10_p_aitovis_lr005_100ep_3way_s51n,A,complete,shapeiou,sio_b_results.csv,100,100,83,0.12446,0.23623,0.12253,0.23324,1131.06,0.005,51,42,shuffle,51,visdrone_20p_3way,/root/datasets_mask/visdrone/visdrone_20p_3way.yaml,aitod_pretrain.pt,640,32,100,5,r10,,lr005,1,0,0,,2,A_runs_20260929|A_small2_20260927,A_runs_20260929,4a36756a635387e45c4c7b99eb47eee5,1,1,0.1042,0.1935,0.3137,0.2502,0
r10_p_d15toai_base100_3way_s42n,A,complete,shapeiou,sio_b_results.csv,100,100,99,0.1274,0.26731,0.12681,0.26673,3125.75,0.001,42,42,shuffle,42,aitod20_3way,/root/datasets/AI-TOD_yolo/aitod20_3way.yaml,dota15_pretrain.pt,640,32,100,5,r10,,base,1,0,0,,2,A_runs_20260929|A_small2_20260927,A_runs_20260929,e44d9cbce728d19e1e41c6ae4e90a35d,1,1,0.0978,0.2387,0.7276,0.2473,0
r10_p_d15toai_base100_3way_s43n,A,complete,shapeiou,sio_b_results.csv,100,100,79,0.12943,0.26977,0.12385,0.26421,3648.45,0.001,43,42,shuffle,43,aitod20_3way,/root/datasets/AI-TOD_yolo/aitod20_3way.yaml,dota15_pretrain.pt,640,32,100,5,r10,,base,1,0,0,,2,A_runs_20260929|A_small2_20260927,A_runs_20260929,0979a0549957d44d344748590f3be820,1,1,0.0977,0.239,0.7427,0.2482,0
r10_p_d15toai_base100_3way_s43n_oomfix,A,complete,shapeiou,sio_b_results.csv,100,100,86,0.13198,0.27305,0.12432,0.27499,2200.24,0.001,,42,none,42,aitod20_3way,/root/datasets/AI-TOD_yolo/aitod20_3way.yaml,dota15_pretrain.pt,640,32,100,5,r10,,base,1,0,0,,2,A_runs_20260929|A_small2_20260927,A_runs_20260929,6f5e66cecf266c74f4f05747e921d20f,1,1,0.0971,0.2399,0.7388,0.2512,0
r10_p_d15toai_base100_3way_s44n,A,complete,shapeiou,sio_b_results.csv,100,100,58,0.12793,0.27059,0.11946,0.26956,1802.8,0.001,44,42,shuffle,44,aitod20_3way,/root/datasets/AI-TOD_yolo/aitod20_3way.yaml,dota15_pretrain.pt,640,32,100,5,r10,,base,1,0,0,,2,A_runs_20260929|A_small2_20260927,A_runs_20260929,dcf8739fe6bfec145fc60e4e92d90954,1,1,0.0921,0.23,0.7278,0.242,0
r10_p_d15toai_base100_3way_s44n_oomfix,A,complete,shapeiou,sio_b_results.csv,100,100,51,0.12575,0.27052,0.12554,0.27623,2039.51,0.001,,42,none,42,aitod20_3way,/root/datasets/AI-TOD_yolo/aitod20_3way.yaml,dota15_pretrain.pt,640,32,100,5,r10,,base,1,0,0,,2,A_runs_20260929|A_small2_20260927,A_runs_20260929,6aa58170ede32c4a2e7bb4572b79391b,1,1,0.0885,0.2332,0.7258,0.2399,0
r10_p_d15toai_lr005_100ep_3way_s42n,A,complete,shapeiou,sio_b_results.csv,100,100,90,0.10637,0.24686,0.10407,0.24495,4341.41,0.005,42,42,shuffle,42,aitod20_3way,/root/datasets/AI-TOD_yolo/aitod20_3way.yaml,dota15_pretrain.pt,640,32,100,5,r10,,lr005,1,0,0,,2,A_runs_20260929|A_small2_20260927,A_runs_20260929,d16c6cb41701b0d668625a5d0511f680,1,1,0.0964,0.2365,0.422,0.2414,0
r10_p_d15toai_lr005_100ep_3way_s42n_oomfix,A,complete,shapeiou,sio_b_results.csv,100,100,99,0.10822,0.25716,0.10581,0.25114,1865.22,0.005,,42,none,42,aitod20_3way,/root/datasets/AI-TOD_yolo/aitod20_3way.yaml,dota15_pretrain.pt,640,32,100,5,r10,,lr005,1,0,0,,2,A_runs_20260929|A_small2_20260927,A_runs_20260929,2f47974c71124f4ce1c75a43c057f422,1,1,0.098,0.238,0.4332,0.2354,0
r10_p_d15toai_lr005_100ep_3way_s43n,A,complete,shapeiou,sio_b_results.csv,100,100,75,0.12847,0.28459,0.1238,0.28029,5343.35,0.005,43,42,shuffle,43,aitod20_3way,/root/datasets/AI-TOD_yolo/aitod20_3way.yaml,dota15_pretrain.pt,640,32,100,5,r10,,lr005,1,0,0,,2,A_runs_20260929|A_small2_20260927,A_runs_20260929,6b156fb85c4591dc1c82759388420a87,1,1,0.098,0.2415,0.4485,0.2477,0
r10_p_d15toai_lr005_100ep_3way_s43n_oomfix,A,complete,shapeiou,sio_b_results.csv,100,100,100,0.11772,0.27546,0.11772,0.27546,2052.06,0.005,,42,none,42,aitod20_3way,/root/datasets/AI-TOD_yolo/aitod20_3way.yaml,dota15_pretrain.pt,640,32,100,5,r10,,lr005,1,0,0,,2,A_runs_20260929|A_small2_20260927,A_runs_20260929,2c4089c86ee02df709090f48acb8f96d,1,1,0.0993,0.2466,0.4644,0.2561,0
r10_p_d15toai_lr005_100ep_3way_s44n,A,complete,shapeiou,sio_b_results.csv,100,100,90,0.1346,0.29361,0.12982,0.29148,1698.2,0.005,44,42,shuffle,44,aitod20_3way,/root/datasets/AI-TOD_yolo/aitod20_3way.yaml,dota15_pretrain.pt,640,32,100,5,r10,,lr005,1,0,0,,2,A_runs_20260929|A_small2_20260927,A_runs_20260929,e3085ea3a0f3f01f5c5b95ba480ef333,1,1,0.1013,0.2456,0.4723,0.2524,0
r10_p_masktomende_base100_3way_s42n,A,complete,shapeiou,sio_b_results.csv,100,100,27,0.60267,0.90851,0.58031,0.89403,1225.15,0.001,42,42,shuffle,42,mende20_3way,/root/datasets_mask/mendeley_yolo/mende20_3way.yaml,mask_pretrain.pt,640,32,100,5,r10,,base,1,0,0,,2,A_runs_20260929|A_small2_20260927,A_runs_20260929,8c94740dbab69f51824bec331624e518,1,1,0.6814,0.9386,0.9183,0.8877,0
r10_p_masktomende_base100_3way_s43n,A,complete,shapeiou,sio_b_results.csv,100,100,27,0.60251,0.91137,0.57529,0.8929,1710.26,0.001,43,42,shuffle,43,mende20_3way,/root/datasets_mask/mendeley_yolo/mende20_3way.yaml,mask_pretrain.pt,640,32,100,5,r10,,base,1,0,0,,2,A_runs_20260929|A_small2_20260927,A_runs_20260929,7cbb0155cf1a634d7bc6011fb481d44d,1,1,0.6939,0.9466,0.9295,0.8934,0
r10_p_masktomende_base100_3way_s44n,A,complete,shapeiou,sio_b_results.csv,100,100,27,0.60569,0.91711,0.58523,0.90496,2636.46,0.001,44,42,shuffle,44,mende20_3way,/root/datasets_mask/mendeley_yolo/mende20_3way.yaml,mask_pretrain.pt,640,32,100,5,r10,,base,1,0,0,,2,A_runs_20260929|A_small2_20260927,A_runs_20260929,8fc2b8119f4f89c8814e6b22ea7df83c,1,1,0.7056,0.9617,0.9198,0.9237,0
r10_p_masktomende_base100_3way_s52n,A,complete,shapeiou,sio_b_results.csv,100,100,53,0.59783,0.9155,0.58229,0.89842,736.767,0.001,52,42,shuffle,52,mende20_3way,/root/datasets_mask/mendeley_yolo/mende20_3way.yaml,mask_pretrain.pt,640,32,100,5,r10,,base,1,0,0,,2,A_runs_20260929|A_small2_20260927,A_runs_20260929,18eae40dc8b3310c79c38b1dec5eb511,1,1,0.6817,0.9459,0.9458,0.8875,0
r10_p_masktomende_base100_3way_s53n,A,complete,shapeiou,sio_b_results.csv,100,100,33,0.60452,0.90944,0.58313,0.90451,732.097,0.001,53,42,shuffle,53,mende20_3way,/root/datasets_mask/mendeley_yolo/mende20_3way.yaml,mask_pretrain.pt,640,32,100,5,r10,,base,1,0,0,,2,A_runs_20260929|A_small2_20260927,A_runs_20260929,3e1e4ad81d83dcc82cc36f01e5f666be,1,1,0.7002,0.9542,0.9264,0.9068,0
r10_p_masktomende_base100_3way_s54n,A,complete,shapeiou,sio_b_results.csv,100,100,21,0.60445,0.90026,0.58188,0.89591,758.248,0.001,54,42,shuffle,54,mende20_3way,/root/datasets_mask/mendeley_yolo/mende20_3way.yaml,mask_pretrain.pt,640,32,100,5,r10,,base,1,0,0,,2,A_runs_20260929|A_small2_20260927,A_runs_20260929,1c0b602736d6f78e7794c33fcf66ce7c,1,1,0.688,0.95,0.9114,0.9153,0
r10_p_masktomende_lr005_100ep_3way_s42n,A,complete,shapeiou,sio_b_results.csv,100,100,59,0.59359,0.90441,0.57741,0.89371,1237.72,0.005,42,42,shuffle,42,mende20_3way,/root/datasets_mask/mendeley_yolo/mende20_3way.yaml,mask_pretrain.pt,640,32,100,5,r10,,lr005,1,0,0,,2,A_runs_20260929|A_small2_20260927,A_runs_20260929,0f2951e59b576d4c48896cc4a271b5fc,1,1,0.6652,0.9397,0.9154,0.8937,0
r10_p_masktomende_lr005_100ep_3way_s43n,A,complete,shapeiou,sio_b_results.csv,100,100,88,0.61025,0.91658,0.59666,0.90194,1242.03,0.005,43,42,shuffle,43,mende20_3way,/root/datasets_mask/mendeley_yolo/mende20_3way.yaml,mask_pretrain.pt,640,32,100,5,r10,,lr005,1,0,0,,2,A_runs_20260929|A_small2_20260927,A_runs_20260929,b5df3dedd91cd702600a649cf3bbc0f2,1,1,0.6809,0.939,0.9128,0.9025,0
r10_p_masktomende_lr005_100ep_3way_s44n,A,complete,shapeiou,sio_b_results.csv,100,100,45,0.60922,0.91579,0.59874,0.91069,1412.56,0.005,44,42,shuffle,44,mende20_3way,/root/datasets_mask/mendeley_yolo/mende20_3way.yaml,mask_pretrain.pt,640,32,100,5,r10,,lr005,1,0,0,,2,A_runs_20260929|A_small2_20260927,A_runs_20260929,3eaf015b3535b26440355f043b160717,1,1,0.6631,0.9328,0.9371,0.875,0
r10_p_masktomende_lr005_100ep_3way_s52n,A,complete,shapeiou,sio_b_results.csv,100,100,47,0.60478,0.91755,0.56668,0.87864,745.791,0.005,52,42,shuffle,52,mende20_3way,/root/datasets_mask/mendeley_yolo/mende20_3way.yaml,mask_pretrain.pt,640,32,100,5,r10,,lr005,1,0,0,,2,A_runs_20260929|A_small2_20260927,A_runs_20260929,0a248842b7d4a4a59f3e61835b7f92e2,1,1,0.6763,0.9485,0.9206,0.9083,0
r10_p_masktomende_lr005_100ep_3way_s53n,A,complete,shapeiou,sio_b_results.csv,100,100,56,0.60283,0.91695,0.59153,0.90389,743.666,0.005,53,42,shuffle,53,mende20_3way,/root/datasets_mask/mendeley_yolo/mende20_3way.yaml,mask_pretrain.pt,640,32,100,5,r10,,lr005,1,0,0,,2,A_runs_20260929|A_small2_20260927,A_runs_20260929,146a673f7ae86fc2e6f48a4857c42e8c,1,1,0.6879,0.9607,0.9185,0.9068,0
r10_p_masktomende_lr005_100ep_3way_s54n,A,complete,shapeiou,sio_b_results.csv,100,100,68,0.60402,0.92069,0.59905,0.91281,772.925,0.005,54,42,shuffle,54,mende20_3way,/root/datasets_mask/mendeley_yolo/mende20_3way.yaml,mask_pretrain.pt,640,32,100,5,r10,,lr005,1,0,0,,2,A_runs_20260929|A_small2_20260927,A_runs_20260929,04caaaa90a347c7e56fbc5ed0824eb17,1,1,0.686,0.9387,0.9244,0.9047,0
r10_p_vistod15_base100_3way_s42n,A,complete,shapeiou,sio_b_results.csv,100,100,90,0.16786,0.28729,0.15649,0.2691,590.133,0.001,42,42,shuffle,42,dota15_20p_3way,/root/datasets_mask/dota15_yolo/dota15_20p_3way.yaml,visdrone_pretrain.pt,640,32,100,5,r10,,base,1,0,0,,2,A_runs_20260929|A_small2_20260927,A_runs_20260929,35e2d0f9a8d52461806160f8ec62ee84,1,1,0.1145,0.1987,0.6549,0.2186,0
r10_p_vistod15_base100_3way_s42n_PARTIAL_0011,A,interrupted,shapeiou,sio_b_results.csv,100,91,90,0.16594,0.2856,0.16544,0.28521,3559.82,0.001,,42,none,42,dota15_20p_3way,/root/datasets_mask/dota15_yolo/dota15_20p_3way.yaml,visdrone_pretrain.pt,640,32,100,5,r10,,base,1,0,0,,2,A_runs_20260929|A_small2_20260927,A_runs_20260929,2d56b22e67649309e310b4881733f82c,1,1,0.1145,0.1987,0.6549,0.2186,0
r10_p_vistod15_base100_3way_s42n_oomfix,A,complete,shapeiou,sio_b_results.csv,100,100,90,0.16786,0.28729,0.15649,0.2691,797.103,0.001,,42,none,42,dota15_20p_3way,/root/datasets_mask/dota15_yolo/dota15_20p_3way.yaml,visdrone_pretrain.pt,640,32,100,5,r10,,base,1,0,0,,2,A_runs_20260929|A_small2_20260927,A_runs_20260929,25cc2a9a0d774cfaa75290e3adc85890,1,1,0.1145,0.1987,0.6549,0.2186,0
r10_p_vistod15_base100_3way_s43n,A,complete,shapeiou,sio_b_results.csv,100,100,90,0.16516,0.28765,0.15223,0.2671,987.003,0.001,43,42,shuffle,43,dota15_20p_3way,/root/datasets_mask/dota15_yolo/dota15_20p_3way.yaml,visdrone_pretrain.pt,640,32,100,5,r10,,base,1,0,0,,2,A_runs_20260929|A_small2_20260927,A_runs_20260929,f376c50bbff3c8e5437d0416b7803730,1,1,0.1168,0.204,0.5273,0.2187,0
r10_p_vistod15_base100_3way_s43n_oomfix,A,complete,shapeiou,sio_b_results.csv,100,100,90,0.17176,0.29301,0.16156,0.27617,1116.94,0.001,,42,none,42,dota15_20p_3way,/root/datasets_mask/dota15_yolo/dota15_20p_3way.yaml,visdrone_pretrain.pt,640,32,100,5,r10,,base,1,0,0,,2,A_runs_20260929|A_small2_20260927,A_runs_20260929,c3382378bdc5847ea432d21e91f13fdb,1,1,0.117,0.202,0.6965,0.2222,0
r10_p_vistod15_base100_3way_s44n,A,complete,shapeiou,sio_b_results.csv,100,100,84,0.16865,0.29059,0.15978,0.27756,578.06,0.001,44,42,shuffle,44,dota15_20p_3way,/root/datasets_mask/dota15_yolo/dota15_20p_3way.yaml,visdrone_pretrain.pt,640,32,100,5,r10,,base,1,0,0,,2,A_runs_20260929|A_small2_20260927,A_runs_20260929,ed4746e19b2ea9291ec291febd146d0f,1,1,0.1144,0.1983,0.6712,0.2156,0
r10_p_vistod15_base100_3way_s44n_PARTIAL_0011,A,interrupted,shapeiou,sio_b_results.csv,100,3,3,0.01867,0.03815,0.01867,0.03815,106.509,0.001,,42,none,42,dota15_20p_3way,/root/datasets_mask/dota15_yolo/dota15_20p_3way.yaml,visdrone_pretrain.pt,640,32,100,5,r10,,base,1,0,0,,2,A_runs_20260929|A_small2_20260927,A_runs_20260929,208dea3e83486befcc2203f5e1123e85,1,1,0.1144,0.1983,0.6712,0.2156,0
r10_p_vistod15_base100_3way_s44n_oomfix,A,complete,shapeiou,sio_b_results.csv,100,100,84,0.16865,0.29059,0.15978,0.27756,805.68,0.001,,42,none,42,dota15_20p_3way,/root/datasets_mask/dota15_yolo/dota15_20p_3way.yaml,visdrone_pretrain.pt,640,32,100,5,r10,,base,1,0,0,,2,A_runs_20260929|A_small2_20260927,A_runs_20260929,7aab2b4a8cea390ff105eb4674f5bc21,1,1,0.1144,0.1983,0.6712,0.2156,0
r10_p_vistod15_base100_3way_s45n,A,complete,shapeiou,sio_b_results.csv,100,100,88,0.17571,0.30397,0.16612,0.29162,576.151,0.001,45,42,shuffle,45,dota15_20p_3way,/root/datasets_mask/dota15_yolo/dota15_20p_3way.yaml,visdrone_pretrain.pt,640,32,100,5,r10,,base,1,0,0,,2,A_runs_20260929|A_small2_20260927,A_runs_20260929,f5896b48060364ae625ebfdebcdf20cf,1,1,0.1161,0.2009,0.5971,0.2229,0
r10_p_vistod15_base100_3way_s46n,A,complete,shapeiou,sio_b_results.csv,100,100,88,0.17326,0.30038,0.16074,0.27872,579.373,0.001,46,42,shuffle,46,dota15_20p_3way,/root/datasets_mask/dota15_yolo/dota15_20p_3way.yaml,visdrone_pretrain.pt,640,32,100,5,r10,,base,1,0,0,,2,A_runs_20260929|A_small2_20260927,A_runs_20260929,84580252e64d5410d01f5180e7b079a8,1,1,0.1191,0.2071,0.6842,0.2224,0
r10_p_vistod15_base100_3way_s47n,A,complete,shapeiou,sio_b_results.csv,100,100,87,0.16064,0.27778,0.15019,0.26327,559.119,0.001,47,42,shuffle,47,dota15_20p_3way,/root/datasets_mask/dota15_yolo/dota15_20p_3way.yaml,visdrone_pretrain.pt,640,32,100,5,r10,,base,1,0,0,,2,A_runs_20260929|A_small2_20260927,A_runs_20260929,44717cde1fc8f1c585a1b3fd9bcc9563,1,1,0.1169,0.2019,0.6609,0.2188,0
r10_p_vistod15_base100_3way_s48n,A,complete,shapeiou,sio_b_results.csv,100,100,87,0.16819,0.29103,0.15909,0.27592,570.041,0.001,48,42,shuffle,48,dota15_20p_3way,/root/datasets_mask/dota15_yolo/dota15_20p_3way.yaml,visdrone_pretrain.pt,640,32,100,5,r10,,base,1,0,0,,2,A_runs_20260929|A_small2_20260927,A_runs_20260929,0fc54e849ed2ff9b8635909f548859de,1,1,0.1161,0.203,0.6487,0.2261,0
r10_p_vistod15_base100_3way_s49n,A,complete,shapeiou,sio_b_results.csv,100,100,91,0.17268,0.29747,0.16499,0.28744,568.723,0.001,49,42,shuffle,49,dota15_20p_3way,/root/datasets_mask/dota15_yolo/dota15_20p_3way.yaml,visdrone_pretrain.pt,640,32,100,5,r10,,base,1,0,0,,2,A_runs_20260929|A_small2_20260927,A_runs_20260929,8c814988c6b8b7277e1cf512cc166610,1,1,0.1156,0.2007,0.6722,0.2183,0
r10_p_vistod15_base100_3way_s50n,A,complete,shapeiou,sio_b_results.csv,100,100,83,0.17596,0.29695,0.16237,0.28186,603.375,0.001,50,42,shuffle,50,dota15_20p_3way,/root/datasets_mask/dota15_yolo/dota15_20p_3way.yaml,visdrone_pretrain.pt,640,32,100,5,r10,,base,1,0,0,,2,A_runs_20260929|A_small2_20260927,A_runs_20260929,694cdde769ad7efac8e22a0e8c1fb5bb,1,1,0.1187,0.2081,0.6316,0.2214,0
r10_p_vistod15_base100_3way_s51n,A,complete,shapeiou,sio_b_results.csv,100,100,86,0.16807,0.29056,0.15622,0.27453,563.303,0.001,51,42,shuffle,51,dota15_20p_3way,/root/datasets_mask/dota15_yolo/dota15_20p_3way.yaml,visdrone_pretrain.pt,640,32,100,5,r10,,base,1,0,0,,2,A_runs_20260929|A_small2_20260927,A_runs_20260929,38ae9af8990fc4f2e286518dd7f716e8,1,1,0.1144,0.1984,0.5809,0.2225,0
r10_p_vistod15_lr005_100ep_3way_s42n,A,complete,shapeiou,sio_b_results.csv,100,100,90,0.23657,0.40102,0.22203,0.37436,1001.2,0.005,42,42,shuffle,42,dota15_20p_3way,/root/datasets_mask/dota15_yolo/dota15_20p_3way.yaml,visdrone_pretrain.pt,640,32,100,5,r10,,lr005,1,0,0,,2,A_runs_20260929|A_small2_20260927,A_runs_20260929,645fc806e7c1e2aab55b5e7485985422,1,1,0.1519,0.2645,0.6097,0.2824,0
r10_p_vistod15_lr005_100ep_3way_s42n_oomfix,A,complete,shapeiou,sio_b_results.csv,100,100,91,0.23919,0.40244,0.22588,0.38099,924.079,0.005,,42,none,42,dota15_20p_3way,/root/datasets_mask/dota15_yolo/dota15_20p_3way.yaml,visdrone_pretrain.pt,640,32,100,5,r10,,lr005,1,0,0,,2,A_runs_20260929|A_small2_20260927,A_runs_20260929,7d4457712601b9b07349753ad43a05b4,1,1,0.1504,0.2581,0.6003,0.2792,0
r10_p_vistod15_lr005_100ep_3way_s43n,A,complete,shapeiou,sio_b_results.csv,100,100,88,0.24674,0.40955,0.24219,0.4042,598.927,0.005,43,42,shuffle,43,dota15_20p_3way,/root/datasets_mask/dota15_yolo/dota15_20p_3way.yaml,visdrone_pretrain.pt,640,32,100,5,r10,,lr005,1,0,0,,2,A_runs_20260929|A_small2_20260927,A_runs_20260929,af735a8aeafb61fcab96ec53be9fc230,1,1,0.1528,0.2631,0.599,0.2825,0
r10_p_vistod15_lr005_100ep_3way_s43n_PARTIAL_0011,A,interrupted,shapeiou,sio_b_results.csv,100,5,5,0.03355,0.0583,0.03355,0.0583,196.498,0.005,,42,none,42,dota15_20p_3way,/root/datasets_mask/dota15_yolo/dota15_20p_3way.yaml,visdrone_pretrain.pt,640,32,100,5,r10,,lr005,1,0,0,,2,A_runs_20260929|A_small2_20260927,A_runs_20260929,2b293b0d1524ba92dd724ce6b84d3203,1,1,0.1528,0.2631,0.599,0.2825,0
r10_p_vistod15_lr005_100ep_3way_s43n_oomfix,A,complete,shapeiou,sio_b_results.csv,100,100,88,0.24674,0.40955,0.24219,0.4042,799.825,0.005,,42,none,42,dota15_20p_3way,/root/datasets_mask/dota15_yolo/dota15_20p_3way.yaml,visdrone_pretrain.pt,640,32,100,5,r10,,lr005,1,0,0,,2,A_runs_20260929|A_small2_20260927,A_runs_20260929,68f0ed4bfea5122048ccbe9f04933b18,1,1,0.1528,0.2631,0.599,0.2825,0
r10_p_vistod15_lr005_100ep_3way_s44n,A,complete,shapeiou,sio_b_results.csv,100,100,85,0.23716,0.39236,0.22978,0.3844,1001.91,0.005,44,42,shuffle,44,dota15_20p_3way,/root/datasets_mask/dota15_yolo/dota15_20p_3way.yaml,visdrone_pretrain.pt,640,32,100,5,r10,,lr005,1,0,0,,2,A_runs_20260929|A_small2_20260927,A_runs_20260929,2efbe191b7f8142820604a3da8cac981,1,1,0.1524,0.2599,0.6071,0.2811,0
r10_p_vistod15_lr005_100ep_3way_s44n_oomfix,A,complete,shapeiou,sio_b_results.csv,100,100,87,0.23725,0.39863,0.22999,0.39127,878.875,0.005,,42,none,42,dota15_20p_3way,/root/datasets_mask/dota15_yolo/dota15_20p_3way.yaml,visdrone_pretrain.pt,640,32,100,5,r10,,lr005,1,0,0,,2,A_runs_20260929|A_small2_20260927,A_runs_20260929,1b717052f89b2dc302dac34c947631e6,1,1,0.1481,0.2557,0.5986,0.2747,0
r10_p_vistod15_lr005_100ep_3way_s45n,A,complete,shapeiou,sio_b_results.csv,100,100,85,0.24069,0.40299,0.2329,0.39108,603.809,0.005,45,42,shuffle,45,dota15_20p_3way,/root/datasets_mask/dota15_yolo/dota15_20p_3way.yaml,visdrone_pretrain.pt,640,32,100,5,r10,,lr005,1,0,0,,2,A_runs_20260929|A_small2_20260927,A_runs_20260929,168877b6863b75522148cdd07c91f397,1,1,0.1529,0.2601,0.612,0.2739,0
r10_p_vistod15_lr005_100ep_3way_s46n,A,complete,shapeiou,sio_b_results.csv,100,100,84,0.24034,0.40595,0.2269,0.3824,609.391,0.005,46,42,shuffle,46,dota15_20p_3way,/root/datasets_mask/dota15_yolo/dota15_20p_3way.yaml,visdrone_pretrain.pt,640,32,100,5,r10,,lr005,1,0,0,,2,A_runs_20260929|A_small2_20260927,A_runs_20260929,d6cb3a536622850f60824368af6c50fa,1,1,0.1515,0.2629,0.5953,0.2776,0
r10_p_vistod15_lr005_100ep_3way_s47n,A,complete,shapeiou,sio_b_results.csv,100,100,91,0.2334,0.39472,0.22234,0.37474,614.11,0.005,47,42,shuffle,47,dota15_20p_3way,/root/datasets_mask/dota15_yolo/dota15_20p_3way.yaml,visdrone_pretrain.pt,640,32,100,5,r10,,lr005,1,0,0,,2,A_runs_20260929|A_small2_20260927,A_runs_20260929,992a2297f4dbcb83852c549028c8219d,1,1,0.1552,0.2667,0.5864,0.2848,0
r10_p_vistod15_lr005_100ep_3way_s48n,A,complete,shapeiou,sio_b_results.csv,100,100,90,0.24041,0.4053,0.22417,0.38047,623.001,0.005,48,42,shuffle,48,dota15_20p_3way,/root/datasets_mask/dota15_yolo/dota15_20p_3way.yaml,visdrone_pretrain.pt,640,32,100,5,r10,,lr005,1,0,0,,2,A_runs_20260929|A_small2_20260927,A_runs_20260929,4c6cd7c10fe6ce737249b35cf390b401,1,1,0.1588,0.2703,0.6221,0.2841,0
r10_p_vistod15_lr005_100ep_3way_s49n,A,complete,shapeiou,sio_b_results.csv,100,100,83,0.24296,0.39909,0.23669,0.39589,618.145,0.005,49,42,shuffle,49,dota15_20p_3way,/root/datasets_mask/dota15_yolo/dota15_20p_3way.yaml,visdrone_pretrain.pt,640,32,100,5,r10,,lr005,1,0,0,,2,A_runs_20260929|A_small2_20260927,A_runs_20260929,000a632e37fb6f458760884b9d5a1d65,1,1,0.15,0.2586,0.6118,0.2764,0
r10_p_vistod15_lr005_100ep_3way_s50n,A,complete,shapeiou,sio_b_results.csv,100,100,78,0.23818,0.39507,0.22421,0.37805,604.201,0.005,50,42,shuffle,50,dota15_20p_3way,/root/datasets_mask/dota15_yolo/dota15_20p_3way.yaml,visdrone_pretrain.pt,640,32,100,5,r10,,lr005,1,0,0,,2,A_runs_20260929|A_small2_20260927,A_runs_20260929,a54d073c5dd926e9e1868dcbe0970f9d,1,1,0.1509,0.2593,0.6199,0.2747,0
r10_p_vistod15_lr005_100ep_3way_s51n,A,complete,shapeiou,sio_b_results.csv,100,100,83,0.23623,0.39229,0.23425,0.39036,579.021,0.005,51,42,shuffle,51,dota15_20p_3way,/root/datasets_mask/dota15_yolo/dota15_20p_3way.yaml,visdrone_pretrain.pt,640,32,100,5,r10,,lr005,1,0,0,,2,A_runs_20260929|A_small2_20260927,A_runs_20260929,7242dc5bed86a0a2b9c13b44c251dc66,1,1,0.1514,0.2626,0.6022,0.2746,0
r10_prior_base100_3way_s42n,A,complete,shapeiou,sio_b_results.csv,100,100,18,0.59546,0.90537,0.57404,0.89874,1388.28,0.001,42,42,shuffle,42,mende20_3way,/root/datasets_mask/mendeley_yolo/mende20_3way.yaml,mafa_pretrain.pt,640,32,100,5,r10,,base,1,0,0,,2,A_runs_20260929|A_small2_20260927,A_runs_20260929,214d329f35e1871db78748c6a7aa395a,1,1,0.6959,0.9552,0.9034,0.9116,0
r10_prior_base100_3way_s43n,A,complete,shapeiou,sio_b_results.csv,100,100,40,0.60383,0.91698,0.5813,0.91031,1310.29,0.001,43,42,shuffle,43,mende20_3way,/root/datasets_mask/mendeley_yolo/mende20_3way.yaml,mafa_pretrain.pt,640,32,100,5,r10,,base,1,0,0,,2,A_runs_20260929|A_small2_20260927,A_runs_20260929,842f1ae7c9efb54c6da57dd4a170ee80,1,1,0.6901,0.9497,0.9131,0.913,0
r10_prior_base100_3way_s44n,A,complete,shapeiou,sio_b_results.csv,100,100,21,0.59691,0.91014,0.57618,0.90054,1307.84,0.001,44,42,shuffle,44,mende20_3way,/root/datasets_mask/mendeley_yolo/mende20_3way.yaml,mafa_pretrain.pt,640,32,100,5,r10,,base,1,0,0,,2,A_runs_20260929|A_small2_20260927,A_runs_20260929,6f8278327c4683562241f4a5e75cb1c8,1,1,0.6842,0.9302,0.9277,0.8792,0
r10_prior_base100ep_3way_s45n,A,complete,shapeiou,A_sio_b_results.csv,100,100,14,0.60065,0.90505,0.57834,0.89189,787.197,0.001,45,42,shuffle,45,mende20_3way,/root/datasets_mask/mendeley_yolo/mende20_3way.yaml,mafa_pretrain.pt,640,32,100,5,r10,,base,1,0,0,,1,P1supp_A_20261002,P1supp_A_20261002,8a6c35dc21475e080e4240520f3b5e6b,1,0,0.6902,0.9402,0.8964,0.9164,0
r10_prior_base100ep_3way_s46n,A,complete,shapeiou,A_sio_b_results.csv,100,100,25,0.60385,0.90141,0.57911,0.89525,779.594,0.001,46,42,shuffle,46,mende20_3way,/root/datasets_mask/mendeley_yolo/mende20_3way.yaml,mafa_pretrain.pt,640,32,100,5,r10,,base,1,0,0,,1,P1supp_A_20261002,P1supp_A_20261002,19ac5e3357c60672c9f3142e56083d6b,1,0,0.6867,0.9585,0.8999,0.9331,0
r10_prior_base100ep_3way_s47n,A,complete,shapeiou,A_sio_b_results.csv,100,100,26,0.60236,0.90227,0.58096,0.89815,772.676,0.001,47,42,shuffle,47,mende20_3way,/root/datasets_mask/mendeley_yolo/mende20_3way.yaml,mafa_pretrain.pt,640,32,100,5,r10,,base,1,0,0,,1,P1supp_A_20261002,P1supp_A_20261002,8402c225d03479048cbb2c46928a850e,1,0,0.6877,0.9459,0.9417,0.8896,0
r10_prior_base100ep_3way_s48n,A,complete,shapeiou,A_sio_b_results.csv,100,100,24,0.59564,0.89683,0.58368,0.89638,764.191,0.001,48,42,shuffle,48,mende20_3way,/root/datasets_mask/mendeley_yolo/mende20_3way.yaml,mafa_pretrain.pt,640,32,100,5,r10,,base,1,0,0,,1,P1supp_A_20261002,P1supp_A_20261002,027955617e47fca64d3a4f3c9a797f44,1,0,0.6893,0.9448,0.9216,0.9025,0
r10_prior_base100ep_3way_s49n,A,complete,shapeiou,A_sio_b_results.csv,100,100,34,0.60718,0.90408,0.58984,0.89982,807.484,0.001,49,42,shuffle,49,mende20_3way,/root/datasets_mask/mendeley_yolo/mende20_3way.yaml,mafa_pretrain.pt,640,32,100,5,r10,,base,1,0,0,,1,P1supp_A_20261002,P1supp_A_20261002,e77c2cbd9debd266cfc0a628faea0968,1,0,0.6724,0.9349,0.897,0.904,0
r10_prior_base100ep_3way_s50n,A,complete,shapeiou,A_sio_b_results.csv,100,100,21,0.59947,0.89387,0.58971,0.9077,785.073,0.001,50,42,shuffle,50,mende20_3way,/root/datasets_mask/mendeley_yolo/mende20_3way.yaml,mafa_pretrain.pt,640,32,100,5,r10,,base,1,0,0,,1,P1supp_A_20261002,P1supp_A_20261002,f623fd49b6e691b3336b7d183ab7037b,1,0,0.7078,0.9532,0.9298,0.8962,0
r10_prior_base100ep_3way_s51n,A,complete,shapeiou,A_sio_b_results.csv,100,100,38,0.60211,0.90839,0.58476,0.89789,798.151,0.001,51,42,shuffle,51,mende20_3way,/root/datasets_mask/mendeley_yolo/mende20_3way.yaml,mafa_pretrain.pt,640,32,100,5,r10,,base,1,0,0,,1,P1supp_A_20261002,P1supp_A_20261002,92d8112cfebe86653ba9d442c6c76462,1,0,0.6886,0.9513,0.9368,0.9025,0
r10_prior_css100_3way_s42n,A,complete,css,sio_b_results.csv,100,100,32,0.60035,0.90678,0.57869,0.8995,1388.07,0.001,42,42,shuffle,42,mende20_3way,/root/datasets_mask/mendeley_yolo/mende20_3way.yaml,mafa_pretrain.pt,640,32,100,5,r10,,,1,0,0,,2,A_runs_20260929|A_small2_20260927,A_runs_20260929,d6110749a69b099e6bc6776930d80fbe,1,1,0.6909,0.9431,0.9447,0.8694,0
r10_prior_css100_3way_s43n,A,complete,css,sio_b_results.csv,100,100,36,0.60571,0.92385,0.5808,0.90365,1312.97,0.001,43,42,shuffle,43,mende20_3way,/root/datasets_mask/mendeley_yolo/mende20_3way.yaml,mafa_pretrain.pt,640,32,100,5,r10,,,1,0,0,,2,A_runs_20260929|A_small2_20260927,A_runs_20260929,ff96d25dcd35e9914fa6d7e474188aea,1,1,0.6799,0.9444,0.9082,0.9223,0
r10_prior_css100_3way_s44n,A,complete,css,sio_b_results.csv,100,100,10,0.58978,0.89604,0.57549,0.90305,1311.95,0.001,44,42,shuffle,44,mende20_3way,/root/datasets_mask/mendeley_yolo/mende20_3way.yaml,mafa_pretrain.pt,640,32,100,5,r10,,,1,0,0,,2,A_runs_20260929|A_small2_20260927,A_runs_20260929,61bb5b3486e842138c8d6d2495d1286d,1,1,0.6951,0.9569,0.9147,0.9316,0
r10_prior_lr005_100ep_3way_s42n,A,complete,shapeiou,A_sio_b_results.csv,100,100,71,0.60717,0.92377,0.58998,0.91349,922.45,0.005,42,42,shuffle,42,mende20_3way,/root/datasets_mask/mendeley_yolo/mende20_3way.yaml,mafa_pretrain.pt,640,32,100,5,r10,,lr005,1,0,0,,1,P1supp_A_20261002,P1supp_A_20261002,c902dd544db781a536ea128b79266c27,1,0,0.6911,0.9404,0.9055,0.8935,0
r10_prior_lr005_100ep_3way_s43n,A,complete,shapeiou,A_sio_b_results.csv,100,100,68,0.59837,0.91165,0.58594,0.89618,767.747,0.005,43,42,shuffle,43,mende20_3way,/root/datasets_mask/mendeley_yolo/mende20_3way.yaml,mafa_pretrain.pt,640,32,100,5,r10,,lr005,1,0,0,,1,P1supp_A_20261002,P1supp_A_20261002,4a5f0c7cef09d31c03dd868acb3adc7e,1,0,0.6747,0.9442,0.9557,0.8691,0
r10_prior_pws100_3way_s42n,A,complete,pws,sio_b_results.csv,100,100,22,0.59468,0.90975,0.57833,0.90336,1308.42,0.001,42,42,shuffle,42,mende20_3way,/root/datasets_mask/mendeley_yolo/mende20_3way.yaml,mafa_pretrain.pt,640,32,100,5,r10,,,1,0,0,,2,A_runs_20260929|A_small2_20260927,A_runs_20260929,dadcf5a87bc7bb19e3fc6d41e19ccd8c,1,1,0.6785,0.9483,0.8959,0.9322,0
r10_prior_pws100_3way_s43n,A,complete,pws,sio_b_results.csv,100,100,59,0.60472,0.92547,0.59551,0.91197,1424.99,0.001,43,42,shuffle,43,mende20_3way,/root/datasets_mask/mendeley_yolo/mende20_3way.yaml,mafa_pretrain.pt,640,32,100,5,r10,,,1,0,0,,2,A_runs_20260929|A_small2_20260927,A_runs_20260929,3377d79c8e9e5f1295892f7a67aac4d1,1,1,0.6735,0.9372,0.9038,0.9159,0
r10_prior_pws100_3way_s44n,A,complete,pws,sio_b_results.csv,100,100,23,0.60826,0.91156,0.57766,0.90073,1317.57,0.001,44,42,shuffle,44,mende20_3way,/root/datasets_mask/mendeley_yolo/mende20_3way.yaml,mafa_pretrain.pt,640,32,100,5,r10,,,1,0,0,,2,A_runs_20260929|A_small2_20260927,A_runs_20260929,2814a8ccb30dbf8480c7a7d6d1483623,1,1,0.687,0.943,0.9325,0.8983,0
r10_prior_sns100_3way_s42n,A,complete,sns,sio_b_results.csv,100,100,30,0.59499,0.90206,0.56769,0.88813,1304.95,0.001,42,42,shuffle,42,mende20_3way,/root/datasets_mask/mendeley_yolo/mende20_3way.yaml,mafa_pretrain.pt,640,32,100,5,r10,,,1,0,0,,2,A_runs_20260929|A_small2_20260927,A_runs_20260929,6612d00f172a16605551be1b93358aa3,1,1,0.6826,0.9486,0.902,0.9089,0
r10_prior_sns100_3way_s43n,A,complete,sns,sio_b_results.csv,100,100,42,0.60634,0.90941,0.58763,0.90937,1411.52,0.001,43,42,shuffle,43,mende20_3way,/root/datasets_mask/mendeley_yolo/mende20_3way.yaml,mafa_pretrain.pt,640,32,100,5,r10,,,1,0,0,,2,A_runs_20260929|A_small2_20260927,A_runs_20260929,e7cbba83b49c759f1ca7281269056117,1,1,0.694,0.9536,0.921,0.9144,0
r10_prior_sns100_3way_s44n,A,complete,sns,sio_b_results.csv,100,100,21,0.60025,0.915,0.57617,0.89551,1304.9,0.001,44,42,shuffle,44,mende20_3way,/root/datasets_mask/mendeley_yolo/mende20_3way.yaml,mafa_pretrain.pt,640,32,100,5,r10,,,1,0,0,,2,A_runs_20260929|A_small2_20260927,A_runs_20260929,db6165881457044738163c50b79371ee,1,1,0.6928,0.9469,0.9192,0.9025,0
r10_prior_sns_lr005_100ep_3way_s45n,A,complete,sns,A_sio_b_results.csv,100,100,84,0.59805,0.90679,0.59102,0.90448,790.732,0.005,45,42,shuffle,45,mende20_3way,/root/datasets_mask/mendeley_yolo/mende20_3way.yaml,mafa_pretrain.pt,640,32,100,5,r10,,lr005,1,0,0,,1,P1supp_A_20261002,P1supp_A_20261002,e22ade1fafc2f847883409ab8456c00c,1,0,0.672,0.9293,0.9156,0.8983,0
r10_prior_sns_lr005_100ep_3way_s46n,A,complete,sns,A_sio_b_results.csv,100,100,89,0.59547,0.90259,0.58897,0.90197,816.059,0.005,46,42,shuffle,46,mende20_3way,/root/datasets_mask/mendeley_yolo/mende20_3way.yaml,mafa_pretrain.pt,640,32,100,5,r10,,lr005,1,0,0,,1,P1supp_A_20261002,P1supp_A_20261002,e62e7d1660c6778b2d186aae34b04a8d,1,0,0.6895,0.9449,0.9455,0.9025,0
r10_prior_sns_lr005_100ep_3way_s47n,A,complete,sns,A_sio_b_results.csv,100,100,31,0.59911,0.90594,0.58175,0.89539,809.144,0.005,47,42,shuffle,47,mende20_3way,/root/datasets_mask/mendeley_yolo/mende20_3way.yaml,mafa_pretrain.pt,640,32,100,5,r10,,lr005,1,0,0,,1,P1supp_A_20261002,P1supp_A_20261002,3db1702b6df626ef3b9acb455f941950,1,0,0.6698,0.9486,0.9312,0.8896,0
r10_prior_sns_lr005_100ep_3way_s48n,A,complete,sns,A_sio_b_results.csv,100,100,51,0.59956,0.89799,0.59343,0.90874,770.717,0.005,48,42,shuffle,48,mende20_3way,/root/datasets_mask/mendeley_yolo/mende20_3way.yaml,mafa_pretrain.pt,640,32,100,5,r10,,lr005,1,0,0,,1,P1supp_A_20261002,P1supp_A_20261002,2d0f16341fccc39c64fa798ff423ac71,1,0,0.6668,0.9468,0.9138,0.9047,0
r10_prior_sns_lr005_100ep_3way_s49n,A,complete,sns,A_sio_b_results.csv,100,100,87,0.59933,0.90667,0.58887,0.89417,785.654,0.005,49,42,shuffle,49,mende20_3way,/root/datasets_mask/mendeley_yolo/mende20_3way.yaml,mafa_pretrain.pt,640,32,100,5,r10,,lr005,1,0,0,,1,P1supp_A_20261002,P1supp_A_20261002,c6720a6132bd65fb94d417ae6be138e9,1,0,0.6947,0.9498,0.9231,0.9149,0
r10_prior_sns_lr005_100ep_3way_s50n,A,complete,sns,A_sio_b_results.csv,100,100,49,0.59837,0.92546,0.57714,0.90779,818.764,0.005,50,42,shuffle,50,mende20_3way,/root/datasets_mask/mendeley_yolo/mende20_3way.yaml,mafa_pretrain.pt,640,32,100,5,r10,,lr005,1,0,0,,1,P1supp_A_20261002,P1supp_A_20261002,b00c50b61d5091954e8f0b3db5984c45,1,0,0.6453,0.9456,0.9229,0.9216,0
r10_prior_sns_lr005_100ep_3way_s51n,A,complete,sns,A_sio_b_results.csv,100,100,64,0.60632,0.9137,0.59127,0.90159,816.573,0.005,51,42,shuffle,51,mende20_3way,/root/datasets_mask/mendeley_yolo/mende20_3way.yaml,mafa_pretrain.pt,640,32,100,5,r10,,lr005,1,0,0,,1,P1supp_A_20261002,P1supp_A_20261002,0e83cdf9292ffaf5d14529c9ebc64261,1,0,0.6902,0.9423,0.9299,0.8997,0
r10_vis_base30_3way_s42n,A,complete,shapeiou,sio_b_results.csv,30,30,2,0.14241,0.25576,0.13761,0.25103,644.537,0.001,42,42,shuffle,42,visdrone_20p_3way,/root/datasets_mask/visdrone/visdrone_20p_3way.yaml,visdrone_pretrain.pt,640,32,100,5,r10,,base,1,0,0,,2,A_runs_20260929|A_small2_20260927,A_runs_20260929,08fc5464c5a0040a458326bb73b46da6,1,1,0.1177,0.214,0.3475,0.2604,0
r10_vis_base30_3way_s43n,A,complete,shapeiou,sio_b_results.csv,30,30,7,0.14166,0.25735,0.13709,0.24926,527.178,0.001,43,42,shuffle,43,visdrone_20p_3way,/root/datasets_mask/visdrone/visdrone_20p_3way.yaml,visdrone_pretrain.pt,640,32,100,5,r10,,base,1,0,0,,2,A_runs_20260929|A_small2_20260927,A_runs_20260929,5fcd303b4adb20df24d8ec4da98b4973,1,1,0.1149,0.2106,0.3224,0.2638,0
r10_vis_base30_3way_s44n,A,complete,shapeiou,sio_b_results.csv,30,30,2,0.14157,0.25407,0.13765,0.25056,498.038,0.001,44,42,shuffle,44,visdrone_20p_3way,/root/datasets_mask/visdrone/visdrone_20p_3way.yaml,visdrone_pretrain.pt,640,32,100,5,r10,,base,1,0,0,,2,A_runs_20260929|A_small2_20260927,A_runs_20260929,b1f500fbe5efb9202da690bf2a8dd65c,1,1,0.1165,0.2139,0.3425,0.2593,0
r10_vis_base30_3way_s45n,A,complete,shapeiou,sio_b_results.csv,30,30,2,0.14054,0.25409,0.13686,0.24869,329.672,0.001,45,42,shuffle,45,visdrone_20p_3way,/root/datasets_mask/visdrone/visdrone_20p_3way.yaml,visdrone_pretrain.pt,640,32,100,5,r10,,base,1,0,0,,2,A_runs_20260929|A_small2_20260927,A_runs_20260929,450c81d0d11871748c41054a06916e12,1,1,0.1174,0.214,0.356,0.2585,0
r10_vis_base30_3way_s46n,A,complete,shapeiou,sio_b_results.csv,30,30,2,0.14484,0.25952,0.13703,0.24976,328.297,0.001,46,42,shuffle,46,visdrone_20p_3way,/root/datasets_mask/visdrone/visdrone_20p_3way.yaml,visdrone_pretrain.pt,640,32,100,5,r10,,base,1,0,0,,2,A_runs_20260929|A_small2_20260927,A_runs_20260929,66888efe88f7fc2a63e7248c41b73466,1,1,0.1184,0.216,0.3567,0.259,0
r10_vis_base30_3way_s47n,A,complete,shapeiou,sio_b_results.csv,30,30,2,0.1431,0.2583,0.13761,0.25047,334.553,0.001,47,42,shuffle,47,visdrone_20p_3way,/root/datasets_mask/visdrone/visdrone_20p_3way.yaml,visdrone_pretrain.pt,640,32,100,5,r10,,base,1,0,0,,2,A_runs_20260929|A_small2_20260927,A_runs_20260929,56e175d2e4c1cdfd211d48069fb67b7d,1,1,0.1174,0.2141,0.3486,0.2575,0
r10_vis_base30_3way_s48n,A,complete,shapeiou,sio_b_results.csv,30,30,2,0.14354,0.25745,0.13735,0.24992,607.123,0.001,48,42,shuffle,48,visdrone_20p_3way,/root/datasets_mask/visdrone/visdrone_20p_3way.yaml,visdrone_pretrain.pt,640,32,100,5,r10,,base,1,0,0,,2,A_runs_20260929|A_small2_20260927,A_runs_20260929,b60b0724c5be01a091305ebcb33e76d7,1,1,0.1177,0.2146,0.3435,0.2604,0
r10_vis_base30_3way_s49n,A,complete,shapeiou,sio_b_results.csv,30,30,1,0.14268,0.25518,0.13752,0.24893,621.759,0.001,49,42,shuffle,49,visdrone_20p_3way,/root/datasets_mask/visdrone/visdrone_20p_3way.yaml,visdrone_pretrain.pt,640,32,100,5,r10,,base,1,0,0,,2,A_runs_20260929|A_small2_20260927,A_runs_20260929,c2764ae3e8827ac8c296842226e54ed2,1,1,0.1163,0.2129,0.3403,0.2578,0
r10_vis_base30_3way_s50n,A,complete,shapeiou,sio_b_results.csv,30,30,1,0.1403,0.25044,0.13735,0.25094,487.03,0.001,50,42,shuffle,50,visdrone_20p_3way,/root/datasets_mask/visdrone/visdrone_20p_3way.yaml,visdrone_pretrain.pt,640,32,100,5,r10,,base,1,0,0,,2,A_runs_20260929|A_small2_20260927,A_runs_20260929,09273a4af8f7ba4a6f709adfdf6f4636,1,1,0.1156,0.2108,0.3427,0.253,0
r10_vis_base30_3way_s51n,A,complete,shapeiou,sio_b_results.csv,30,30,2,0.14058,0.25444,0.13671,0.24927,496.14,0.001,51,42,shuffle,51,visdrone_20p_3way,/root/datasets_mask/visdrone/visdrone_20p_3way.yaml,visdrone_pretrain.pt,640,32,100,5,r10,,base,1,0,0,,2,A_runs_20260929|A_small2_20260927,A_runs_20260929,de742586a2ab4e3fc4ae8f60bcdc66db,1,1,0.1162,0.2123,0.3462,0.2547,0
r10_vis_lr005_30ep_3way_s42n,A,complete,shapeiou,sio_b_results.csv,30,30,1,0.1378,0.25032,0.13258,0.2468,617.66,0.005,42,42,shuffle,42,visdrone_20p_3way,/root/datasets_mask/visdrone/visdrone_20p_3way.yaml,visdrone_pretrain.pt,640,32,100,5,r10,,lr005,1,0,0,,2,A_runs_20260929|A_small2_20260927,A_runs_20260929,21ab0c635d2287f6ad91456e2812a07d,1,1,0.112,0.2094,0.3482,0.2549,0
r10_vis_lr005_30ep_3way_s43n,A,complete,shapeiou,sio_b_results.csv,30,30,1,0.13309,0.24011,0.13179,0.24498,508.697,0.005,43,42,shuffle,43,visdrone_20p_3way,/root/datasets_mask/visdrone/visdrone_20p_3way.yaml,visdrone_pretrain.pt,640,32,100,5,r10,,lr005,1,0,0,,2,A_runs_20260929|A_small2_20260927,A_runs_20260929,ecf0564ebc64eec113dc7c0aeb56d5fd,1,1,0.1119,0.2039,0.3511,0.2452,0
r10_vis_lr005_30ep_3way_s44n,A,complete,shapeiou,sio_b_results.csv,30,30,29,0.13088,0.24084,0.13072,0.24195,518.632,0.005,44,42,shuffle,44,visdrone_20p_3way,/root/datasets_mask/visdrone/visdrone_20p_3way.yaml,visdrone_pretrain.pt,640,32,100,5,r10,,lr005,1,0,0,,2,A_runs_20260929|A_small2_20260927,A_runs_20260929,70299bf51c87163dcd622a0b4bfcfc44,1,1,0.1064,0.1963,0.3241,0.2475,0
r10_vis_lr005_30ep_3way_s45n,A,complete,shapeiou,sio_b_results.csv,30,30,30,0.12965,0.23957,0.12965,0.23957,328.971,0.005,45,42,shuffle,45,visdrone_20p_3way,/root/datasets_mask/visdrone/visdrone_20p_3way.yaml,visdrone_pretrain.pt,640,32,100,5,r10,,lr005,1,0,0,,2,A_runs_20260929|A_small2_20260927,A_runs_20260929,5d594d6c2f76b65dce7b9e7585c33ad9,1,1,0.1108,0.2024,0.3172,0.2532,1
r10_vis_lr005_30ep_3way_s46n,A,complete,shapeiou,sio_b_results.csv,30,30,1,0.13452,0.24192,0.13102,0.24104,330.012,0.005,46,42,shuffle,46,visdrone_20p_3way,/root/datasets_mask/visdrone/visdrone_20p_3way.yaml,visdrone_pretrain.pt,640,32,100,5,r10,,lr005,1,0,0,,2,A_runs_20260929|A_small2_20260927,A_runs_20260929,bb802416b425c4c05916c24174bd394b,1,1,0.1103,0.2052,0.3504,0.2503,1
r10_vis_lr005_30ep_3way_s47n,A,complete,shapeiou,sio_b_results.csv,30,30,30,0.13104,0.24328,0.13104,0.24328,333.487,0.005,47,42,shuffle,47,visdrone_20p_3way,/root/datasets_mask/visdrone/visdrone_20p_3way.yaml,visdrone_pretrain.pt,640,32,100,5,r10,,lr005,1,0,0,,2,A_runs_20260929|A_small2_20260927,A_runs_20260929,23671a903a0c5ad01f9e88143266a786,1,1,0.1103,0.2028,0.3135,0.2583,1
r10_vis_lr005_30ep_3way_s48n,A,complete,shapeiou,sio_b_results.csv,30,30,1,0.13665,0.24814,0.13124,0.24314,619.495,0.005,48,42,shuffle,48,visdrone_20p_3way,/root/datasets_mask/visdrone/visdrone_20p_3way.yaml,visdrone_pretrain.pt,640,32,100,5,r10,,lr005,1,0,0,,2,A_runs_20260929|A_small2_20260927,A_runs_20260929,a942533a739f24146c07e100b90b1aaf,1,1,0.108,0.2027,0.3445,0.2417,0
r10_vis_lr005_30ep_3way_s49n,A,complete,shapeiou,sio_b_results.csv,30,30,30,0.13212,0.24479,0.13212,0.24479,503.976,0.005,49,42,shuffle,49,visdrone_20p_3way,/root/datasets_mask/visdrone/visdrone_20p_3way.yaml,visdrone_pretrain.pt,640,32,100,5,r10,,lr005,1,0,0,,2,A_runs_20260929|A_small2_20260927,A_runs_20260929,50fe47bc18463c7ee16ce85c039da8df,1,1,0.1106,0.2045,0.3165,0.2587,0
r10_vis_lr005_30ep_3way_s50n,A,complete,shapeiou,sio_b_results.csv,30,30,1,0.13267,0.24205,0.13029,0.2427,523.361,0.005,50,42,shuffle,50,visdrone_20p_3way,/root/datasets_mask/visdrone/visdrone_20p_3way.yaml,visdrone_pretrain.pt,640,32,100,5,r10,,lr005,1,0,0,,2,A_runs_20260929|A_small2_20260927,A_runs_20260929,d143d966a4175b3f1267697ba6877d92,1,1,0.1053,0.1982,0.3411,0.2468,0
r10_vis_lr005_30ep_3way_s51n,A,complete,shapeiou,sio_b_results.csv,30,30,2,0.13216,0.24635,0.13209,0.24397,492.099,0.005,51,42,shuffle,51,visdrone_20p_3way,/root/datasets_mask/visdrone/visdrone_20p_3way.yaml,visdrone_pretrain.pt,640,32,100,5,r10,,lr005,1,0,0,,2,A_runs_20260929|A_small2_20260927,A_runs_20260929,033c902e1071f8a4b8f77b8ba74bf271,1,1,0.1015,0.1992,0.3391,0.2396,0
r15_arch_y11_vistod15_base100_s42n,A,complete,shapeiou,sio_b_results.csv,100,100,90,0.14642,0.25454,0.14262,0.24717,512.248,0.001,42,42,shuffle,42,dota15_20p_3way,/root/datasets_mask/dota15_yolo/dota15_20p_3way.yaml,yolo11n.pt,640,32,100,5,r15,,base,0,0,0,,2,A_runs_20260929|A_small2_20260927,A_runs_20260929,4cb57510f03dbda4e882340820ab8a7c,1,1,0.1074,0.1839,0.6392,0.1943,0
r15_arch_y11_vistod15_base100_s42n_PARTIAL_09200932,A,interrupted,shapeiou,sio_b_results.csv,100,70,70,0.1349,0.23669,0.1349,0.23669,2382.17,0.001,,42,none,42,dota15_20p_3way,/root/datasets_mask/dota15_yolo/dota15_20p_3way.yaml,yolo11n.pt,640,32,100,5,r15,,base,0,0,0,,2,A_runs_20260929|A_small2_20260927,A_runs_20260929,b701ea16816f6be48347d03ed5f9ed5d,1,1,0.1074,0.1839,0.6392,0.1943,0
r15_arch_y11_vistod15_base100_s42n_oomfix,A,complete,shapeiou,sio_b_results.csv,100,100,90,0.14642,0.25454,0.14262,0.24717,737.025,0.001,,42,none,42,dota15_20p_3way,/root/datasets_mask/dota15_yolo/dota15_20p_3way.yaml,yolo11n.pt,640,32,100,5,r15,,base,0,0,0,,2,A_runs_20260929|A_small2_20260927,A_runs_20260929,032a0984cc5f86d79c40ad8e4818f5a9,1,1,0.1074,0.1839,0.6392,0.1943,0
r15_arch_y11_vistod15_base100_s43n,A,complete,shapeiou,sio_b_results.csv,100,100,87,0.14266,0.246,0.1368,0.23812,1940.67,0.001,43,42,shuffle,43,dota15_20p_3way,/root/datasets_mask/dota15_yolo/dota15_20p_3way.yaml,yolo11n.pt,640,32,100,5,r15,,base,0,0,0,,2,A_runs_20260929|A_small2_20260927,A_runs_20260929,5ba285ee94150cfb37ee1393cc360f25,1,1,0.1045,0.178,0.6431,0.1991,0
r15_arch_y11_vistod15_base100_s44n,A,complete,shapeiou,sio_b_results.csv,100,100,91,0.13892,0.24416,0.13325,0.23672,505.423,0.001,44,42,shuffle,44,dota15_20p_3way,/root/datasets_mask/dota15_yolo/dota15_20p_3way.yaml,yolo11n.pt,640,32,100,5,r15,,base,0,0,0,,2,A_runs_20260929|A_small2_20260927,A_runs_20260929,2e720067ab3b04fd66595fb222e03581,1,1,0.1055,0.1808,0.7182,0.2008,0
r15_arch_y11_vistod15_base100_s45n,A,complete,shapeiou,A_sio_b_results.csv,100,100,82,0.14131,0.24744,0.13799,0.24202,1513.62,0.001,45,42,shuffle,45,dota15_20p_3way,/root/datasets_mask/dota15_yolo/dota15_20p_3way.yaml,yolo11n.pt,640,32,100,5,r15,,base,0,0,0,,1,P1supp_A_20261002,P1supp_A_20261002,40c9c12573c70a20a400fd4fb8cd2dcd,1,0,0.1049,0.179,0.5608,0.1989,0
r15_arch_y11_vistod15_base100_s47n,A,complete,shapeiou,A_sio_b_results.csv,100,100,90,0.14004,0.24373,0.13747,0.24143,1595.41,0.001,47,42,shuffle,47,dota15_20p_3way,/root/datasets_mask/dota15_yolo/dota15_20p_3way.yaml,yolo11n.pt,640,32,100,5,r15,,base,0,0,0,,1,P1supp_A_20261002,P1supp_A_20261002,3665e6bafc486fe815d26b5399d458ad,1,0,0.1083,0.1837,0.6437,0.2006,0
r15_arch_y11_vistod15_base100_s49n,A,complete,shapeiou,A_sio_b_results.csv,100,100,85,0.14392,0.25033,0.13947,0.24305,1843.96,0.001,49,42,shuffle,49,dota15_20p_3way,/root/datasets_mask/dota15_yolo/dota15_20p_3way.yaml,yolo11n.pt,640,32,100,5,r15,,base,0,0,0,,1,P1supp_A_20261002,P1supp_A_20261002,5588b71cb4f8b4b6e5538d9a8ceae2ed,1,0,0.1061,0.1815,0.6553,0.2026,0
r15_arch_y11_vistod15_base100_s51n,A,complete,shapeiou,A_sio_b_results.csv,100,100,86,0.14402,0.25109,0.1412,0.24635,1640.43,0.001,51,42,shuffle,51,dota15_20p_3way,/root/datasets_mask/dota15_yolo/dota15_20p_3way.yaml,yolo11n.pt,640,32,100,5,r15,,base,0,0,0,,1,P1supp_A_20261002,P1supp_A_20261002,78f8d78f5c6ddc497bfb7eb5cbf4e98b,1,0,0.1065,0.182,0.6501,0.1997,0
r15_arch_y11_vistod15_lr005_100ep_s42n,A,complete,shapeiou,sio_b_results.csv,100,100,90,0.20936,0.35755,0.20516,0.35556,517.081,0.005,42,42,shuffle,42,dota15_20p_3way,/root/datasets_mask/dota15_yolo/dota15_20p_3way.yaml,yolo11n.pt,640,32,100,5,r15,,lr005,0,0,0,,2,A_runs_20260929|A_small2_20260927,A_runs_20260929,a4f7b9348e58d9ab62e3c60c28583c8c,1,1,0.1439,0.2433,0.5518,0.2623,0
r15_arch_y11_vistod15_lr005_100ep_s42n_PARTIAL_09200932,A,interrupted,shapeiou,sio_b_results.csv,100,65,65,0.20468,0.35289,0.20468,0.35289,2312.49,0.005,,42,none,42,dota15_20p_3way,/root/datasets_mask/dota15_yolo/dota15_20p_3way.yaml,yolo11n.pt,640,32,100,5,r15,,lr005,0,0,0,,2,A_runs_20260929|A_small2_20260927,A_runs_20260929,8b973aa50d3b1c70a60b68cfdf32c492,1,1,0.1439,0.2433,0.5518,0.2623,0
r15_arch_y11_vistod15_lr005_100ep_s42n_oomfix,A,complete,shapeiou,sio_b_results.csv,100,100,90,0.20936,0.35755,0.20516,0.35556,711.312,0.005,,42,none,42,dota15_20p_3way,/root/datasets_mask/dota15_yolo/dota15_20p_3way.yaml,yolo11n.pt,640,32,100,5,r15,,lr005,0,0,0,,2,A_runs_20260929|A_small2_20260927,A_runs_20260929,ae6293176ec918338fde418c79908600,1,1,0.1439,0.2433,0.5518,0.2623,0
r15_arch_y11_vistod15_lr005_100ep_s43n,A,complete,shapeiou,sio_b_results.csv,100,100,85,0.20913,0.35464,0.20848,0.34986,515.739,0.005,43,42,shuffle,43,dota15_20p_3way,/root/datasets_mask/dota15_yolo/dota15_20p_3way.yaml,yolo11n.pt,640,32,100,5,r15,,lr005,0,0,0,,2,A_runs_20260929|A_small2_20260927,A_runs_20260929,678407ae9f1b98621c59b9f4cb65888d,1,1,0.1388,0.238,0.5864,0.2614,0
r15_arch_y11_vistod15_lr005_100ep_s43n_PARTIAL_09200932,A,interrupted,shapeiou,sio_b_results.csv,100,41,41,0.17492,0.31007,0.17492,0.31007,1313.94,0.005,,42,none,42,dota15_20p_3way,/root/datasets_mask/dota15_yolo/dota15_20p_3way.yaml,yolo11n.pt,640,32,100,5,r15,,lr005,0,0,0,,2,A_runs_20260929|A_small2_20260927,A_runs_20260929,7c41256b47a4b0caf9e8d429f9d8446f,1,1,0.1388,0.238,0.5864,0.2614,0
r15_arch_y11_vistod15_lr005_100ep_s44n,A,complete,shapeiou,sio_b_results.csv,100,100,89,0.21869,0.36739,0.2174,0.36928,521.673,0.005,44,42,shuffle,44,dota15_20p_3way,/root/datasets_mask/dota15_yolo/dota15_20p_3way.yaml,yolo11n.pt,640,32,100,5,r15,,lr005,0,0,0,,2,A_runs_20260929|A_small2_20260927,A_runs_20260929,f7b39f6fbcd4d74c5eb8c443694b3296,1,1,0.1445,0.2448,0.5543,0.2719,0
r15_arch_y11_vistod15_lr005_100ep_s44n_PARTIAL_09200932,A,interrupted,shapeiou,sio_b_results.csv,100,37,36,0.16197,0.28242,0.15041,0.26946,509.983,0.005,,42,none,42,dota15_20p_3way,/root/datasets_mask/dota15_yolo/dota15_20p_3way.yaml,yolo11n.pt,640,32,100,5,r15,,lr005,0,0,0,,2,A_runs_20260929|A_small2_20260927,A_runs_20260929,bc6585a0eb8f7c0ba011f7930c8f9e9e,1,1,0.1445,0.2448,0.5543,0.2719,0
r15_arch_y11_vistod15_lr005_100ep_s45n,A,complete,shapeiou,A_sio_b_results.csv,100,100,87,0.23618,0.39409,0.22584,0.38197,1323.2,0.005,45,42,shuffle,45,dota15_20p_3way,/root/datasets_mask/dota15_yolo/dota15_20p_3way.yaml,yolo11n.pt,640,32,100,5,r15,,lr005,0,0,0,,1,P1supp_A_20261002,P1supp_A_20261002,b0026da2d68ac791290e2a12bab8c69e,1,0,0.1465,0.2512,0.5772,0.2726,0
r15_arch_y11_vistod15_lr005_100ep_s47n,A,complete,shapeiou,A_sio_b_results.csv,100,100,80,0.22145,0.37497,0.21709,0.3771,996.493,0.005,47,42,shuffle,47,dota15_20p_3way,/root/datasets_mask/dota15_yolo/dota15_20p_3way.yaml,yolo11n.pt,640,32,100,5,r15,,lr005,0,0,0,,1,P1supp_A_20261002,P1supp_A_20261002,fc6ff8cc9d8c979094ab9265f44929fe,1,0,0.1471,0.2526,0.6342,0.2668,0
r15_arch_y11_vistod15_lr005_100ep_s49n,A,complete,shapeiou,A_sio_b_results.csv,100,100,91,0.21461,0.36709,0.21298,0.36378,1383.52,0.005,49,42,shuffle,49,dota15_20p_3way,/root/datasets_mask/dota15_yolo/dota15_20p_3way.yaml,yolo11n.pt,640,32,100,5,r15,,lr005,0,0,0,,1,P1supp_A_20261002,P1supp_A_20261002,e1bf33e75031fa1d12319b4cbbfa39eb,1,0,0.1454,0.248,0.6381,0.2592,0
r15_arch_y11_vistod15_lr005_100ep_s51n,A,complete,shapeiou,A_sio_b_results.csv,100,100,90,0.2181,0.36759,0.2143,0.36526,1274.4,0.005,51,42,shuffle,51,dota15_20p_3way,/root/datasets_mask/dota15_yolo/dota15_20p_3way.yaml,yolo11n.pt,640,32,100,5,r15,,lr005,0,0,0,,1,P1supp_A_20261002,P1supp_A_20261002,41c9268f73cebb70c94b6c253655ffe9,1,0,0.1414,0.2409,0.5056,0.2623,0
r15_arch_y12_vistod15_base100_s42n,A,complete,shapeiou,A_sio_b_results.csv,100,100,91,0.16563,0.28374,0.15819,0.2733,597.729,0.001,42,42,shuffle,42,dota15_20p_3way,/root/datasets_mask/dota15_yolo/dota15_20p_3way.yaml,yolo12n.pt,640,32,100,5,r15,,base,0,0,0,B,1,P1supp_A_20261002,P1supp_A_20261002,3b9fe1ae4fc210c79e74b7d234e2fd2a,1,0,0.1156,0.2011,0.5715,0.2255,1
r15_arch_y12_vistod15_base100_s43n,A,complete,shapeiou,A_sio_b_results.csv,100,100,82,0.15889,0.27412,0.1503,0.25859,1447.02,0.001,43,42,shuffle,43,dota15_20p_3way,/root/datasets_mask/dota15_yolo/dota15_20p_3way.yaml,yolo12n.pt,640,32,100,5,r15,,base,0,0,0,,1,P1supp_A_20261002,P1supp_A_20261002,7bfefcd9886337f71249c4e4b62f77aa,1,0,0.1092,0.1878,0.6947,0.208,0
r15_arch_y12_vistod15_base100_s45n,A,complete,shapeiou,A_sio_b_results.csv,100,100,88,0.17133,0.29333,0.15639,0.27525,784.07,0.001,45,42,shuffle,45,dota15_20p_3way,/root/datasets_mask/dota15_yolo/dota15_20p_3way.yaml,yolo12n.pt,640,32,100,5,r15,,base,0,0,0,,1,P1supp_A_20261002,P1supp_A_20261002,00eaac5cbed1062384768ed02e7a4c0a,1,0,0.1154,0.1991,0.5555,0.2249,0
r15_arch_y12_vistod15_base100_s47n,A,complete,shapeiou,A_sio_b_results.csv,100,100,90,0.16262,0.27863,0.15237,0.25957,1086.94,0.001,47,42,shuffle,47,dota15_20p_3way,/root/datasets_mask/dota15_yolo/dota15_20p_3way.yaml,yolo12n.pt,640,32,100,5,r15,,base,0,0,0,,1,P1supp_A_20261002,P1supp_A_20261002,3effb515802dbe09c6920253397b0718,1,0,0.1165,0.2007,0.642,0.218,0
r15_arch_y12_vistod15_base100_s49n,A,complete,shapeiou,A_sio_b_results.csv,100,100,85,0.16553,0.2865,0.15351,0.26615,614.404,0.001,49,42,shuffle,49,dota15_20p_3way,/root/datasets_mask/dota15_yolo/dota15_20p_3way.yaml,yolo12n.pt,640,32,100,5,r15,,base,0,0,0,,1,P1supp_A_20261002,P1supp_A_20261002,0bde35a38b2b69bdc5fad869fc1f7f2d,1,0,0.1141,0.1993,0.6415,0.2187,0
r15_arch_y12_vistod15_base100_s51n,A,complete,shapeiou,A_sio_b_results.csv,100,100,86,0.16297,0.28419,0.15046,0.26684,913.466,0.001,51,42,shuffle,51,dota15_20p_3way,/root/datasets_mask/dota15_yolo/dota15_20p_3way.yaml,yolo12n.pt,640,32,100,5,r15,,base,0,0,0,,1,P1supp_A_20261002,P1supp_A_20261002,04788bc368df72700a01a338c3234a33,1,0,0.1164,0.2013,0.5217,0.2245,0
r15_arch_y12_vistod15_lr005_100ep_s43n,A,complete,shapeiou,A_sio_b_results.csv,100,100,92,0.25258,0.41999,0.24525,0.41331,1722.44,0.005,43,42,shuffle,43,dota15_20p_3way,/root/datasets_mask/dota15_yolo/dota15_20p_3way.yaml,yolo12n.pt,640,32,100,5,r15,,lr005,0,0,0,,1,P1supp_A_20261002,P1supp_A_20261002,4e5846facd35ce653eb2fc29ecc0a636,1,0,0.1507,0.2594,0.5979,0.2849,0
r15_arch_y12_vistod15_lr005_100ep_s45n,A,complete,shapeiou,A_sio_b_results.csv,100,100,65,0.24343,0.39609,0.23758,0.39373,1150.09,0.005,45,42,shuffle,45,dota15_20p_3way,/root/datasets_mask/dota15_yolo/dota15_20p_3way.yaml,yolo12n.pt,640,32,100,5,r15,,lr005,0,0,0,,1,P1supp_A_20261002,P1supp_A_20261002,456ba9b7ad2e4fdcf00adda6c4864df2,1,0,0.1465,0.2517,0.5979,0.2736,0
r15_arch_y12_vistod15_lr005_100ep_s47n,A,complete,shapeiou,A_sio_b_results.csv,100,100,91,0.25055,0.41738,0.2438,0.40723,765.958,0.005,47,42,shuffle,47,dota15_20p_3way,/root/datasets_mask/dota15_yolo/dota15_20p_3way.yaml,yolo12n.pt,640,32,100,5,r15,,lr005,0,0,0,,1,P1supp_A_20261002,P1supp_A_20261002,49c1bcec91bde474d8d088d36406daa0,1,0,0.1529,0.2625,0.6034,0.2807,0
r15_arch_y12_vistod15_lr005_100ep_s49n,A,complete,shapeiou,A_sio_b_results.csv,100,100,81,0.2504,0.4172,0.23952,0.3953,768.904,0.005,49,42,shuffle,49,dota15_20p_3way,/root/datasets_mask/dota15_yolo/dota15_20p_3way.yaml,yolo12n.pt,640,32,100,5,r15,,lr005,0,0,0,,1,P1supp_A_20261002,P1supp_A_20261002,29321a96a9f70cdf8a376c191eae8204,1,0,0.1484,0.2577,0.5765,0.2829,0
r15_arch_y12_vistod15_lr005_100ep_s51n,A,complete,shapeiou,A_sio_b_results.csv,100,100,87,0.2384,0.38917,0.2271,0.37428,796.85,0.005,51,42,shuffle,51,dota15_20p_3way,/root/datasets_mask/dota15_yolo/dota15_20p_3way.yaml,yolo12n.pt,640,32,100,5,r15,,lr005,0,0,0,,1,P1supp_A_20261002,P1supp_A_20261002,51f974a6dec4077d56c64ffd3b741268,1,0,0.1477,0.2486,0.5536,0.2754,0
r15b_y11_aitod_base100_s45n,A,complete,shapeiou,sio_b_results.csv,100,100,90,0.13272,0.27741,0.12864,0.27361,2300.62,0.001,45,42,shuffle,45,aitod20_3way,/root/datasets/AI-TOD_yolo/aitod20_3way.yaml,dota15_pretrain.pt,640,32,100,5,r15b,,base,0,0,0,,2,A_runs_20260929|A_small2_20260927,A_runs_20260929,6e2a3654c80d8efa3a37f01afa79b9cf,1,1,0.0999,0.2414,0.7675,0.2439,0
r15b_y11_aitod_base100_s46n,A,complete,shapeiou,sio_b_results.csv,100,100,90,0.13284,0.27144,0.12871,0.27038,2048.31,0.001,46,42,shuffle,46,aitod20_3way,/root/datasets/AI-TOD_yolo/aitod20_3way.yaml,dota15_pretrain.pt,640,32,100,5,r15b,,base,0,0,0,,2,A_runs_20260929|A_small2_20260927,A_runs_20260929,61e17bf352e5bf261e93d4ed53fcc8d3,1,1,0.0991,0.2413,0.734,0.2483,0
r15b_y11_aitod_base100_s47n,A,complete,shapeiou,sio_b_results.csv,100,100,74,0.12819,0.27246,0.12115,0.26886,2024.04,0.001,47,42,shuffle,47,aitod20_3way,/root/datasets/AI-TOD_yolo/aitod20_3way.yaml,dota15_pretrain.pt,640,32,100,5,r15b,,base,0,0,0,,2,A_runs_20260929|A_small2_20260927,A_runs_20260929,46d891902b6c7f8dc3329e50e16fd220,1,1,0.0985,0.2428,0.7407,0.2502,0
r15b_y11_aitod_lr005_100ep_s45n,A,complete,shapeiou,sio_b_results.csv,100,100,93,0.12656,0.28537,0.12414,0.28129,2116.29,0.005,45,42,shuffle,45,aitod20_3way,/root/datasets/AI-TOD_yolo/aitod20_3way.yaml,dota15_pretrain.pt,640,32,100,5,r15b,,lr005,0,0,0,,2,A_runs_20260929|A_small2_20260927,A_runs_20260929,ed1190d1aa3d15e14c00f8a7beba6ecd,1,1,0.1007,0.2473,0.355,0.2492,0
r15b_y11_aitod_lr005_100ep_s46n,A,complete,shapeiou,sio_b_results.csv,100,100,97,0.13149,0.29896,0.1275,0.29861,1896.77,0.005,46,42,shuffle,46,aitod20_3way,/root/datasets/AI-TOD_yolo/aitod20_3way.yaml,dota15_pretrain.pt,640,32,100,5,r15b,,lr005,0,0,0,,2,A_runs_20260929|A_small2_20260927,A_runs_20260929,56e35566410f5ed26c24e833d140ead6,1,1,0.1009,0.2481,0.5025,0.2501,0
r15b_y11_aitod_lr005_100ep_s47n,A,complete,shapeiou,sio_b_results.csv,100,100,100,0.11847,0.27387,0.11847,0.27387,2122.39,0.005,47,42,shuffle,47,aitod20_3way,/root/datasets/AI-TOD_yolo/aitod20_3way.yaml,dota15_pretrain.pt,640,32,100,5,r15b,,lr005,0,0,0,,2,A_runs_20260929|A_small2_20260927,A_runs_20260929,faae0af49ab8604a6eb28fabc7802856,1,1,0.0995,0.2398,0.5587,0.2402,0
s2ae_10p_30ep_base_s42n,A,complete,shapeiou,sio_b_results.csv,30,30,26,0.0606,0.09456,0.05951,0.09488,233.033,0.001,42,42,shuffle,42,dota15_10p,/root/datasets_mask/dota15_yolo/dota15_10p.yaml,visdrone_pretrain.pt,640,32,100,5,s2ae,10,base,0,0,0,,1,A_runs_20260929,A_runs_20260929,c373c06523d98a95ee9e9ecf94783de1,1,1,0.0606,0.0948,0.6426,0.1112,0
s2ae_10p_30ep_base_s43n,A,complete,shapeiou,sio_b_results.csv,30,30,30,0.06234,0.09859,0.06234,0.09859,195.112,0.001,43,42,shuffle,43,dota15_10p,/root/datasets_mask/dota15_yolo/dota15_10p.yaml,visdrone_pretrain.pt,640,32,100,5,s2ae,10,base,0,0,0,,1,A_runs_20260929,A_runs_20260929,21837affff121be42b5b30f8bd6e11a0,1,1,0.0624,0.0991,0.7458,0.1111,0
s2ae_10p_30ep_base_s44n,A,complete,shapeiou,sio_b_results.csv,30,30,30,0.06308,0.09862,0.06308,0.09862,190.419,0.001,44,42,shuffle,44,dota15_10p,/root/datasets_mask/dota15_yolo/dota15_10p.yaml,visdrone_pretrain.pt,640,32,100,5,s2ae,10,base,0,0,0,,1,A_runs_20260929,A_runs_20260929,62d8ce240e56d0d73c9f9601a3a85062,1,1,0.0632,0.0987,0.6693,0.1102,0
s2ae_10p_30ep_base_s45n,A,complete,shapeiou,A_sio_b_results.csv,30,30,30,0.06352,0.10127,0.06352,0.10127,353.817,0.001,45,42,shuffle,45,dota15_10p,/root/datasets_mask/dota15_yolo/dota15_10p.yaml,visdrone_pretrain.pt,640,32,100,5,s2ae,10,base,0,0,0,,1,P1ext_A_20261001,P1ext_A_20261001,9806c66d08a3f8e5646d1e164ea29473,1,0,0.0636,0.1013,0.766,0.108,0
s2ae_10p_30ep_base_s46n,A,complete,shapeiou,A_sio_b_results.csv,30,30,30,0.06344,0.09946,0.06344,0.09946,401.625,0.001,46,42,shuffle,46,dota15_10p,/root/datasets_mask/dota15_yolo/dota15_10p.yaml,visdrone_pretrain.pt,640,32,100,5,s2ae,10,base,0,0,0,,1,P1ext_A_20261001,P1ext_A_20261001,0e94e0925478393e965a31fe05113a01,1,0,0.0636,0.0999,0.6051,0.1121,0
s2ae_10p_30ep_base_s47n,A,complete,shapeiou,A_sio_b_results.csv,30,30,30,0.06408,0.10312,0.06408,0.10312,385.3,0.001,47,42,shuffle,47,dota15_10p,/root/datasets_mask/dota15_yolo/dota15_10p.yaml,visdrone_pretrain.pt,640,32,100,5,s2ae,10,base,0,0,0,,1,P1ext_A_20261001,P1ext_A_20261001,a7cb8cecea9cbece133356d05491c058,1,0,0.0641,0.1034,0.6939,0.1133,0
s2ae_10p_30ep_base_s48n,A,complete,shapeiou,A_sio_b_results.csv,30,30,30,0.06326,0.09912,0.06326,0.09912,359.881,0.001,48,42,shuffle,48,dota15_10p,/root/datasets_mask/dota15_yolo/dota15_10p.yaml,visdrone_pretrain.pt,640,32,100,5,s2ae,10,base,0,0,0,,1,P1ext_A_20261001,P1ext_A_20261001,a5c90bc4d8b2bc41a11658c9bb3a9a86,1,0,0.0629,0.0989,0.6274,0.1109,0
s2ae_10p_30ep_base_s49n,A,complete,shapeiou,A_sio_b_results.csv,30,30,30,0.06306,0.10073,0.06306,0.10073,431.547,0.001,49,42,shuffle,49,dota15_10p,/root/datasets_mask/dota15_yolo/dota15_10p.yaml,visdrone_pretrain.pt,640,32,100,5,s2ae,10,base,0,0,0,,1,P1ext_A_20261001,P1ext_A_20261001,0ce4b26d085dcc49f3212bed5ac30bd8,1,0,0.0631,0.1007,0.6213,0.109,0
s2ae_10p_30ep_base_s50n,A,complete,shapeiou,A_sio_b_results.csv,30,30,28,0.06411,0.10345,0.06377,0.10323,443.407,0.001,50,42,shuffle,50,dota15_10p,/root/datasets_mask/dota15_yolo/dota15_10p.yaml,visdrone_pretrain.pt,640,32,100,5,s2ae,10,base,0,0,0,,1,P1ext_A_20261001,P1ext_A_20261001,74fd2266e606c249691966920e5eaf7a,1,0,0.064,0.1035,0.7178,0.1106,0
s2ae_10p_30ep_base_s51n,A,complete,shapeiou,A_sio_b_results.csv,30,30,30,0.06408,0.10188,0.06408,0.10188,351.518,0.001,51,42,shuffle,51,dota15_10p,/root/datasets_mask/dota15_yolo/dota15_10p.yaml,visdrone_pretrain.pt,640,32,100,5,s2ae,10,base,0,0,0,,1,P1ext_A_20261001,P1ext_A_20261001,e8528b31aaeb9870456baab2a5c0cde9,1,0,0.0641,0.1023,0.6692,0.114,0
s2ae_10p_30ep_lr005_s42n,A,complete,shapeiou,sio_b_results.csv,30,30,30,0.08274,0.14181,0.08274,0.14181,267.544,0.005,42,42,shuffle,42,dota15_10p,/root/datasets_mask/dota15_yolo/dota15_10p.yaml,visdrone_pretrain.pt,640,32,100,5,s2ae,10,lr005,0,0,0,,1,A_runs_20260929,A_runs_20260929,06cccdd2fa8e2e767f8060d8977ac278,1,1,0.0832,0.142,0.4893,0.1563,0
s2ae_10p_30ep_lr005_s43n,A,complete,shapeiou,sio_b_results.csv,30,30,30,0.08637,0.14472,0.08637,0.14472,234.436,0.005,43,42,shuffle,43,dota15_10p,/root/datasets_mask/dota15_yolo/dota15_10p.yaml,visdrone_pretrain.pt,640,32,100,5,s2ae,10,lr005,0,0,0,,1,A_runs_20260929,A_runs_20260929,f4d972b41fe517926f282058096c4223,1,1,0.0875,0.1461,0.539,0.165,0
s2ae_10p_30ep_lr005_s44n,A,complete,shapeiou,sio_b_results.csv,30,30,29,0.0827,0.13663,0.08232,0.13604,240.434,0.005,44,42,shuffle,44,dota15_10p,/root/datasets_mask/dota15_yolo/dota15_10p.yaml,visdrone_pretrain.pt,640,32,100,5,s2ae,10,lr005,0,0,0,,1,A_runs_20260929,A_runs_20260929,cf11fd4a38a71ac37b0ae6c61d0c6592,1,1,0.083,0.1367,0.5264,0.1545,0
s2ae_10p_30ep_lr005_s45n,A,complete,shapeiou,A_sio_b_results.csv,30,30,26,0.08243,0.13905,0.08148,0.13697,517.34,0.005,45,42,shuffle,45,dota15_10p,/root/datasets_mask/dota15_yolo/dota15_10p.yaml,visdrone_pretrain.pt,640,32,100,5,s2ae,10,lr005,0,0,0,,1,P1ext_A_20261001,P1ext_A_20261001,2f12b2b6bbd34d80c33b62f893f66969,1,0,0.082,0.1387,0.5625,0.1621,0
s2ae_10p_30ep_lr005_s46n,A,complete,shapeiou,A_sio_b_results.csv,30,30,30,0.0827,0.13707,0.0827,0.13707,530.317,0.005,46,42,shuffle,46,dota15_10p,/root/datasets_mask/dota15_yolo/dota15_10p.yaml,visdrone_pretrain.pt,640,32,100,5,s2ae,10,lr005,0,0,0,,1,P1ext_A_20261001,P1ext_A_20261001,052a79f52e8f296399675b12a34bea04,1,0,0.0833,0.1381,0.6107,0.1534,0
s2ae_10p_30ep_lr005_s47n,A,complete,shapeiou,A_sio_b_results.csv,30,30,30,0.07941,0.13254,0.07941,0.13254,445.85,0.005,47,42,shuffle,47,dota15_10p,/root/datasets_mask/dota15_yolo/dota15_10p.yaml,visdrone_pretrain.pt,640,32,100,5,s2ae,10,lr005,0,0,0,,1,P1ext_A_20261001,P1ext_A_20261001,eab92df6362c7c3c39559ead7d6965f5,1,0,0.0801,0.1334,0.4821,0.1535,0
s2ae_10p_30ep_lr005_s48n,A,complete,shapeiou,A_sio_b_results.csv,30,30,30,0.08447,0.13899,0.08447,0.13899,528.283,0.005,48,42,shuffle,48,dota15_10p,/root/datasets_mask/dota15_yolo/dota15_10p.yaml,visdrone_pretrain.pt,640,32,100,5,s2ae,10,lr005,0,0,0,,1,P1ext_A_20261001,P1ext_A_20261001,b55ab76a410807fa8ed45aa69c5d06f8,1,0,0.0847,0.1391,0.5424,0.1546,0
s2ae_10p_30ep_lr005_s49n,A,complete,shapeiou,A_sio_b_results.csv,30,30,30,0.08289,0.13674,0.08289,0.13674,502.844,0.005,49,42,shuffle,49,dota15_10p,/root/datasets_mask/dota15_yolo/dota15_10p.yaml,visdrone_pretrain.pt,640,32,100,5,s2ae,10,lr005,0,0,0,,1,P1ext_A_20261001,P1ext_A_20261001,9e69c289659f9035b616aafe27d4afbb,1,0,0.0832,0.1377,0.5847,0.1597,0
s2ae_10p_30ep_lr005_s50n,A,complete,shapeiou,A_sio_b_results.csv,30,30,29,0.0809,0.13212,0.0805,0.13114,539.16,0.005,50,42,shuffle,50,dota15_10p,/root/datasets_mask/dota15_yolo/dota15_10p.yaml,visdrone_pretrain.pt,640,32,100,5,s2ae,10,lr005,0,0,0,,1,P1ext_A_20261001,P1ext_A_20261001,0366d968b8833d45afc834c37bec7698,1,0,0.0811,0.1327,0.3878,0.1546,0
s2ae_10p_30ep_lr005_s51n,A,complete,shapeiou,A_sio_b_results.csv,30,30,30,0.08314,0.1366,0.08314,0.1366,676.081,0.005,51,42,shuffle,51,dota15_10p,/root/datasets_mask/dota15_yolo/dota15_10p.yaml,visdrone_pretrain.pt,640,32,100,5,s2ae,10,lr005,0,0,0,,1,P1ext_A_20261001,P1ext_A_20261001,41f4e36af82811a6a6f02c1373b4eb45,1,0,0.083,0.1371,0.4709,0.1599,0
s2ae_20p_100ep_base_s42n,A,complete,shapeiou,sio_b_results.csv,100,100,88,0.12599,0.21418,0.11805,0.19968,779.979,0.001,42,42,shuffle,42,dota15_20p,/root/datasets_mask/dota15_yolo/dota15_20p.yaml,visdrone_pretrain.pt,640,32,100,5,s2ae,20,base,0,0,0,,1,A_runs_20260929,A_runs_20260929,7d441fc43a1c5fb50ab807b8ed636918,1,1,0.1264,0.2148,0.6656,0.2232,0
s2ae_20p_100ep_base_s43n,A,complete,shapeiou,sio_b_results.csv,100,100,85,0.12304,0.20758,0.11907,0.20176,835.017,0.001,43,42,shuffle,43,dota15_20p,/root/datasets_mask/dota15_yolo/dota15_20p.yaml,visdrone_pretrain.pt,640,32,100,5,s2ae,20,base,0,0,0,,1,A_runs_20260929,A_runs_20260929,08cc51f5e83e589832dd5519b476e271,1,1,0.1239,0.2099,0.6167,0.226,0
s2ae_20p_100ep_base_s44n,A,complete,shapeiou,sio_b_results.csv,100,100,91,0.12575,0.21152,0.12048,0.20414,795.806,0.001,44,42,shuffle,44,dota15_20p,/root/datasets_mask/dota15_yolo/dota15_20p.yaml,visdrone_pretrain.pt,640,32,100,5,s2ae,20,base,0,0,0,,1,A_runs_20260929,A_runs_20260929,43ef5243a9893d2b8853c479cdf16a8f,1,1,0.1259,0.2115,0.6168,0.2265,0
s2ae_20p_100ep_base_s45n,A,complete,shapeiou,A_sio_b_results.csv,100,100,91,0.12292,0.20698,0.11669,0.19742,1941.68,0.001,45,42,shuffle,45,dota15_20p,/root/datasets_mask/dota15_yolo/dota15_20p.yaml,visdrone_pretrain.pt,640,32,100,5,s2ae,20,base,0,0,0,,1,P1ext_A_20261001,P1ext_A_20261001,0945c36295b96a6ec31d22fce8808505,1,0,0.1239,0.2084,0.6245,0.2201,0
s2ae_20p_100ep_base_s46n,A,complete,shapeiou,A_sio_b_results.csv,100,100,84,0.12228,0.20781,0.11885,0.20167,1477.74,0.001,46,42,shuffle,46,dota15_20p,/root/datasets_mask/dota15_yolo/dota15_20p.yaml,visdrone_pretrain.pt,640,32,100,5,s2ae,20,base,0,0,0,,1,P1ext_A_20261001,P1ext_A_20261001,dac7aab82c018adf78d1574d7907a5aa,1,0,0.123,0.2093,0.6352,0.2238,0
s2ae_20p_100ep_base_s47n,A,complete,shapeiou,A_sio_b_results.csv,100,100,90,0.12185,0.20669,0.11524,0.19618,1325.81,0.001,47,42,shuffle,47,dota15_20p,/root/datasets_mask/dota15_yolo/dota15_20p.yaml,visdrone_pretrain.pt,640,32,100,5,s2ae,20,base,0,0,0,,1,P1ext_A_20261001,P1ext_A_20261001,e85d0d31db9adf7ed0c19f4205e3b521,1,0,0.1224,0.207,0.6444,0.2185,0
s2ae_20p_100ep_base_s48n,A,complete,shapeiou,A_sio_b_results.csv,100,100,87,0.12455,0.21102,0.11841,0.20248,1479.52,0.001,48,42,shuffle,48,dota15_20p,/root/datasets_mask/dota15_yolo/dota15_20p.yaml,visdrone_pretrain.pt,640,32,100,5,s2ae,20,base,0,0,0,,1,P1ext_A_20261001,P1ext_A_20261001,caa87e72eafe719e94b63bd5fdbdcff0,1,0,0.1254,0.2123,0.6328,0.2266,0
s2ae_20p_100ep_base_s49n,A,complete,shapeiou,A_sio_b_results.csv,100,100,88,0.12447,0.21278,0.12012,0.20283,1333.3,0.001,49,42,shuffle,49,dota15_20p,/root/datasets_mask/dota15_yolo/dota15_20p.yaml,visdrone_pretrain.pt,640,32,100,5,s2ae,20,base,0,0,0,,1,P1ext_A_20261001,P1ext_A_20261001,786efe40a1b982ea27034ff933799fa7,1,0,0.1254,0.214,0.6148,0.2351,0
s2ae_20p_100ep_base_s50n,A,complete,shapeiou,A_sio_b_results.csv,100,100,79,0.12176,0.20631,0.11569,0.19955,1407.28,0.001,50,42,shuffle,50,dota15_20p,/root/datasets_mask/dota15_yolo/dota15_20p.yaml,visdrone_pretrain.pt,640,32,100,5,s2ae,20,base,0,0,0,,1,P1ext_A_20261001,P1ext_A_20261001,f5e47cc4b4ee52bcd6b496b532141165,1,0,0.1227,0.2081,0.6376,0.2263,0
s2ae_20p_100ep_base_s51n,A,complete,shapeiou,A_sio_b_results.csv,100,100,85,0.12434,0.21233,0.12012,0.20516,1473.32,0.001,51,42,shuffle,51,dota15_20p,/root/datasets_mask/dota15_yolo/dota15_20p.yaml,visdrone_pretrain.pt,640,32,100,5,s2ae,20,base,0,0,0,,1,P1ext_A_20261001,P1ext_A_20261001,7eb6d487e55fc12773ce3dab78b2851d,1,0,0.1247,0.2124,0.6122,0.2303,0
s2ae_20p_100ep_lr005_s42n,A,complete,shapeiou,sio_b_results.csv,100,100,93,0.15103,0.25325,0.14866,0.24698,856.616,0.005,42,42,shuffle,42,dota15_20p,/root/datasets_mask/dota15_yolo/dota15_20p.yaml,visdrone_pretrain.pt,640,32,100,5,s2ae,20,lr005,0,0,0,,1,A_runs_20260929,A_runs_20260929,d7351ac2d3d1846c1caffb4e345d33d4,1,1,0.151,0.2522,0.6249,0.2584,0
s2ae_20p_100ep_lr005_s43n,A,complete,shapeiou,sio_b_results.csv,100,100,85,0.14841,0.2422,0.14218,0.23523,793.862,0.005,43,42,shuffle,43,dota15_20p,/root/datasets_mask/dota15_yolo/dota15_20p.yaml,visdrone_pretrain.pt,640,32,100,5,s2ae,20,lr005,0,0,0,,1,A_runs_20260929,A_runs_20260929,343baff39f66ac1f31ffd422e14c699e,1,1,0.1487,0.2422,0.5974,0.2566,0
s2ae_20p_100ep_lr005_s44n,A,complete,shapeiou,sio_b_results.csv,100,100,93,0.14528,0.24037,0.14343,0.23856,1258.29,0.005,44,42,shuffle,44,dota15_20p,/root/datasets_mask/dota15_yolo/dota15_20p.yaml,visdrone_pretrain.pt,640,32,100,5,s2ae,20,lr005,0,0,0,,1,A_runs_20260929,A_runs_20260929,7404a6a63b3dc23afcd9c4f16a7b9c09,1,1,0.145,0.2394,0.5653,0.2525,0
s2ae_20p_100ep_lr005_s45n,A,complete,shapeiou,A_sio_b_results.csv,100,100,83,0.14611,0.24519,0.14297,0.23915,1330.87,0.005,45,42,shuffle,45,dota15_20p,/root/datasets_mask/dota15_yolo/dota15_20p.yaml,visdrone_pretrain.pt,640,32,100,5,s2ae,20,lr005,0,0,0,,1,P1ext_A_20261001,P1ext_A_20261001,89d60ab17729d2b906e87fee8a366cb8,1,0,0.1462,0.2453,0.5621,0.2629,0
s2ae_20p_100ep_lr005_s46n,A,complete,shapeiou,A_sio_b_results.csv,100,100,99,0.14675,0.24478,0.14645,0.2437,1704.27,0.005,46,42,shuffle,46,dota15_20p,/root/datasets_mask/dota15_yolo/dota15_20p.yaml,visdrone_pretrain.pt,640,32,100,5,s2ae,20,lr005,0,0,0,,1,P1ext_A_20261001,P1ext_A_20261001,6ea9de4020309c423818ab27887ae649,1,0,0.1465,0.2429,0.6128,0.2534,0
s2ae_20p_100ep_lr005_s47n,A,complete,shapeiou,A_sio_b_results.csv,100,100,95,0.14691,0.24452,0.14563,0.24281,1635.6,0.005,47,42,shuffle,47,dota15_20p,/root/datasets_mask/dota15_yolo/dota15_20p.yaml,visdrone_pretrain.pt,640,32,100,5,s2ae,20,lr005,0,0,0,,1,P1ext_A_20261001,P1ext_A_20261001,bb9b835eb45c7b693cbb5638fe5b846c,1,0,0.148,0.2453,0.6063,0.2556,0
s2ae_20p_100ep_lr005_s48n,A,complete,shapeiou,A_sio_b_results.csv,100,100,94,0.14852,0.24207,0.14718,0.24103,1698.76,0.005,48,42,shuffle,48,dota15_20p,/root/datasets_mask/dota15_yolo/dota15_20p.yaml,visdrone_pretrain.pt,640,32,100,5,s2ae,20,lr005,0,0,0,,1,P1ext_A_20261001,P1ext_A_20261001,6cf988482f87cdb23080395aac6e4828,1,0,0.1484,0.2428,0.6001,0.2513,0
s2ae_20p_100ep_lr005_s49n,A,complete,shapeiou,A_sio_b_results.csv,100,100,91,0.14876,0.24539,0.14667,0.24372,1650.8,0.005,49,42,shuffle,49,dota15_20p,/root/datasets_mask/dota15_yolo/dota15_20p.yaml,visdrone_pretrain.pt,640,32,100,5,s2ae,20,lr005,0,0,0,,1,P1ext_A_20261001,P1ext_A_20261001,9d490135f1d9068141bc4f90056ed4ee,1,0,0.1496,0.2472,0.6125,0.2603,0
s2ae_20p_100ep_lr005_s50n,A,complete,shapeiou,A_sio_b_results.csv,100,100,87,0.14894,0.24436,0.14558,0.24166,1572.36,0.005,50,42,shuffle,50,dota15_20p,/root/datasets_mask/dota15_yolo/dota15_20p.yaml,visdrone_pretrain.pt,640,32,100,5,s2ae,20,lr005,0,0,0,,1,P1ext_A_20261001,P1ext_A_20261001,b0f866371cee2fabfe14ac687f7b6fe6,1,0,0.1486,0.2439,0.643,0.2522,0
s2ae_20p_100ep_lr005_s51n,A,complete,shapeiou,A_sio_b_results.csv,100,100,91,0.15127,0.25413,0.14665,0.2455,1433.43,0.005,51,42,shuffle,51,dota15_20p,/root/datasets_mask/dota15_yolo/dota15_20p.yaml,visdrone_pretrain.pt,640,32,100,5,s2ae,20,lr005,0,0,0,,1,P1ext_A_20261001,P1ext_A_20261001,0a8a05913a288aa5ef817abfe82d9db5,1,0,0.1503,0.2518,0.6309,0.2657,0
s2ae_20p_30ep_base_s42n,A,complete,shapeiou,sio_b_results.csv,30,30,30,0.08146,0.13433,0.08146,0.13433,261.959,0.001,42,42,shuffle,42,dota15_20p,/root/datasets_mask/dota15_yolo/dota15_20p.yaml,visdrone_pretrain.pt,640,32,100,5,s2ae,20,base,0,0,0,,1,A_runs_20260929,A_runs_20260929,e5c91a4d11f4485d2a97963cb4bfbd43,1,1,0.0819,0.1353,0.5548,0.1534,0
s2ae_20p_30ep_base_s43n,A,complete,shapeiou,sio_b_results.csv,30,30,30,0.08099,0.13306,0.08099,0.13306,228.644,0.001,43,42,shuffle,43,dota15_20p,/root/datasets_mask/dota15_yolo/dota15_20p.yaml,visdrone_pretrain.pt,640,32,100,5,s2ae,20,base,0,0,0,,1,A_runs_20260929,A_runs_20260929,d4646bc90ba8127f8f459b9cfcb45c91,1,1,0.0807,0.1328,0.7628,0.1449,0
s2ae_20p_30ep_base_s44n,A,complete,shapeiou,sio_b_results.csv,30,30,30,0.08085,0.13468,0.08085,0.13468,247.27,0.001,44,42,shuffle,44,dota15_20p,/root/datasets_mask/dota15_yolo/dota15_20p.yaml,visdrone_pretrain.pt,640,32,100,5,s2ae,20,base,0,0,0,,1,A_runs_20260929,A_runs_20260929,358d9a25cb130c22f86de34a59162e1d,1,1,0.081,0.135,0.7604,0.146,0
s2ae_20p_30ep_base_s45n,A,complete,shapeiou,A_sio_b_results.csv,30,30,28,0.08055,0.13272,0.08051,0.13214,456.093,0.001,45,42,shuffle,45,dota15_20p,/root/datasets_mask/dota15_yolo/dota15_20p.yaml,visdrone_pretrain.pt,640,32,100,5,s2ae,20,base,0,0,0,,1,P1ext_A_20261001,P1ext_A_20261001,1f2e1390bf145dafcade0ca98aaf164e,1,0,0.0807,0.1335,0.4967,0.1477,0
s2ae_20p_30ep_base_s46n,A,complete,shapeiou,A_sio_b_results.csv,30,30,29,0.08175,0.13462,0.08134,0.13403,452.091,0.001,46,42,shuffle,46,dota15_20p,/root/datasets_mask/dota15_yolo/dota15_20p.yaml,visdrone_pretrain.pt,640,32,100,5,s2ae,20,base,0,0,0,,1,P1ext_A_20261001,P1ext_A_20261001,81c4cbd20eca844678c3c7e289ecad47,1,0,0.0821,0.1356,0.7309,0.1457,0
s2ae_20p_30ep_base_s47n,A,complete,shapeiou,A_sio_b_results.csv,30,30,30,0.08269,0.1372,0.08269,0.1372,481.044,0.001,47,42,shuffle,47,dota15_20p,/root/datasets_mask/dota15_yolo/dota15_20p.yaml,visdrone_pretrain.pt,640,32,100,5,s2ae,20,base,0,0,0,,1,P1ext_A_20261001,P1ext_A_20261001,1e8a424090f2fb09b3d998c523a109f8,1,0,0.0826,0.1372,0.5466,0.1551,0
s2ae_20p_30ep_base_s48n,A,complete,shapeiou,A_sio_b_results.csv,30,30,28,0.08045,0.1321,0.07982,0.13147,425.722,0.001,48,42,shuffle,48,dota15_20p,/root/datasets_mask/dota15_yolo/dota15_20p.yaml,visdrone_pretrain.pt,640,32,100,5,s2ae,20,base,0,0,0,,1,P1ext_A_20261001,P1ext_A_20261001,30ee8fbb92f53a90f830290dad0804c7,1,0,0.0807,0.1322,0.5479,0.1479,0
s2ae_20p_30ep_base_s49n,A,complete,shapeiou,A_sio_b_results.csv,30,30,28,0.08071,0.13325,0.08068,0.13347,390.246,0.001,49,42,shuffle,49,dota15_20p,/root/datasets_mask/dota15_yolo/dota15_20p.yaml,visdrone_pretrain.pt,640,32,100,5,s2ae,20,base,0,0,0,,1,P1ext_A_20261001,P1ext_A_20261001,b8a4a682ae056cd881d05e94f2a6b296,1,0,0.0808,0.1332,0.6376,0.1432,0
s2ae_20p_30ep_base_s50n,A,complete,shapeiou,A_sio_b_results.csv,30,30,30,0.08298,0.13779,0.08298,0.13779,368.76,0.001,50,42,shuffle,50,dota15_20p,/root/datasets_mask/dota15_yolo/dota15_20p.yaml,visdrone_pretrain.pt,640,32,100,5,s2ae,20,base,0,0,0,,1,P1ext_A_20261001,P1ext_A_20261001,f7afd27a1c92005f7f6a939d64abb8f2,1,0,0.0828,0.1377,0.6849,0.1524,0
s2ae_20p_30ep_base_s51n,A,complete,shapeiou,A_sio_b_results.csv,30,30,30,0.07805,0.13001,0.07805,0.13001,397.718,0.001,51,42,shuffle,51,dota15_20p,/root/datasets_mask/dota15_yolo/dota15_20p.yaml,visdrone_pretrain.pt,640,32,100,5,s2ae,20,base,0,0,0,,1,P1ext_A_20261001,P1ext_A_20261001,1208d6c40e1bd9e6d4bda74438dc4ab5,1,0,0.0781,0.1307,0.6901,0.145,0
s2ae_20p_30ep_lr005_s42n,A,complete,shapeiou,sio_b_results.csv,30,30,28,0.11336,0.19373,0.11047,0.18581,283.912,0.005,42,42,shuffle,42,dota15_20p,/root/datasets_mask/dota15_yolo/dota15_20p.yaml,visdrone_pretrain.pt,640,32,100,5,s2ae,20,lr005,0,0,0,,1,A_runs_20260929,A_runs_20260929,787093848328cfc14933f3225bcb0aed,1,1,0.1141,0.1943,0.6345,0.2035,0
s2ae_20p_30ep_lr005_s43n,A,complete,shapeiou,sio_b_results.csv,30,30,29,0.12041,0.20132,0.11994,0.20105,268.656,0.005,43,42,shuffle,43,dota15_20p,/root/datasets_mask/dota15_yolo/dota15_20p.yaml,visdrone_pretrain.pt,640,32,100,5,s2ae,20,lr005,0,0,0,,1,A_runs_20260929,A_runs_20260929,150663e8eacc189fbe0485f0ac0c6105,1,1,0.1211,0.2027,0.6475,0.216,0
s2ae_20p_30ep_lr005_s44n,A,complete,shapeiou,sio_b_results.csv,30,30,30,0.11532,0.19106,0.11532,0.19106,271.764,0.005,44,42,shuffle,44,dota15_20p,/root/datasets_mask/dota15_yolo/dota15_20p.yaml,visdrone_pretrain.pt,640,32,100,5,s2ae,20,lr005,0,0,0,,1,A_runs_20260929,A_runs_20260929,9ae6ac89812bb20c846d1d7a659034ae,1,1,0.1156,0.1922,0.6125,0.2047,0
s2ae_20p_30ep_lr005_s45n,A,complete,shapeiou,A_sio_b_results.csv,30,30,28,0.11402,0.19225,0.11385,0.19223,432.747,0.005,45,42,shuffle,45,dota15_20p,/root/datasets_mask/dota15_yolo/dota15_20p.yaml,visdrone_pretrain.pt,640,32,100,5,s2ae,20,lr005,0,0,0,,1,P1ext_A_20261001,P1ext_A_20261001,aeced0f8a791db7a927b8ba6dc7cd794,1,0,0.1148,0.1924,0.5818,0.2081,0
s2ae_20p_30ep_lr005_s46n,A,complete,shapeiou,A_sio_b_results.csv,30,30,30,0.11733,0.19712,0.11733,0.19712,508.322,0.005,46,42,shuffle,46,dota15_20p,/root/datasets_mask/dota15_yolo/dota15_20p.yaml,visdrone_pretrain.pt,640,32,100,5,s2ae,20,lr005,0,0,0,,1,P1ext_A_20261001,P1ext_A_20261001,199c75c2d1b0ffeb922a300fd6dbbd8b,1,0,0.1176,0.1975,0.6245,0.2144,0
s2ae_20p_30ep_lr005_s47n,A,complete,shapeiou,A_sio_b_results.csv,30,30,27,0.11173,0.18756,0.11014,0.18351,402.9,0.005,47,42,shuffle,47,dota15_20p,/root/datasets_mask/dota15_yolo/dota15_20p.yaml,visdrone_pretrain.pt,640,32,100,5,s2ae,20,lr005,0,0,0,,1,P1ext_A_20261001,P1ext_A_20261001,12140ead06d6b2c6ecf3e4c450b6535e,1,0,0.1123,0.1882,0.5536,0.2008,0
s2ae_20p_30ep_lr005_s48n,A,complete,shapeiou,A_sio_b_results.csv,30,30,30,0.11407,0.18918,0.11407,0.18918,573.631,0.005,48,42,shuffle,48,dota15_20p,/root/datasets_mask/dota15_yolo/dota15_20p.yaml,visdrone_pretrain.pt,640,32,100,5,s2ae,20,lr005,0,0,0,,1,P1ext_A_20261001,P1ext_A_20261001,83ca2745115a03e42b671a7371047707,1,0,0.1137,0.1894,0.6216,0.2044,0
s2ae_20p_30ep_lr005_s49n,A,complete,shapeiou,A_sio_b_results.csv,30,30,30,0.11369,0.19094,0.11369,0.19094,595.587,0.005,49,42,shuffle,49,dota15_20p,/root/datasets_mask/dota15_yolo/dota15_20p.yaml,visdrone_pretrain.pt,640,32,100,5,s2ae,20,lr005,0,0,0,,1,P1ext_A_20261001,P1ext_A_20261001,ba9b84e0441daf042110f9586c9c3103,1,0,0.1137,0.1911,0.5459,0.2121,0
s2ae_20p_30ep_lr005_s50n,A,complete,shapeiou,A_sio_b_results.csv,30,30,30,0.11336,0.18906,0.11336,0.18906,503.422,0.005,50,42,shuffle,50,dota15_20p,/root/datasets_mask/dota15_yolo/dota15_20p.yaml,visdrone_pretrain.pt,640,32,100,5,s2ae,20,lr005,0,0,0,,1,P1ext_A_20261001,P1ext_A_20261001,91ffc3d28a3d2dee2ff8eb249e623387,1,0,0.1136,0.1895,0.6073,0.2067,0
s2ae_20p_30ep_lr005_s51n,A,complete,shapeiou,A_sio_b_results.csv,30,30,30,0.11546,0.19391,0.11546,0.19391,463.783,0.005,51,42,shuffle,51,dota15_20p,/root/datasets_mask/dota15_yolo/dota15_20p.yaml,visdrone_pretrain.pt,640,32,100,5,s2ae,20,lr005,0,0,0,,1,P1ext_A_20261001,P1ext_A_20261001,10d4d9bce9b9cb551ea434bcdc1152ee,1,0,0.1167,0.1962,0.5902,0.214,0
s2ae_30p_30ep_base_s42n,A,complete,shapeiou,sio_b_results.csv,30,30,30,0.10053,0.16905,0.10053,0.16905,264.886,0.001,42,42,shuffle,42,dota15_30p,/root/datasets_mask/dota15_yolo/dota15_30p.yaml,visdrone_pretrain.pt,640,32,100,5,s2ae,30,base,0,0,0,,1,A_runs_20260929,A_runs_20260929,83775b120b7eebc3fb6455903858ba0c,1,1,0.1007,0.1698,0.5417,0.1864,0
s2ae_30p_30ep_base_s43n,A,complete,shapeiou,sio_b_results.csv,30,30,30,0.09928,0.16599,0.09928,0.16599,259.51,0.001,43,42,shuffle,43,dota15_30p,/root/datasets_mask/dota15_yolo/dota15_30p.yaml,visdrone_pretrain.pt,640,32,100,5,s2ae,30,base,0,0,0,,1,A_runs_20260929,A_runs_20260929,2e64308a16e35a07eba7f3d398f300d2,1,1,0.0998,0.167,0.5419,0.1838,0
s2ae_30p_30ep_base_s44n,A,complete,shapeiou,sio_b_results.csv,30,30,27,0.09956,0.16724,0.09862,0.16546,254.881,0.001,44,42,shuffle,44,dota15_30p,/root/datasets_mask/dota15_yolo/dota15_30p.yaml,visdrone_pretrain.pt,640,32,100,5,s2ae,30,base,0,0,0,,1,A_runs_20260929,A_runs_20260929,b979e583f838f87bea90e64d07efe5cc,1,1,0.099,0.1667,0.5198,0.1773,0
s2ae_30p_30ep_base_s45n,A,complete,shapeiou,A_sio_b_results.csv,30,30,30,0.0967,0.16286,0.0967,0.16286,441.229,0.001,45,42,shuffle,45,dota15_30p,/root/datasets_mask/dota15_yolo/dota15_30p.yaml,visdrone_pretrain.pt,640,32,100,5,s2ae,30,base,0,0,0,,1,P1ext_A_20261001,P1ext_A_20261001,3a11ab704a157df805d0e60d6d9ec05d,1,0,0.097,0.1632,0.5095,0.1813,0
s2ae_30p_30ep_base_s46n,A,complete,shapeiou,A_sio_b_results.csv,30,30,29,0.09979,0.16833,0.09972,0.16865,528.705,0.001,46,42,shuffle,46,dota15_30p,/root/datasets_mask/dota15_yolo/dota15_30p.yaml,visdrone_pretrain.pt,640,32,100,5,s2ae,30,base,0,0,0,,1,P1ext_A_20261001,P1ext_A_20261001,a042ccb100d09ffc23a3e4a0f26b0c62,1,0,0.1005,0.1696,0.6929,0.1829,0
s2ae_30p_30ep_base_s47n,A,complete,shapeiou,A_sio_b_results.csv,30,30,30,0.09734,0.16546,0.09734,0.16546,493.861,0.001,47,42,shuffle,47,dota15_30p,/root/datasets_mask/dota15_yolo/dota15_30p.yaml,visdrone_pretrain.pt,640,32,100,5,s2ae,30,base,0,0,0,,1,P1ext_A_20261001,P1ext_A_20261001,8d5553135b021439c029c355e5a9036d,1,0,0.0975,0.166,0.5734,0.1802,0
s2ae_30p_30ep_base_s48n,A,complete,shapeiou,A_sio_b_results.csv,30,30,30,0.09624,0.163,0.09624,0.163,422.146,0.001,48,42,shuffle,48,dota15_30p,/root/datasets_mask/dota15_yolo/dota15_30p.yaml,visdrone_pretrain.pt,640,32,100,5,s2ae,30,base,0,0,0,,1,P1ext_A_20261001,P1ext_A_20261001,572914a87e8dab5488e706628b082409,1,0,0.0962,0.163,0.5641,0.1821,0
s2ae_30p_30ep_base_s49n,A,complete,shapeiou,A_sio_b_results.csv,30,30,27,0.09922,0.16796,0.09844,0.16568,429.761,0.001,49,42,shuffle,49,dota15_30p,/root/datasets_mask/dota15_yolo/dota15_30p.yaml,visdrone_pretrain.pt,640,32,100,5,s2ae,30,base,0,0,0,,1,P1ext_A_20261001,P1ext_A_20261001,538759b02b7c794faa57d2c0def2288c,1,0,0.0987,0.1677,0.5296,0.1876,0
s2ae_30p_30ep_base_s50n,A,complete,shapeiou,A_sio_b_results.csv,30,30,30,0.09793,0.16325,0.09793,0.16325,539.07,0.001,50,42,shuffle,50,dota15_30p,/root/datasets_mask/dota15_yolo/dota15_30p.yaml,visdrone_pretrain.pt,640,32,100,5,s2ae,30,base,0,0,0,,1,P1ext_A_20261001,P1ext_A_20261001,d6d31bb64b9573081164a5468e99236d,1,0,0.0976,0.1628,0.5883,0.179,0
s2ae_30p_30ep_base_s51n,A,complete,shapeiou,A_sio_b_results.csv,30,30,30,0.09609,0.16214,0.09609,0.16214,512.671,0.001,51,42,shuffle,51,dota15_30p,/root/datasets_mask/dota15_yolo/dota15_30p.yaml,visdrone_pretrain.pt,640,32,100,5,s2ae,30,base,0,0,0,,1,P1ext_A_20261001,P1ext_A_20261001,3b10634d39b96532c3414b41b706d0cc,1,0,0.0963,0.163,0.4429,0.1814,0
s2ae_30p_30ep_lr005_s42n,A,complete,shapeiou,sio_b_results.csv,30,30,30,0.13825,0.22956,0.13825,0.22956,383.031,0.005,42,42,shuffle,42,dota15_30p,/root/datasets_mask/dota15_yolo/dota15_30p.yaml,visdrone_pretrain.pt,640,32,100,5,s2ae,30,lr005,0,0,0,,1,A_runs_20260929,A_runs_20260929,430d471b611fc22adfc27610057c9f55,1,1,0.1383,0.2297,0.6742,0.2333,0
s2ae_30p_30ep_lr005_s43n,A,complete,shapeiou,sio_b_results.csv,30,30,30,0.1367,0.22725,0.1367,0.22725,278.515,0.005,43,42,shuffle,43,dota15_30p,/root/datasets_mask/dota15_yolo/dota15_30p.yaml,visdrone_pretrain.pt,640,32,100,5,s2ae,30,lr005,0,0,0,,1,A_runs_20260929,A_runs_20260929,caa1711af581a8349ccfe08430b836c1,1,1,0.1365,0.2267,0.6417,0.2348,0
s2ae_30p_30ep_lr005_s44n,A,complete,shapeiou,sio_b_results.csv,30,30,28,0.1369,0.23033,0.13475,0.22445,287.935,0.005,44,42,shuffle,44,dota15_30p,/root/datasets_mask/dota15_yolo/dota15_30p.yaml,visdrone_pretrain.pt,640,32,100,5,s2ae,30,lr005,0,0,0,,1,A_runs_20260929,A_runs_20260929,ef237d61752366a04eefe32609a3a5bf,1,1,0.1369,0.2308,0.654,0.2383,0
s2ae_30p_30ep_lr005_s45n,A,complete,shapeiou,A_sio_b_results.csv,30,30,30,0.13659,0.22887,0.13659,0.22887,418.729,0.005,45,42,shuffle,45,dota15_30p,/root/datasets_mask/dota15_yolo/dota15_30p.yaml,visdrone_pretrain.pt,640,32,100,5,s2ae,30,lr005,0,0,0,,1,P1ext_A_20261001,P1ext_A_20261001,d342e6890af308755034ba628cdd55f5,1,0,0.1367,0.2286,0.6721,0.2366,0
s2ae_30p_30ep_lr005_s46n,A,complete,shapeiou,A_sio_b_results.csv,30,30,30,0.13825,0.23312,0.13825,0.23312,493.866,0.005,46,42,shuffle,46,dota15_30p,/root/datasets_mask/dota15_yolo/dota15_30p.yaml,visdrone_pretrain.pt,640,32,100,5,s2ae,30,lr005,0,0,0,,1,P1ext_A_20261001,P1ext_A_20261001,82af74282b10f8228983d000623ff25a,1,0,0.1387,0.2326,0.6516,0.2466,0
s2ae_30p_30ep_lr005_s47n,A,complete,shapeiou,A_sio_b_results.csv,30,30,30,0.13601,0.22688,0.13601,0.22688,609.089,0.005,47,42,shuffle,47,dota15_30p,/root/datasets_mask/dota15_yolo/dota15_30p.yaml,visdrone_pretrain.pt,640,32,100,5,s2ae,30,lr005,0,0,0,,1,P1ext_A_20261001,P1ext_A_20261001,f77c2f9cb514259ac31d58ce4a0512fd,1,0,0.1366,0.2274,0.6423,0.2392,0
s2ae_30p_30ep_lr005_s48n,A,complete,shapeiou,A_sio_b_results.csv,30,30,30,0.13791,0.2266,0.13791,0.2266,589.122,0.005,48,42,shuffle,48,dota15_30p,/root/datasets_mask/dota15_yolo/dota15_30p.yaml,visdrone_pretrain.pt,640,32,100,5,s2ae,30,lr005,0,0,0,,1,P1ext_A_20261001,P1ext_A_20261001,d103cfbd36a4006899680b96330e1cf2,1,0,0.1383,0.2269,0.6872,0.2316,0
s2ae_30p_30ep_lr005_s49n,A,complete,shapeiou,A_sio_b_results.csv,30,30,29,0.13759,0.22842,0.13631,0.22712,532.018,0.005,49,42,shuffle,49,dota15_30p,/root/datasets_mask/dota15_yolo/dota15_30p.yaml,visdrone_pretrain.pt,640,32,100,5,s2ae,30,lr005,0,0,0,,1,P1ext_A_20261001,P1ext_A_20261001,1a23932fe4e51a7dfc348c055607788d,1,0,0.1385,0.2297,0.6991,0.2389,0
s2ae_30p_30ep_lr005_s50n,A,complete,shapeiou,A_sio_b_results.csv,30,30,30,0.13861,0.23065,0.13861,0.23065,588.478,0.005,50,42,shuffle,50,dota15_30p,/root/datasets_mask/dota15_yolo/dota15_30p.yaml,visdrone_pretrain.pt,640,32,100,5,s2ae,30,lr005,0,0,0,,1,P1ext_A_20261001,P1ext_A_20261001,59b08dc9bcd46b5323f435c3c38d1892,1,0,0.1382,0.2297,0.6735,0.241,0
s2ae_30p_30ep_lr005_s51n,A,complete,shapeiou,A_sio_b_results.csv,30,30,30,0.13824,0.23085,0.13824,0.23085,618.673,0.005,51,42,shuffle,51,dota15_30p,/root/datasets_mask/dota15_yolo/dota15_30p.yaml,visdrone_pretrain.pt,640,32,100,5,s2ae,30,lr005,0,0,0,,1,P1ext_A_20261001,P1ext_A_20261001,22647f4561b987328f5db8bb925bd5b3,1,0,0.1384,0.2311,0.6808,0.2396,0
s2ae_40p_100ep_base_s42n,A,complete,shapeiou,sio_b_results.csv,100,100,84,0.15122,0.25456,0.14434,0.24492,940.43,0.001,42,42,shuffle,42,dota15_40p,/root/datasets_mask/dota15_yolo/dota15_40p.yaml,visdrone_pretrain.pt,640,32,100,5,s2ae,40,base,0,0,0,,1,A_runs_20260929,A_runs_20260929,fdb1a552707e69b894df2898845f3946,1,1,0.1504,0.254,0.6966,0.265,0
s2ae_40p_100ep_base_s43n,A,complete,shapeiou,sio_b_results.csv,100,100,83,0.15289,0.25369,0.14844,0.24763,1059.58,0.001,43,42,shuffle,43,dota15_40p,/root/datasets_mask/dota15_yolo/dota15_40p.yaml,visdrone_pretrain.pt,640,32,100,5,s2ae,40,base,0,0,0,,1,A_runs_20260929,A_runs_20260929,09b272a06d1375daed1bd628d52860d3,1,1,0.1528,0.2544,0.6561,0.2692,0
s2ae_40p_100ep_base_s44n,A,complete,shapeiou,sio_b_results.csv,100,100,86,0.15004,0.25347,0.14473,0.24596,1045.57,0.001,44,42,shuffle,44,dota15_40p,/root/datasets_mask/dota15_yolo/dota15_40p.yaml,visdrone_pretrain.pt,640,32,100,5,s2ae,40,base,0,0,0,,1,A_runs_20260929,A_runs_20260929,d674aafe5bd764712353e2875f75d0cf,1,1,0.1497,0.2533,0.6624,0.2703,0
s2ae_40p_100ep_base_s45n,A,complete,shapeiou,A_sio_b_results.csv,100,100,78,0.15312,0.25963,0.14951,0.25161,1636.38,0.001,45,42,shuffle,45,dota15_40p,/root/datasets_mask/dota15_yolo/dota15_40p.yaml,visdrone_pretrain.pt,640,32,100,5,s2ae,40,base,0,0,0,,1,P1ext_A_20261001,P1ext_A_20261001,c7a5a91ba0b50383bd286ffe97af1942,1,0,0.1521,0.2585,0.6789,0.2674,0
s2ae_40p_100ep_base_s46n,A,complete,shapeiou,A_sio_b_results.csv,100,100,87,0.15202,0.25715,0.14888,0.25168,1639.07,0.001,46,42,shuffle,46,dota15_40p,/root/datasets_mask/dota15_yolo/dota15_40p.yaml,visdrone_pretrain.pt,640,32,100,5,s2ae,40,base,0,0,0,,1,P1ext_A_20261001,P1ext_A_20261001,c1a5919dff77a302aeab77b9504fc549,1,0,0.1524,0.2567,0.7205,0.2578,0
s2ae_40p_100ep_base_s47n,A,complete,shapeiou,A_sio_b_results.csv,100,100,84,0.15433,0.26345,0.14876,0.25037,1651.18,0.001,47,42,shuffle,47,dota15_40p,/root/datasets_mask/dota15_yolo/dota15_40p.yaml,visdrone_pretrain.pt,640,32,100,5,s2ae,40,base,0,0,0,,1,P1ext_A_20261001,P1ext_A_20261001,47eb384e69ad437d4e4fb99b7bc5cdd1,1,0,0.154,0.2617,0.6975,0.27,0
s2ae_40p_100ep_base_s48n,A,complete,shapeiou,A_sio_b_results.csv,100,100,81,0.15137,0.25488,0.14676,0.24621,1741.65,0.001,48,42,shuffle,48,dota15_40p,/root/datasets_mask/dota15_yolo/dota15_40p.yaml,visdrone_pretrain.pt,640,32,100,5,s2ae,40,base,0,0,0,,1,P1ext_A_20261001,P1ext_A_20261001,b6c708d12824bed5711414d51eb69980,1,0,0.1518,0.2553,0.6744,0.2669,0
s2ae_40p_100ep_base_s49n,A,complete,shapeiou,A_sio_b_results.csv,100,100,86,0.15515,0.26192,0.15062,0.2545,1872.55,0.001,49,42,shuffle,49,dota15_40p,/root/datasets_mask/dota15_yolo/dota15_40p.yaml,visdrone_pretrain.pt,640,32,100,5,s2ae,40,base,0,0,0,,1,P1ext_A_20261001,P1ext_A_20261001,778f623e0593efe7168f03d3ead529c9,1,0,0.1558,0.2629,0.6634,0.2708,0
s2ae_40p_100ep_base_s50n,A,complete,shapeiou,A_sio_b_results.csv,100,100,86,0.1537,0.26005,0.15032,0.25496,1788.18,0.001,50,42,shuffle,50,dota15_40p,/root/datasets_mask/dota15_yolo/dota15_40p.yaml,visdrone_pretrain.pt,640,32,100,5,s2ae,40,base,0,0,0,,1,P1ext_A_20261001,P1ext_A_20261001,02b0e3a06374c1d53622c350a0451a53,1,0,0.1539,0.2603,0.6718,0.2696,0
s2ae_40p_100ep_base_s51n,A,complete,shapeiou,A_sio_b_results.csv,100,100,85,0.15254,0.25671,0.14883,0.25074,1844.41,0.001,51,42,shuffle,51,dota15_40p,/root/datasets_mask/dota15_yolo/dota15_40p.yaml,visdrone_pretrain.pt,640,32,100,5,s2ae,40,base,0,0,0,,1,P1ext_A_20261001,P1ext_A_20261001,7c33a3c016bd920a8c94a0683b181e31,1,0,0.1517,0.2544,0.7204,0.2593,0
s2ae_40p_100ep_lr005_s42n,A,complete,shapeiou,sio_b_results.csv,100,100,87,0.17777,0.29538,0.17637,0.29146,1494.06,0.005,42,42,shuffle,42,dota15_40p,/root/datasets_mask/dota15_yolo/dota15_40p.yaml,visdrone_pretrain.pt,640,32,100,5,s2ae,40,lr005,0,0,0,,1,A_runs_20260929,A_runs_20260929,c2be3767dd36a491c767d0579f673f01,1,1,0.1784,0.2946,0.6483,0.2982,0
s2ae_40p_100ep_lr005_s43n,A,complete,shapeiou,sio_b_results.csv,100,100,81,0.17987,0.29848,0.17872,0.29717,962.663,0.005,43,42,shuffle,43,dota15_40p,/root/datasets_mask/dota15_yolo/dota15_40p.yaml,visdrone_pretrain.pt,640,32,100,5,s2ae,40,lr005,0,0,0,,1,A_runs_20260929,A_runs_20260929,e9e0d7a34495a48e86a0b601c638b61f,1,1,0.1797,0.299,0.6583,0.3018,0
s2ae_40p_100ep_lr005_s44n,A,complete,shapeiou,sio_b_results.csv,100,100,99,0.18107,0.29835,0.18029,0.29709,1027.38,0.005,44,42,shuffle,44,dota15_40p,/root/datasets_mask/dota15_yolo/dota15_40p.yaml,visdrone_pretrain.pt,640,32,100,5,s2ae,40,lr005,0,0,0,,1,A_runs_20260929,A_runs_20260929,36a40100092414d424854a121d47dba1,1,1,0.1828,0.3002,0.6171,0.3145,0
s2ae_40p_100ep_lr005_s45n,A,complete,shapeiou,A_sio_b_results.csv,100,100,87,0.18252,0.30389,0.1794,0.29751,1927.46,0.005,45,42,shuffle,45,dota15_40p,/root/datasets_mask/dota15_yolo/dota15_40p.yaml,visdrone_pretrain.pt,640,32,100,5,s2ae,40,lr005,0,0,0,,1,P1ext_A_20261001,P1ext_A_20261001,89217c8dfc32c4a2cbc24f8ba9af1a95,1,0,0.1822,0.3038,0.6347,0.3073,0
s2ae_40p_100ep_lr005_s46n,A,complete,shapeiou,A_sio_b_results.csv,100,100,100,0.1821,0.29861,0.1821,0.29861,1714.52,0.005,46,42,shuffle,46,dota15_40p,/root/datasets_mask/dota15_yolo/dota15_40p.yaml,visdrone_pretrain.pt,640,32,100,5,s2ae,40,lr005,0,0,0,,1,P1ext_A_20261001,P1ext_A_20261001,525f418ac51fe78e4a3aa5556eed69a8,1,0,0.1825,0.2988,0.5627,0.3048,0
s2ae_40p_100ep_lr005_s47n,A,complete,shapeiou,A_sio_b_results.csv,100,100,100,0.18035,0.29898,0.18035,0.29898,1690.24,0.005,47,42,shuffle,47,dota15_40p,/root/datasets_mask/dota15_yolo/dota15_40p.yaml,visdrone_pretrain.pt,640,32,100,5,s2ae,40,lr005,0,0,0,,1,P1ext_A_20261001,P1ext_A_20261001,e23f83b3b42ce69409fda35065ef4c5b,1,0,0.1798,0.2974,0.7136,0.3054,0
s2ae_40p_100ep_lr005_s48n,A,complete,shapeiou,A_sio_b_results.csv,100,100,100,0.17693,0.29663,0.17693,0.29663,1600.44,0.005,48,42,shuffle,48,dota15_40p,/root/datasets_mask/dota15_yolo/dota15_40p.yaml,visdrone_pretrain.pt,640,32,100,5,s2ae,40,lr005,0,0,0,,1,P1ext_A_20261001,P1ext_A_20261001,7f6a4949aef1e229e388066f0575a627,1,0,0.1766,0.2952,0.56,0.3104,0
s2ae_40p_100ep_lr005_s49n,A,complete,shapeiou,A_sio_b_results.csv,100,100,99,0.18104,0.30005,0.18033,0.30068,1633.87,0.005,49,42,shuffle,49,dota15_40p,/root/datasets_mask/dota15_yolo/dota15_40p.yaml,visdrone_pretrain.pt,640,32,100,5,s2ae,40,lr005,0,0,0,,1,P1ext_A_20261001,P1ext_A_20261001,a154ad0bc16eca52246faadce383f1c8,1,0,0.1811,0.2999,0.5863,0.3182,0
s2ae_40p_100ep_lr005_s50n,A,complete,shapeiou,A_sio_b_results.csv,100,100,100,0.17984,0.29769,0.17984,0.29769,1596.29,0.005,50,42,shuffle,50,dota15_40p,/root/datasets_mask/dota15_yolo/dota15_40p.yaml,visdrone_pretrain.pt,640,32,100,5,s2ae,40,lr005,0,0,0,,1,P1ext_A_20261001,P1ext_A_20261001,53b609b90d29d414dedfb7ca8a917eaf,1,0,0.1792,0.2967,0.5469,0.3114,0
s2ae_40p_100ep_lr005_s51n,A,complete,shapeiou,A_sio_b_results.csv,100,100,100,0.18105,0.30087,0.18105,0.30087,965.718,0.005,51,42,shuffle,51,dota15_40p,/root/datasets_mask/dota15_yolo/dota15_40p.yaml,visdrone_pretrain.pt,640,32,100,5,s2ae,40,lr005,0,0,0,,1,P1ext_A_20261001,P1ext_A_20261001,290077f5308cd7694529d9b207959c15,1,0,0.181,0.3019,0.654,0.3167,0
s2ae_40p_30ep_base_s42n,A,complete,shapeiou,sio_b_results.csv,30,30,30,0.10647,0.18187,0.10647,0.18187,300.472,0.001,42,42,shuffle,42,dota15_40p,/root/datasets_mask/dota15_yolo/dota15_40p.yaml,visdrone_pretrain.pt,640,32,100,5,s2ae,40,base,0,0,0,,1,A_runs_20260929,A_runs_20260929,490cb1335080184d29ea83faa0797be5,1,1,0.1065,0.182,0.5968,0.1998,0
s2ae_40p_30ep_base_s43n,A,complete,shapeiou,sio_b_results.csv,30,30,30,0.10734,0.17996,0.10734,0.17996,377.096,0.001,43,42,shuffle,43,dota15_40p,/root/datasets_mask/dota15_yolo/dota15_40p.yaml,visdrone_pretrain.pt,640,32,100,5,s2ae,40,base,0,0,0,,1,A_runs_20260929,A_runs_20260929,bcd5f33aff671642a420a3ba0646501c,1,1,0.1079,0.1819,0.4716,0.199,0
s2ae_40p_30ep_base_s44n,A,complete,shapeiou,sio_b_results.csv,30,30,30,0.10624,0.18112,0.10624,0.18112,287.139,0.001,44,42,shuffle,44,dota15_40p,/root/datasets_mask/dota15_yolo/dota15_40p.yaml,visdrone_pretrain.pt,640,32,100,5,s2ae,40,base,0,0,0,,1,A_runs_20260929,A_runs_20260929,69e0cfac19688cf18b8d9dc73f65d898,1,1,0.1066,0.1818,0.5139,0.2022,0
s2ae_40p_30ep_base_s45n,A,complete,shapeiou,A_sio_b_results.csv,30,30,30,0.10456,0.17712,0.10456,0.17712,502.05,0.001,45,42,shuffle,45,dota15_40p,/root/datasets_mask/dota15_yolo/dota15_40p.yaml,visdrone_pretrain.pt,640,32,100,5,s2ae,40,base,0,0,0,,1,P1ext_A_20261001,P1ext_A_20261001,604f3a8d80943a3a171354554600dfa8,1,0,0.1049,0.1779,0.5083,0.199,0
s2ae_40p_30ep_base_s46n,A,complete,shapeiou,A_sio_b_results.csv,30,30,28,0.10732,0.182,0.10692,0.18242,506.371,0.001,46,42,shuffle,46,dota15_40p,/root/datasets_mask/dota15_yolo/dota15_40p.yaml,visdrone_pretrain.pt,640,32,100,5,s2ae,40,base,0,0,0,,1,P1ext_A_20261001,P1ext_A_20261001,a7be8fb0797878556cf60a24dc80a706,1,0,0.1076,0.183,0.4749,0.1984,0
s2ae_40p_30ep_base_s47n,A,complete,shapeiou,A_sio_b_results.csv,30,30,30,0.10581,0.17925,0.10581,0.17925,569.688,0.001,47,42,shuffle,47,dota15_40p,/root/datasets_mask/dota15_yolo/dota15_40p.yaml,visdrone_pretrain.pt,640,32,100,5,s2ae,40,base,0,0,0,,1,P1ext_A_20261001,P1ext_A_20261001,abbfec53a6dabd456546f5c59c2a1fed,1,0,0.1059,0.1797,0.526,0.191,0
s2ae_40p_30ep_base_s48n,A,complete,shapeiou,A_sio_b_results.csv,30,30,30,0.10704,0.18093,0.10704,0.18093,502.697,0.001,48,42,shuffle,48,dota15_40p,/root/datasets_mask/dota15_yolo/dota15_40p.yaml,visdrone_pretrain.pt,640,32,100,5,s2ae,40,base,0,0,0,,1,P1ext_A_20261001,P1ext_A_20261001,3ca4756fded315b45ddea1583280fef0,1,0,0.1076,0.1819,0.4921,0.1985,0
s2ae_40p_30ep_base_s49n,A,complete,shapeiou,A_sio_b_results.csv,30,30,30,0.10742,0.18386,0.10742,0.18386,547.624,0.001,49,42,shuffle,49,dota15_40p,/root/datasets_mask/dota15_yolo/dota15_40p.yaml,visdrone_pretrain.pt,640,32,100,5,s2ae,40,base,0,0,0,,1,P1ext_A_20261001,P1ext_A_20261001,47b9ed38cc907f8604574161443d9636,1,0,0.1076,0.1842,0.5687,0.205,0
s2ae_40p_30ep_base_s50n,A,complete,shapeiou,A_sio_b_results.csv,30,30,29,0.10593,0.1801,0.10527,0.17941,594.81,0.001,50,42,shuffle,50,dota15_40p,/root/datasets_mask/dota15_yolo/dota15_40p.yaml,visdrone_pretrain.pt,640,32,100,5,s2ae,40,base,0,0,0,,1,P1ext_A_20261001,P1ext_A_20261001,ebb2c964574d21ff5f21169cc53c7d7c,1,0,0.1062,0.1812,0.4708,0.1985,0
s2ae_40p_30ep_base_s51n,A,complete,shapeiou,A_sio_b_results.csv,30,30,30,0.10616,0.18103,0.10616,0.18103,687.436,0.001,51,42,shuffle,51,dota15_40p,/root/datasets_mask/dota15_yolo/dota15_40p.yaml,visdrone_pretrain.pt,640,32,100,5,s2ae,40,base,0,0,0,,1,P1ext_A_20261001,P1ext_A_20261001,537bd9fae7781c40ad1df206b5bbaf18,1,0,0.1065,0.1814,0.4557,0.1955,0
s2ae_40p_30ep_lr005_s42n,A,complete,shapeiou,sio_b_results.csv,30,30,30,0.1465,0.24664,0.1465,0.24664,282.137,0.005,42,42,shuffle,42,dota15_40p,/root/datasets_mask/dota15_yolo/dota15_40p.yaml,visdrone_pretrain.pt,640,32,100,5,s2ae,40,lr005,0,0,0,,1,A_runs_20260929,A_runs_20260929,383490f211378c52085428bd3ae5ce11,1,1,0.1471,0.2465,0.6568,0.263,0
s2ae_40p_30ep_lr005_s43n,A,complete,shapeiou,sio_b_results.csv,30,30,28,0.1434,0.23985,0.14327,0.23991,323.182,0.005,43,42,shuffle,43,dota15_40p,/root/datasets_mask/dota15_yolo/dota15_40p.yaml,visdrone_pretrain.pt,640,32,100,5,s2ae,40,lr005,0,0,0,,1,A_runs_20260929,A_runs_20260929,feaf4aef0ce242ec62d14e1690e36c99,1,1,0.1428,0.2384,0.6753,0.2471,0
s2ae_40p_30ep_lr005_s44n,A,complete,shapeiou,sio_b_results.csv,30,30,30,0.14957,0.25335,0.14957,0.25335,480.749,0.005,44,42,shuffle,44,dota15_40p,/root/datasets_mask/dota15_yolo/dota15_40p.yaml,visdrone_pretrain.pt,640,32,100,5,s2ae,40,lr005,0,0,0,,1,A_runs_20260929,A_runs_20260929,b48513dfc9c8412649f114df548c2cfc,1,1,0.1493,0.2531,0.6911,0.2636,0
s2ae_40p_30ep_lr005_s45n,A,complete,shapeiou,A_sio_b_results.csv,30,30,30,0.14906,0.25156,0.14906,0.25156,608.143,0.005,45,42,shuffle,45,dota15_40p,/root/datasets_mask/dota15_yolo/dota15_40p.yaml,visdrone_pretrain.pt,640,32,100,5,s2ae,40,lr005,0,0,0,,1,P1ext_A_20261001,P1ext_A_20261001,97c2a30ac615e79980ae60e1ed471b62,1,0,0.1489,0.2512,0.7002,0.2578,0
s2ae_40p_30ep_lr005_s46n,A,complete,shapeiou,A_sio_b_results.csv,30,30,30,0.14846,0.24845,0.14846,0.24845,697.548,0.005,46,42,shuffle,46,dota15_40p,/root/datasets_mask/dota15_yolo/dota15_40p.yaml,visdrone_pretrain.pt,640,32,100,5,s2ae,40,lr005,0,0,0,,1,P1ext_A_20261001,P1ext_A_20261001,1662d2dd546b26b6b04d5cb2eb8f1b13,1,0,0.1479,0.2474,0.6726,0.2554,0
s2ae_40p_30ep_lr005_s47n,A,complete,shapeiou,A_sio_b_results.csv,30,30,25,0.14625,0.24831,0.14563,0.24828,664.883,0.005,47,42,shuffle,47,dota15_40p,/root/datasets_mask/dota15_yolo/dota15_40p.yaml,visdrone_pretrain.pt,640,32,100,5,s2ae,40,lr005,0,0,0,,1,P1ext_A_20261001,P1ext_A_20261001,7b550b5a7767d48bf11122e9a34b6d83,1,0,0.1459,0.248,0.66,0.2583,0
s2ae_40p_30ep_lr005_s48n,A,complete,shapeiou,A_sio_b_results.csv,30,30,29,0.14805,0.24862,0.14768,0.24828,552.854,0.005,48,42,shuffle,48,dota15_40p,/root/datasets_mask/dota15_yolo/dota15_40p.yaml,visdrone_pretrain.pt,640,32,100,5,s2ae,40,lr005,0,0,0,,1,P1ext_A_20261001,P1ext_A_20261001,db9ea14360a85985b1fe209ba7246557,1,0,0.1476,0.2487,0.6989,0.2579,0
s2ae_40p_30ep_lr005_s49n,A,complete,shapeiou,A_sio_b_results.csv,30,30,30,0.15179,0.25615,0.15179,0.25615,525.491,0.005,49,42,shuffle,49,dota15_40p,/root/datasets_mask/dota15_yolo/dota15_40p.yaml,visdrone_pretrain.pt,640,32,100,5,s2ae,40,lr005,0,0,0,,1,P1ext_A_20261001,P1ext_A_20261001,918bf093e037fa840461e524f3d5667a,1,0,0.1524,0.2573,0.6783,0.2651,0
s2ae_40p_30ep_lr005_s50n,A,complete,shapeiou,A_sio_b_results.csv,30,30,30,0.14892,0.25183,0.14892,0.25183,535.341,0.005,50,42,shuffle,50,dota15_40p,/root/datasets_mask/dota15_yolo/dota15_40p.yaml,visdrone_pretrain.pt,640,32,100,5,s2ae,40,lr005,0,0,0,,1,P1ext_A_20261001,P1ext_A_20261001,9a40f4edc0f63eb28f15a3f126d1a0e5,1,0,0.1479,0.2497,0.6233,0.2646,0
s2ae_40p_30ep_lr005_s51n,A,complete,shapeiou,A_sio_b_results.csv,30,30,30,0.14858,0.25037,0.14858,0.25037,560.799,0.005,51,42,shuffle,51,dota15_40p,/root/datasets_mask/dota15_yolo/dota15_40p.yaml,visdrone_pretrain.pt,640,32,100,5,s2ae,40,lr005,0,0,0,,1,P1ext_A_20261001,P1ext_A_20261001,ad82e6004012f2c3c53f486c1c79051b,1,0,0.1486,0.2499,0.6666,0.2672,0
s2ae_50p_30ep_base_s42n,A,complete,shapeiou,sio_b_results.csv,30,30,28,0.12232,0.20913,0.12158,0.20798,318.405,0.001,42,42,shuffle,42,dota15_50p,/root/datasets_mask/dota15_yolo/dota15_50p.yaml,visdrone_pretrain.pt,640,32,100,5,s2ae,50,base,0,0,0,,1,A_runs_20260929,A_runs_20260929,73b1607f764e6a03f1126452a0ef2a3e,1,1,0.123,0.2106,0.5399,0.2294,0
s2ae_50p_30ep_base_s43n,A,complete,shapeiou,sio_b_results.csv,30,30,30,0.12439,0.21172,0.12439,0.21172,405.182,0.001,43,42,shuffle,43,dota15_50p,/root/datasets_mask/dota15_yolo/dota15_50p.yaml,visdrone_pretrain.pt,640,32,100,5,s2ae,50,base,0,0,0,,1,A_runs_20260929,A_runs_20260929,eb0010011ffc3cbfab3265ce53059aab,1,1,0.1249,0.2131,0.5474,0.2284,0
s2ae_50p_30ep_base_s44n,A,complete,shapeiou,sio_b_results.csv,30,30,30,0.12288,0.20916,0.12288,0.20916,340.495,0.001,44,42,shuffle,44,dota15_50p,/root/datasets_mask/dota15_yolo/dota15_50p.yaml,visdrone_pretrain.pt,640,32,100,5,s2ae,50,base,0,0,0,,1,A_runs_20260929,A_runs_20260929,f83b136eb8cc6a20bcc0e728ae6bae03,1,1,0.1227,0.2084,0.5911,0.231,0
s2ae_50p_30ep_base_s45n,A,complete,shapeiou,A_sio_b_results.csv,30,30,28,0.12174,0.20747,0.12145,0.20711,583.872,0.001,45,42,shuffle,45,dota15_50p,/root/datasets_mask/dota15_yolo/dota15_50p.yaml,visdrone_pretrain.pt,640,32,100,5,s2ae,50,base,0,0,0,,1,P1ext_A_20261001,P1ext_A_20261001,71e0284f99e1f37cfbd58817d75805c9,1,0,0.1212,0.2067,0.6051,0.2273,0
s2ae_50p_30ep_base_s46n,A,complete,shapeiou,A_sio_b_results.csv,30,30,30,0.12456,0.21058,0.12456,0.21058,844.487,0.001,46,42,shuffle,46,dota15_50p,/root/datasets_mask/dota15_yolo/dota15_50p.yaml,visdrone_pretrain.pt,640,32,100,5,s2ae,50,base,0,0,0,,1,P1ext_A_20261001,P1ext_A_20261001,a3a17119f4bd526dc6d17a6f15161650,1,0,0.1249,0.2114,0.4759,0.2294,0
s2ae_50p_30ep_base_s47n,A,complete,shapeiou,A_sio_b_results.csv,30,30,29,0.12191,0.20856,0.12184,0.20895,622.751,0.001,47,42,shuffle,47,dota15_50p,/root/datasets_mask/dota15_yolo/dota15_50p.yaml,visdrone_pretrain.pt,640,32,100,5,s2ae,50,base,0,0,0,,1,P1ext_A_20261001,P1ext_A_20261001,491111b4e7df3a1f20fd1f3b1b651608,1,0,0.1232,0.2108,0.5603,0.2302,0
s2ae_50p_30ep_base_s48n,A,complete,shapeiou,A_sio_b_results.csv,30,30,29,0.12261,0.20962,0.12146,0.20853,895.447,0.001,48,42,shuffle,48,dota15_50p,/root/datasets_mask/dota15_yolo/dota15_50p.yaml,visdrone_pretrain.pt,640,32,100,5,s2ae,50,base,0,0,0,,1,P1ext_A_20261001,P1ext_A_20261001,2a6b86b951fa74683253018e6a3bc574,1,0,0.1228,0.2092,0.5488,0.2331,0
s2ae_50p_30ep_base_s49n,A,complete,shapeiou,A_sio_b_results.csv,30,30,30,0.12012,0.20414,0.12012,0.20414,1070.32,0.001,49,42,shuffle,49,dota15_50p,/root/datasets_mask/dota15_yolo/dota15_50p.yaml,visdrone_pretrain.pt,640,32,100,5,s2ae,50,base,0,0,0,,1,P1ext_A_20261001,P1ext_A_20261001,38bf37837d356dfb7964636e4e0ddaca,1,0,0.12,0.2043,0.4939,0.2307,0
s2ae_50p_30ep_base_s50n,A,complete,shapeiou,A_sio_b_results.csv,30,30,28,0.12415,0.21346,0.12346,0.21197,573.448,0.001,50,42,shuffle,50,dota15_50p,/root/datasets_mask/dota15_yolo/dota15_50p.yaml,visdrone_pretrain.pt,640,32,100,5,s2ae,50,base,0,0,0,,1,P1ext_A_20261001,P1ext_A_20261001,777ae45705fbca410eaefcb63eea34e1,1,0,0.1247,0.2143,0.5088,0.233,0
s2ae_50p_30ep_base_s51n,A,complete,shapeiou,A_sio_b_results.csv,30,30,28,0.12266,0.2089,0.12181,0.20829,644.156,0.001,51,42,shuffle,51,dota15_50p,/root/datasets_mask/dota15_yolo/dota15_50p.yaml,visdrone_pretrain.pt,640,32,100,5,s2ae,50,base,0,0,0,,1,P1ext_A_20261001,P1ext_A_20261001,ca79dfeee2d648f713759d5f7e23dbe2,1,0,0.1235,0.2113,0.6291,0.2284,0
s2ae_50p_30ep_lr005_s42n,A,complete,shapeiou,sio_b_results.csv,30,30,30,0.16093,0.26682,0.16093,0.26682,329.105,0.005,42,42,shuffle,42,dota15_50p,/root/datasets_mask/dota15_yolo/dota15_50p.yaml,visdrone_pretrain.pt,640,32,100,5,s2ae,50,lr005,0,0,0,,1,A_runs_20260929,A_runs_20260929,3bd2bcb5f9b563e9ab7f324c9e5201dc,1,1,0.1619,0.2678,0.6615,0.2756,0
s2ae_50p_30ep_lr005_s43n,A,complete,shapeiou,sio_b_results.csv,30,30,29,0.16197,0.26538,0.16047,0.26717,341.961,0.005,43,42,shuffle,43,dota15_50p,/root/datasets_mask/dota15_yolo/dota15_50p.yaml,visdrone_pretrain.pt,640,32,100,5,s2ae,50,lr005,0,0,0,,1,A_runs_20260929,A_runs_20260929,51cd90375fff0e9847a2c9bbd7d54ca1,1,1,0.162,0.2656,0.65,0.2749,0
s2ae_50p_30ep_lr005_s44n,A,complete,shapeiou,sio_b_results.csv,30,30,28,0.1643,0.27131,0.16406,0.27086,415.901,0.005,44,42,shuffle,44,dota15_50p,/root/datasets_mask/dota15_yolo/dota15_50p.yaml,visdrone_pretrain.pt,640,32,100,5,s2ae,50,lr005,0,0,0,,1,A_runs_20260929,A_runs_20260929,6e8033615243c66a06ef74a448477c63,1,1,0.1642,0.2722,0.6847,0.2857,0
s2ae_50p_30ep_lr005_s45n,A,complete,shapeiou,A_sio_b_results.csv,30,30,30,0.16346,0.27158,0.16346,0.27158,965.21,0.005,45,42,shuffle,45,dota15_50p,/root/datasets_mask/dota15_yolo/dota15_50p.yaml,visdrone_pretrain.pt,640,32,100,5,s2ae,50,lr005,0,0,0,,1,P1ext_A_20261001,P1ext_A_20261001,1000acff20edc8aa638a7d4dc67366fc,1,0,0.1644,0.2731,0.663,0.2873,0
s2ae_50p_30ep_lr005_s46n,A,complete,shapeiou,A_sio_b_results.csv,30,30,29,0.16027,0.26624,0.15994,0.26714,541.936,0.005,46,42,shuffle,46,dota15_50p,/root/datasets_mask/dota15_yolo/dota15_50p.yaml,visdrone_pretrain.pt,640,32,100,5,s2ae,50,lr005,0,0,0,,1,P1ext_A_20261001,P1ext_A_20261001,c87e48c0925992cecc33ffd2455102a9,1,0,0.1602,0.2659,0.6679,0.2796,0
s2ae_50p_30ep_lr005_s47n,A,complete,shapeiou,A_sio_b_results.csv,30,30,29,0.1647,0.26957,0.16272,0.26771,1312.02,0.005,47,42,shuffle,47,dota15_50p,/root/datasets_mask/dota15_yolo/dota15_50p.yaml,visdrone_pretrain.pt,640,32,100,5,s2ae,50,lr005,0,0,0,,1,P1ext_A_20261001,P1ext_A_20261001,4d1ba9ca72704eebe5be1816c158bac6,1,0,0.165,0.2703,0.6769,0.2815,0
s2ae_50p_30ep_lr005_s48n,A,complete,shapeiou,A_sio_b_results.csv,30,30,30,0.1641,0.274,0.1641,0.274,631.997,0.005,48,42,shuffle,48,dota15_50p,/root/datasets_mask/dota15_yolo/dota15_50p.yaml,visdrone_pretrain.pt,640,32,100,5,s2ae,50,lr005,0,0,0,,1,P1ext_A_20261001,P1ext_A_20261001,2fed5716c3fae32436e18ad359d4fe4e,1,0,0.1637,0.2726,0.6547,0.2872,0
s2ae_50p_30ep_lr005_s49n,A,complete,shapeiou,A_sio_b_results.csv,30,30,30,0.16224,0.26846,0.16224,0.26846,657.839,0.005,49,42,shuffle,49,dota15_50p,/root/datasets_mask/dota15_yolo/dota15_50p.yaml,visdrone_pretrain.pt,640,32,100,5,s2ae,50,lr005,0,0,0,,1,P1ext_A_20261001,P1ext_A_20261001,8170e47cec5e5d5bf550b72929c113b6,1,0,0.1615,0.268,0.6617,0.2776,0
s2ae_50p_30ep_lr005_s50n,A,complete,shapeiou,A_sio_b_results.csv,30,30,29,0.16233,0.26798,0.16144,0.26855,450.076,0.005,50,42,shuffle,50,dota15_50p,/root/datasets_mask/dota15_yolo/dota15_50p.yaml,visdrone_pretrain.pt,640,32,100,5,s2ae,50,lr005,0,0,0,,1,P1ext_A_20261001,P1ext_A_20261001,5659571adc8e8a2f66c69882909110ff,1,0,0.1626,0.2688,0.6679,0.2806,0
s2ae_50p_30ep_lr005_s51n,A,complete,shapeiou,A_sio_b_results.csv,30,30,29,0.1635,0.26976,0.16334,0.27051,391.432,0.005,51,42,shuffle,51,dota15_50p,/root/datasets_mask/dota15_yolo/dota15_50p.yaml,visdrone_pretrain.pt,640,32,100,5,s2ae,50,lr005,0,0,0,,1,P1ext_A_20261001,P1ext_A_20261001,5cfdcf3b3ed2cca4c61ad8c2bfaaad32,1,0,0.1627,0.2703,0.6783,0.2738,0
s2df_10p_100ep_base_s42n,A,complete,shapeiou,sio_b_results.csv,100,100,86,0.35643,0.65574,0.34466,0.65046,260.92,0.001,42,42,shuffle,42,neu_det_10p,/root/workspace/data/neu_det/neu_det_10p.yaml,pcb_pretrain.pt,640,32,100,5,s2df,10,base,0,0,0,,1,A_runs_20260929,A_runs_20260929,f5ca6483a1ff0b9f5128406c16f1c4af,1,1,0.3383,0.6132,0.6161,0.5943,0
s2df_10p_100ep_base_s43n,A,complete,shapeiou,sio_b_results.csv,100,100,87,0.355,0.67067,0.34824,0.66334,324.543,0.001,43,42,shuffle,43,neu_det_10p,/root/workspace/data/neu_det/neu_det_10p.yaml,pcb_pretrain.pt,640,32,100,5,s2df,10,base,0,0,0,,1,A_runs_20260929,A_runs_20260929,b623e380d746d08f7d53ebb82dcfbe92,1,1,0.3137,0.6033,0.6651,0.564,0
s2df_10p_100ep_base_s44n,A,complete,shapeiou,sio_b_results.csv,100,100,97,0.35226,0.65297,0.34846,0.65528,277.249,0.001,44,42,shuffle,44,neu_det_10p,/root/workspace/data/neu_det/neu_det_10p.yaml,pcb_pretrain.pt,640,32,100,5,s2df,10,base,0,0,0,,1,A_runs_20260929,A_runs_20260929,2395f67f50579db34c7f4049f9434450,1,1,0.3318,0.6028,0.567,0.6179,0
s2df_10p_100ep_base_s45n,A,complete,shapeiou,A_sio_b_results.csv,100,100,85,0.36308,0.67973,0.35641,0.67612,462.077,0.001,45,42,shuffle,45,neu_det_10p,/root/workspace/data/neu_det/neu_det_10p.yaml,pcb_pretrain.pt,640,32,100,5,s2df,10,base,0,0,0,,1,P1ext_A_20261001,P1ext_A_20261001,9ebbc18a85efa40b8cb86a4a1e289d36,1,0,0.3103,0.6014,0.6299,0.5655,0
s2df_10p_100ep_base_s46n,A,complete,shapeiou,A_sio_b_results.csv,100,100,89,0.36031,0.67261,0.35308,0.65814,547.737,0.001,46,42,shuffle,46,neu_det_10p,/root/workspace/data/neu_det/neu_det_10p.yaml,pcb_pretrain.pt,640,32,100,5,s2df,10,base,0,0,0,,1,P1ext_A_20261001,P1ext_A_20261001,1bb66f7b41253161d1b4c4f0b6769b0a,1,0,0.3203,0.6071,0.6704,0.5396,0
s2df_10p_100ep_base_s47n,A,complete,shapeiou,A_sio_b_results.csv,100,100,90,0.35089,0.66661,0.33545,0.63894,525.148,0.001,47,42,shuffle,47,neu_det_10p,/root/workspace/data/neu_det/neu_det_10p.yaml,pcb_pretrain.pt,640,32,100,5,s2df,10,base,0,0,0,,1,P1ext_A_20261001,P1ext_A_20261001,3c1c881ae3a8107047622c30e9380871,1,0,0.3212,0.6084,0.595,0.6066,0
s2df_10p_100ep_base_s48n,A,complete,shapeiou,A_sio_b_results.csv,100,100,96,0.35652,0.67154,0.35553,0.67522,421.767,0.001,48,42,shuffle,48,neu_det_10p,/root/workspace/data/neu_det/neu_det_10p.yaml,pcb_pretrain.pt,640,32,100,5,s2df,10,base,0,0,0,,1,P1ext_A_20261001,P1ext_A_20261001,0d8bda2734877c3ee586070269b98495,1,0,0.333,0.6325,0.6343,0.6047,0
s2df_10p_100ep_base_s49n,A,complete,shapeiou,A_sio_b_results.csv,100,100,85,0.34869,0.65344,0.33715,0.65291,430.259,0.001,49,42,shuffle,49,neu_det_10p,/root/workspace/data/neu_det/neu_det_10p.yaml,pcb_pretrain.pt,640,32,100,5,s2df,10,base,0,0,0,,1,P1ext_A_20261001,P1ext_A_20261001,4d452dc8263f92179d9c108b462c51a3,1,0,0.3277,0.6126,0.6658,0.5264,0
s2df_10p_100ep_base_s50n,A,complete,shapeiou,A_sio_b_results.csv,100,100,99,0.3469,0.64412,0.34239,0.6344,485.902,0.001,50,42,shuffle,50,neu_det_10p,/root/workspace/data/neu_det/neu_det_10p.yaml,pcb_pretrain.pt,640,32,100,5,s2df,10,base,0,0,0,,1,P1ext_A_20261001,P1ext_A_20261001,4bdb4631cb1a827c7c4f16f1a3956516,1,0,0.322,0.6142,0.6049,0.619,0
s2df_10p_100ep_base_s51n,A,complete,shapeiou,A_sio_b_results.csv,100,100,96,0.34799,0.65894,0.34214,0.65106,514.071,0.001,51,42,shuffle,51,neu_det_10p,/root/workspace/data/neu_det/neu_det_10p.yaml,pcb_pretrain.pt,640,32,100,5,s2df,10,base,0,0,0,,1,P1ext_A_20261001,P1ext_A_20261001,a6a45f40450ef952ba4e356150a8ff9b,1,0,0.3044,0.5922,0.6413,0.5652,0
s2df_10p_100ep_lr005_s42n,A,complete,shapeiou,sio_b_results.csv,100,100,79,0.36712,0.69524,0.36074,0.68309,335.185,0.005,42,42,shuffle,42,neu_det_10p,/root/workspace/data/neu_det/neu_det_10p.yaml,pcb_pretrain.pt,640,32,100,5,s2df,10,lr005,0,0,0,,1,A_runs_20260929,A_runs_20260929,2633c42a1618d55eb76866a294816514,1,1,0.3484,0.6476,0.5646,0.6797,0
s2df_10p_100ep_lr005_s43n,A,complete,shapeiou,sio_b_results.csv,100,100,89,0.38553,0.69303,0.37947,0.6935,289.628,0.005,43,42,shuffle,43,neu_det_10p,/root/workspace/data/neu_det/neu_det_10p.yaml,pcb_pretrain.pt,640,32,100,5,s2df,10,lr005,0,0,0,,1,A_runs_20260929,A_runs_20260929,08545ffc826a9ba24b1fff93182948a0,1,1,0.3581,0.6674,0.662,0.6271,0
s2df_10p_100ep_lr005_s44n,A,complete,shapeiou,sio_b_results.csv,100,100,98,0.38853,0.7032,0.38802,0.70182,346.306,0.005,44,42,shuffle,44,neu_det_10p,/root/workspace/data/neu_det/neu_det_10p.yaml,pcb_pretrain.pt,640,32,100,5,s2df,10,lr005,0,0,0,,1,A_runs_20260929,A_runs_20260929,e8893f0abf2e3a88b9cecf1ca4fbd5ae,1,1,0.3621,0.6769,0.6596,0.6201,0
s2df_10p_100ep_lr005_s45n,A,complete,shapeiou,A_sio_b_results.csv,100,100,100,0.38495,0.70405,0.38495,0.70405,546.783,0.005,45,42,shuffle,45,neu_det_10p,/root/workspace/data/neu_det/neu_det_10p.yaml,pcb_pretrain.pt,640,32,100,5,s2df,10,lr005,0,0,0,,1,P1ext_A_20261001,P1ext_A_20261001,374c01bb7ee98e5d448286b0166f15be,1,0,0.35,0.644,0.6019,0.65,0
s2df_10p_100ep_lr005_s46n,A,complete,shapeiou,A_sio_b_results.csv,100,100,94,0.37995,0.71315,0.3712,0.70955,541.812,0.005,46,42,shuffle,46,neu_det_10p,/root/workspace/data/neu_det/neu_det_10p.yaml,pcb_pretrain.pt,640,32,100,5,s2df,10,lr005,0,0,0,,1,P1ext_A_20261001,P1ext_A_20261001,5fa3022173f4357b1076a1e130be8768,1,0,0.3354,0.6598,0.7033,0.6096,0
s2df_10p_100ep_lr005_s47n,A,complete,shapeiou,A_sio_b_results.csv,100,100,90,0.38816,0.69444,0.37,0.66818,499.085,0.005,47,42,shuffle,47,neu_det_10p,/root/workspace/data/neu_det/neu_det_10p.yaml,pcb_pretrain.pt,640,32,100,5,s2df,10,lr005,0,0,0,,1,P1ext_A_20261001,P1ext_A_20261001,634c06413a3bb463bbcd2f2e4b5829b3,1,0,0.3555,0.6664,0.6426,0.6606,0
s2df_10p_100ep_lr005_s48n,A,complete,shapeiou,A_sio_b_results.csv,100,100,88,0.37066,0.66935,0.37006,0.66394,661.263,0.005,48,42,shuffle,48,neu_det_10p,/root/workspace/data/neu_det/neu_det_10p.yaml,pcb_pretrain.pt,640,32,100,5,s2df,10,lr005,0,0,0,,1,P1ext_A_20261001,P1ext_A_20261001,2f9e85e1c45e7d34f469f95cc1715cf6,1,0,0.3265,0.6371,0.666,0.5874,0
s2df_10p_100ep_lr005_s49n,A,complete,shapeiou,A_sio_b_results.csv,100,100,100,0.3927,0.69145,0.3927,0.69145,586.595,0.005,49,42,shuffle,49,neu_det_10p,/root/workspace/data/neu_det/neu_det_10p.yaml,pcb_pretrain.pt,640,32,100,5,s2df,10,lr005,0,0,0,,1,P1ext_A_20261001,P1ext_A_20261001,88361c6a0c74a73885f7d70c34b939be,1,0,0.3355,0.6487,0.612,0.6361,0
s2df_10p_100ep_lr005_s50n,A,complete,shapeiou,A_sio_b_results.csv,100,100,99,0.38976,0.71657,0.38891,0.71372,552.269,0.005,50,42,shuffle,50,neu_det_10p,/root/workspace/data/neu_det/neu_det_10p.yaml,pcb_pretrain.pt,640,32,100,5,s2df,10,lr005,0,0,0,,1,P1ext_A_20261001,P1ext_A_20261001,faa7294d27bc12b51f9d2eb3dbc319e8,1,0,0.34,0.6444,0.5764,0.6664,0
s2df_10p_100ep_lr005_s51n,A,complete,shapeiou,A_sio_b_results.csv,100,100,95,0.37786,0.70141,0.36778,0.69338,522.462,0.005,51,42,shuffle,51,neu_det_10p,/root/workspace/data/neu_det/neu_det_10p.yaml,pcb_pretrain.pt,640,32,100,5,s2df,10,lr005,0,0,0,,1,P1ext_A_20261001,P1ext_A_20261001,84cc5c4b410990b485573c5da4c2b426,1,0,0.3493,0.6477,0.6328,0.6285,0
s2df_10p_30ep_base_s42n,A,complete,shapeiou,sio_b_results.csv,30,30,30,0.18216,0.32687,0.18216,0.32687,80.4008,0.001,42,42,shuffle,42,neu_det_10p,/root/workspace/data/neu_det/neu_det_10p.yaml,pcb_pretrain.pt,640,32,100,5,s2df,10,base,0,0,0,,1,A_runs_20260929,A_runs_20260929,1fbdc0a36840689b848f7ac5b7baa513,1,1,0.1558,0.2808,0.3289,0.2855,0
s2df_10p_30ep_base_s43n,A,complete,shapeiou,sio_b_results.csv,30,30,30,0.13848,0.2633,0.13848,0.2633,80.5647,0.001,43,42,shuffle,43,neu_det_10p,/root/workspace/data/neu_det/neu_det_10p.yaml,pcb_pretrain.pt,640,32,100,5,s2df,10,base,0,0,0,,1,A_runs_20260929,A_runs_20260929,10bc47b542a3340fcbe2156c541767c2,1,1,0.1296,0.2314,0.2195,0.222,0
s2df_10p_30ep_base_s44n,A,complete,shapeiou,sio_b_results.csv,30,30,30,0.18055,0.33158,0.18055,0.33158,81.2228,0.001,44,42,shuffle,44,neu_det_10p,/root/workspace/data/neu_det/neu_det_10p.yaml,pcb_pretrain.pt,640,32,100,5,s2df,10,base,0,0,0,,1,A_runs_20260929,A_runs_20260929,782d3f323533178a0f518c416cdd638d,1,1,0.164,0.2956,0.2901,0.2762,0
s2df_10p_30ep_base_s45n,A,complete,shapeiou,A_sio_b_results.csv,30,30,30,0.18245,0.3277,0.18245,0.3277,138.384,0.001,45,42,shuffle,45,neu_det_10p,/root/workspace/data/neu_det/neu_det_10p.yaml,pcb_pretrain.pt,640,32,100,5,s2df,10,base,0,0,0,,1,P1ext_A_20261001,P1ext_A_20261001,aeec3a9fbba0dfc3f475d481ad2951d8,1,0,0.1679,0.3026,0.3291,0.2931,0
s2df_10p_30ep_base_s46n,A,complete,shapeiou,A_sio_b_results.csv,30,30,30,0.18674,0.33522,0.18674,0.33522,159.574,0.001,46,42,shuffle,46,neu_det_10p,/root/workspace/data/neu_det/neu_det_10p.yaml,pcb_pretrain.pt,640,32,100,5,s2df,10,base,0,0,0,,1,P1ext_A_20261001,P1ext_A_20261001,ffe874b51bac87684aeac0ab5bab4f97,1,0,0.1631,0.3162,0.3632,0.3053,0
s2df_10p_30ep_base_s47n,A,complete,shapeiou,A_sio_b_results.csv,30,30,30,0.18059,0.32345,0.18059,0.32345,165.005,0.001,47,42,shuffle,47,neu_det_10p,/root/workspace/data/neu_det/neu_det_10p.yaml,pcb_pretrain.pt,640,32,100,5,s2df,10,base,0,0,0,,1,P1ext_A_20261001,P1ext_A_20261001,66f838b60544a51ceb354f9226e9fc93,1,0,0.169,0.2967,0.3061,0.2871,0
s2df_10p_30ep_base_s48n,A,complete,shapeiou,A_sio_b_results.csv,30,30,29,0.15019,0.28369,0.14491,0.27288,146.98,0.001,48,42,shuffle,48,neu_det_10p,/root/workspace/data/neu_det/neu_det_10p.yaml,pcb_pretrain.pt,640,32,100,5,s2df,10,base,0,0,0,,1,P1ext_A_20261001,P1ext_A_20261001,c167a002d12d72a645bbf57075a30be1,1,0,0.1342,0.2582,0.2066,0.2486,0
s2df_10p_30ep_base_s49n,A,complete,shapeiou,A_sio_b_results.csv,30,30,30,0.16443,0.29354,0.16443,0.29354,173.406,0.001,49,42,shuffle,49,neu_det_10p,/root/workspace/data/neu_det/neu_det_10p.yaml,pcb_pretrain.pt,640,32,100,5,s2df,10,base,0,0,0,,1,P1ext_A_20261001,P1ext_A_20261001,fe69fddaeed8a715807b642786022122,1,0,0.1465,0.2778,0.2693,0.2529,0
s2df_10p_30ep_base_s50n,A,complete,shapeiou,A_sio_b_results.csv,30,30,26,0.15259,0.29376,0.14808,0.27811,165.13,0.001,50,42,shuffle,50,neu_det_10p,/root/workspace/data/neu_det/neu_det_10p.yaml,pcb_pretrain.pt,640,32,100,5,s2df,10,base,0,0,0,,1,P1ext_A_20261001,P1ext_A_20261001,077c1e47188733732f696c7c412a56b4,1,0,0.1318,0.2585,0.2541,0.2784,0
s2df_10p_30ep_base_s51n,A,complete,shapeiou,A_sio_b_results.csv,30,30,30,0.13615,0.24462,0.13615,0.24462,180.238,0.001,51,42,shuffle,51,neu_det_10p,/root/workspace/data/neu_det/neu_det_10p.yaml,pcb_pretrain.pt,640,32,100,5,s2df,10,base,0,0,0,,1,P1ext_A_20261001,P1ext_A_20261001,9543961162f7954be3cb49ab87db909a,1,0,0.1333,0.2462,0.2936,0.2419,0
s2df_10p_30ep_lr005_s42n,A,complete,shapeiou,sio_b_results.csv,30,30,30,0.26854,0.55267,0.26854,0.55267,97.0706,0.005,42,42,shuffle,42,neu_det_10p,/root/workspace/data/neu_det/neu_det_10p.yaml,pcb_pretrain.pt,640,32,100,5,s2df,10,lr005,0,0,0,,1,A_runs_20260929,A_runs_20260929,5c4c5ec79cee06300e95f31ee7a1bdcc,1,1,0.2689,0.5383,0.4686,0.5537,0
s2df_10p_30ep_lr005_s43n,A,complete,shapeiou,sio_b_results.csv,30,30,30,0.26979,0.52889,0.26979,0.52889,86.7145,0.005,43,42,shuffle,43,neu_det_10p,/root/workspace/data/neu_det/neu_det_10p.yaml,pcb_pretrain.pt,640,32,100,5,s2df,10,lr005,0,0,0,,1,A_runs_20260929,A_runs_20260929,6049059abe2b323d315b880cd7731acd,1,1,0.2665,0.5471,0.5074,0.5478,0
s2df_10p_30ep_lr005_s44n,A,complete,shapeiou,sio_b_results.csv,30,30,30,0.28956,0.59334,0.28956,0.59334,80.1331,0.005,44,42,shuffle,44,neu_det_10p,/root/workspace/data/neu_det/neu_det_10p.yaml,pcb_pretrain.pt,640,32,100,5,s2df,10,lr005,0,0,0,,1,A_runs_20260929,A_runs_20260929,672658b2200a75f9b0ccecc59ad99a71,1,1,0.2908,0.5766,0.528,0.5877,0
s2df_10p_30ep_lr005_s45n,A,complete,shapeiou,A_sio_b_results.csv,30,30,30,0.30822,0.60952,0.30822,0.60952,149.562,0.005,45,42,shuffle,45,neu_det_10p,/root/workspace/data/neu_det/neu_det_10p.yaml,pcb_pretrain.pt,640,32,100,5,s2df,10,lr005,0,0,0,,1,P1ext_A_20261001,P1ext_A_20261001,ad3b10080b08f96499e5bd2df71e6e17,1,0,0.2962,0.568,0.5514,0.5788,0
s2df_10p_30ep_lr005_s46n,A,complete,shapeiou,A_sio_b_results.csv,30,30,30,0.17625,0.3551,0.17625,0.3551,109.796,0.005,46,42,shuffle,46,neu_det_10p,/root/workspace/data/neu_det/neu_det_10p.yaml,pcb_pretrain.pt,640,32,100,5,s2df,10,lr005,0,0,0,,1,P1ext_A_20261001,P1ext_A_20261001,f5a0aaacef4fe43ec0669e4f1b3e2e42,1,0,0.1784,0.3555,0.6834,0.3349,0
s2df_10p_30ep_lr005_s47n,A,complete,shapeiou,A_sio_b_results.csv,30,30,30,0.2637,0.5238,0.2637,0.5238,138.344,0.005,47,42,shuffle,47,neu_det_10p,/root/workspace/data/neu_det/neu_det_10p.yaml,pcb_pretrain.pt,640,32,100,5,s2df,10,lr005,0,0,0,,1,P1ext_A_20261001,P1ext_A_20261001,bdff08109dddb0d3ba158b256e7ee490,1,0,0.2687,0.5149,0.5007,0.5562,0
s2df_10p_30ep_lr005_s48n,A,complete,shapeiou,A_sio_b_results.csv,30,30,30,0.29048,0.56452,0.29048,0.56452,156.266,0.005,48,42,shuffle,48,neu_det_10p,/root/workspace/data/neu_det/neu_det_10p.yaml,pcb_pretrain.pt,640,32,100,5,s2df,10,lr005,0,0,0,,1,P1ext_A_20261001,P1ext_A_20261001,d3974f6c59403ea5ccedf4a3b9ce9a7a,1,0,0.3004,0.5778,0.5827,0.5357,0
s2df_10p_30ep_lr005_s49n,A,complete,shapeiou,A_sio_b_results.csv,30,30,30,0.29742,0.54699,0.29742,0.54699,155.072,0.005,49,42,shuffle,49,neu_det_10p,/root/workspace/data/neu_det/neu_det_10p.yaml,pcb_pretrain.pt,640,32,100,5,s2df,10,lr005,0,0,0,,1,P1ext_A_20261001,P1ext_A_20261001,59f836c88b481c0cfeb369d07e1ccc4c,1,0,0.303,0.5601,0.5425,0.563,0
s2df_10p_30ep_lr005_s50n,A,complete,shapeiou,A_sio_b_results.csv,30,30,30,0.27119,0.52714,0.27119,0.52714,146.01,0.005,50,42,shuffle,50,neu_det_10p,/root/workspace/data/neu_det/neu_det_10p.yaml,pcb_pretrain.pt,640,32,100,5,s2df,10,lr005,0,0,0,,1,P1ext_A_20261001,P1ext_A_20261001,25c242d2719a2cdc4fa5785579a0f2d3,1,0,0.2757,0.5421,0.569,0.5228,0
s2df_10p_30ep_lr005_s51n,A,complete,shapeiou,A_sio_b_results.csv,30,30,30,0.27544,0.54177,0.27544,0.54177,146.238,0.005,51,42,shuffle,51,neu_det_10p,/root/workspace/data/neu_det/neu_det_10p.yaml,pcb_pretrain.pt,640,32,100,5,s2df,10,lr005,0,0,0,,1,P1ext_A_20261001,P1ext_A_20261001,1a9f15772c7563cd3d4a603eb1b3c8ba,1,0,0.2605,0.5169,0.4571,0.5691,0
s2df_20p_100ep_base_s42n,A,complete,shapeiou,sio_b_results.csv,100,100,89,0.41993,0.73539,0.40256,0.69858,319.701,0.001,42,42,shuffle,42,neu_det_20p,/root/workspace/data/neu_det/neu_det_20p.yaml,pcb_pretrain.pt,640,32,100,5,s2df,20,base,0,0,0,,1,A_runs_20260929,A_runs_20260929,c9565952805da04871aee08e1ce16aa2,1,1,0.366,0.6688,0.6379,0.67,0
s2df_20p_100ep_base_s43n,A,complete,shapeiou,sio_b_results.csv,100,100,89,0.42223,0.7566,0.39986,0.72373,378.46,0.001,43,42,shuffle,43,neu_det_20p,/root/workspace/data/neu_det/neu_det_20p.yaml,pcb_pretrain.pt,640,32,100,5,s2df,20,base,0,0,0,,2,A_part2|A_runs_20260929,A_runs_20260929,66df244a6d2b55fc81da1215332c7c3d,1,1,0.3826,0.7004,0.6451,0.6955,0
s2df_20p_100ep_base_s44n,A,complete,shapeiou,sio_b_results.csv,100,100,83,0.42303,0.73996,0.39639,0.70526,319.601,0.001,44,42,shuffle,44,neu_det_20p,/root/workspace/data/neu_det/neu_det_20p.yaml,pcb_pretrain.pt,640,32,100,5,s2df,20,base,0,0,0,,1,A_runs_20260929,A_runs_20260929,046bc35d3411292ee8e6a4b133191444,1,1,0.3818,0.6931,0.6592,0.6433,0
s2df_20p_100ep_base_s45n,A,complete,shapeiou,A_sio_b_results.csv,100,100,89,0.44375,0.76666,0.42709,0.74317,555.362,0.001,45,42,shuffle,45,neu_det_20p,/root/workspace/data/neu_det/neu_det_20p.yaml,pcb_pretrain.pt,640,32,100,5,s2df,20,base,0,0,0,,1,P1ext_A_20261001,P1ext_A_20261001,764bbec0f2fd03ca59a462068dcf1648,1,0,0.3845,0.6935,0.6798,0.6542,0
s2df_20p_100ep_base_s46n,A,complete,shapeiou,A_sio_b_results.csv,100,100,69,0.42056,0.73132,0.40817,0.73385,536.331,0.001,46,42,shuffle,46,neu_det_20p,/root/workspace/data/neu_det/neu_det_20p.yaml,pcb_pretrain.pt,640,32,100,5,s2df,20,base,0,0,0,,1,P1ext_A_20261001,P1ext_A_20261001,52267fbde3b42c7c7e0e8c926ef4930c,1,0,0.377,0.6814,0.6428,0.6656,0
s2df_20p_100ep_base_s47n,A,complete,shapeiou,A_sio_b_results.csv,100,100,98,0.42043,0.73569,0.41784,0.73501,603.648,0.001,47,42,shuffle,47,neu_det_20p,/root/workspace/data/neu_det/neu_det_20p.yaml,pcb_pretrain.pt,640,32,100,5,s2df,20,base,0,0,0,,1,P1ext_A_20261001,P1ext_A_20261001,5abe8c5208683fe2d22ab1105e8114fa,1,0,0.3697,0.6817,0.6243,0.6772,0
s2df_20p_100ep_base_s48n,A,complete,shapeiou,A_sio_b_results.csv,100,100,89,0.42557,0.72434,0.41332,0.70957,586.572,0.001,48,42,shuffle,48,neu_det_20p,/root/workspace/data/neu_det/neu_det_20p.yaml,pcb_pretrain.pt,640,32,100,5,s2df,20,base,0,0,0,,1,P1ext_A_20261001,P1ext_A_20261001,0ccf9ef32dd86f1d445c5bbe47859bce,1,0,0.381,0.6933,0.6638,0.7031,0
s2df_20p_100ep_base_s49n,A,complete,shapeiou,A_sio_b_results.csv,100,100,86,0.42572,0.73366,0.40001,0.69766,571.472,0.001,49,42,shuffle,49,neu_det_20p,/root/workspace/data/neu_det/neu_det_20p.yaml,pcb_pretrain.pt,640,32,100,5,s2df,20,base,0,0,0,,1,P1ext_A_20261001,P1ext_A_20261001,138c7599dddd8367ca7b63f1f2205372,1,0,0.3787,0.666,0.5925,0.6846,0
s2df_20p_100ep_base_s50n,A,complete,shapeiou,A_sio_b_results.csv,100,100,74,0.41807,0.74952,0.40508,0.72332,579.078,0.001,50,42,shuffle,50,neu_det_20p,/root/workspace/data/neu_det/neu_det_20p.yaml,pcb_pretrain.pt,640,32,100,5,s2df,20,base,0,0,0,,1,P1ext_A_20261001,P1ext_A_20261001,ca95baceb9eb98649ebb604f40bae018,1,0,0.3694,0.6639,0.6639,0.6415,0
s2df_20p_100ep_base_s51n,A,complete,shapeiou,A_sio_b_results.csv,100,100,87,0.42746,0.72859,0.41972,0.72139,558.626,0.001,51,42,shuffle,51,neu_det_20p,/root/workspace/data/neu_det/neu_det_20p.yaml,pcb_pretrain.pt,640,32,100,5,s2df,20,base,0,0,0,,1,P1ext_A_20261001,P1ext_A_20261001,aa188abf960a23c47f37a35e4c9535b8,1,0,0.3825,0.6906,0.6646,0.6465,0
s2df_20p_100ep_lr005_s42n,A,complete,shapeiou,sio_b_results.csv,100,100,88,0.44352,0.78436,0.43787,0.75424,377.831,0.005,42,42,shuffle,42,neu_det_20p,/root/workspace/data/neu_det/neu_det_20p.yaml,pcb_pretrain.pt,640,32,100,5,s2df,20,lr005,0,0,0,,1,A_runs_20260929,A_runs_20260929,39ee2154bbfa330e2d2f649063edb164,1,1,0.3678,0.6746,0.6922,0.6479,0
s2df_20p_100ep_lr005_s43n,A,complete,shapeiou,sio_b_results.csv,100,100,90,0.45466,0.78725,0.43527,0.77739,315.604,0.005,43,42,shuffle,43,neu_det_20p,/root/workspace/data/neu_det/neu_det_20p.yaml,pcb_pretrain.pt,640,32,100,5,s2df,20,lr005,0,0,0,,1,A_runs_20260929,A_runs_20260929,be97aec85d2d6d577f510d32d6efa38a,1,1,0.3905,0.7147,0.7344,0.6401,0
s2df_20p_100ep_lr005_s44n,A,complete,shapeiou,sio_b_results.csv,100,100,91,0.44502,0.75265,0.4377,0.74504,404.023,0.005,44,42,shuffle,44,neu_det_20p,/root/workspace/data/neu_det/neu_det_20p.yaml,pcb_pretrain.pt,640,32,100,5,s2df,20,lr005,0,0,0,,2,A_part2|A_runs_20260929,A_runs_20260929,5b06be627321323a865cc49e98ebb082,1,1,0.3936,0.7007,0.7139,0.6316,0
s2df_20p_100ep_lr005_s45n,A,complete,shapeiou,A_sio_b_results.csv,100,100,92,0.45655,0.79272,0.44027,0.76836,514.852,0.005,45,42,shuffle,45,neu_det_20p,/root/workspace/data/neu_det/neu_det_20p.yaml,pcb_pretrain.pt,640,32,100,5,s2df,20,lr005,0,0,0,,1,P1ext_A_20261001,P1ext_A_20261001,8bbfe1fffac6eabe3b5f23e50a6114b9,1,0,0.3909,0.7122,0.7256,0.6443,0
s2df_20p_100ep_lr005_s46n,A,complete,shapeiou,A_sio_b_results.csv,100,100,98,0.44458,0.76402,0.43701,0.75612,529.246,0.005,46,42,shuffle,46,neu_det_20p,/root/workspace/data/neu_det/neu_det_20p.yaml,pcb_pretrain.pt,640,32,100,5,s2df,20,lr005,0,0,0,,1,P1ext_A_20261001,P1ext_A_20261001,36f2839b58b58732a33ffc94de7fc783,1,0,0.3815,0.7028,0.6474,0.7338,0
s2df_20p_100ep_lr005_s47n,A,complete,shapeiou,A_sio_b_results.csv,100,100,98,0.45899,0.78828,0.45206,0.77843,512.654,0.005,47,42,shuffle,47,neu_det_20p,/root/workspace/data/neu_det/neu_det_20p.yaml,pcb_pretrain.pt,640,32,100,5,s2df,20,lr005,0,0,0,,1,P1ext_A_20261001,P1ext_A_20261001,02f14fc2e51937e50ca13cbdafffd289,1,0,0.387,0.703,0.6753,0.6783,0
s2df_20p_100ep_lr005_s48n,A,complete,shapeiou,A_sio_b_results.csv,100,100,100,0.4593,0.78748,0.4593,0.78748,481.842,0.005,48,42,shuffle,48,neu_det_20p,/root/workspace/data/neu_det/neu_det_20p.yaml,pcb_pretrain.pt,640,32,100,5,s2df,20,lr005,0,0,0,,1,P1ext_A_20261001,P1ext_A_20261001,1bdfdd44aa84ef4045ee083fbb79d168,1,0,0.3805,0.685,0.6573,0.6686,0
s2df_20p_100ep_lr005_s49n,A,complete,shapeiou,A_sio_b_results.csv,100,100,98,0.43949,0.7692,0.43707,0.76726,553.284,0.005,49,42,shuffle,49,neu_det_20p,/root/workspace/data/neu_det/neu_det_20p.yaml,pcb_pretrain.pt,640,32,100,5,s2df,20,lr005,0,0,0,,1,P1ext_A_20261001,P1ext_A_20261001,63ef240fcd6a288e5315b0157e4198bc,1,0,0.3897,0.7057,0.6761,0.692,0
s2df_20p_100ep_lr005_s50n,A,complete,shapeiou,A_sio_b_results.csv,100,100,88,0.45916,0.77335,0.44107,0.74745,548.65,0.005,50,42,shuffle,50,neu_det_20p,/root/workspace/data/neu_det/neu_det_20p.yaml,pcb_pretrain.pt,640,32,100,5,s2df,20,lr005,0,0,0,,1,P1ext_A_20261001,P1ext_A_20261001,18908c8735d19c11c65773dc51f4039e,1,0,0.3921,0.7082,0.6606,0.7146,0
s2df_20p_100ep_lr005_s51n,A,complete,shapeiou,A_sio_b_results.csv,100,100,98,0.43952,0.76448,0.43893,0.76926,631.879,0.005,51,42,shuffle,51,neu_det_20p,/root/workspace/data/neu_det/neu_det_20p.yaml,pcb_pretrain.pt,640,32,100,5,s2df,20,lr005,0,0,0,,1,P1ext_A_20261001,P1ext_A_20261001,91364504a14b748b435125d61046c530,1,0,0.4056,0.7214,0.7183,0.6753,0
s2df_20p_30ep_base_s42n,A,complete,shapeiou,sio_b_results.csv,30,30,28,0.27919,0.51235,0.27043,0.49722,98.7192,0.001,42,42,shuffle,42,neu_det_20p,/root/workspace/data/neu_det/neu_det_20p.yaml,pcb_pretrain.pt,640,32,100,5,s2df,20,base,0,0,0,,1,A_runs_20260929,A_runs_20260929,0383957cd1d46c67866efa2d4f0b231a,1,1,0.2539,0.4738,0.6029,0.4536,0
s2df_20p_30ep_base_s43n,A,complete,shapeiou,sio_b_results.csv,30,30,30,0.30516,0.55187,0.30516,0.55187,115.614,0.001,43,42,shuffle,43,neu_det_20p,/root/workspace/data/neu_det/neu_det_20p.yaml,pcb_pretrain.pt,640,32,100,5,s2df,20,base,0,0,0,,1,A_runs_20260929,A_runs_20260929,d4f337f70dfa6b674483b6b82ea4437c,1,1,0.2945,0.5266,0.7576,0.4,0
s2df_20p_30ep_base_s44n,A,complete,shapeiou,sio_b_results.csv,30,30,30,0.30871,0.56382,0.30871,0.56382,100.854,0.001,44,42,shuffle,44,neu_det_20p,/root/workspace/data/neu_det/neu_det_20p.yaml,pcb_pretrain.pt,640,32,100,5,s2df,20,base,0,0,0,,1,A_runs_20260929,A_runs_20260929,6e17f291b924072f5b4737523d6f0590,1,1,0.2735,0.5071,0.6622,0.4531,0
s2df_20p_30ep_base_s45n,A,complete,shapeiou,A_sio_b_results.csv,30,30,30,0.27882,0.52343,0.27882,0.52343,162.948,0.001,45,42,shuffle,45,neu_det_20p,/root/workspace/data/neu_det/neu_det_20p.yaml,pcb_pretrain.pt,640,32,100,5,s2df,20,base,0,0,0,,1,P1ext_A_20261001,P1ext_A_20261001,aa6594d10448be92f56df628534ab750,1,0,0.2717,0.5099,0.6098,0.4856,0
s2df_20p_30ep_base_s46n,A,complete,shapeiou,A_sio_b_results.csv,30,30,30,0.29201,0.52997,0.29201,0.52997,186.067,0.001,46,42,shuffle,46,neu_det_20p,/root/workspace/data/neu_det/neu_det_20p.yaml,pcb_pretrain.pt,640,32,100,5,s2df,20,base,0,0,0,,1,P1ext_A_20261001,P1ext_A_20261001,82af2cba1df269f910ca58468d8a624c,1,0,0.2756,0.517,0.6368,0.456,0
s2df_20p_30ep_base_s47n,A,complete,shapeiou,A_sio_b_results.csv,30,30,30,0.26015,0.47477,0.26015,0.47477,164.884,0.001,47,42,shuffle,47,neu_det_20p,/root/workspace/data/neu_det/neu_det_20p.yaml,pcb_pretrain.pt,640,32,100,5,s2df,20,base,0,0,0,,1,P1ext_A_20261001,P1ext_A_20261001,6de9f8e8fe06305416b36bc5410c3545,1,0,0.2494,0.4417,0.6959,0.4225,0
s2df_20p_30ep_base_s48n,A,complete,shapeiou,A_sio_b_results.csv,30,30,30,0.29228,0.52678,0.29228,0.52678,155.661,0.001,48,42,shuffle,48,neu_det_20p,/root/workspace/data/neu_det/neu_det_20p.yaml,pcb_pretrain.pt,640,32,100,5,s2df,20,base,0,0,0,,1,P1ext_A_20261001,P1ext_A_20261001,69cf1d780bd0eec2c3da82a536afcb2d,1,0,0.2668,0.5149,0.6679,0.4459,0
s2df_20p_30ep_base_s49n,A,complete,shapeiou,A_sio_b_results.csv,30,30,30,0.27929,0.52426,0.27929,0.52426,180.614,0.001,49,42,shuffle,49,neu_det_20p,/root/workspace/data/neu_det/neu_det_20p.yaml,pcb_pretrain.pt,640,32,100,5,s2df,20,base,0,0,0,,1,P1ext_A_20261001,P1ext_A_20261001,b1dff11348add26b42863c657acc3872,1,0,0.2753,0.5004,0.5964,0.4806,0
s2df_20p_30ep_base_s50n,A,complete,shapeiou,A_sio_b_results.csv,30,30,28,0.26702,0.49084,0.26444,0.48928,218.376,0.001,50,42,shuffle,50,neu_det_20p,/root/workspace/data/neu_det/neu_det_20p.yaml,pcb_pretrain.pt,640,32,100,5,s2df,20,base,0,0,0,,1,P1ext_A_20261001,P1ext_A_20261001,8362f686e29784c622069ab9ad4114a3,1,0,0.246,0.4754,0.584,0.4457,0
s2df_20p_30ep_base_s51n,A,complete,shapeiou,A_sio_b_results.csv,30,30,28,0.29879,0.54862,0.29359,0.54948,190.358,0.001,51,42,shuffle,51,neu_det_20p,/root/workspace/data/neu_det/neu_det_20p.yaml,pcb_pretrain.pt,640,32,100,5,s2df,20,base,0,0,0,,1,P1ext_A_20261001,P1ext_A_20261001,2e6aaba154870221ab90d3fd0fdc30d9,1,0,0.2899,0.5273,0.592,0.5043,0
s2df_20p_30ep_lr005_s42n,A,complete,shapeiou,sio_b_results.csv,30,30,30,0.38491,0.68514,0.38491,0.68514,116.056,0.005,42,42,shuffle,42,neu_det_20p,/root/workspace/data/neu_det/neu_det_20p.yaml,pcb_pretrain.pt,640,32,100,5,s2df,20,lr005,0,0,0,,2,A_part2|A_runs_20260929,A_runs_20260929,b7bdf9762b140d027b3eb5d6d9cbb06c,1,1,0.3359,0.6409,0.5619,0.6205,0
s2df_20p_30ep_lr005_s43n,A,complete,shapeiou,sio_b_results.csv,30,30,26,0.36404,0.68055,0.35366,0.67159,98.7445,0.005,43,42,shuffle,43,neu_det_20p,/root/workspace/data/neu_det/neu_det_20p.yaml,pcb_pretrain.pt,640,32,100,5,s2df,20,lr005,0,0,0,,1,A_runs_20260929,A_runs_20260929,2cf34be38f05c05d6f91ca27c5d337e8,1,1,0.3319,0.6455,0.6123,0.6057,0
s2df_20p_30ep_lr005_s44n,A,complete,shapeiou,sio_b_results.csv,30,30,30,0.39334,0.69605,0.39334,0.69605,99.2272,0.005,44,42,shuffle,44,neu_det_20p,/root/workspace/data/neu_det/neu_det_20p.yaml,pcb_pretrain.pt,640,32,100,5,s2df,20,lr005,0,0,0,,1,A_runs_20260929,A_runs_20260929,a0148320b6f7f86c94c3044609faae87,1,1,0.3603,0.6721,0.5371,0.6742,0
s2df_20p_30ep_lr005_s45n,A,complete,shapeiou,A_sio_b_results.csv,30,30,30,0.37796,0.68996,0.37796,0.68996,197.891,0.005,45,42,shuffle,45,neu_det_20p,/root/workspace/data/neu_det/neu_det_20p.yaml,pcb_pretrain.pt,640,32,100,5,s2df,20,lr005,0,0,0,,1,P1ext_A_20261001,P1ext_A_20261001,85c14e4380317024b06070fd8285d6e5,1,0,0.3568,0.6697,0.6537,0.6114,0
s2df_20p_30ep_lr005_s46n,A,complete,shapeiou,A_sio_b_results.csv,30,30,29,0.39654,0.71497,0.39042,0.69687,195.095,0.005,46,42,shuffle,46,neu_det_20p,/root/workspace/data/neu_det/neu_det_20p.yaml,pcb_pretrain.pt,640,32,100,5,s2df,20,lr005,0,0,0,,1,P1ext_A_20261001,P1ext_A_20261001,15f75bf1f918f5c28554855e76d4d07b,1,0,0.3624,0.6758,0.676,0.6229,0
s2df_20p_30ep_lr005_s47n,A,complete,shapeiou,A_sio_b_results.csv,30,30,30,0.37865,0.7048,0.37865,0.7048,136.505,0.005,47,42,shuffle,47,neu_det_20p,/root/workspace/data/neu_det/neu_det_20p.yaml,pcb_pretrain.pt,640,32,100,5,s2df,20,lr005,0,0,0,,1,P1ext_A_20261001,P1ext_A_20261001,4f736ba6fc661b66dcb12ce54f8a55d9,1,0,0.3464,0.6532,0.6444,0.6036,0
s2df_20p_30ep_lr005_s48n,A,complete,shapeiou,A_sio_b_results.csv,30,30,30,0.38938,0.70743,0.38938,0.70743,153.731,0.005,48,42,shuffle,48,neu_det_20p,/root/workspace/data/neu_det/neu_det_20p.yaml,pcb_pretrain.pt,640,32,100,5,s2df,20,lr005,0,0,0,,1,P1ext_A_20261001,P1ext_A_20261001,01ecc7d3dc06cbce464e1a389f83ede2,1,0,0.3599,0.6488,0.5308,0.6871,0
s2df_20p_30ep_lr005_s49n,A,complete,shapeiou,A_sio_b_results.csv,30,30,30,0.39024,0.70059,0.39024,0.70059,185.687,0.005,49,42,shuffle,49,neu_det_20p,/root/workspace/data/neu_det/neu_det_20p.yaml,pcb_pretrain.pt,640,32,100,5,s2df,20,lr005,0,0,0,,1,P1ext_A_20261001,P1ext_A_20261001,acf1d810fd7038db85b12846ea7613db,1,0,0.3545,0.6686,0.572,0.6407,0
s2df_20p_30ep_lr005_s50n,A,complete,shapeiou,A_sio_b_results.csv,30,30,30,0.38359,0.7143,0.38359,0.7143,146.48,0.005,50,42,shuffle,50,neu_det_20p,/root/workspace/data/neu_det/neu_det_20p.yaml,pcb_pretrain.pt,640,32,100,5,s2df,20,lr005,0,0,0,,1,P1ext_A_20261001,P1ext_A_20261001,95c7a078efd7468e1cfdaaff1f8adc31,1,0,0.3665,0.6657,0.6022,0.6426,0
s2df_20p_30ep_lr005_s51n,A,complete,shapeiou,A_sio_b_results.csv,30,30,30,0.37153,0.69502,0.37153,0.69502,175.185,0.005,51,42,shuffle,51,neu_det_20p,/root/workspace/data/neu_det/neu_det_20p.yaml,pcb_pretrain.pt,640,32,100,5,s2df,20,lr005,0,0,0,,1,P1ext_A_20261001,P1ext_A_20261001,ec7b4d020c582e6897783e823f0bc13c,1,0,0.3449,0.6623,0.5957,0.664,0
s2df_30p_100ep_base_s42n,A,complete,shapeiou,sio_b_results.csv,100,100,100,0.47058,0.76035,0.47058,0.76035,388.291,0.001,42,42,shuffle,42,neu_det_30p,/root/workspace/data/neu_det/neu_det_30p.yaml,pcb_pretrain.pt,640,32,100,5,s2df,30,base,0,0,0,,1,A_runs_20260929,A_runs_20260929,4ed189ab4db0f31423f33ba712fa2d1b,1,1,0.3917,0.7066,0.7383,0.6604,0
s2df_30p_100ep_base_s43n,A,complete,shapeiou,sio_b_results.csv,100,100,100,0.47003,0.7661,0.47003,0.7661,452.843,0.001,43,42,shuffle,43,neu_det_30p,/root/workspace/data/neu_det/neu_det_30p.yaml,pcb_pretrain.pt,640,32,100,5,s2df,30,base,0,0,0,,2,A_part2|A_runs_20260929,A_runs_20260929,a7f01735da4417c9f5939b4468fd7559,1,1,0.3955,0.715,0.6764,0.6964,0
s2df_30p_100ep_base_s44n,A,complete,shapeiou,sio_b_results.csv,100,100,91,0.48507,0.79564,0.48007,0.78515,393.964,0.001,44,42,shuffle,44,neu_det_30p,/root/workspace/data/neu_det/neu_det_30p.yaml,pcb_pretrain.pt,640,32,100,5,s2df,30,base,0,0,0,,1,A_runs_20260929,A_runs_20260929,8eb10b14e8e9ad7cfa648ab2bd06d381,1,1,0.3898,0.6938,0.6236,0.6801,0
s2df_30p_100ep_base_s45n,A,complete,shapeiou,A_sio_b_results.csv,100,100,89,0.47532,0.78782,0.45934,0.77014,569.962,0.001,45,42,shuffle,45,neu_det_30p,/root/workspace/data/neu_det/neu_det_30p.yaml,pcb_pretrain.pt,640,32,100,5,s2df,30,base,0,0,0,,1,P1ext_A_20261001,P1ext_A_20261001,3a94c6914d8bb048246adef6c52d8b2f,1,0,0.3925,0.7007,0.6782,0.697,0
s2df_30p_100ep_base_s46n,A,complete,shapeiou,A_sio_b_results.csv,100,100,85,0.4725,0.78965,0.46958,0.78017,543.353,0.001,46,42,shuffle,46,neu_det_30p,/root/workspace/data/neu_det/neu_det_30p.yaml,pcb_pretrain.pt,640,32,100,5,s2df,30,base,0,0,0,,1,P1ext_A_20261001,P1ext_A_20261001,6891bff03cf789aa554e43899cc3ce67,1,0,0.4015,0.7131,0.7079,0.6877,0
s2df_30p_100ep_base_s47n,A,complete,shapeiou,A_sio_b_results.csv,100,100,85,0.48645,0.80365,0.46036,0.76299,575.306,0.001,47,42,shuffle,47,neu_det_30p,/root/workspace/data/neu_det/neu_det_30p.yaml,pcb_pretrain.pt,640,32,100,5,s2df,30,base,0,0,0,,1,P1ext_A_20261001,P1ext_A_20261001,2852a19e871b421e6f7c4327a5253d1a,1,0,0.4116,0.7394,0.6542,0.7101,0
s2df_30p_100ep_base_s48n,A,complete,shapeiou,A_sio_b_results.csv,100,100,90,0.46611,0.79326,0.45175,0.76991,606.648,0.001,48,42,shuffle,48,neu_det_30p,/root/workspace/data/neu_det/neu_det_30p.yaml,pcb_pretrain.pt,640,32,100,5,s2df,30,base,0,0,0,,1,P1ext_A_20261001,P1ext_A_20261001,2e25fa1e5fc104c5020827f615b50114,1,0,0.4073,0.7265,0.7411,0.6567,0
s2df_30p_100ep_base_s49n,A,complete,shapeiou,A_sio_b_results.csv,100,100,88,0.48363,0.81737,0.46983,0.78551,581.774,0.001,49,42,shuffle,49,neu_det_30p,/root/workspace/data/neu_det/neu_det_30p.yaml,pcb_pretrain.pt,640,32,100,5,s2df,30,base,0,0,0,,1,P1ext_A_20261001,P1ext_A_20261001,3b2fcfcb487f047a88b5e4a0554dae5b,1,0,0.4024,0.7278,0.6868,0.7254,0
s2df_30p_100ep_base_s50n,A,complete,shapeiou,A_sio_b_results.csv,100,100,83,0.48087,0.78746,0.45883,0.75116,590.209,0.001,50,42,shuffle,50,neu_det_30p,/root/workspace/data/neu_det/neu_det_30p.yaml,pcb_pretrain.pt,640,32,100,5,s2df,30,base,0,0,0,,1,P1ext_A_20261001,P1ext_A_20261001,0a89962eb5e3e7755a617a6080ae9371,1,0,0.3929,0.711,0.6743,0.706,0
s2df_30p_100ep_base_s51n,A,complete,shapeiou,A_sio_b_results.csv,100,100,85,0.47701,0.79845,0.47116,0.7762,689.023,0.001,51,42,shuffle,51,neu_det_30p,/root/workspace/data/neu_det/neu_det_30p.yaml,pcb_pretrain.pt,640,32,100,5,s2df,30,base,0,0,0,,1,P1ext_A_20261001,P1ext_A_20261001,79e64aaa00546c59d9576c3876508b8f,1,0,0.4024,0.7152,0.6704,0.6798,0
s2df_30p_100ep_lr005_s42n,A,complete,shapeiou,sio_b_results.csv,100,100,96,0.49778,0.796,0.49145,0.78138,421.89,0.005,42,42,shuffle,42,neu_det_30p,/root/workspace/data/neu_det/neu_det_30p.yaml,pcb_pretrain.pt,640,32,100,5,s2df,30,lr005,0,0,0,,1,A_runs_20260929,A_runs_20260929,ed782e1eb8b3156a472ada08041a7b19,1,1,0.4072,0.7149,0.6906,0.6854,0
s2df_30p_100ep_lr005_s43n,A,complete,shapeiou,sio_b_results.csv,100,100,100,0.49298,0.80828,0.49298,0.80828,340.635,0.005,43,42,shuffle,43,neu_det_30p,/root/workspace/data/neu_det/neu_det_30p.yaml,pcb_pretrain.pt,640,32,100,5,s2df,30,lr005,0,0,0,,1,A_runs_20260929,A_runs_20260929,8ef0960e14352fadedf729d14e6dab2e,1,1,0.4036,0.7239,0.665,0.6843,0
s2df_30p_100ep_lr005_s44n,A,complete,shapeiou,sio_b_results.csv,100,100,99,0.49315,0.81251,0.49125,0.80867,377.73,0.005,44,42,shuffle,44,neu_det_30p,/root/workspace/data/neu_det/neu_det_30p.yaml,pcb_pretrain.pt,640,32,100,5,s2df,30,lr005,0,0,0,,2,A_part2|A_runs_20260929,A_runs_20260929,fc353a1f7895e1821c01eac8f3658d6b,1,1,0.3812,0.708,0.6636,0.691,0
s2df_30p_100ep_lr005_s45n,A,complete,shapeiou,A_sio_b_results.csv,100,100,100,0.5026,0.80709,0.5026,0.80709,570.096,0.005,45,42,shuffle,45,neu_det_30p,/root/workspace/data/neu_det/neu_det_30p.yaml,pcb_pretrain.pt,640,32,100,5,s2df,30,lr005,0,0,0,,1,P1ext_A_20261001,P1ext_A_20261001,6540008921a5e40d16c057c8f6dd65b8,1,0,0.397,0.7265,0.6821,0.703,0
s2df_30p_100ep_lr005_s46n,A,complete,shapeiou,A_sio_b_results.csv,100,100,96,0.50587,0.8178,0.49849,0.81806,510.474,0.005,46,42,shuffle,46,neu_det_30p,/root/workspace/data/neu_det/neu_det_30p.yaml,pcb_pretrain.pt,640,32,100,5,s2df,30,lr005,0,0,0,,1,P1ext_A_20261001,P1ext_A_20261001,5343287277ddb4477f6c1c9d1e0876d6,1,0,0.3953,0.7051,0.6682,0.6858,0
s2df_30p_100ep_lr005_s47n,A,complete,shapeiou,A_sio_b_results.csv,100,100,100,0.49945,0.80158,0.49945,0.80158,441.516,0.005,47,42,shuffle,47,neu_det_30p,/root/workspace/data/neu_det/neu_det_30p.yaml,pcb_pretrain.pt,640,32,100,5,s2df,30,lr005,0,0,0,,1,P1ext_A_20261001,P1ext_A_20261001,6d6bfbf608171d6f121fb0e8ea9da196,1,0,0.3872,0.7204,0.7103,0.7109,0
s2df_30p_100ep_lr005_s48n,A,complete,shapeiou,A_sio_b_results.csv,100,100,92,0.51142,0.80863,0.50641,0.8104,477.363,0.005,48,42,shuffle,48,neu_det_30p,/root/workspace/data/neu_det/neu_det_30p.yaml,pcb_pretrain.pt,640,32,100,5,s2df,30,lr005,0,0,0,,1,P1ext_A_20261001,P1ext_A_20261001,c2a843704dc686b49c793989c8135cd7,1,0,0.4114,0.747,0.7826,0.6508,0
s2df_30p_100ep_lr005_s49n,A,complete,shapeiou,A_sio_b_results.csv,100,100,100,0.498,0.79837,0.498,0.79837,543.093,0.005,49,42,shuffle,49,neu_det_30p,/root/workspace/data/neu_det/neu_det_30p.yaml,pcb_pretrain.pt,640,32,100,5,s2df,30,lr005,0,0,0,,1,P1ext_A_20261001,P1ext_A_20261001,7e17084345b956f416ead760281a0fa4,1,0,0.393,0.7155,0.6891,0.7288,0
s2df_30p_100ep_lr005_s50n,A,complete,shapeiou,A_sio_b_results.csv,100,100,100,0.49805,0.80988,0.49805,0.80988,536.423,0.005,50,42,shuffle,50,neu_det_30p,/root/workspace/data/neu_det/neu_det_30p.yaml,pcb_pretrain.pt,640,32,100,5,s2df,30,lr005,0,0,0,,1,P1ext_A_20261001,P1ext_A_20261001,2727af7c82f57bb61f978b721121797c,1,0,0.4053,0.726,0.7222,0.6948,0
s2df_30p_100ep_lr005_s51n,A,complete,shapeiou,A_sio_b_results.csv,100,100,77,0.5,0.80778,0.49921,0.79753,502.005,0.005,51,42,shuffle,51,neu_det_30p,/root/workspace/data/neu_det/neu_det_30p.yaml,pcb_pretrain.pt,640,32,100,5,s2df,30,lr005,0,0,0,,1,P1ext_A_20261001,P1ext_A_20261001,ea871e8652eacb5a04f2c115f473eca3,1,0,0.4022,0.7261,0.6624,0.7135,0
s2df_30p_30ep_base_s42n,A,complete,shapeiou,sio_b_results.csv,30,30,30,0.38219,0.69773,0.38219,0.69773,119.878,0.001,42,42,shuffle,42,neu_det_30p,/root/workspace/data/neu_det/neu_det_30p.yaml,pcb_pretrain.pt,640,32,100,5,s2df,30,base,0,0,0,,1,A_runs_20260929,A_runs_20260929,a94d26e41bd849896f278a9ec72c7c52,1,1,0.3532,0.6469,0.5711,0.6336,0
s2df_30p_30ep_base_s43n,A,complete,shapeiou,sio_b_results.csv,30,30,30,0.39229,0.70796,0.39229,0.70796,140.6,0.001,43,42,shuffle,43,neu_det_30p,/root/workspace/data/neu_det/neu_det_30p.yaml,pcb_pretrain.pt,640,32,100,5,s2df,30,base,0,0,0,,1,A_runs_20260929,A_runs_20260929,9e4bc7f03446fdc1a4acbd48d97fe02b,1,1,0.3545,0.658,0.7881,0.547,0
s2df_30p_30ep_base_s44n,A,complete,shapeiou,sio_b_results.csv,30,30,30,0.3805,0.6818,0.3805,0.6818,120.298,0.001,44,42,shuffle,44,neu_det_30p,/root/workspace/data/neu_det/neu_det_30p.yaml,pcb_pretrain.pt,640,32,100,5,s2df,30,base,0,0,0,,1,A_runs_20260929,A_runs_20260929,9324ff05934e90168a2c0d8d4c26c9bd,1,1,0.3439,0.6239,0.626,0.5991,0
s2df_30p_30ep_base_s45n,A,complete,shapeiou,A_sio_b_results.csv,30,30,25,0.38874,0.69924,0.38292,0.70261,163.186,0.001,45,42,shuffle,45,neu_det_30p,/root/workspace/data/neu_det/neu_det_30p.yaml,pcb_pretrain.pt,640,32,100,5,s2df,30,base,0,0,0,,1,P1ext_A_20261001,P1ext_A_20261001,79fcd774c3185816079b0c2de5171ca4,1,0,0.3503,0.6395,0.567,0.6414,0
s2df_30p_30ep_base_s46n,A,complete,shapeiou,A_sio_b_results.csv,30,30,30,0.38005,0.69981,0.38005,0.69981,173.833,0.001,46,42,shuffle,46,neu_det_30p,/root/workspace/data/neu_det/neu_det_30p.yaml,pcb_pretrain.pt,640,32,100,5,s2df,30,base,0,0,0,,1,P1ext_A_20261001,P1ext_A_20261001,bf41e2ba0f9068f0c27334d36d3de1b5,1,0,0.3646,0.6695,0.6183,0.6481,0
s2df_30p_30ep_base_s47n,A,complete,shapeiou,A_sio_b_results.csv,30,30,30,0.38074,0.6984,0.38074,0.6984,207.349,0.001,47,42,shuffle,47,neu_det_30p,/root/workspace/data/neu_det/neu_det_30p.yaml,pcb_pretrain.pt,640,32,100,5,s2df,30,base,0,0,0,,1,P1ext_A_20261001,P1ext_A_20261001,44ecb55da8502257aa4fb706ab10b9c0,1,0,0.3604,0.6557,0.5557,0.6474,0
s2df_30p_30ep_base_s48n,A,complete,shapeiou,A_sio_b_results.csv,30,30,29,0.39049,0.70162,0.38921,0.70613,196.421,0.001,48,42,shuffle,48,neu_det_30p,/root/workspace/data/neu_det/neu_det_30p.yaml,pcb_pretrain.pt,640,32,100,5,s2df,30,base,0,0,0,,1,P1ext_A_20261001,P1ext_A_20261001,cda40f8a5a43585f858e08f554d45fcf,1,0,0.3567,0.6453,0.5899,0.6239,0
s2df_30p_30ep_base_s49n,A,complete,shapeiou,A_sio_b_results.csv,30,30,30,0.37785,0.68773,0.37785,0.68773,180.885,0.001,49,42,shuffle,49,neu_det_30p,/root/workspace/data/neu_det/neu_det_30p.yaml,pcb_pretrain.pt,640,32,100,5,s2df,30,base,0,0,0,,1,P1ext_A_20261001,P1ext_A_20261001,5147e140a20c1b1b81f96c2a20b09d6b,1,0,0.3471,0.6347,0.7496,0.5543,0
s2df_30p_30ep_base_s50n,A,complete,shapeiou,A_sio_b_results.csv,30,30,29,0.37569,0.6863,0.37522,0.68504,189.812,0.001,50,42,shuffle,50,neu_det_30p,/root/workspace/data/neu_det/neu_det_30p.yaml,pcb_pretrain.pt,640,32,100,5,s2df,30,base,0,0,0,,1,P1ext_A_20261001,P1ext_A_20261001,33e16e3962ab0ed155db4da9e68fca7c,1,0,0.3489,0.6266,0.5848,0.6191,0
s2df_30p_30ep_base_s51n,A,complete,shapeiou,A_sio_b_results.csv,30,30,30,0.38948,0.69443,0.38948,0.69443,186.789,0.001,51,42,shuffle,51,neu_det_30p,/root/workspace/data/neu_det/neu_det_30p.yaml,pcb_pretrain.pt,640,32,100,5,s2df,30,base,0,0,0,,1,P1ext_A_20261001,P1ext_A_20261001,df389a46e0baea461ccfb64e799b63be,1,0,0.3598,0.6507,0.645,0.6412,0
s2df_30p_30ep_lr005_s42n,A,complete,shapeiou,sio_b_results.csv,30,30,28,0.43209,0.73655,0.41733,0.72954,144.541,0.005,42,42,shuffle,42,neu_det_30p,/root/workspace/data/neu_det/neu_det_30p.yaml,pcb_pretrain.pt,640,32,100,5,s2df,30,lr005,0,0,0,,2,A_part2|A_runs_20260929,A_runs_20260929,00079941a74ced04a626eeb893d652ed,1,1,0.394,0.7122,0.6595,0.7032,0
s2df_30p_30ep_lr005_s43n,A,complete,shapeiou,sio_b_results.csv,30,30,30,0.42239,0.7405,0.42239,0.7405,120.31,0.005,43,42,shuffle,43,neu_det_30p,/root/workspace/data/neu_det/neu_det_30p.yaml,pcb_pretrain.pt,640,32,100,5,s2df,30,lr005,0,0,0,,1,A_runs_20260929,A_runs_20260929,01f289b87d05badd020e397ae55555cf,1,1,0.379,0.6977,0.6048,0.6879,0
s2df_30p_30ep_lr005_s44n,A,complete,shapeiou,sio_b_results.csv,30,30,30,0.42361,0.7414,0.42361,0.7414,140.786,0.005,44,42,shuffle,44,neu_det_30p,/root/workspace/data/neu_det/neu_det_30p.yaml,pcb_pretrain.pt,640,32,100,5,s2df,30,lr005,0,0,0,,1,A_runs_20260929,A_runs_20260929,373dc8351ee7feb6226de0486bb2e641,1,1,0.3901,0.7197,0.6439,0.716,0
s2df_30p_30ep_lr005_s45n,A,complete,shapeiou,A_sio_b_results.csv,30,30,30,0.43908,0.76535,0.43908,0.76535,248.674,0.005,45,42,shuffle,45,neu_det_30p,/root/workspace/data/neu_det/neu_det_30p.yaml,pcb_pretrain.pt,640,32,100,5,s2df,30,lr005,0,0,0,,1,P1ext_A_20261001,P1ext_A_20261001,92efe43fec98d9019a5118b53f5aa247,1,0,0.3916,0.7001,0.6271,0.6972,0
s2df_30p_30ep_lr005_s46n,A,complete,shapeiou,A_sio_b_results.csv,30,30,30,0.4369,0.75341,0.4369,0.75341,203.162,0.005,46,42,shuffle,46,neu_det_30p,/root/workspace/data/neu_det/neu_det_30p.yaml,pcb_pretrain.pt,640,32,100,5,s2df,30,lr005,0,0,0,,1,P1ext_A_20261001,P1ext_A_20261001,a7a50a627a99d4dd681d234a7cf6d2e0,1,0,0.3926,0.6818,0.616,0.6554,0
s2df_30p_30ep_lr005_s47n,A,complete,shapeiou,A_sio_b_results.csv,30,30,30,0.42955,0.73191,0.42955,0.73191,226.797,0.005,47,42,shuffle,47,neu_det_30p,/root/workspace/data/neu_det/neu_det_30p.yaml,pcb_pretrain.pt,640,32,100,5,s2df,30,lr005,0,0,0,,1,P1ext_A_20261001,P1ext_A_20261001,459f52a31b04e839f1ef6e6dc4e9d6a1,1,0,0.3838,0.6803,0.6031,0.6573,0
s2df_30p_30ep_lr005_s48n,A,complete,shapeiou,A_sio_b_results.csv,30,30,29,0.43533,0.7673,0.43006,0.76201,215.171,0.005,48,42,shuffle,48,neu_det_30p,/root/workspace/data/neu_det/neu_det_30p.yaml,pcb_pretrain.pt,640,32,100,5,s2df,30,lr005,0,0,0,,1,P1ext_A_20261001,P1ext_A_20261001,6ec2bcfbf64624d6a0874cb6b0987f37,1,0,0.383,0.6875,0.5959,0.72,0
s2df_30p_30ep_lr005_s49n,A,complete,shapeiou,A_sio_b_results.csv,30,30,30,0.4275,0.74936,0.4275,0.74936,186.529,0.005,49,42,shuffle,49,neu_det_30p,/root/workspace/data/neu_det/neu_det_30p.yaml,pcb_pretrain.pt,640,32,100,5,s2df,30,lr005,0,0,0,,1,P1ext_A_20261001,P1ext_A_20261001,d71e2e153efeb8f3483947a79fee7353,1,0,0.3986,0.6985,0.6152,0.6899,0
s2df_30p_30ep_lr005_s50n,A,complete,shapeiou,A_sio_b_results.csv,30,30,30,0.42611,0.74533,0.42611,0.74533,225.193,0.005,50,42,shuffle,50,neu_det_30p,/root/workspace/data/neu_det/neu_det_30p.yaml,pcb_pretrain.pt,640,32,100,5,s2df,30,lr005,0,0,0,,1,P1ext_A_20261001,P1ext_A_20261001,3f2123fa5890848cbfe3062f589b8e64,1,0,0.3829,0.6787,0.6862,0.619,0
s2df_30p_30ep_lr005_s51n,A,complete,shapeiou,A_sio_b_results.csv,30,30,30,0.44234,0.7598,0.44234,0.7598,180.665,0.005,51,42,shuffle,51,neu_det_30p,/root/workspace/data/neu_det/neu_det_30p.yaml,pcb_pretrain.pt,640,32,100,5,s2df,30,lr005,0,0,0,,1,P1ext_A_20261001,P1ext_A_20261001,b20ee4f2f11634527b95b3dbbc70f8f5,1,0,0.3737,0.6864,0.6505,0.6476,0
s2df_40p_100ep_base_s42n,A,complete,shapeiou,sio_b_results.csv,100,100,88,0.50411,0.80393,0.48965,0.79744,462.41,0.001,42,42,shuffle,42,neu_det_40p,/root/workspace/data/neu_det/neu_det_40p.yaml,pcb_pretrain.pt,640,32,100,5,s2df,40,base,0,0,0,,1,A_runs_20260929,A_runs_20260929,40e5e35c22faa86ac2cac5274bdccd6b,1,1,0.4159,0.7277,0.6554,0.7307,0
s2df_40p_100ep_base_s43n,A,complete,shapeiou,sio_b_results.csv,100,100,88,0.51608,0.81145,0.49694,0.7831,476.566,0.001,43,42,shuffle,43,neu_det_40p,/root/workspace/data/neu_det/neu_det_40p.yaml,pcb_pretrain.pt,640,32,100,5,s2df,40,base,0,0,0,,2,A_part2|A_runs_20260929,A_runs_20260929,72f9f0505b078953c7f736e42e59c1b3,1,1,0.4148,0.7243,0.7461,0.6494,0
s2df_40p_100ep_base_s44n,A,complete,shapeiou,sio_b_results.csv,100,100,89,0.51618,0.82024,0.50587,0.79774,453.885,0.001,44,42,shuffle,44,neu_det_40p,/root/workspace/data/neu_det/neu_det_40p.yaml,pcb_pretrain.pt,640,32,100,5,s2df,40,base,0,0,0,,1,A_runs_20260929,A_runs_20260929,4ece043e1c12ef40b42f60b9776710c4,1,1,0.4224,0.7233,0.7526,0.6421,0
s2df_40p_100ep_base_s45n,A,complete,shapeiou,A_sio_b_results.csv,100,100,89,0.51441,0.81338,0.50197,0.79254,625.892,0.001,45,42,shuffle,45,neu_det_40p,/root/workspace/data/neu_det/neu_det_40p.yaml,pcb_pretrain.pt,640,32,100,5,s2df,40,base,0,0,0,,1,P1ext_A_20261001,P1ext_A_20261001,1c34a887314689f955db0f0e91c358eb,1,0,0.4069,0.708,0.6753,0.6834,0
s2df_40p_100ep_base_s46n,A,complete,shapeiou,A_sio_b_results.csv,100,100,85,0.50907,0.81242,0.49177,0.79077,640.662,0.001,46,42,shuffle,46,neu_det_40p,/root/workspace/data/neu_det/neu_det_40p.yaml,pcb_pretrain.pt,640,32,100,5,s2df,40,base,0,0,0,,1,P1ext_A_20261001,P1ext_A_20261001,29e2f62e108a82f89f7b69fc16601908,1,0,0.4118,0.7075,0.636,0.7253,0
s2df_40p_100ep_base_s47n,A,complete,shapeiou,A_sio_b_results.csv,100,100,90,0.51598,0.81839,0.50471,0.79336,668.013,0.001,47,42,shuffle,47,neu_det_40p,/root/workspace/data/neu_det/neu_det_40p.yaml,pcb_pretrain.pt,640,32,100,5,s2df,40,base,0,0,0,,1,P1ext_A_20261001,P1ext_A_20261001,47611812bb40db5b86b9ea99e4912414,1,0,0.4132,0.7144,0.6994,0.6809,0
s2df_40p_100ep_base_s48n,A,complete,shapeiou,A_sio_b_results.csv,100,100,92,0.49843,0.7943,0.49459,0.7876,624.827,0.001,48,42,shuffle,48,neu_det_40p,/root/workspace/data/neu_det/neu_det_40p.yaml,pcb_pretrain.pt,640,32,100,5,s2df,40,base,0,0,0,,1,P1ext_A_20261001,P1ext_A_20261001,d6978df7f961bea506b5b9c816118462,1,0,0.3936,0.6894,0.6696,0.6823,0
s2df_40p_100ep_base_s49n,A,complete,shapeiou,A_sio_b_results.csv,100,100,100,0.50855,0.79637,0.50855,0.79637,611.685,0.001,49,42,shuffle,49,neu_det_40p,/root/workspace/data/neu_det/neu_det_40p.yaml,pcb_pretrain.pt,640,32,100,5,s2df,40,base,0,0,0,,1,P1ext_A_20261001,P1ext_A_20261001,467ec4957ad3f43354e0929b0f49cf48,1,0,0.4117,0.7158,0.6986,0.7074,0
s2df_40p_100ep_base_s50n,A,complete,shapeiou,A_sio_b_results.csv,100,100,75,0.50621,0.81121,0.50287,0.80462,636.119,0.001,50,42,shuffle,50,neu_det_40p,/root/workspace/data/neu_det/neu_det_40p.yaml,pcb_pretrain.pt,640,32,100,5,s2df,40,base,0,0,0,,1,P1ext_A_20261001,P1ext_A_20261001,fbc369b3be02cbdabc3a31fd42d19498,1,0,0.4127,0.7227,0.6977,0.7007,0
s2df_40p_100ep_base_s51n,A,complete,shapeiou,A_sio_b_results.csv,100,100,98,0.5083,0.79613,0.50272,0.79723,652.66,0.001,51,42,shuffle,51,neu_det_40p,/root/workspace/data/neu_det/neu_det_40p.yaml,pcb_pretrain.pt,640,32,100,5,s2df,40,base,0,0,0,,1,P1ext_A_20261001,P1ext_A_20261001,6df494f14abf7ba9887f955a78ffdd79,1,0,0.4138,0.7414,0.674,0.7195,0
s2df_40p_100ep_lr005_s42n,A,complete,shapeiou,sio_b_results.csv,100,100,98,0.55235,0.85214,0.55111,0.84797,425.582,0.005,42,42,shuffle,42,neu_det_40p,/root/workspace/data/neu_det/neu_det_40p.yaml,pcb_pretrain.pt,640,32,100,5,s2df,40,lr005,0,0,0,,1,A_runs_20260929,A_runs_20260929,e78aab20fe7ce5e918777370847d3954,1,1,0.4069,0.7076,0.7649,0.6428,0
s2df_40p_100ep_lr005_s43n,A,complete,shapeiou,sio_b_results.csv,100,100,90,0.53562,0.82923,0.5289,0.82549,386.38,0.005,43,42,shuffle,43,neu_det_40p,/root/workspace/data/neu_det/neu_det_40p.yaml,pcb_pretrain.pt,640,32,100,5,s2df,40,lr005,0,0,0,,1,A_runs_20260929,A_runs_20260929,63d18084831416a59f880e695edcaa8a,1,1,0.4138,0.7326,0.7418,0.6566,0
s2df_40p_100ep_lr005_s44n,A,complete,shapeiou,sio_b_results.csv,100,100,100,0.53505,0.81104,0.53505,0.81104,435.916,0.005,44,42,shuffle,44,neu_det_40p,/root/workspace/data/neu_det/neu_det_40p.yaml,pcb_pretrain.pt,640,32,100,5,s2df,40,lr005,0,0,0,,2,A_part2|A_runs_20260929,A_runs_20260929,4ceecceb9f6a7caa3d848ce37dfe1f55,1,1,0.4008,0.7043,0.7033,0.6828,0
s2df_40p_100ep_lr005_s45n,A,complete,shapeiou,A_sio_b_results.csv,100,100,98,0.55072,0.83942,0.54196,0.82907,568.469,0.005,45,42,shuffle,45,neu_det_40p,/root/workspace/data/neu_det/neu_det_40p.yaml,pcb_pretrain.pt,640,32,100,5,s2df,40,lr005,0,0,0,,1,P1ext_A_20261001,P1ext_A_20261001,b5aedf7e37e4a8d66d02dc3a4891982f,1,0,0.3962,0.7048,0.7172,0.6788,0
s2df_40p_100ep_lr005_s46n,A,complete,shapeiou,A_sio_b_results.csv,100,100,94,0.55603,0.83282,0.54557,0.83858,564.859,0.005,46,42,shuffle,46,neu_det_40p,/root/workspace/data/neu_det/neu_det_40p.yaml,pcb_pretrain.pt,640,32,100,5,s2df,40,lr005,0,0,0,,1,P1ext_A_20261001,P1ext_A_20261001,36f95195e7b25e4936ce2eb9b3d2f9cd,1,0,0.3994,0.7134,0.7251,0.688,0
s2df_40p_100ep_lr005_s47n,A,complete,shapeiou,A_sio_b_results.csv,100,100,100,0.53864,0.83452,0.53864,0.83452,520.808,0.005,47,42,shuffle,47,neu_det_40p,/root/workspace/data/neu_det/neu_det_40p.yaml,pcb_pretrain.pt,640,32,100,5,s2df,40,lr005,0,0,0,,1,P1ext_A_20261001,P1ext_A_20261001,671d66eb3d3f1bb061fd9ca54312409b,1,0,0.4112,0.7266,0.7282,0.7041,0
s2df_40p_100ep_lr005_s48n,A,complete,shapeiou,A_sio_b_results.csv,100,100,99,0.54554,0.83596,0.54551,0.84074,480.253,0.005,48,42,shuffle,48,neu_det_40p,/root/workspace/data/neu_det/neu_det_40p.yaml,pcb_pretrain.pt,640,32,100,5,s2df,40,lr005,0,0,0,,1,P1ext_A_20261001,P1ext_A_20261001,e6cc1b5e0cfa2051343e047f0cbc3376,1,0,0.3972,0.7205,0.7277,0.6665,0
s2df_40p_100ep_lr005_s49n,A,complete,shapeiou,A_sio_b_results.csv,100,100,99,0.54623,0.82365,0.54258,0.82439,517.026,0.005,49,42,shuffle,49,neu_det_40p,/root/workspace/data/neu_det/neu_det_40p.yaml,pcb_pretrain.pt,640,32,100,5,s2df,40,lr005,0,0,0,,1,P1ext_A_20261001,P1ext_A_20261001,bd2c3ae7b0f330049dd0751b91d5d961,1,0,0.4252,0.7348,0.7187,0.7071,0
s2df_40p_100ep_lr005_s50n,A,complete,shapeiou,A_sio_b_results.csv,100,100,99,0.53883,0.83062,0.5356,0.82752,593.746,0.005,50,42,shuffle,50,neu_det_40p,/root/workspace/data/neu_det/neu_det_40p.yaml,pcb_pretrain.pt,640,32,100,5,s2df,40,lr005,0,0,0,,1,P1ext_A_20261001,P1ext_A_20261001,88916edf46be8a74ffc51dd8d380f675,1,0,0.4188,0.7151,0.6889,0.7009,0
s2df_40p_100ep_lr005_s51n,A,complete,shapeiou,A_sio_b_results.csv,100,100,97,0.54045,0.82762,0.5389,0.82157,518.345,0.005,51,42,shuffle,51,neu_det_40p,/root/workspace/data/neu_det/neu_det_40p.yaml,pcb_pretrain.pt,640,32,100,5,s2df,40,lr005,0,0,0,,1,P1ext_A_20261001,P1ext_A_20261001,77aea87c99ca6b43d6fbfa3835690989,1,0,0.3966,0.7134,0.6576,0.7452,0
s2df_40p_30ep_base_s42n,A,complete,shapeiou,sio_b_results.csv,30,30,29,0.40767,0.72228,0.40349,0.7073,141.047,0.001,42,42,shuffle,42,neu_det_40p,/root/workspace/data/neu_det/neu_det_40p.yaml,pcb_pretrain.pt,640,32,100,5,s2df,40,base,0,0,0,,1,A_runs_20260929,A_runs_20260929,ee093181ab138429a1c64c3f4fa1d310,1,1,0.3761,0.6514,0.6262,0.5754,0
s2df_40p_30ep_base_s43n,A,complete,shapeiou,sio_b_results.csv,30,30,30,0.41855,0.73995,0.41855,0.73995,162.205,0.001,43,42,shuffle,43,neu_det_40p,/root/workspace/data/neu_det/neu_det_40p.yaml,pcb_pretrain.pt,640,32,100,5,s2df,40,base,0,0,0,,1,A_runs_20260929,A_runs_20260929,81adb8d44ce5d69e5970db653e0560a3,1,1,0.3677,0.6505,0.6612,0.595,0
s2df_40p_30ep_base_s44n,A,complete,shapeiou,sio_b_results.csv,30,30,30,0.42956,0.7509,0.42956,0.7509,139.325,0.001,44,42,shuffle,44,neu_det_40p,/root/workspace/data/neu_det/neu_det_40p.yaml,pcb_pretrain.pt,640,32,100,5,s2df,40,base,0,0,0,,1,A_runs_20260929,A_runs_20260929,d9d34c11e333f56d9341777032d6be47,1,1,0.3889,0.6933,0.64,0.6279,0
s2df_40p_30ep_base_s45n,A,complete,shapeiou,A_sio_b_results.csv,30,30,30,0.42116,0.7409,0.42116,0.7409,277.144,0.001,45,42,shuffle,45,neu_det_40p,/root/workspace/data/neu_det/neu_det_40p.yaml,pcb_pretrain.pt,640,32,100,5,s2df,40,base,0,0,0,,1,P1ext_A_20261001,P1ext_A_20261001,e2a1559e716517fc1570d107ce96b005,1,0,0.3941,0.6771,0.619,0.6621,0
s2df_40p_30ep_base_s46n,A,complete,shapeiou,A_sio_b_results.csv,30,30,30,0.42011,0.73854,0.42011,0.73854,195.254,0.001,46,42,shuffle,46,neu_det_40p,/root/workspace/data/neu_det/neu_det_40p.yaml,pcb_pretrain.pt,640,32,100,5,s2df,40,base,0,0,0,,1,P1ext_A_20261001,P1ext_A_20261001,3057466746b2925b40059dd802b319b8,1,0,0.3863,0.6847,0.709,0.6001,0
s2df_40p_30ep_base_s47n,A,complete,shapeiou,A_sio_b_results.csv,30,30,30,0.4218,0.73137,0.4218,0.73137,216.023,0.001,47,42,shuffle,47,neu_det_40p,/root/workspace/data/neu_det/neu_det_40p.yaml,pcb_pretrain.pt,640,32,100,5,s2df,40,base,0,0,0,,1,P1ext_A_20261001,P1ext_A_20261001,2451f7dd6089c98d9ea1228e3bd9f3ee,1,0,0.3805,0.6546,0.58,0.6436,0
s2df_40p_30ep_base_s48n,A,complete,shapeiou,A_sio_b_results.csv,30,30,30,0.42348,0.7263,0.42348,0.7263,234.742,0.001,48,42,shuffle,48,neu_det_40p,/root/workspace/data/neu_det/neu_det_40p.yaml,pcb_pretrain.pt,640,32,100,5,s2df,40,base,0,0,0,,1,P1ext_A_20261001,P1ext_A_20261001,3620d88033799c37dc09a2d03984e4f9,1,0,0.3998,0.6996,0.6083,0.6797,0
s2df_40p_30ep_base_s49n,A,complete,shapeiou,A_sio_b_results.csv,30,30,29,0.42197,0.73314,0.41968,0.74046,227.787,0.001,49,42,shuffle,49,neu_det_40p,/root/workspace/data/neu_det/neu_det_40p.yaml,pcb_pretrain.pt,640,32,100,5,s2df,40,base,0,0,0,,1,P1ext_A_20261001,P1ext_A_20261001,c6e6689d2a769ef27282f5b952b5fa89,1,0,0.3887,0.6779,0.635,0.6468,0
s2df_40p_30ep_base_s50n,A,complete,shapeiou,A_sio_b_results.csv,30,30,30,0.42729,0.73986,0.42729,0.73986,216.755,0.001,50,42,shuffle,50,neu_det_40p,/root/workspace/data/neu_det/neu_det_40p.yaml,pcb_pretrain.pt,640,32,100,5,s2df,40,base,0,0,0,,1,P1ext_A_20261001,P1ext_A_20261001,cf74e56ef6eaad9922040cae2387df33,1,0,0.3845,0.6893,0.6445,0.6682,0
s2df_40p_30ep_base_s51n,A,complete,shapeiou,A_sio_b_results.csv,30,30,30,0.43021,0.74884,0.43021,0.74884,216.897,0.001,51,42,shuffle,51,neu_det_40p,/root/workspace/data/neu_det/neu_det_40p.yaml,pcb_pretrain.pt,640,32,100,5,s2df,40,base,0,0,0,,1,P1ext_A_20261001,P1ext_A_20261001,4ab64d3694966ab11c9c174ef6c6f5c5,1,0,0.3984,0.7047,0.7629,0.6033,0
s2df_40p_30ep_lr005_s42n,A,complete,shapeiou,sio_b_results.csv,30,30,30,0.46261,0.79178,0.46261,0.79178,164.962,0.005,42,42,shuffle,42,neu_det_40p,/root/workspace/data/neu_det/neu_det_40p.yaml,pcb_pretrain.pt,640,32,100,5,s2df,40,lr005,0,0,0,,2,A_part2|A_runs_20260929,A_runs_20260929,d04019b3833ca20924ba236657635a5c,1,1,0.4088,0.7158,0.6673,0.6646,0
s2df_40p_30ep_lr005_s43n,A,complete,shapeiou,sio_b_results.csv,30,30,30,0.46129,0.78189,0.46129,0.78189,141.716,0.005,43,42,shuffle,43,neu_det_40p,/root/workspace/data/neu_det/neu_det_40p.yaml,pcb_pretrain.pt,640,32,100,5,s2df,40,lr005,0,0,0,,1,A_runs_20260929,A_runs_20260929,9c3521e7f7dac5baf3d399223a7b02f9,1,1,0.403,0.6974,0.6494,0.6805,0
s2df_40p_30ep_lr005_s44n,A,complete,shapeiou,sio_b_results.csv,30,30,29,0.47257,0.80275,0.45764,0.78516,168.046,0.005,44,42,shuffle,44,neu_det_40p,/root/workspace/data/neu_det/neu_det_40p.yaml,pcb_pretrain.pt,640,32,100,5,s2df,40,lr005,0,0,0,,1,A_runs_20260929,A_runs_20260929,db1cb18b6ad3b513e8976a70a0b1890b,1,1,0.4188,0.7333,0.6601,0.7086,0
s2df_40p_30ep_lr005_s45n,A,complete,shapeiou,A_sio_b_results.csv,30,30,30,0.4487,0.75657,0.4487,0.75657,221.151,0.005,45,42,shuffle,45,neu_det_40p,/root/workspace/data/neu_det/neu_det_40p.yaml,pcb_pretrain.pt,640,32,100,5,s2df,40,lr005,0,0,0,,1,P1ext_A_20261001,P1ext_A_20261001,31b99550375b2796f3b49dea952b3e52,1,0,0.4013,0.7102,0.6369,0.7026,0
s2df_40p_30ep_lr005_s46n,A,complete,shapeiou,A_sio_b_results.csv,30,30,30,0.46545,0.79868,0.46545,0.79868,203.438,0.005,46,42,shuffle,46,neu_det_40p,/root/workspace/data/neu_det/neu_det_40p.yaml,pcb_pretrain.pt,640,32,100,5,s2df,40,lr005,0,0,0,,1,P1ext_A_20261001,P1ext_A_20261001,f2f3ab0847fa4dc7f711e0a1ad3442bf,1,0,0.4121,0.723,0.6764,0.6799,0
s2df_40p_30ep_lr005_s47n,A,complete,shapeiou,A_sio_b_results.csv,30,30,30,0.46205,0.78839,0.46205,0.78839,218.694,0.005,47,42,shuffle,47,neu_det_40p,/root/workspace/data/neu_det/neu_det_40p.yaml,pcb_pretrain.pt,640,32,100,5,s2df,40,lr005,0,0,0,,1,P1ext_A_20261001,P1ext_A_20261001,d5e0cecf529e51a19e8a3178853588b2,1,0,0.4137,0.7244,0.6486,0.6933,0
s2df_40p_30ep_lr005_s48n,A,complete,shapeiou,A_sio_b_results.csv,30,30,29,0.47469,0.78209,0.46763,0.76407,241.23,0.005,48,42,shuffle,48,neu_det_40p,/root/workspace/data/neu_det/neu_det_40p.yaml,pcb_pretrain.pt,640,32,100,5,s2df,40,lr005,0,0,0,,1,P1ext_A_20261001,P1ext_A_20261001,787cd00ebd28f7416154e4f463f14fb4,1,0,0.4121,0.7122,0.67,0.659,0
s2df_40p_30ep_lr005_s49n,A,complete,shapeiou,A_sio_b_results.csv,30,30,30,0.46696,0.75693,0.46696,0.75693,217.968,0.005,49,42,shuffle,49,neu_det_40p,/root/workspace/data/neu_det/neu_det_40p.yaml,pcb_pretrain.pt,640,32,100,5,s2df,40,lr005,0,0,0,,1,P1ext_A_20261001,P1ext_A_20261001,74091dc8b01d8c2787f08916fb9d3e6d,1,0,0.3973,0.7067,0.661,0.6823,0
s2df_40p_30ep_lr005_s50n,A,complete,shapeiou,A_sio_b_results.csv,30,30,30,0.47806,0.78607,0.47806,0.78607,217.189,0.005,50,42,shuffle,50,neu_det_40p,/root/workspace/data/neu_det/neu_det_40p.yaml,pcb_pretrain.pt,640,32,100,5,s2df,40,lr005,0,0,0,,1,P1ext_A_20261001,P1ext_A_20261001,c10238a36a1c6d014d1a0035b40b37d2,1,0,0.399,0.7169,0.6911,0.6622,0
s2df_40p_30ep_lr005_s51n,A,complete,shapeiou,A_sio_b_results.csv,30,30,29,0.45733,0.77969,0.4566,0.78604,231.646,0.005,51,42,shuffle,51,neu_det_40p,/root/workspace/data/neu_det/neu_det_40p.yaml,pcb_pretrain.pt,640,32,100,5,s2df,40,lr005,0,0,0,,1,P1ext_A_20261001,P1ext_A_20261001,2f4a7fc3d37a7aed5a8f3c7fbc6ddb86,1,0,0.4181,0.7283,0.7137,0.6667,0
s2df_50p_100ep_base_s42n,A,complete,shapeiou,sio_b_results.csv,100,100,99,0.5346,0.82901,0.53443,0.83393,510.2,0.001,42,42,shuffle,42,neu_det_50p,/root/workspace/data/neu_det/neu_det_50p.yaml,pcb_pretrain.pt,640,32,100,5,s2df,50,base,0,0,0,,1,A_runs_20260929,A_runs_20260929,a3cc0f1fcff66f971623efc2904332b7,1,1,0.4083,0.7286,0.6737,0.7357,0
s2df_50p_100ep_base_s43n,A,complete,shapeiou,sio_b_results.csv,100,100,92,0.52904,0.83286,0.52833,0.82208,576.227,0.001,43,42,shuffle,43,neu_det_50p,/root/workspace/data/neu_det/neu_det_50p.yaml,pcb_pretrain.pt,640,32,100,5,s2df,50,base,0,0,0,,2,A_part2|A_runs_20260929,A_runs_20260929,e81cfc94cc2fe0dbb7c67b0be8a81e3c,1,1,0.4191,0.7298,0.7527,0.6479,0
s2df_50p_100ep_base_s44n,A,complete,shapeiou,sio_b_results.csv,100,100,96,0.52123,0.83774,0.51957,0.83768,522.562,0.001,44,42,shuffle,44,neu_det_50p,/root/workspace/data/neu_det/neu_det_50p.yaml,pcb_pretrain.pt,640,32,100,5,s2df,50,base,0,0,0,,1,A_runs_20260929,A_runs_20260929,ee062755c734c076d31dd1ca6db0b242,1,1,0.4223,0.7159,0.6605,0.7055,0
s2df_50p_100ep_base_s45n,A,complete,shapeiou,A_sio_b_results.csv,100,100,97,0.52404,0.81595,0.51819,0.81796,699.236,0.001,45,42,shuffle,45,neu_det_50p,/root/workspace/data/neu_det/neu_det_50p.yaml,pcb_pretrain.pt,640,32,100,5,s2df,50,base,0,0,0,,1,P1ext_A_20261001,P1ext_A_20261001,4dd1dbd4d719f809f1e5af66a7ce638b,1,0,0.4197,0.7303,0.6738,0.715,0
s2df_50p_100ep_base_s46n,A,complete,shapeiou,A_sio_b_results.csv,100,100,83,0.52128,0.83852,0.51711,0.81915,692.287,0.001,46,42,shuffle,46,neu_det_50p,/root/workspace/data/neu_det/neu_det_50p.yaml,pcb_pretrain.pt,640,32,100,5,s2df,50,base,0,0,0,,1,P1ext_A_20261001,P1ext_A_20261001,1bb3b1507b8741cd07bdd21c421d9bd0,1,0,0.4226,0.7307,0.7248,0.6944,0
s2df_50p_100ep_base_s47n,A,complete,shapeiou,A_sio_b_results.csv,100,100,87,0.51608,0.82573,0.5093,0.81492,678.814,0.001,47,42,shuffle,47,neu_det_50p,/root/workspace/data/neu_det/neu_det_50p.yaml,pcb_pretrain.pt,640,32,100,5,s2df,50,base,0,0,0,,1,P1ext_A_20261001,P1ext_A_20261001,6b2e106ca97fd504fabb48ef46f2c6d9,1,0,0.4251,0.7381,0.692,0.6832,0
s2df_50p_100ep_base_s48n,A,complete,shapeiou,A_sio_b_results.csv,100,100,86,0.54664,0.8485,0.53096,0.82434,754.933,0.001,48,42,shuffle,48,neu_det_50p,/root/workspace/data/neu_det/neu_det_50p.yaml,pcb_pretrain.pt,640,32,100,5,s2df,50,base,0,0,0,,1,P1ext_A_20261001,P1ext_A_20261001,6ace44ae11b4d478fbd33853d1bada5d,1,0,0.4037,0.7292,0.7237,0.6656,0
s2df_50p_100ep_base_s49n,A,complete,shapeiou,A_sio_b_results.csv,100,100,88,0.52315,0.83198,0.51465,0.81037,603.338,0.001,49,42,shuffle,49,neu_det_50p,/root/workspace/data/neu_det/neu_det_50p.yaml,pcb_pretrain.pt,640,32,100,5,s2df,50,base,0,0,0,,1,P1ext_A_20261001,P1ext_A_20261001,a48b8d32c8973c98dec7b27dd322c996,1,0,0.4057,0.7291,0.7061,0.6739,0
s2df_50p_100ep_base_s50n,A,complete,shapeiou,A_sio_b_results.csv,100,100,90,0.53188,0.84525,0.51814,0.82956,535.068,0.001,50,42,shuffle,50,neu_det_50p,/root/workspace/data/neu_det/neu_det_50p.yaml,pcb_pretrain.pt,640,32,100,5,s2df,50,base,0,0,0,,1,P1ext_A_20261001,P1ext_A_20261001,3e716d3a79045f518f39342df4f107c4,1,0,0.4203,0.7381,0.6657,0.7368,0
s2df_50p_100ep_base_s51n,A,complete,shapeiou,A_sio_b_results.csv,100,100,99,0.52518,0.82571,0.52043,0.82512,529.848,0.001,51,42,shuffle,51,neu_det_50p,/root/workspace/data/neu_det/neu_det_50p.yaml,pcb_pretrain.pt,640,32,100,5,s2df,50,base,0,0,0,,1,P1ext_A_20261001,P1ext_A_20261001,91672917a735900ffdfdf29e9d5e4800,1,0,0.4117,0.7061,0.6987,0.6384,0
s2df_50p_100ep_lr005_s42n,A,complete,shapeiou,sio_b_results.csv,100,100,99,0.57239,0.86486,0.56401,0.86398,512.541,0.005,42,42,shuffle,42,neu_det_50p,/root/workspace/data/neu_det/neu_det_50p.yaml,pcb_pretrain.pt,640,32,100,5,s2df,50,lr005,0,0,0,,1,A_runs_20260929,A_runs_20260929,6040c15fca9f476047a1518f5bbd7160,1,1,0.4261,0.7438,0.7076,0.7261,0
s2df_50p_100ep_lr005_s43n,A,complete,shapeiou,sio_b_results.csv,100,100,100,0.58037,0.87109,0.58037,0.87109,443.28,0.005,43,42,shuffle,43,neu_det_50p,/root/workspace/data/neu_det/neu_det_50p.yaml,pcb_pretrain.pt,640,32,100,5,s2df,50,lr005,0,0,0,,1,A_runs_20260929,A_runs_20260929,a65f990d5ffc22c2ad1739bf1d3e445d,1,1,0.4224,0.7483,0.7764,0.6939,0
s2df_50p_100ep_lr005_s44n,A,complete,shapeiou,sio_b_results.csv,100,100,98,0.55635,0.84894,0.5528,0.84303,481.914,0.005,44,42,shuffle,44,neu_det_50p,/root/workspace/data/neu_det/neu_det_50p.yaml,pcb_pretrain.pt,640,32,100,5,s2df,50,lr005,0,0,0,,2,A_part2|A_runs_20260929,A_runs_20260929,b6327d351c5ae908d3ea270bdf6899d9,1,1,0.409,0.7149,0.731,0.6583,0
s2df_50p_100ep_lr005_s45n,A,complete,shapeiou,A_sio_b_results.csv,100,100,98,0.57286,0.87685,0.57093,0.87104,537.316,0.005,45,42,shuffle,45,neu_det_50p,/root/workspace/data/neu_det/neu_det_50p.yaml,pcb_pretrain.pt,640,32,100,5,s2df,50,lr005,0,0,0,,1,P1ext_A_20261001,P1ext_A_20261001,fdf131a0afb62802048aaddc371d739f,1,0,0.4144,0.7543,0.7485,0.7143,0
s2df_50p_100ep_lr005_s46n,A,complete,shapeiou,A_sio_b_results.csv,100,100,100,0.56317,0.85588,0.56317,0.85588,541.651,0.005,46,42,shuffle,46,neu_det_50p,/root/workspace/data/neu_det/neu_det_50p.yaml,pcb_pretrain.pt,640,32,100,5,s2df,50,lr005,0,0,0,,1,P1ext_A_20261001,P1ext_A_20261001,4771b18038e61af08f97e37db550c85d,1,0,0.4108,0.713,0.7375,0.6443,0
s2df_50p_100ep_lr005_s47n,A,complete,shapeiou,A_sio_b_results.csv,100,100,100,0.55748,0.87357,0.55748,0.87357,564.207,0.005,47,42,shuffle,47,neu_det_50p,/root/workspace/data/neu_det/neu_det_50p.yaml,pcb_pretrain.pt,640,32,100,5,s2df,50,lr005,0,0,0,,1,P1ext_A_20261001,P1ext_A_20261001,fb335679c422db5b6dcc843b582c7570,1,0,0.4162,0.7395,0.7368,0.7177,0
s2df_50p_100ep_lr005_s48n,A,complete,shapeiou,A_sio_b_results.csv,100,100,99,0.56733,0.85968,0.55575,0.85093,520.945,0.005,48,42,shuffle,48,neu_det_50p,/root/workspace/data/neu_det/neu_det_50p.yaml,pcb_pretrain.pt,640,32,100,5,s2df,50,lr005,0,0,0,,1,P1ext_A_20261001,P1ext_A_20261001,83ce43b0c6271ce2fb5bf2dfd4138ec0,1,0,0.4117,0.7292,0.7508,0.7157,0
s2df_50p_100ep_lr005_s49n,A,complete,shapeiou,A_sio_b_results.csv,100,100,99,0.55982,0.84771,0.55745,0.84972,512.375,0.005,49,42,shuffle,49,neu_det_50p,/root/workspace/data/neu_det/neu_det_50p.yaml,pcb_pretrain.pt,640,32,100,5,s2df,50,lr005,0,0,0,,1,P1ext_A_20261001,P1ext_A_20261001,61f6e4e5031bc7b6df74d78d051a7530,1,0,0.4184,0.7358,0.7393,0.6977,0
s2df_50p_100ep_lr005_s50n,A,complete,shapeiou,A_sio_b_results.csv,100,100,99,0.56903,0.86056,0.56779,0.85855,486.931,0.005,50,42,shuffle,50,neu_det_50p,/root/workspace/data/neu_det/neu_det_50p.yaml,pcb_pretrain.pt,640,32,100,5,s2df,50,lr005,0,0,0,,1,P1ext_A_20261001,P1ext_A_20261001,f0637e46b89804bd5229a1eb1ffe1768,1,0,0.4159,0.7483,0.733,0.7143,0
s2df_50p_100ep_lr005_s51n,A,complete,shapeiou,A_sio_b_results.csv,100,100,96,0.55887,0.84169,0.55134,0.82626,536.911,0.005,51,42,shuffle,51,neu_det_50p,/root/workspace/data/neu_det/neu_det_50p.yaml,pcb_pretrain.pt,640,32,100,5,s2df,50,lr005,0,0,0,,1,P1ext_A_20261001,P1ext_A_20261001,fb8310e2c606bd7f2abbd73b1979c5e8,1,0,0.4126,0.7231,0.7545,0.646,0
s2df_50p_30ep_base_s42n,A,complete,shapeiou,sio_b_results.csv,30,30,30,0.43188,0.74339,0.43188,0.74339,157.035,0.001,42,42,shuffle,42,neu_det_50p,/root/workspace/data/neu_det/neu_det_50p.yaml,pcb_pretrain.pt,640,32,100,5,s2df,50,base,0,0,0,,1,A_runs_20260929,A_runs_20260929,4c46832eec719b162a8eba4846c78241,1,1,0.4006,0.7144,0.6487,0.6662,0
s2df_50p_30ep_base_s43n,A,complete,shapeiou,sio_b_results.csv,30,30,30,0.45629,0.7735,0.45629,0.7735,155.698,0.001,43,42,shuffle,43,neu_det_50p,/root/workspace/data/neu_det/neu_det_50p.yaml,pcb_pretrain.pt,640,32,100,5,s2df,50,base,0,0,0,,1,A_runs_20260929,A_runs_20260929,8e5e9cc1d22acb099537902fe4708d31,1,1,0.4025,0.697,0.6268,0.6606,0
s2df_50p_30ep_base_s44n,A,complete,shapeiou,sio_b_results.csv,30,30,30,0.44287,0.76295,0.44287,0.76295,158.316,0.001,44,42,shuffle,44,neu_det_50p,/root/workspace/data/neu_det/neu_det_50p.yaml,pcb_pretrain.pt,640,32,100,5,s2df,50,base,0,0,0,,1,A_runs_20260929,A_runs_20260929,2a4586aa40c5c161cdf4c7db1c6e39a7,1,1,0.3949,0.6999,0.6553,0.6637,0
s2df_50p_30ep_base_s45n,A,complete,shapeiou,A_sio_b_results.csv,30,30,30,0.45633,0.78156,0.45633,0.78156,242.475,0.001,45,42,shuffle,45,neu_det_50p,/root/workspace/data/neu_det/neu_det_50p.yaml,pcb_pretrain.pt,640,32,100,5,s2df,50,base,0,0,0,,1,P1ext_A_20261001,P1ext_A_20261001,634096f96da97ebefeea46d72edb6892,1,0,0.4162,0.7157,0.6943,0.6472,0
s2df_50p_30ep_base_s46n,A,complete,shapeiou,A_sio_b_results.csv,30,30,30,0.43593,0.74063,0.43593,0.74063,229.874,0.001,46,42,shuffle,46,neu_det_50p,/root/workspace/data/neu_det/neu_det_50p.yaml,pcb_pretrain.pt,640,32,100,5,s2df,50,base,0,0,0,,1,P1ext_A_20261001,P1ext_A_20261001,5a97b10745939a7d8d89a6b7fa127210,1,0,0.4095,0.7017,0.6298,0.6699,0
s2df_50p_30ep_base_s47n,A,complete,shapeiou,A_sio_b_results.csv,30,30,30,0.44803,0.75397,0.44803,0.75397,229.457,0.001,47,42,shuffle,47,neu_det_50p,/root/workspace/data/neu_det/neu_det_50p.yaml,pcb_pretrain.pt,640,32,100,5,s2df,50,base,0,0,0,,1,P1ext_A_20261001,P1ext_A_20261001,1598051d48c12bd53e6344418613f344,1,0,0.3989,0.7051,0.6291,0.6614,0
s2df_50p_30ep_base_s48n,A,complete,shapeiou,A_sio_b_results.csv,30,30,29,0.44651,0.77587,0.44544,0.75727,243.325,0.001,48,42,shuffle,48,neu_det_50p,/root/workspace/data/neu_det/neu_det_50p.yaml,pcb_pretrain.pt,640,32,100,5,s2df,50,base,0,0,0,,1,P1ext_A_20261001,P1ext_A_20261001,bfa1cb5c776fb795d86846e59f7e6e28,1,0,0.4175,0.7189,0.6943,0.638,0
s2df_50p_30ep_base_s49n,A,complete,shapeiou,A_sio_b_results.csv,30,30,30,0.44231,0.76333,0.44231,0.76333,241.471,0.001,49,42,shuffle,49,neu_det_50p,/root/workspace/data/neu_det/neu_det_50p.yaml,pcb_pretrain.pt,640,32,100,5,s2df,50,base,0,0,0,,1,P1ext_A_20261001,P1ext_A_20261001,3e17bbf8a23cdada495c8b1d08194e72,1,0,0.399,0.6933,0.629,0.6573,0
s2df_50p_30ep_base_s50n,A,complete,shapeiou,A_sio_b_results.csv,30,30,30,0.4545,0.77489,0.4545,0.77489,191.444,0.001,50,42,shuffle,50,neu_det_50p,/root/workspace/data/neu_det/neu_det_50p.yaml,pcb_pretrain.pt,640,32,100,5,s2df,50,base,0,0,0,,1,P1ext_A_20261001,P1ext_A_20261001,ed160bb4ba48eeb10f68fb60437b5e93,1,0,0.3996,0.6992,0.5906,0.6957,0
s2df_50p_30ep_base_s51n,A,complete,shapeiou,A_sio_b_results.csv,30,30,29,0.44033,0.7715,0.43599,0.76907,210.462,0.001,51,42,shuffle,51,neu_det_50p,/root/workspace/data/neu_det/neu_det_50p.yaml,pcb_pretrain.pt,640,32,100,5,s2df,50,base,0,0,0,,1,P1ext_A_20261001,P1ext_A_20261001,877fa87a93a265b62a7a27aa92cc2e11,1,0,0.4065,0.7122,0.6825,0.6403,0
s2df_50p_30ep_lr005_s42n,A,complete,shapeiou,sio_b_results.csv,30,30,30,0.47043,0.78673,0.47043,0.78673,170.352,0.005,42,42,shuffle,42,neu_det_50p,/root/workspace/data/neu_det/neu_det_50p.yaml,pcb_pretrain.pt,640,32,100,5,s2df,50,lr005,0,0,0,,2,A_part2|A_runs_20260929,A_runs_20260929,1ea88f4a433d1bba24011fa81862824d,1,1,0.4097,0.7207,0.6663,0.6871,0
s2df_50p_30ep_lr005_s43n,A,complete,shapeiou,sio_b_results.csv,30,30,30,0.48212,0.7976,0.48212,0.7976,159.016,0.005,43,42,shuffle,43,neu_det_50p,/root/workspace/data/neu_det/neu_det_50p.yaml,pcb_pretrain.pt,640,32,100,5,s2df,50,lr005,0,0,0,,1,A_runs_20260929,A_runs_20260929,233d54fd79eb01bb56437a4924cde211,1,1,0.421,0.743,0.6956,0.7188,0
s2df_50p_30ep_lr005_s44n,A,complete,shapeiou,sio_b_results.csv,30,30,29,0.47586,0.80276,0.47024,0.80465,171.282,0.005,44,42,shuffle,44,neu_det_50p,/root/workspace/data/neu_det/neu_det_50p.yaml,pcb_pretrain.pt,640,32,100,5,s2df,50,lr005,0,0,0,,1,A_runs_20260929,A_runs_20260929,ec2010d8c28812ee87fb1a079b46e5a7,1,1,0.4198,0.7411,0.696,0.6884,0
s2df_50p_30ep_lr005_s45n,A,complete,shapeiou,A_sio_b_results.csv,30,30,30,0.48052,0.8046,0.48052,0.8046,250.174,0.005,45,42,shuffle,45,neu_det_50p,/root/workspace/data/neu_det/neu_det_50p.yaml,pcb_pretrain.pt,640,32,100,5,s2df,50,lr005,0,0,0,,1,P1ext_A_20261001,P1ext_A_20261001,bf98debb99acd6c15b02fcecabbf1c24,1,0,0.4241,0.7599,0.7655,0.6865,0
s2df_50p_30ep_lr005_s46n,A,complete,shapeiou,A_sio_b_results.csv,30,30,30,0.47195,0.80011,0.47195,0.80011,259.092,0.005,46,42,shuffle,46,neu_det_50p,/root/workspace/data/neu_det/neu_det_50p.yaml,pcb_pretrain.pt,640,32,100,5,s2df,50,lr005,0,0,0,,1,P1ext_A_20261001,P1ext_A_20261001,7437e55d50ad76c1506b69a9208833a5,1,0,0.4139,0.7267,0.6775,0.7123,0
s2df_50p_30ep_lr005_s47n,A,complete,shapeiou,A_sio_b_results.csv,30,30,30,0.45248,0.7579,0.45248,0.7579,280.745,0.005,47,42,shuffle,47,neu_det_50p,/root/workspace/data/neu_det/neu_det_50p.yaml,pcb_pretrain.pt,640,32,100,5,s2df,50,lr005,0,0,0,,1,P1ext_A_20261001,P1ext_A_20261001,a171a257a1f8785c572fcc13130ab8db,1,0,0.4018,0.7171,0.7301,0.6555,0
s2df_50p_30ep_lr005_s48n,A,complete,shapeiou,A_sio_b_results.csv,30,30,29,0.48618,0.8108,0.47882,0.80316,272.769,0.005,48,42,shuffle,48,neu_det_50p,/root/workspace/data/neu_det/neu_det_50p.yaml,pcb_pretrain.pt,640,32,100,5,s2df,50,lr005,0,0,0,,1,P1ext_A_20261001,P1ext_A_20261001,e1eeaaa7cc0fac852d525e788906c0c7,1,0,0.4475,0.7466,0.6858,0.7103,0
s2df_50p_30ep_lr005_s49n,A,complete,shapeiou,A_sio_b_results.csv,30,30,30,0.47281,0.77609,0.47281,0.77609,242.858,0.005,49,42,shuffle,49,neu_det_50p,/root/workspace/data/neu_det/neu_det_50p.yaml,pcb_pretrain.pt,640,32,100,5,s2df,50,lr005,0,0,0,,1,P1ext_A_20261001,P1ext_A_20261001,95e00b0626275b47c92b6655cecfbf49,1,0,0.4136,0.7397,0.7597,0.6517,0
s2df_50p_30ep_lr005_s50n,A,complete,shapeiou,A_sio_b_results.csv,30,30,29,0.48105,0.79648,0.48079,0.80961,239.177,0.005,50,42,shuffle,50,neu_det_50p,/root/workspace/data/neu_det/neu_det_50p.yaml,pcb_pretrain.pt,640,32,100,5,s2df,50,lr005,0,0,0,,1,P1ext_A_20261001,P1ext_A_20261001,73d4ef243c4e6ec24a9e305183fe240e,1,0,0.4194,0.7413,0.7282,0.6946,0
s2df_50p_30ep_lr005_s51n,A,complete,shapeiou,A_sio_b_results.csv,30,30,29,0.46908,0.79606,0.46499,0.79072,258.555,0.005,51,42,shuffle,51,neu_det_50p,/root/workspace/data/neu_det/neu_det_50p.yaml,pcb_pretrain.pt,640,32,100,5,s2df,50,lr005,0,0,0,,1,P1ext_A_20261001,P1ext_A_20261001,739be57843af5f45d874c89d8ebc3d22,1,0,0.4169,0.7151,0.6769,0.6783,0
seedtest_A_seed42_noshuffle,A,complete,shapeiou,sio_b_results.csv,8,8,1,0.15417,0.25154,0.15143,0.24642,110.431,0.001,,42,none,42,dota15_20p,/root/datasets_mask/dota15_yolo/dota15_20p.yaml,dota15_pretrain.pt,640,32,100,5,seedtest,,,0,0,0,,2,A_runs_20260929|A_small2_20260927,A_runs_20260929,0772ed5ff8af67d2a8295fc33589c0f0,1,1,0.1529,0.25,0.5688,0.2674,0
seedtest_B_seed42_noshuffle_repeat,A,complete,shapeiou,sio_b_results.csv,8,8,1,0.15417,0.25154,0.15143,0.24642,116.19,0.001,,42,none,42,dota15_20p,/root/datasets_mask/dota15_yolo/dota15_20p.yaml,dota15_pretrain.pt,640,32,100,5,seedtest,,,0,0,0,,2,A_runs_20260929|A_small2_20260927,A_runs_20260929,fd774514c63215391727a088d6f0e505,1,1,0.1529,0.25,0.5688,0.2674,0
seedtest_C_seed529_shuffle529,A,complete,shapeiou,sio_b_results.csv,8,8,1,0.15429,0.2508,0.15099,0.24818,64.8305,0.001,,529,none,529,dota15_20p,/root/datasets_mask/dota15_yolo/dota15_20p.yaml,dota15_pretrain.pt,640,32,100,5,seedtest,,,0,0,0,,2,A_runs_20260929|A_small2_20260927,A_runs_20260929,683921eba81703b02f5c5cdd75ac81cb,1,1,0.1529,0.2496,0.5656,0.2708,0
shwd_pretrain_100ep,A,complete,shapeiou,sio_b_results.csv,100,100,90,0.65228,0.95603,0.65104,0.95508,7769.76,0.001,,42,none,42,shwd_data_b,/root/shwd_data_b.yaml,yolo12n.pt,640,32,100,5,shwd,,,0,0,0,,1,A_runs_20260929,A_runs_20260929,113b84df7396e71f049db474ddc92414,1,1,0.652,0.956,0.9433,0.9054,0
shwd2sf_lw003_lr005_100ep_s42n,A,complete,shapeiou,sio_b_results.csv,100,100,68,0.43353,0.73528,0.4259,0.72775,2447.67,0.005,42,42,shuffle,42,sfchd_20p_b,/root/sfchd_20p_b.yaml,shwd2sf_pretrain.pt,640,32,100,5,shwd2sf,,lr005,0,0,0,,2,A_runs_20260929|A_small2_20260927,A_runs_20260929,20dc5e1af1935bef04c4a8507469a285,1,1,0.4334,0.7353,0.8402,0.6895,0
shwd2sf_lw003_lr005_100ep_s43n,A,complete,shapeiou,sio_b_results.csv,100,100,81,0.43236,0.73173,0.42303,0.72037,2446.31,0.005,43,42,shuffle,43,sfchd_20p_b,/root/sfchd_20p_b.yaml,shwd2sf_pretrain.pt,640,32,100,5,shwd2sf,,lr005,0,0,0,,2,A_runs_20260929|A_small2_20260927,A_runs_20260929,568a9c3ed93f5c577a369b9b99020c20,1,1,0.4325,0.7318,0.8362,0.6922,0
shwd2sf_lw003_lr005_100ep_s44n,A,complete,shapeiou,sio_b_results.csv,100,100,71,0.43421,0.73128,0.42965,0.73147,2469.53,0.005,44,42,shuffle,44,sfchd_20p_b,/root/sfchd_20p_b.yaml,shwd2sf_pretrain.pt,640,32,100,5,shwd2sf,,lr005,0,0,0,,2,A_runs_20260929|A_small2_20260927,A_runs_20260929,c069407b6bf24f4e2ae3378ccecaf5c7,1,1,0.4341,0.7312,0.8424,0.6769,0
shwd2sf_lw003_lr005_30ep_s42n,A,complete,shapeiou,sio_b_results.csv,30,30,20,0.40996,0.71626,0.40432,0.70521,738.245,0.005,42,42,shuffle,42,sfchd_20p_b,/root/sfchd_20p_b.yaml,shwd2sf_pretrain.pt,640,32,100,5,shwd2sf,,lr005,0,0,0,,2,A_runs_20260929|A_small2_20260927,A_runs_20260929,df3ff13a4a1a3d783c1a7496ffa96ddc,1,1,0.41,0.7163,0.827,0.6627,0
shwd2sf_lw003_lr005_30ep_s43n,A,complete,shapeiou,sio_b_results.csv,30,30,19,0.40687,0.71084,0.40478,0.70511,749.02,0.005,43,42,shuffle,43,sfchd_20p_b,/root/sfchd_20p_b.yaml,shwd2sf_pretrain.pt,640,32,100,5,shwd2sf,,lr005,0,0,0,,2,A_runs_20260929|A_small2_20260927,A_runs_20260929,968324ae2c3dd501e332205e73d97e8b,1,1,0.4069,0.7107,0.8175,0.6597,0
shwd2sf_lw003_lr005_30ep_s44n,A,complete,shapeiou,sio_b_results.csv,30,30,29,0.4082,0.70913,0.39771,0.70277,747.596,0.005,44,42,shuffle,44,sfchd_20p_b,/root/sfchd_20p_b.yaml,shwd2sf_pretrain.pt,640,32,100,5,shwd2sf,,lr005,0,0,0,,2,A_runs_20260929|A_small2_20260927,A_runs_20260929,58155a626ead34791323589af53d896d,1,1,0.4083,0.7092,0.8274,0.6544,0
sp1000_s42n,A,complete,shapeiou,sio_b_results.csv,3,3,3,0.3694,0.64649,0.3694,0.64649,87.143,0.001,42,42,shuffle,42,sfchd_20p_b,/root/sfchd_20p_b.yaml,shwd2sf_pretrain.pt,640,32,100,1000,sp1000,,,0,0,0,,2,A_runs_20260929|A_small2_20260927,A_runs_20260929,d424d24677f6801365079231caa4fc3b,1,1,0.3694,0.6467,0.8007,0.5836,0
sp1000_s43n,A,complete,shapeiou,sio_b_results.csv,3,3,3,0.3694,0.64649,0.3694,0.64649,137.422,0.001,43,42,shuffle,43,sfchd_20p_b,/root/sfchd_20p_b.yaml,shwd2sf_pretrain.pt,640,32,100,1000,sp1000,,,0,0,0,,2,A_runs_20260929|A_small2_20260927,A_runs_20260929,5c44c78657a02041459e2895f33dc298,1,1,0.3694,0.6467,0.8007,0.5836,0
t1a_d15toaitod_base100_s42n,A,complete,shapeiou,sio_b_results.csv,100,100,81,0.09873,0.24013,0.09709,0.2384,2790.53,0.001,42,42,shuffle,42,aitod_20p,/root/datasets/AI-TOD_yolo/aitod_20p.yaml,dota15_pretrain.pt,640,32,100,5,t1a,,base,0,0,0,,2,A_runs_20260929|A_small2_20260927,A_runs_20260929,3b740f019179ed9e00bb811674ac7612,1,1,0.0987,0.2402,0.734,0.249,0
t1a_d15toaitod_base100_s43n,A,complete,shapeiou,sio_b_results.csv,100,100,87,0.09752,0.23973,0.09525,0.23743,2794.42,0.001,43,42,shuffle,43,aitod_20p,/root/datasets/AI-TOD_yolo/aitod_20p.yaml,dota15_pretrain.pt,640,32,100,5,t1a,,base,0,0,0,,2,A_runs_20260929|A_small2_20260927,A_runs_20260929,7373dc4172e2821d8909f4dce367c32c,1,1,0.0975,0.2399,0.765,0.2485,0
t1a_d15toaitod_base100_s44n,A,complete,shapeiou,sio_b_results.csv,100,100,98,0.09926,0.24062,0.09907,0.24037,2794.15,0.001,44,42,shuffle,44,aitod_20p,/root/datasets/AI-TOD_yolo/aitod_20p.yaml,dota15_pretrain.pt,640,32,100,5,t1a,,base,0,0,0,,2,A_runs_20260929|A_small2_20260927,A_runs_20260929,bdc4fe7644c408bcf99dd189ac389597,1,1,0.0992,0.2406,0.7326,0.2444,0
t1a_d15toaitod_base100_s45n,A,complete,shapeiou,sio_b_results.csv,100,100,88,0.10014,0.24296,0.09916,0.24153,2803.05,0.001,45,42,shuffle,45,aitod_20p,/root/datasets/AI-TOD_yolo/aitod_20p.yaml,dota15_pretrain.pt,640,32,100,5,t1a,,base,0,0,0,,2,A_runs_20260929|A_small2_20260927,A_runs_20260929,08334aecfbcf4f644374b93bb394be64,1,1,0.1001,0.2431,0.7524,0.2506,0
t1a_d15toaitod_base100_s46n,A,complete,shapeiou,sio_b_results.csv,100,100,82,0.1002,0.24367,0.09786,0.24095,2972.98,0.001,46,42,shuffle,46,aitod_20p,/root/datasets/AI-TOD_yolo/aitod_20p.yaml,dota15_pretrain.pt,640,32,100,5,t1a,,base,0,0,0,,2,A_runs_20260929|A_small2_20260927,A_runs_20260929,b8a528171052b702c45965980f94f7e8,1,1,0.1002,0.2437,0.7481,0.2526,0
t1a_d15toaitod_base100_s47n,A,complete,shapeiou,sio_b_results.csv,100,100,86,0.09757,0.23958,0.09507,0.23756,2820.34,0.001,47,42,shuffle,47,aitod_20p,/root/datasets/AI-TOD_yolo/aitod_20p.yaml,dota15_pretrain.pt,640,32,100,5,t1a,,base,0,0,0,,2,A_runs_20260929|A_small2_20260927,A_runs_20260929,5a1adf8f6a3c1769b71556d5afdfc352,1,1,0.0977,0.2396,0.7224,0.2518,0
t1a_d15toaitod_base100_s48n,A,complete,shapeiou,sio_b_results.csv,100,100,90,0.09873,0.23859,0.09811,0.23813,2799.75,0.001,48,42,shuffle,48,aitod_20p,/root/datasets/AI-TOD_yolo/aitod_20p.yaml,dota15_pretrain.pt,640,32,100,5,t1a,,base,0,0,0,,2,A_runs_20260929|A_small2_20260927,A_runs_20260929,52b216a58310feacaf1909e1bafcc206,1,1,0.0987,0.2386,0.7568,0.2478,0
t1a_d15toaitod_base100_s49n,A,complete,shapeiou,sio_b_results.csv,100,100,88,0.09888,0.24035,0.09778,0.23943,2838.13,0.001,49,42,shuffle,49,aitod_20p,/root/datasets/AI-TOD_yolo/aitod_20p.yaml,dota15_pretrain.pt,640,32,100,5,t1a,,base,0,0,0,,2,A_runs_20260929|A_small2_20260927,A_runs_20260929,71dc55219b607db5bdd1a5b1bd6b7a19,1,1,0.0989,0.2403,0.7471,0.245,0
t1a_d15toaitod_base100_s50n,A,complete,shapeiou,sio_b_results.csv,100,100,90,0.09857,0.23757,0.09777,0.23859,2914.4,0.001,50,42,shuffle,50,aitod_20p,/root/datasets/AI-TOD_yolo/aitod_20p.yaml,dota15_pretrain.pt,640,32,100,5,t1a,,base,0,0,0,,2,A_runs_20260929|A_small2_20260927,A_runs_20260929,76aabbd7dcf6d186a0fbe12df2c5743f,1,1,0.0986,0.2377,0.7343,0.2461,0
t1a_d15toaitod_base100_s51n,A,complete,shapeiou,sio_b_results.csv,100,100,89,0.09998,0.2417,0.09871,0.23802,2931.95,0.001,51,42,shuffle,51,aitod_20p,/root/datasets/AI-TOD_yolo/aitod_20p.yaml,dota15_pretrain.pt,640,32,100,5,t1a,,base,0,0,0,,2,A_runs_20260929|A_small2_20260927,A_runs_20260929,0b5a2e3b3d0856c3fef28b27174c6fa8,1,1,0.1,0.2416,0.74,0.2459,0
t1a_d15toaitod_lr005_100ep_s42n,A,complete,shapeiou,sio_b_results.csv,100,100,97,0.09691,0.2363,0.09602,0.2346,2640.63,0.005,42,42,shuffle,42,aitod_20p,/root/datasets/AI-TOD_yolo/aitod_20p.yaml,dota15_pretrain.pt,640,32,100,5,t1a,,lr005,0,0,0,,2,A_runs_20260929|A_small2_20260927,A_runs_20260929,7e9f963555cc59014ab3f622d23a3519,1,1,0.0969,0.2363,0.4318,0.2392,0
t1a_d15toaitod_lr005_100ep_s43n,A,complete,shapeiou,sio_b_results.csv,100,100,98,0.10343,0.25404,0.10239,0.25066,2626.49,0.005,43,42,shuffle,43,aitod_20p,/root/datasets/AI-TOD_yolo/aitod_20p.yaml,dota15_pretrain.pt,640,32,100,5,t1a,,lr005,0,0,0,,2,A_runs_20260929|A_small2_20260927,A_runs_20260929,a324a0be4aa3e708cc326364c18a05eb,1,1,0.1034,0.2541,0.4798,0.2554,0
t1a_d15toaitod_lr005_100ep_s44n,A,complete,shapeiou,sio_b_results.csv,100,100,99,0.10272,0.24747,0.1025,0.24751,2649.91,0.005,44,42,shuffle,44,aitod_20p,/root/datasets/AI-TOD_yolo/aitod_20p.yaml,dota15_pretrain.pt,640,32,100,5,t1a,,lr005,0,0,0,,2,A_runs_20260929|A_small2_20260927,A_runs_20260929,e33e9d74393d398a4d1b17ed262089a1,1,1,0.1025,0.2469,0.4967,0.2508,0
t1a_d15toaitod_lr005_100ep_s45n,A,complete,shapeiou,sio_b_results.csv,100,100,99,0.10183,0.24733,0.10102,0.24653,2636.92,0.005,45,42,shuffle,45,aitod_20p,/root/datasets/AI-TOD_yolo/aitod_20p.yaml,dota15_pretrain.pt,640,32,100,5,t1a,,lr005,0,0,0,,2,A_runs_20260929|A_small2_20260927,A_runs_20260929,061272b2cae98bfcd1fba9938789e444,1,1,0.1018,0.2473,0.5202,0.2538,0
t1a_d15toaitod_lr005_100ep_s46n,A,complete,shapeiou,sio_b_results.csv,100,100,89,0.1001,0.2462,0.09969,0.24507,2755.97,0.005,46,42,shuffle,46,aitod_20p,/root/datasets/AI-TOD_yolo/aitod_20p.yaml,dota15_pretrain.pt,640,32,100,5,t1a,,lr005,0,0,0,,2,A_runs_20260929|A_small2_20260927,A_runs_20260929,87880a415eda8e7fcf6ab5e36d88a4ef,1,1,0.1001,0.2463,0.4627,0.2555,0
t1a_d15toaitod_lr005_100ep_s47n,A,complete,shapeiou,sio_b_results.csv,100,100,94,0.10156,0.2476,0.10033,0.24624,2637.55,0.005,47,42,shuffle,47,aitod_20p,/root/datasets/AI-TOD_yolo/aitod_20p.yaml,dota15_pretrain.pt,640,32,100,5,t1a,,lr005,0,0,0,,2,A_runs_20260929|A_small2_20260927,A_runs_20260929,854afe93347af17591ae08c5a55a2e47,1,1,0.1016,0.2477,0.4804,0.2515,0
t1a_d15toaitod_lr005_100ep_s48n,A,complete,shapeiou,sio_b_results.csv,100,100,89,0.1011,0.24493,0.10045,0.24709,2644.53,0.005,48,42,shuffle,48,aitod_20p,/root/datasets/AI-TOD_yolo/aitod_20p.yaml,dota15_pretrain.pt,640,32,100,5,t1a,,lr005,0,0,0,,2,A_runs_20260929|A_small2_20260927,A_runs_20260929,273acb0543bb6482e3a460e8a0ce6452,1,1,0.1011,0.2451,0.5186,0.2493,0
t1a_d15toaitod_lr005_100ep_s49n,A,complete,shapeiou,sio_b_results.csv,100,100,90,0.10048,0.24463,0.09937,0.24416,2837.19,0.005,49,42,shuffle,49,aitod_20p,/root/datasets/AI-TOD_yolo/aitod_20p.yaml,dota15_pretrain.pt,640,32,100,5,t1a,,lr005,0,0,0,,2,A_runs_20260929|A_small2_20260927,A_runs_20260929,642666b93b89d1689899f1fdc60203ba,1,1,0.1006,0.2452,0.5509,0.2397,0
t1a_d15toaitod_lr005_100ep_s50n,A,complete,shapeiou,sio_b_results.csv,100,100,93,0.09845,0.2374,0.09693,0.23631,2764.02,0.005,50,42,shuffle,50,aitod_20p,/root/datasets/AI-TOD_yolo/aitod_20p.yaml,dota15_pretrain.pt,640,32,100,5,t1a,,lr005,0,0,0,,2,A_runs_20260929|A_small2_20260927,A_runs_20260929,f5f48c7f783b1d44730bb41c50f6e3fd,1,1,0.0985,0.2374,0.4284,0.2383,0
t1a_d15toaitod_lr005_100ep_s51n,A,complete,shapeiou,sio_b_results.csv,100,100,98,0.09779,0.23954,0.0971,0.23804,2726.24,0.005,51,42,shuffle,51,aitod_20p,/root/datasets/AI-TOD_yolo/aitod_20p.yaml,dota15_pretrain.pt,640,32,100,5,t1a,,lr005,0,0,0,,2,A_runs_20260929|A_small2_20260927,A_runs_20260929,fd64fa38d5eed222be38041e8eb9566e,1,1,0.0978,0.2396,0.4304,0.2413,0
t1d_dotatod15_base100_s42n,A,complete,shapeiou,sio_b_results.csv,100,100,89,0.1617,0.2722,0.1542,0.26041,783.601,0.001,42,42,shuffle,42,dota15_20p,/root/datasets_mask/dota15_yolo/dota15_20p.yaml,dota_pretrain.pt,640,32,100,5,t1d,,base,0,0,0,B,2,A_runs_20260929|A_small2_20260927,A_runs_20260929,b0c187592abe49cbd61c04e1f7982f86,1,1,0.1626,0.273,0.6267,0.2979,1
t1d_dotatod15_base100_s43n,A,complete,shapeiou,sio_b_results.csv,100,100,68,0.16171,0.27049,0.15306,0.25819,790.939,0.001,43,42,shuffle,43,dota15_20p,/root/datasets_mask/dota15_yolo/dota15_20p.yaml,dota_pretrain.pt,640,32,100,5,t1d,,base,0,0,0,B,2,A_runs_20260929|A_small2_20260927,A_runs_20260929,4c93be0b0cebaf00a98af20ccfae4d33,1,1,0.1627,0.2701,0.5423,0.3012,1
t1d_dotatod15_base100_s44n,A,complete,shapeiou,sio_b_results.csv,100,100,84,0.1616,0.27449,0.15349,0.26034,858.332,0.001,44,42,shuffle,44,dota15_20p,/root/datasets_mask/dota15_yolo/dota15_20p.yaml,dota_pretrain.pt,640,32,100,5,t1d,,base,0,0,0,B,2,A_runs_20260929|A_small2_20260927,A_runs_20260929,019b691cf1f7c058a4ddc16afeb2d289,1,1,0.1625,0.2748,0.6082,0.3032,0
t1d_dotatod15_base100_s45n,A,complete,shapeiou,sio_b_results.csv,100,100,82,0.16253,0.27528,0.15517,0.26054,811.792,0.001,45,42,shuffle,45,dota15_20p,/root/datasets_mask/dota15_yolo/dota15_20p.yaml,dota_pretrain.pt,640,32,100,5,t1d,,base,0,0,0,B,2,A_runs_20260929|A_small2_20260927,A_runs_20260929,96cfd724d9e3e8647709d58bdefcc55e,1,1,0.1636,0.2765,0.5784,0.3042,0
t1d_dotatod15_base100_s46n,A,complete,shapeiou,sio_b_results.csv,100,100,91,0.16292,0.27431,0.15406,0.26155,801.732,0.001,46,42,shuffle,46,dota15_20p,/root/datasets_mask/dota15_yolo/dota15_20p.yaml,dota_pretrain.pt,640,32,100,5,t1d,,base,0,0,0,B,2,A_runs_20260929|A_small2_20260927,A_runs_20260929,15486e0511e6d7cf443ef2ef7786db72,1,1,0.164,0.2759,0.6095,0.2951,0
t1d_dotatod15_base100_s47n,A,complete,shapeiou,sio_b_results.csv,100,100,72,0.16307,0.274,0.15438,0.26042,804.531,0.001,47,42,shuffle,47,dota15_20p,/root/datasets_mask/dota15_yolo/dota15_20p.yaml,dota_pretrain.pt,640,32,100,5,t1d,,base,0,0,0,B,2,A_runs_20260929|A_small2_20260927,A_runs_20260929,a79ddbf96025287b2ced222d3c70c3ea,1,1,0.1636,0.2743,0.5739,0.2959,1
t1d_dotatod15_base100_s48n,A,complete,shapeiou,sio_b_results.csv,100,100,78,0.16345,0.27285,0.15483,0.26003,803.266,0.001,48,42,shuffle,48,dota15_20p,/root/datasets_mask/dota15_yolo/dota15_20p.yaml,dota_pretrain.pt,640,32,100,5,t1d,,base,0,0,0,B,2,A_runs_20260929|A_small2_20260927,A_runs_20260929,747e4746665a12ee04e6ea27537fd511,1,1,0.1643,0.2743,0.5859,0.2921,1
t1d_dotatod15_base100_s49n,A,complete,shapeiou,sio_b_results.csv,100,100,82,0.16211,0.2723,0.1545,0.25937,798.986,0.001,49,42,shuffle,49,dota15_20p,/root/datasets_mask/dota15_yolo/dota15_20p.yaml,dota_pretrain.pt,640,32,100,5,t1d,,base,0,0,0,,2,A_runs_20260929|A_small2_20260927,A_runs_20260929,b2ed8a354cc380d84fd1ea10915a17d9,1,1,0.1631,0.272,0.5566,0.2961,0
t1d_dotatod15_base100_s50n,A,complete,shapeiou,sio_b_results.csv,100,100,85,0.16373,0.27394,0.15393,0.26013,775.892,0.001,50,42,shuffle,50,dota15_20p,/root/datasets_mask/dota15_yolo/dota15_20p.yaml,dota_pretrain.pt,640,32,100,5,t1d,,base,0,0,0,,2,A_runs_20260929|A_small2_20260927,A_runs_20260929,c562b317fffb7b59bbc07f1d7baca6e6,1,1,0.1645,0.2767,0.5768,0.3016,0
t1d_dotatod15_base100_s51n,A,complete,shapeiou,sio_b_results.csv,100,100,87,0.16233,0.27351,0.15338,0.25994,793.603,0.001,51,42,shuffle,51,dota15_20p,/root/datasets_mask/dota15_yolo/dota15_20p.yaml,dota_pretrain.pt,640,32,100,5,t1d,,base,0,0,0,,2,A_runs_20260929|A_small2_20260927,A_runs_20260929,ee9f8c814c50cc50779b29f9e49a413f,1,1,0.1634,0.2753,0.5842,0.2983,0
t1d_dotatod15_lr005_100ep_s42n,A,complete,shapeiou,sio_b_results.csv,100,100,90,0.16868,0.28369,0.16659,0.28158,773.862,0.005,42,42,shuffle,42,dota15_20p,/root/datasets_mask/dota15_yolo/dota15_20p.yaml,dota_pretrain.pt,640,32,100,5,t1d,,lr005,0,0,0,B,2,A_runs_20260929|A_small2_20260927,A_runs_20260929,b0fc986b728cc0aa8a4cfd0475c0b200,1,1,0.1689,0.2844,0.6279,0.3034,1
t1d_dotatod15_lr005_100ep_s43n,A,complete,shapeiou,sio_b_results.csv,100,100,88,0.17106,0.28734,0.16913,0.28368,870.024,0.005,43,42,shuffle,43,dota15_20p,/root/datasets_mask/dota15_yolo/dota15_20p.yaml,dota_pretrain.pt,640,32,100,5,t1d,,lr005,0,0,0,B,2,A_runs_20260929|A_small2_20260927,A_runs_20260929,01cad91ad2d6aed0d9dc5612bcf59b6f,1,1,0.1721,0.2886,0.6418,0.3025,1
t1d_dotatod15_lr005_100ep_s44n,A,complete,shapeiou,sio_b_results.csv,100,100,76,0.16879,0.28415,0.165,0.27668,850.932,0.005,44,42,shuffle,44,dota15_20p,/root/datasets_mask/dota15_yolo/dota15_20p.yaml,dota_pretrain.pt,640,32,100,5,t1d,,lr005,0,0,0,B,2,A_runs_20260929|A_small2_20260927,A_runs_20260929,ba99bf28771029c9a0f2a2cd201c17e0,1,1,0.1693,0.2837,0.6649,0.2958,0
t1d_dotatod15_lr005_100ep_s45n,A,complete,shapeiou,sio_b_results.csv,100,100,87,0.17066,0.28784,0.16796,0.2816,818.288,0.005,45,42,shuffle,45,dota15_20p,/root/datasets_mask/dota15_yolo/dota15_20p.yaml,dota_pretrain.pt,640,32,100,5,t1d,,lr005,0,0,0,B,2,A_runs_20260929|A_small2_20260927,A_runs_20260929,cad2c4d3b3330d1d48c145837907a220,1,1,0.1708,0.2877,0.5575,0.3107,0
t1d_dotatod15_lr005_100ep_s46n,A,complete,shapeiou,sio_b_results.csv,100,100,91,0.17004,0.28482,0.16261,0.2741,804.053,0.005,46,42,shuffle,46,dota15_20p,/root/datasets_mask/dota15_yolo/dota15_20p.yaml,dota_pretrain.pt,640,32,100,5,t1d,,lr005,0,0,0,B,2,A_runs_20260929|A_small2_20260927,A_runs_20260929,38cb3021d8cbbc318f80a361e6ff9bb4,1,1,0.1708,0.2852,0.6791,0.2947,0
t1d_dotatod15_lr005_100ep_s47n,A,complete,shapeiou,sio_b_results.csv,100,100,91,0.17126,0.28631,0.16484,0.27746,796.066,0.005,47,42,shuffle,47,dota15_20p,/root/datasets_mask/dota15_yolo/dota15_20p.yaml,dota_pretrain.pt,640,32,100,5,t1d,,lr005,0,0,0,B,2,A_runs_20260929|A_small2_20260927,A_runs_20260929,4d58a267185a32d7263404d064af8486,1,1,0.1722,0.2871,0.6817,0.2945,1
t1d_dotatod15_lr005_100ep_s48n,A,complete,shapeiou,sio_b_results.csv,100,100,87,0.17068,0.28743,0.16555,0.28171,800.876,0.005,48,42,shuffle,48,dota15_20p,/root/datasets_mask/dota15_yolo/dota15_20p.yaml,dota_pretrain.pt,640,32,100,5,t1d,,lr005,0,0,0,B,2,A_runs_20260929|A_small2_20260927,A_runs_20260929,165bdc986a4df097fc8b42c9a37ff502,1,1,0.1707,0.2865,0.6678,0.2955,1
t1d_dotatod15_lr005_100ep_s49n,A,complete,shapeiou,sio_b_results.csv,100,100,87,0.16978,0.28626,0.16589,0.28177,776.349,0.005,49,42,shuffle,49,dota15_20p,/root/datasets_mask/dota15_yolo/dota15_20p.yaml,dota_pretrain.pt,640,32,100,5,t1d,,lr005,0,0,0,,2,A_runs_20260929|A_small2_20260927,A_runs_20260929,9bfeb5724635d17a923b76ba147efa34,1,1,0.1708,0.2862,0.6339,0.3037,0
t1d_dotatod15_lr005_100ep_s50n,A,complete,shapeiou,sio_b_results.csv,100,100,85,0.17,0.2834,0.16548,0.27803,774.736,0.005,50,42,shuffle,50,dota15_20p,/root/datasets_mask/dota15_yolo/dota15_20p.yaml,dota_pretrain.pt,640,32,100,5,t1d,,lr005,0,0,0,,2,A_runs_20260929|A_small2_20260927,A_runs_20260929,fc3c980bf1d734425cc6d11b6760b8ad,1,1,0.1698,0.2844,0.6391,0.2987,0
t1d_dotatod15_lr005_100ep_s51n,A,complete,shapeiou,sio_b_results.csv,100,100,83,0.17051,0.28788,0.16482,0.27787,792.564,0.005,51,42,shuffle,51,dota15_20p,/root/datasets_mask/dota15_yolo/dota15_20p.yaml,dota_pretrain.pt,640,32,100,5,t1d,,lr005,0,0,0,,2,A_runs_20260929|A_small2_20260927,A_runs_20260929,5c048eef39703b53c4f09a72f7254661,1,1,0.1716,0.2884,0.6917,0.2971,0
vis_d15_base100_s52n,A,complete,shapeiou,sio_b_results.csv,100,100,90,0.16189,0.28232,0.15578,0.26997,811.441,0.001,52,42,shuffle,52,dota15_20p_3way,/root/datasets_mask/dota15_yolo/dota15_20p_3way.yaml,visdrone_pretrain.pt,640,32,100,5,vis,,base,0,0,0,,2,A_runs_20260929|A_small2_20260927,A_runs_20260929,2cac8c3c13db2cce7987c8e77d05eccc,1,1,0.115,0.1986,0.5922,0.2186,0
vis_d15_base100_s53n,A,complete,shapeiou,sio_b_results.csv,100,100,85,0.17073,0.28708,0.16145,0.27658,801.094,0.001,53,42,shuffle,53,dota15_20p_3way,/root/datasets_mask/dota15_yolo/dota15_20p_3way.yaml,visdrone_pretrain.pt,640,32,100,5,vis,,base,0,0,0,,2,A_runs_20260929|A_small2_20260927,A_runs_20260929,f8e53fcd1213aea026fbef1adc562849,1,1,0.1172,0.2013,0.6109,0.2255,0
vis_d15_base100_s54n,A,complete,shapeiou,sio_b_results.csv,100,100,90,0.16873,0.29111,0.15471,0.26971,748.716,0.001,54,42,shuffle,54,dota15_20p_3way,/root/datasets_mask/dota15_yolo/dota15_20p_3way.yaml,visdrone_pretrain.pt,640,32,100,5,vis,,base,0,0,0,,2,A_runs_20260929|A_small2_20260927,A_runs_20260929,718872e133349beb37deeffc0e2abff8,1,1,0.1144,0.2004,0.5808,0.2212,0
vis_d15_lr005_100ep_s52n,A,complete,shapeiou,sio_b_results.csv,100,100,91,0.23354,0.39476,0.22769,0.38528,767.906,0.005,52,42,shuffle,52,dota15_20p_3way,/root/datasets_mask/dota15_yolo/dota15_20p_3way.yaml,visdrone_pretrain.pt,640,32,100,5,vis,,lr005,0,0,0,,2,A_runs_20260929|A_small2_20260927,A_runs_20260929,5997affc2fa014381e7a096092455e4c,1,1,0.1533,0.2615,0.5708,0.2788,0
vis_d15_lr005_100ep_s53n,A,complete,shapeiou,sio_b_results.csv,100,100,80,0.2335,0.39311,0.22519,0.38096,772.193,0.005,53,42,shuffle,53,dota15_20p_3way,/root/datasets_mask/dota15_yolo/dota15_20p_3way.yaml,visdrone_pretrain.pt,640,32,100,5,vis,,lr005,0,0,0,,2,A_runs_20260929|A_small2_20260927,A_runs_20260929,a22b678b42dac642672b634119cf7210,1,1,0.1473,0.2527,0.5781,0.2694,0
vis_d15_lr005_100ep_s54n,A,complete,shapeiou,sio_b_results.csv,100,100,87,0.23969,0.39718,0.22727,0.38071,732.45,0.005,54,42,shuffle,54,dota15_20p_3way,/root/datasets_mask/dota15_yolo/dota15_20p_3way.yaml,visdrone_pretrain.pt,640,32,100,5,vis,,lr005,0,0,0,,2,A_runs_20260929|A_small2_20260927,A_runs_20260929,1deb7857c79fba06e99759d3ac008c33,1,1,0.1541,0.2629,0.5711,0.2833,0
xcal_A_s42n,A,complete,shapeiou,sio_b_results.csv,20,20,19,0.41621,0.71132,0.41557,0.71123,434.756,0.001,42,42,shuffle,42,sfchd_20p_b,/root/sfchd_20p_b.yaml,y11_shwd_pretrain.pt,640,32,100,5,xcal,,,0,0,0,,2,A_runs_20260929|A_small2_20260927,A_runs_20260929,68a15bc40b98d5dba5e010cb1aabbbd9,1,1,0.4163,0.7116,0.8126,0.6511,0
_PARTIAL_y26_shwd_pretrain_054939,A,interrupted,,,30,4,4,0.41463,0.69321,0.41463,0.69321,242.714,0.001,,42,none,42,shwd_data_b,/root/shwd_data_b.yaml,yolo26n.pt,640,32,100,5,y26,,,0,1,0,,2,A_runs_20260929|A_small2_20260927,A_runs_20260929,1de88af570758ce7ed02e9d92de793fd,1,1,,,,,0
y26_sf_100ep_base_s42n,A,complete,shapeiou,sio_b_results.csv,100,100,80,0.43567,0.73382,0.41981,0.72127,2343.61,0.001,42,42,shuffle,42,sfchd_20p_b,/root/sfchd_20p_b.yaml,y26_shwd_pretrain.pt,640,32,100,5,y26,,base,0,0,0,,2,A_part2|A_runs_20260929,A_runs_20260929,4f3a230e75d4d08eb5aaef5c5b5afca1,1,1,0.4356,0.7337,0.793,0.681,0
y26_sf_100ep_base_s43n,A,complete,shapeiou,sio_b_results.csv,100,100,90,0.43389,0.73086,0.41495,0.71697,2463.55,0.001,43,42,shuffle,43,sfchd_20p_b,/root/sfchd_20p_b.yaml,y26_shwd_pretrain.pt,640,32,100,5,y26,,base,0,0,0,,1,A_runs_20260929,A_runs_20260929,393b7f70c84254c49d8dd32e9a50fcd4,1,1,0.434,0.7309,0.8,0.6691,0
y26_sf_100ep_base_s44n,A,complete,shapeiou,sio_b_results.csv,100,100,87,0.43601,0.73543,0.4216,0.72386,2706.7,0.001,44,42,shuffle,44,sfchd_20p_b,/root/sfchd_20p_b.yaml,y26_shwd_pretrain.pt,640,32,100,5,y26,,base,0,0,0,,1,A_runs_20260929,A_runs_20260929,67c0dc7b54a69e79c00b26ec423030cc,1,1,0.4362,0.7354,0.8242,0.6645,0
y26_sf_100ep_lr005_s42n,A,complete,shapeiou,sio_b_results.csv,100,100,90,0.45039,0.75348,0.44307,0.74033,2332.82,0.005,42,42,shuffle,42,sfchd_20p_b,/root/sfchd_20p_b.yaml,y26_shwd_pretrain.pt,640,32,100,5,y26,,lr005,0,0,0,,1,A_runs_20260929,A_runs_20260929,334525f0ccbc7990a869b66b6bcbeb5c,1,1,0.4503,0.7532,0.8463,0.7,0
y26_sf_100ep_lr005_s43n,A,complete,shapeiou,sio_b_results.csv,100,100,89,0.45014,0.74959,0.44251,0.74418,2464.3,0.005,43,42,shuffle,43,sfchd_20p_b,/root/sfchd_20p_b.yaml,y26_shwd_pretrain.pt,640,32,100,5,y26,,lr005,0,0,0,,1,A_runs_20260929,A_runs_20260929,b056d0d49bdca30d67367dc3cf5aa0a6,1,1,0.4503,0.7495,0.8258,0.6969,0
y26_sf_100ep_lr005_s44n,A,complete,shapeiou,sio_b_results.csv,100,100,90,0.44996,0.75004,0.44713,0.74433,2805.58,0.005,44,42,shuffle,44,sfchd_20p_b,/root/sfchd_20p_b.yaml,y26_shwd_pretrain.pt,640,32,100,5,y26,,lr005,0,0,0,,1,A_runs_20260929,A_runs_20260929,f77ca78a8c525ee1a8bf28ee7bdc7e17,1,1,0.4499,0.7503,0.8207,0.71,0
y26_sf_30ep_base_s42n,A,complete,shapeiou,sio_b_results.csv,30,30,28,0.39746,0.68738,0.39624,0.6879,762.026,0.001,42,42,shuffle,42,sfchd_20p_b,/root/sfchd_20p_b.yaml,y26_shwd_pretrain.pt,640,32,100,5,y26,,base,0,0,0,,1,A_runs_20260929,A_runs_20260929,47962164db19b3cf4c06eebb57f5696e,1,1,0.3974,0.6874,0.7742,0.6267,0
y26_sf_30ep_base_s43n,A,complete,shapeiou,sio_b_results.csv,30,30,20,0.39992,0.69098,0.39409,0.68726,1223.13,0.001,43,42,shuffle,43,sfchd_20p_b,/root/sfchd_20p_b.yaml,y26_shwd_pretrain.pt,640,32,100,5,y26,,base,0,0,0,,1,A_runs_20260929,A_runs_20260929,75813a8012bf472412f3c6af213d5a97,1,1,0.3999,0.6911,0.7927,0.6232,0
y26_sf_30ep_base_s44n,A,complete,shapeiou,sio_b_results.csv,30,30,30,0.39638,0.69418,0.39638,0.69418,755.829,0.001,44,42,shuffle,44,sfchd_20p_b,/root/sfchd_20p_b.yaml,y26_shwd_pretrain.pt,640,32,100,5,y26,,base,0,0,0,,2,A_part2|A_runs_20260929,A_runs_20260929,8e0a3b66740c1f83cdcfcc38e482260c,1,1,0.3962,0.6941,0.7763,0.6288,0
y26_sf_30ep_lr005_s42n,A,complete,shapeiou,sio_b_results.csv,30,30,28,0.42777,0.72168,0.42617,0.72518,847.089,0.005,42,42,shuffle,42,sfchd_20p_b,/root/sfchd_20p_b.yaml,y26_shwd_pretrain.pt,640,32,100,5,y26,,lr005,0,0,0,,1,A_runs_20260929,A_runs_20260929,7fc1850cd6fded32bfb0034aa6b29b4d,1,1,0.4279,0.7216,0.8152,0.6635,0
y26_sf_30ep_lr005_s43n,A,complete,shapeiou,sio_b_results.csv,30,30,30,0.42549,0.72225,0.42549,0.72225,700.082,0.005,43,42,shuffle,43,sfchd_20p_b,/root/sfchd_20p_b.yaml,y26_shwd_pretrain.pt,640,32,100,5,y26,,lr005,0,0,0,,1,A_runs_20260929,A_runs_20260929,50f300e7cc204afa5789dd645739a983,1,1,0.4256,0.7222,0.8065,0.6673,0
y26_sf_30ep_lr005_s44n,A,complete,shapeiou,sio_b_results.csv,30,30,30,0.41978,0.72026,0.41978,0.72026,742.862,0.005,44,42,shuffle,44,sfchd_20p_b,/root/sfchd_20p_b.yaml,y26_shwd_pretrain.pt,640,32,100,5,y26,,lr005,0,0,0,,1,A_runs_20260929,A_runs_20260929,616fe964c2e77078679625711d27e8db,1,1,0.4198,0.7203,0.8093,0.6629,0
y26_shwd_pretrain,A,complete,shapeiou,sio_b_results.csv,30,30,29,0.55119,0.88301,0.55086,0.88317,1682.76,0.001,,42,none,42,shwd_data_b,/root/shwd_data_b.yaml,yolo26n.pt,640,32,100,5,y26,,,0,0,0,,2,A_runs_20260929|A_small2_20260927,A_runs_20260929,8f0f14f06f9400b1a17a47df9ae0613b,1,1,0.551,0.8832,0.858,0.8009,0
a2d15_base100_s42n,B,complete,shapeiou,sio_b_results.csv,100,100,91,0.11762,0.20176,0.11037,0.19195,734.593,0.001,42,42,shuffle,42,dota15_20p,/root/datasets_mask/dota15_yolo/dota15_20p.yaml,aitod_pretrain.pt,640,32,100,1000,a2d15,,base,0,0,0,,1,B_csv_20260930,B_csv_20260930,2ca6279929bb16e37588716261ebfb34,1,0,0.1182,0.2031,0.7294,0.2186,0
a2d15_base100_s43n,B,complete,shapeiou,sio_b_results.csv,100,100,88,0.11941,0.206,0.11286,0.19696,732.758,0.001,43,42,shuffle,43,dota15_20p,/root/datasets_mask/dota15_yolo/dota15_20p.yaml,aitod_pretrain.pt,640,32,100,1000,a2d15,,base,0,0,0,,1,B_csv_20260930,B_csv_20260930,a90d563ab085b40f17e9556ac0c7dcee,1,0,0.1197,0.2073,0.7504,0.2183,0
a2d15_base100_s44n,B,complete,shapeiou,sio_b_results.csv,100,100,88,0.11853,0.20522,0.11374,0.19691,716.007,0.001,44,42,shuffle,44,dota15_20p,/root/datasets_mask/dota15_yolo/dota15_20p.yaml,aitod_pretrain.pt,640,32,100,1000,a2d15,,base,0,0,0,,1,B_csv_20260930,B_csv_20260930,febb6416670e8112cb43d2f140694959,1,0,0.1186,0.2054,0.7391,0.2139,0
a2d15_base100_s45n,B,complete,shapeiou,sio_b_results.csv,100,100,88,0.11598,0.20044,0.11038,0.19217,783.762,0.001,45,42,shuffle,45,dota15_20p,/root/datasets_mask/dota15_yolo/dota15_20p.yaml,aitod_pretrain.pt,640,32,100,1000,a2d15,,base,0,0,0,,1,B_csv_20260930,B_csv_20260930,31a08cb676a8bc9f27af258520f5ce1c,1,0,0.1161,0.2011,0.7534,0.216,0
a2d15_base100_s46n,B,complete,shapeiou,sio_b_results.csv,100,100,83,0.11969,0.20553,0.11423,0.19848,730.612,0.001,46,42,shuffle,46,dota15_20p,/root/datasets_mask/dota15_yolo/dota15_20p.yaml,aitod_pretrain.pt,640,32,100,1000,a2d15,,base,0,0,0,,1,B_csv_20260930,B_csv_20260930,bb27228c675f16d01f75968ec540ba4a,1,0,0.1203,0.2066,0.7416,0.2202,0
a2d15_base100_s47n,B,complete,shapeiou,sio_b_results.csv,100,100,87,0.11634,0.20066,0.10921,0.19,744.382,0.001,47,42,shuffle,47,dota15_20p,/root/datasets_mask/dota15_yolo/dota15_20p.yaml,aitod_pretrain.pt,640,32,100,1000,a2d15,,base,0,0,0,,1,B_csv_20260930,B_csv_20260930,23a98af5dd48d0184bf65db82f1199de,1,0,0.1167,0.2016,0.748,0.2164,0
a2d15_base100_s48n,B,complete,shapeiou,sio_b_results.csv,100,100,90,0.11832,0.20505,0.11415,0.19728,742.101,0.001,48,42,shuffle,48,dota15_20p,/root/datasets_mask/dota15_yolo/dota15_20p.yaml,aitod_pretrain.pt,640,32,100,1000,a2d15,,base,0,0,0,,1,B_csv_20260930,B_csv_20260930,678eb4c99c24a0b00f61abae656a0f3f,1,0,0.1188,0.2059,0.7529,0.2134,0
a2d15_base100_s49n,B,complete,shapeiou,sio_b_results.csv,100,100,91,0.11721,0.20225,0.11328,0.19667,724.904,0.001,49,42,shuffle,49,dota15_20p,/root/datasets_mask/dota15_yolo/dota15_20p.yaml,aitod_pretrain.pt,640,32,100,1000,a2d15,,base,0,0,0,,1,B_csv_20260930,B_csv_20260930,3f640f36d0e89256d1525141b06d76f6,1,0,0.1174,0.2024,0.738,0.2162,0
a2d15_base100_s50n,B,complete,shapeiou,sio_b_results.csv,100,100,91,0.11846,0.20201,0.11383,0.19641,735.333,0.001,50,42,shuffle,50,dota15_20p,/root/datasets_mask/dota15_yolo/dota15_20p.yaml,aitod_pretrain.pt,640,32,100,1000,a2d15,,base,0,0,0,,1,B_csv_20260930,B_csv_20260930,7a391b5a0bc30f09aec1ec624b239fb6,1,0,0.1182,0.2028,0.7521,0.2202,0
a2d15_base100_s51n,B,complete,shapeiou,sio_b_results.csv,100,100,87,0.11868,0.2048,0.11477,0.19966,775.477,0.001,51,42,shuffle,51,dota15_20p,/root/datasets_mask/dota15_yolo/dota15_20p.yaml,aitod_pretrain.pt,640,32,100,1000,a2d15,,base,0,0,0,,1,B_csv_20260930,B_csv_20260930,228112e7bf5bbd7e352aef09cf69283b,1,0,0.1191,0.2056,0.7497,0.213,0
a2d15_lr005_100ep_s42n,B,complete,shapeiou,sio_b_results.csv,100,100,89,0.15455,0.2632,0.14971,0.25721,760.559,0.005,42,42,shuffle,42,dota15_20p,/root/datasets_mask/dota15_yolo/dota15_20p.yaml,aitod_pretrain.pt,640,32,100,1000,a2d15,,lr005,0,0,0,,1,B_csv_20260930,B_csv_20260930,dfa7099a52943a20b936498eae4284cc,1,0,0.1534,0.2634,0.6149,0.2804,0
a2d15_lr005_100ep_s43n,B,complete,shapeiou,sio_b_results.csv,100,100,88,0.15589,0.26574,0.15145,0.26033,762.809,0.005,43,42,shuffle,43,dota15_20p,/root/datasets_mask/dota15_yolo/dota15_20p.yaml,aitod_pretrain.pt,640,32,100,1000,a2d15,,lr005,0,0,0,,1,B_csv_20260930,B_csv_20260930,90c24c7ff7c94004efa3d2f823d05cbb,1,0,0.1564,0.2672,0.6024,0.2876,0
a2d15_lr005_100ep_s44n,B,complete,shapeiou,sio_b_results.csv,100,100,93,0.15337,0.25936,0.15325,0.2595,743.397,0.005,44,42,shuffle,44,dota15_20p,/root/datasets_mask/dota15_yolo/dota15_20p.yaml,aitod_pretrain.pt,640,32,100,1000,a2d15,,lr005,0,0,0,,1,B_csv_20260930,B_csv_20260930,bcd1075bc20d0205f9fcdcdf868989f1,1,0,0.1531,0.2605,0.6057,0.2722,0
a2d15_lr005_100ep_s45n,B,complete,shapeiou,sio_b_results.csv,100,100,100,0.15169,0.2606,0.15169,0.2606,844.475,0.005,45,42,shuffle,45,dota15_20p,/root/datasets_mask/dota15_yolo/dota15_20p.yaml,aitod_pretrain.pt,640,32,100,1000,a2d15,,lr005,0,0,0,,1,B_csv_20260930,B_csv_20260930,9f7b918f98662a4a74b85ed1594a3627,1,0,0.1514,0.262,0.5949,0.2845,0
a2d15_lr005_100ep_s46n,B,complete,shapeiou,sio_b_results.csv,100,100,78,0.15269,0.26463,0.15047,0.26024,766.441,0.005,46,42,shuffle,46,dota15_20p,/root/datasets_mask/dota15_yolo/dota15_20p.yaml,aitod_pretrain.pt,640,32,100,1000,a2d15,,lr005,0,0,0,,1,B_csv_20260930,B_csv_20260930,ac691926c2e8f1d0e0654aee9b2da899,1,0,0.1522,0.2641,0.5785,0.2824,0
a2d15_lr005_100ep_s47n,B,complete,shapeiou,sio_b_results.csv,100,100,91,0.15591,0.26654,0.15293,0.26349,778.042,0.005,47,42,shuffle,47,dota15_20p,/root/datasets_mask/dota15_yolo/dota15_20p.yaml,aitod_pretrain.pt,640,32,100,1000,a2d15,,lr005,0,0,0,,1,B_csv_20260930,B_csv_20260930,df7a9409626c1327adc2ba569b31a482,1,0,0.1558,0.2685,0.5944,0.2865,0
a2d15_lr005_100ep_s48n,B,complete,shapeiou,sio_b_results.csv,100,100,90,0.15351,0.26245,0.14861,0.25722,774.986,0.005,48,42,shuffle,48,dota15_20p,/root/datasets_mask/dota15_yolo/dota15_20p.yaml,aitod_pretrain.pt,640,32,100,1000,a2d15,,lr005,0,0,0,,1,B_csv_20260930,B_csv_20260930,e78ae5fe620956c9f242af7bb0312f53,1,0,0.1532,0.2636,0.5699,0.2842,0
a2d15_lr005_100ep_s49n,B,complete,shapeiou,sio_b_results.csv,100,100,91,0.15378,0.26479,0.15201,0.2639,753.276,0.005,49,42,shuffle,49,dota15_20p,/root/datasets_mask/dota15_yolo/dota15_20p.yaml,aitod_pretrain.pt,640,32,100,1000,a2d15,,lr005,0,0,0,,1,B_csv_20260930,B_csv_20260930,808b9b6d2f82e1f889031c9dbec65f93,1,0,0.1535,0.2661,0.6201,0.282,0
a2d15_lr005_100ep_s50n,B,complete,shapeiou,sio_b_results.csv,100,100,91,0.15419,0.26364,0.15217,0.26033,771.527,0.005,50,42,shuffle,50,dota15_20p,/root/datasets_mask/dota15_yolo/dota15_20p.yaml,aitod_pretrain.pt,640,32,100,1000,a2d15,,lr005,0,0,0,,1,B_csv_20260930,B_csv_20260930,cb29a126f3863c0a77674ae394b671f4,1,0,0.1543,0.2647,0.6069,0.2832,0
a2d15_lr005_100ep_s51n,B,complete,shapeiou,sio_b_results.csv,100,100,86,0.15457,0.26671,0.15162,0.26083,803.382,0.005,51,42,shuffle,51,dota15_20p,/root/datasets_mask/dota15_yolo/dota15_20p.yaml,aitod_pretrain.pt,640,32,100,1000,a2d15,,lr005,0,0,0,,1,B_csv_20260930,B_csv_20260930,970ec8ba5414f8381cb231545f6f46b1,1,0,0.1538,0.2653,0.6331,0.2807,0
a5_base_aug101_s42n,B,complete,,,100,100,76,0.43832,0.73388,0.42916,0.72459,4283.82,0.001,42,42,shuffle,42,sfchd_20p_b,/root/sfchd_20p_b.yaml,shwd2sf_pretrain.pt,640,32,100,5,a5,,base,0,0,0,,1,B_csv_20260930,B_csv_20260930,5e45816decb23a505c73bdefead2f9fe,1,0,,,,,0
a5_base_aug202_s42n,B,complete,,,100,100,83,0.43949,0.73562,0.43199,0.73037,4324.36,0.001,42,42,shuffle,42,sfchd_20p_b,/root/sfchd_20p_b.yaml,shwd2sf_pretrain.pt,640,32,100,5,a5,,base,0,0,0,,1,B_csv_20260930,B_csv_20260930,8f258042189f19cbbcfc8dd04293736c,1,0,,,,,0
a5_base_aug303_s42n,B,complete,,,100,100,77,0.43774,0.73755,0.42964,0.72174,4327.7,0.001,42,42,shuffle,42,sfchd_20p_b,/root/sfchd_20p_b.yaml,shwd2sf_pretrain.pt,640,32,100,5,a5,,base,0,0,0,,1,B_csv_20260930,B_csv_20260930,883f419fbf08ebf537567b464eb43ec5,1,0,,,,,0
a5_lr005_aug101_s42n,B,complete,,,100,100,87,0.44532,0.73718,0.43977,0.73355,4292.86,0.005,42,42,shuffle,42,sfchd_20p_b,/root/sfchd_20p_b.yaml,shwd2sf_pretrain.pt,640,32,100,5,a5,,lr005,0,0,0,,1,B_csv_20260930,B_csv_20260930,e8656829d9684f3c460f90cf0c7cb482,1,0,,,,,0
aitod_base100,B,complete,shapeiou,sio_b_results.csv,100,100,2,0.10779,0.26375,0.10566,0.25801,2530.0,0.001,,42,none,42,aitod_20p,/root/datasets/AI-TOD_yolo/aitod_20p.yaml,aitod_pretrain.pt,640,32,100,5,aitod,,base,0,0,0,,1,B_csv_20260930,B_csv_20260930,339700064af424e29985962cc0960f37,1,0,0.108,0.2637,0.6104,0.2674,0
aitod_base30,B,complete,shapeiou,sio_b_results.csv,30,30,27,0.10879,0.26447,0.10847,0.26163,765.022,0.001,,42,none,42,aitod_20p,/root/datasets/AI-TOD_yolo/aitod_20p.yaml,aitod_pretrain.pt,640,32,100,5,aitod,,base,0,0,0,,1,B_csv_20260930,B_csv_20260930,c3f21f7c20d35dab60aa2fb40ccdfe80,1,0,0.1088,0.2644,0.6044,0.2726,0
aitod_lr005_30ep,B,complete,shapeiou,sio_b_results.csv,30,30,30,0.10042,0.24686,0.10042,0.24686,796.816,0.005,,42,none,42,aitod_20p,/root/datasets/AI-TOD_yolo/aitod_20p.yaml,aitod_pretrain.pt,640,32,100,5,aitod,,lr005,0,0,0,,1,B_csv_20260930,B_csv_20260930,c2f1ddc7d1fb31bc7e8dc770e1984876,1,0,0.1005,0.2469,0.3383,0.2545,0
aitod_pretrain,B,complete,shapeiou,sio_b_results.csv,30,30,29,0.10863,0.26641,0.10775,0.26597,2159.21,0.001,,42,none,42,data,/root/datasets/AI-TOD_yolo/data.yaml,yolo12n.pt,640,32,100,5,aitod,,,0,0,0,,1,B_csv_20260930,B_csv_20260930,1a6612114d69bfb0ac8895655ded521b,1,0,0.1087,0.2672,0.59,0.2786,0
aitod_pws_30ep,B,complete,pws,sio_b_results.csv,30,30,27,0.1086,0.26306,0.10735,0.26198,769.657,0.001,,42,none,42,aitod_20p,/root/datasets/AI-TOD_yolo/aitod_20p.yaml,aitod_pretrain.pt,640,32,100,5,aitod,,,0,0,0,,1,B_csv_20260930,B_csv_20260930,b1e1a1b9de8dcb743d523efd3fd3acde,1,0,0.1085,0.2631,0.3657,0.2684,0
aitod_sns_30ep,B,complete,sns,sio_b_results.csv,30,30,27,0.10886,0.26331,0.10818,0.26199,761.89,0.001,,42,none,42,aitod_20p,/root/datasets/AI-TOD_yolo/aitod_20p.yaml,aitod_pretrain.pt,640,32,100,5,aitod,,,0,0,0,,1,B_csv_20260930,B_csv_20260930,816ed41882748c53dbca44feacfea109,1,0,0.1089,0.2634,0.485,0.2673,0
amod_ADown_30ep_s42n,B,complete,shapeiou,sio_b_results.csv,30,30,30,0.42581,0.72018,0.42581,0.72018,799.02,0.001,42,42,shuffle,42,sfchd_20p_b,/root/sfchd_20p_b.yaml,shapeiou_fusion_best.pt,640,32,100,1000,amod,,,0,0,0,,1,B_csv_20260930,B_csv_20260930,700bdf2ca8178004fe9448642ad89659,1,0,0.4256,0.7202,0.8457,0.6566,0
amod_C2fEMA_v2_30ep_s43n,B,complete,shapeiou,sio_b_results.csv,30,30,29,0.43143,0.72925,0.4313,0.73166,782.998,0.001,43,42,shuffle,43,sfchd_20p_b,/root/sfchd_20p_b.yaml,shapeiou_fusion_best.pt,640,32,100,1000,amod,,,0,0,0,,1,B_csv_20260930,B_csv_20260930,1243655aff97a5eafb8183cb2bf0c1a6,1,0,0.4314,0.7293,0.8531,0.6659,0
amod_C2fEMA_v2_30ep_s44n,B,complete,shapeiou,sio_b_results.csv,30,30,30,0.43232,0.73251,0.43232,0.73251,790.808,0.001,44,42,shuffle,44,sfchd_20p_b,/root/sfchd_20p_b.yaml,shapeiou_fusion_best.pt,640,32,100,1000,amod,,,0,0,0,,1,B_csv_20260930,B_csv_20260930,111a147faf82fd31384b5a105e7f2608,1,0,0.4324,0.7326,0.841,0.6745,0
amod_GSConv_30ep_s42n,B,complete,shapeiou,sio_b_results.csv,30,30,30,0.42673,0.72161,0.42673,0.72161,754.901,0.001,42,42,shuffle,42,sfchd_20p_b,/root/sfchd_20p_b.yaml,shapeiou_fusion_best.pt,640,32,100,1000,amod,,,0,0,0,,1,B_csv_20260930,B_csv_20260930,68440fba46c7f8c5bb7357499213a905,1,0,0.4267,0.7215,0.8187,0.6704,0
amod_SE_NK_v2_30ep_s42n,B,complete,shapeiou,sio_b_results.csv,30,30,30,0.42995,0.72992,0.42995,0.72992,784.786,0.001,42,42,shuffle,42,sfchd_20p_b,/root/sfchd_20p_b.yaml,shapeiou_fusion_best.pt,640,32,100,1000,amod,,,0,0,0,,1,B_csv_20260930,B_csv_20260930,66aac94a600ced773e0b8e2e14bc73e1,1,0,0.4299,0.7299,0.8215,0.6761,0
amod_SE_NK_v4_30ep_s42n,B,complete,shapeiou,sio_b_results.csv,30,30,30,0.43077,0.73408,0.43077,0.73408,757.448,0.001,42,42,shuffle,42,sfchd_20p_b,/root/sfchd_20p_b.yaml,shapeiou_fusion_best.pt,640,32,100,1000,amod,,,0,0,0,,1,B_csv_20260930,B_csv_20260930,5296951ed5350e4278a896acf244e4cf,1,0,0.4307,0.734,0.8207,0.6803,0
amod_SE_v2_30ep_s43n,B,complete,shapeiou,sio_b_results.csv,30,30,30,0.43111,0.72847,0.43111,0.72847,788.259,0.001,43,42,shuffle,43,sfchd_20p_b,/root/sfchd_20p_b.yaml,shapeiou_fusion_best.pt,640,32,100,1000,amod,,,0,0,0,,1,B_csv_20260930,B_csv_20260930,8672370daaa463a9e6e7cea51435fec3,1,0,0.4309,0.7284,0.812,0.6782,0
amod_SE_v2_30ep_s44n,B,complete,shapeiou,sio_b_results.csv,30,30,30,0.43278,0.73556,0.43278,0.73556,787.773,0.001,44,42,shuffle,44,sfchd_20p_b,/root/sfchd_20p_b.yaml,shapeiou_fusion_best.pt,640,32,100,1000,amod,,,0,0,0,,1,B_csv_20260930,B_csv_20260930,dedb848080d4681be24536cf4eb020ec,1,0,0.4326,0.7356,0.84,0.6767,0
amod_base_30ep_s42n,B,complete,shapeiou,sio_b_results.csv,30,30,30,0.42995,0.72992,0.42995,0.72992,733.003,0.001,42,42,shuffle,42,sfchd_20p_b,/root/sfchd_20p_b.yaml,shapeiou_fusion_best.pt,640,32,100,1000,amod,,base,0,0,0,,1,B_csv_20260930,B_csv_20260930,c02b71c90de27c433469842c4633c852,1,0,0.4299,0.7299,0.8215,0.6761,0
b2_smoke2sf_base100_s42n,B,complete,shapeiou,sio_b_results.csv,100,100,82,0.42137,0.72021,0.41512,0.71165,4696.75,0.001,42,42,shuffle,42,sfchd_20p_b,/root/sfchd_20p_b.yaml,smoke_pretrain.pt,640,32,100,5,b2,,base,0,0,0,,1,B_csv_20260930,B_csv_20260930,e83f903fa0746694e165e4bd8c71f48c,1,0,0.4213,0.7203,0.8218,0.6708,0
b2_smoke2sf_base100_s43n,B,complete,shapeiou,sio_b_results.csv,100,100,88,0.41907,0.71926,0.41197,0.71403,4392.18,0.001,43,42,shuffle,43,sfchd_20p_b,/root/sfchd_20p_b.yaml,smoke_pretrain.pt,640,32,100,5,b2,,base,0,0,0,,1,B_csv_20260930,B_csv_20260930,26df1a91b9a40bcde99a9676d87816f5,1,0,0.4193,0.7194,0.8274,0.679,0
b2_smoke2sf_base100_s44n,B,complete,shapeiou,sio_b_results.csv,100,100,88,0.42268,0.71857,0.41617,0.7126,4962.6,0.001,44,42,shuffle,44,sfchd_20p_b,/root/sfchd_20p_b.yaml,smoke_pretrain.pt,640,32,100,5,b2,,base,0,0,0,,1,B_csv_20260930,B_csv_20260930,14d4ce6b27e6f176568d42cf67d4a58e,1,0,0.4226,0.7186,0.8211,0.6717,0
b2_smoke2sf_base100_s44n.incomplete_20260923_072315,B,archive_snapshot,shapeiou,sio_b_results.csv,100,76,71,0.42058,0.72204,0.414,0.71696,4993.68,0.001,44,42,shuffle,44,sfchd_20p_b,/root/sfchd_20p_b.yaml,smoke_pretrain.pt,640,32,100,5,b2,,base,0,0,1,,1,B_csv_20260930,B_csv_20260930,8f768c2ce55718a796242c69a8debcd8,1,0,0.4226,0.7186,0.8211,0.6717,0
b2_smoke2sf_base100_s45n,B,complete,shapeiou,sio_b_results.csv,100,100,67,0.4196,0.71668,0.4168,0.71257,4610.54,0.001,45,42,shuffle,45,sfchd_20p_b,/root/sfchd_20p_b.yaml,smoke_pretrain.pt,640,32,100,5,b2,,base,0,0,0,,1,B_csv_20260930,B_csv_20260930,d3d70ea00bce86d1b822e7fb8c34602a,1,0,0.4195,0.7166,0.8134,0.6672,0
b2_smoke2sf_base100_s45n.incomplete_20260923_072315,B,archive_snapshot,shapeiou,sio_b_results.csv,100,72,67,0.4196,0.71668,0.41354,0.71186,4993.14,0.001,45,42,shuffle,45,sfchd_20p_b,/root/sfchd_20p_b.yaml,smoke_pretrain.pt,640,32,100,5,b2,,base,0,0,1,,1,B_csv_20260930,B_csv_20260930,af5442e458e59e46ca9560595f997df5,1,0,0.4195,0.7166,0.8134,0.6672,0
b2_smoke2sf_base100_s46n,B,complete,shapeiou,sio_b_results.csv,100,100,76,0.41961,0.72169,0.41536,0.71944,3111.84,0.001,46,42,shuffle,46,sfchd_20p_b,/root/sfchd_20p_b.yaml,smoke_pretrain.pt,640,32,100,5,b2,,base,0,0,0,,1,B_csv_20260930,B_csv_20260930,a2c5a52555cf8cc23bf4a192864badca,1,0,0.4196,0.7217,0.8065,0.6813,0
b2_smoke2sf_base100_s47n,B,complete,shapeiou,sio_b_results.csv,100,100,86,0.42201,0.72217,0.41478,0.71305,5529.72,0.001,47,42,shuffle,47,sfchd_20p_b,/root/sfchd_20p_b.yaml,smoke_pretrain.pt,640,32,100,5,b2,,base,0,0,0,,1,B_csv_20260930,B_csv_20260930,a0a64159b5e900d1639b5f93100a2e0d,1,0,0.4221,0.7223,0.8294,0.6757,0
b2_smoke2sf_base100_s48n,B,complete,shapeiou,sio_b_results.csv,100,100,87,0.42204,0.71722,0.41521,0.71336,5911.15,0.001,48,42,shuffle,48,sfchd_20p_b,/root/sfchd_20p_b.yaml,smoke_pretrain.pt,640,32,100,5,b2,,base,0,0,0,,1,B_csv_20260930,B_csv_20260930,70f103c7b640c05b425de7e637afb536,1,0,0.4221,0.7176,0.7919,0.68,0
b2_smoke2sf_base100_s49n,B,complete,shapeiou,sio_b_results.csv,100,100,78,0.42428,0.72503,0.41602,0.71617,4914.84,0.001,49,42,shuffle,49,sfchd_20p_b,/root/sfchd_20p_b.yaml,smoke_pretrain.pt,640,32,100,5,b2,,base,0,0,0,,1,B_csv_20260930,B_csv_20260930,100b2ea366bd02e728bb20e42f9f0c2f,1,0,0.4244,0.7251,0.8045,0.6813,0
b2_smoke2sf_base100_s50n,B,complete,shapeiou,sio_b_results.csv,100,100,86,0.42155,0.71718,0.41318,0.70902,4091.15,0.001,50,42,shuffle,50,sfchd_20p_b,/root/sfchd_20p_b.yaml,smoke_pretrain.pt,640,32,100,5,b2,,base,0,0,0,,1,B_csv_20260930,B_csv_20260930,5e9be7d347b42e485e41a7c25b83793f,1,0,0.4215,0.7171,0.7832,0.6861,0
b2_smoke2sf_base100_s51n,B,complete,shapeiou,sio_b_results.csv,100,100,79,0.42362,0.71752,0.41006,0.70571,2687.48,0.001,51,42,shuffle,51,sfchd_20p_b,/root/sfchd_20p_b.yaml,smoke_pretrain.pt,640,32,100,5,b2,,base,0,0,0,,1,B_csv_20260930,B_csv_20260930,b9281b68ce8fe1e53d036cbe1e80aacd,1,0,0.4238,0.7176,0.8028,0.6819,0
b2_smoke2sf_base200_s42n,B,interrupted,shapeiou,sio_b_results.csv,200,199,154,0.42497,0.71896,0.41512,0.70988,9970.78,0.001,42,42,shuffle,42,sfchd_20p_b,/root/sfchd_20p_b.yaml,smoke_pretrain.pt,640,32,100,5,b2,,base,0,0,0,A,1,B_csv_20260930,B_csv_20260930,b3ba6c7292cf57d051a243b94945fbdf,1,0,0.4248,0.7188,0.8215,0.682,0
b2_smoke2sf_base200_s42n.incomplete_20260923_180301,B,archive_snapshot,shapeiou,sio_b_results.csv,200,83,81,0.42041,0.71935,0.41634,0.71434,3692.28,0.001,42,42,shuffle,42,sfchd_20p_b,/root/sfchd_20p_b.yaml,smoke_pretrain.pt,640,32,100,5,b2,,base,0,0,1,A,1,B_csv_20260930,B_csv_20260930,c8de1dfc88c7475cbf8b74c999abfee5,1,0,0.4248,0.7188,0.8215,0.682,0
b2_smoke2sf_base200_s42n.incomplete_20260923_180524,B,archive_snapshot,shapeiou,sio_b_results.csv,200,1,1,0.05664,0.11403,0.05664,0.11403,77.5953,0.001,42,42,shuffle,42,sfchd_20p_b,/root/sfchd_20p_b.yaml,smoke_pretrain.pt,640,32,100,5,b2,,base,0,0,1,A,1,B_csv_20260930,B_csv_20260930,946ef6e8b1de7c9f97ce5acd52613ab9,1,0,0.4248,0.7188,0.8215,0.682,0
b2_smoke2sf_base200_s43n,B,interrupted,shapeiou,sio_b_results.csv,200,199,129,0.42214,0.72135,0.40977,0.70512,10008.2,0.001,43,42,shuffle,43,sfchd_20p_b,/root/sfchd_20p_b.yaml,smoke_pretrain.pt,640,32,100,5,b2,,base,0,0,0,A,1,B_csv_20260930,B_csv_20260930,202192133708f48751f6a115abc78fa1,1,0,0.4221,0.7214,0.8233,0.6823,0
b2_smoke2sf_base200_s43n.incomplete_20260923_180301,B,archive_snapshot,shapeiou,sio_b_results.csv,200,80,79,0.41921,0.71702,0.41134,0.70758,3670.02,0.001,43,42,shuffle,43,sfchd_20p_b,/root/sfchd_20p_b.yaml,smoke_pretrain.pt,640,32,100,5,b2,,base,0,0,1,A,1,B_csv_20260930,B_csv_20260930,ec8e8d36c927c3d76d8535ff2554a3ee,1,0,0.4221,0.7214,0.8233,0.6823,0
b2_smoke2sf_base200_s43n.incomplete_20260923_180524,B,archive_snapshot,shapeiou,sio_b_results.csv,200,1,1,0.05904,0.1171,0.05904,0.1171,73.4578,0.001,43,42,shuffle,43,sfchd_20p_b,/root/sfchd_20p_b.yaml,smoke_pretrain.pt,640,32,100,5,b2,,base,0,0,1,A,1,B_csv_20260930,B_csv_20260930,2eab4b3f19dfe55fda6255e5a50cf261,1,0,0.4221,0.7214,0.8233,0.6823,0
b2_smoke2sf_base200_s44n,B,complete,shapeiou,sio_b_results.csv,200,200,141,0.42733,0.72647,0.41618,0.71244,8676.69,0.001,44,42,shuffle,44,sfchd_20p_b,/root/sfchd_20p_b.yaml,smoke_pretrain.pt,640,32,100,5,b2,,base,0,0,0,A,1,B_csv_20260930,B_csv_20260930,11df76e476e28065e73689c0e94fe193,1,0,0.4274,0.7265,0.8374,0.6829,0
b2_smoke2sf_base200_s45n,B,complete,shapeiou,sio_b_results.csv,200,200,162,0.42424,0.72185,0.41312,0.70962,9276.18,0.001,45,42,shuffle,45,sfchd_20p_b,/root/sfchd_20p_b.yaml,smoke_pretrain.pt,640,32,100,5,b2,,base,0,0,0,A,1,B_csv_20260930,B_csv_20260930,1006329c982772f7aa72963f1db6ae54,1,0,0.4242,0.7219,0.8091,0.6852,0
b2_smoke2sf_base200_s46n,B,complete,shapeiou,sio_b_results.csv,200,200,153,0.42573,0.71945,0.41647,0.71486,5338.66,0.001,46,42,shuffle,46,sfchd_20p_b,/root/sfchd_20p_b.yaml,smoke_pretrain.pt,640,32,100,5,b2,,base,0,0,0,A,1,B_csv_20260930,B_csv_20260930,231a509bf16d909f15e8ddfdc8368fda,1,0,0.4256,0.7192,0.8327,0.6733,0
b2_smoke2sf_base200_s47n,B,complete,shapeiou,sio_b_results.csv,200,200,122,0.42245,0.71705,0.41333,0.70584,9764.93,0.001,47,42,shuffle,47,sfchd_20p_b,/root/sfchd_20p_b.yaml,smoke_pretrain.pt,640,32,100,5,b2,,base,0,0,0,A,1,B_csv_20260930,B_csv_20260930,7aafe5da5d1aa8087371ffdec2f99830,1,0,0.4223,0.717,0.8111,0.6812,0
b2_smoke2sf_base200_s48n,B,complete,shapeiou,sio_b_results.csv,200,200,123,0.42636,0.72524,0.41787,0.71386,10159.0,0.001,48,42,shuffle,48,sfchd_20p_b,/root/sfchd_20p_b.yaml,smoke_pretrain.pt,640,32,100,5,b2,,base,0,0,0,,1,B_csv_20260930,B_csv_20260930,328a36b2d4bb9da16aaaada82773074a,1,0,0.4263,0.7252,0.8242,0.6852,0
b2_smoke2sf_base200_s49n,B,complete,shapeiou,sio_b_results.csv,200,200,140,0.42616,0.72237,0.40985,0.70484,9098.99,0.001,49,42,shuffle,49,sfchd_20p_b,/root/sfchd_20p_b.yaml,smoke_pretrain.pt,640,32,100,5,b2,,base,0,0,0,,1,B_csv_20260930,B_csv_20260930,cb094df8c5475b88f6d05c4e7619195b,1,0,0.4263,0.7226,0.8273,0.6812,0
b2_smoke2sf_base200_s50n,B,complete,shapeiou,sio_b_results.csv,200,200,144,0.42446,0.71833,0.41362,0.70402,8983.86,0.001,50,42,shuffle,50,sfchd_20p_b,/root/sfchd_20p_b.yaml,smoke_pretrain.pt,640,32,100,5,b2,,base,0,0,0,,1,B_csv_20260930,B_csv_20260930,72b4a3ec0fdbccc9ebeb3ab3c3315d8b,1,0,0.4243,0.7186,0.809,0.6831,0
b2_smoke2sf_base200_s51n,B,complete,shapeiou,sio_b_results.csv,200,200,117,0.42386,0.7182,0.40903,0.699,5274.94,0.001,51,42,shuffle,51,sfchd_20p_b,/root/sfchd_20p_b.yaml,smoke_pretrain.pt,640,32,100,5,b2,,base,0,0,0,,1,B_csv_20260930,B_csv_20260930,a2cd8541889376b97db889c0de870299,1,0,0.4239,0.7188,0.8136,0.6827,0
b2_smoke2sf_base300_s42n,B,interrupted,,,300,1,1,0.05664,0.11403,0.05664,0.11403,412.907,0.001,42,42,shuffle,42,sfchd_20p_staged,/root/sfchd_20p_staged.yaml,smoke_pretrain.pt,640,32,100,5,b2,,base,0,0,0,A,1,B_csv_20260930,B_csv_20260930,1348ebd88ec946d105589577c034e2a5,1,0,,,,,0
b2_smoke2sf_base300_s42n.incomplete_20260924_104028,B,archive_snapshot,,,300,199,151,0.42522,0.72111,0.41825,0.71528,8722.45,0.001,42,42,shuffle,42,sfchd_20p_b,/root/sfchd_20p_b.yaml,smoke_pretrain.pt,640,32,100,5,b2,,base,0,0,1,A,1,B_csv_20260930,B_csv_20260930,a73cfce455e34ec647fcf5102759d6dc,1,0,,,,,0
b2_smoke2sf_base300_s42n.incomplete_20260924_111455,B,archive_snapshot,,,300,1,1,0.05664,0.11403,0.05664,0.11403,234.949,0.001,42,42,shuffle,42,sfchd_20p_b,/root/sfchd_20p_b.yaml,smoke_pretrain.pt,640,32,100,5,b2,,base,0,0,1,A,1,B_csv_20260930,B_csv_20260930,cbce5e4d1e3af19575cc74a6271c8804,1,0,,,,,0
b2_smoke2sf_base300_s42n.incomplete_20260924_112001,B,archive_snapshot,,,300,1,1,0.18099,0.33585,0.18099,0.33585,295.231,0.001,42,42,shuffle,42,sfchd_20p_b,/root/sfchd_20p_b.yaml,smoke_pretrain.pt,640,32,100,5,b2,,base,0,0,1,A,1,B_csv_20260930,B_csv_20260930,f5c1d41331631c87eaacb61f38626f45,1,0,,,,,0
b2_smoke2sf_base300_s42n.incomplete_20260924_113530,B,archive_snapshot,,,300,1,1,0.05664,0.11403,0.05664,0.11403,266.842,0.001,42,42,shuffle,42,sfchd_20p_b,/root/sfchd_20p_b.yaml,smoke_pretrain.pt,640,32,100,5,b2,,base,0,0,1,A,1,B_csv_20260930,B_csv_20260930,0d48f8ac26214a0f91616d2ab0da81ed,1,0,,,,,0
b2_smoke2sf_base30_s42n,B,complete,shapeiou,sio_b_results.csv,30,30,30,0.38203,0.67092,0.38203,0.67092,1341.23,0.001,42,42,shuffle,42,sfchd_20p_b,/root/sfchd_20p_b.yaml,smoke_pretrain.pt,640,32,100,5,b2,,base,0,0,0,,1,B_csv_20260930,B_csv_20260930,b711edd5e7fed036822d7f8f1157e316,1,0,0.382,0.6709,0.7479,0.6401,0
b2_smoke2sf_base30_s43n,B,complete,shapeiou,sio_b_results.csv,30,30,30,0.38813,0.67699,0.38813,0.67699,1389.33,0.001,43,42,shuffle,43,sfchd_20p_b,/root/sfchd_20p_b.yaml,smoke_pretrain.pt,640,32,100,5,b2,,base,0,0,0,,1,B_csv_20260930,B_csv_20260930,ca2e35226bffa85ec30817be7b519bdb,1,0,0.3882,0.6768,0.7679,0.641,0
b2_smoke2sf_base30_s44n,B,complete,shapeiou,sio_b_results.csv,30,30,30,0.3875,0.68165,0.3875,0.68165,1300.24,0.001,44,42,shuffle,44,sfchd_20p_b,/root/sfchd_20p_b.yaml,smoke_pretrain.pt,640,32,100,5,b2,,base,0,0,0,,1,B_csv_20260930,B_csv_20260930,1773239ae016d2a9fbd8ad54e1ab6fc1,1,0,0.3874,0.6817,0.7819,0.6361,0
b2_smoke2sf_base30_s45n,B,complete,shapeiou,sio_b_results.csv,30,30,29,0.38149,0.67245,0.38096,0.67474,1378.17,0.001,45,42,shuffle,45,sfchd_20p_b,/root/sfchd_20p_b.yaml,smoke_pretrain.pt,640,32,100,5,b2,,base,0,0,0,,1,B_csv_20260930,B_csv_20260930,117fd1219aa9525195b45d59c874cdba,1,0,0.3816,0.6726,0.7565,0.6348,0
b2_smoke2sf_base30_s46n,B,complete,shapeiou,sio_b_results.csv,30,30,28,0.38314,0.67331,0.38144,0.66859,1422.18,0.001,46,42,shuffle,46,sfchd_20p_b,/root/sfchd_20p_b.yaml,smoke_pretrain.pt,640,32,100,5,b2,,base,0,0,0,,1,B_csv_20260930,B_csv_20260930,3f30805a0a9ff43250ef0aa3ef2768f8,1,0,0.3833,0.6732,0.7515,0.6401,0
b2_smoke2sf_base30_s47n,B,complete,shapeiou,sio_b_results.csv,30,30,30,0.38567,0.67859,0.38567,0.67859,1359.29,0.001,47,42,shuffle,47,sfchd_20p_b,/root/sfchd_20p_b.yaml,smoke_pretrain.pt,640,32,100,5,b2,,base,0,0,0,,1,B_csv_20260930,B_csv_20260930,d5ae36dc8c8bff66c4c9b3041ae58872,1,0,0.3857,0.6786,0.7769,0.643,0
b2_smoke2sf_base30_s48n,B,complete,shapeiou,sio_b_results.csv,30,30,27,0.38074,0.67282,0.37896,0.67568,1391.18,0.001,48,42,shuffle,48,sfchd_20p_b,/root/sfchd_20p_b.yaml,smoke_pretrain.pt,640,32,100,5,b2,,base,0,0,0,,1,B_csv_20260930,B_csv_20260930,679ef99ef1c08d6b272b2257e6a1a726,1,0,0.3807,0.6727,0.7717,0.6443,0
b2_smoke2sf_base30_s49n,B,complete,shapeiou,sio_b_results.csv,30,30,30,0.38672,0.67686,0.38672,0.67686,1307.4,0.001,49,42,shuffle,49,sfchd_20p_b,/root/sfchd_20p_b.yaml,smoke_pretrain.pt,640,32,100,5,b2,,base,0,0,0,,1,B_csv_20260930,B_csv_20260930,1d373d6c9a7a487db0f9914a0ddaa85d,1,0,0.3866,0.6769,0.7881,0.6297,0
b2_smoke2sf_base30_s50n.incomplete_20260924_104028,B,archive_snapshot,shapeiou,sio_b_results.csv,30,30,30,0.38052,0.66957,0.38052,0.66957,1136.3,0.001,50,42,shuffle,50,sfchd_20p_b,/root/sfchd_20p_b.yaml,smoke_pretrain.pt,640,32,100,5,b2,,base,0,0,1,,1,B_csv_20260930,B_csv_20260930,6a325ee3807aa24e6083b1ba934d5af6,1,0,0.3806,0.6695,0.7738,0.6226,0
b2_smoke2sf_base30_s51n,B,complete,shapeiou,sio_b_results.csv,30,30,29,0.38935,0.67965,0.38742,0.67916,1562.77,0.001,51,42,shuffle,51,sfchd_20p_b,/root/sfchd_20p_b.yaml,smoke_pretrain.pt,640,32,100,5,b2,,base,0,0,0,,1,B_csv_20260930,B_csv_20260930,9a8be161f8d7f664a918c6b87537fee3,1,0,0.3894,0.6797,0.7883,0.6346,0
b2_smoke2sf_base50_s42n,B,complete,shapeiou,sio_b_results.csv,50,50,50,0.4058,0.70209,0.4058,0.70209,2322.93,0.001,42,42,shuffle,42,sfchd_20p_b,/root/sfchd_20p_b.yaml,smoke_pretrain.pt,640,32,100,5,b2,,base,0,0,0,,1,B_csv_20260930,B_csv_20260930,e5b956cc5e2f7418e0e95186c21a3108,1,0,0.4056,0.702,0.7881,0.6592,0
b2_smoke2sf_base50_s42n.incomplete_20260923_003114,B,archive_snapshot,shapeiou,sio_b_results.csv,50,50,50,0.4058,0.70209,0.4058,0.70209,2927.44,0.001,42,42,shuffle,42,sfchd_20p_b,/root/sfchd_20p_b.yaml,smoke_pretrain.pt,640,32,100,5,b2,,base,0,0,1,,1,B_csv_20260930,B_csv_20260930,b6d33634f1fd57a9f67bb6970800feac,1,0,0.4056,0.702,0.7881,0.6592,0
b2_smoke2sf_base50_s43n,B,complete,shapeiou,sio_b_results.csv,50,50,35,0.40762,0.70286,0.40494,0.70201,2281.27,0.001,43,42,shuffle,43,sfchd_20p_b,/root/sfchd_20p_b.yaml,smoke_pretrain.pt,640,32,100,5,b2,,base,0,0,0,,1,B_csv_20260930,B_csv_20260930,1edbe1de6653a72476ed5a81f5339b87,1,0,0.4075,0.7026,0.8103,0.6526,0
b2_smoke2sf_base50_s43n.incomplete_20260923_003114,B,archive_snapshot,shapeiou,sio_b_results.csv,50,23,22,0.3855,0.6824,0.38261,0.68192,1725.54,0.001,43,42,shuffle,43,sfchd_20p_b,/root/sfchd_20p_b.yaml,smoke_pretrain.pt,640,32,100,5,b2,,base,0,0,1,,1,B_csv_20260930,B_csv_20260930,c25c583125e2d1469ce895f3788fddd8,1,0,0.4075,0.7026,0.8103,0.6526,0
b2_smoke2sf_base50_s44n,B,complete,shapeiou,sio_b_results.csv,50,50,48,0.40312,0.70151,0.40196,0.69929,2145.84,0.001,44,42,shuffle,44,sfchd_20p_b,/root/sfchd_20p_b.yaml,smoke_pretrain.pt,640,32,100,5,b2,,base,0,0,0,,1,B_csv_20260930,B_csv_20260930,bac8fd7e30dd1c4579d51a5d436677c8,1,0,0.4033,0.7016,0.813,0.646,0
b2_smoke2sf_base50_s45n,B,complete,shapeiou,sio_b_results.csv,50,50,40,0.40493,0.70548,0.40435,0.70015,2502.17,0.001,45,42,shuffle,45,sfchd_20p_b,/root/sfchd_20p_b.yaml,smoke_pretrain.pt,640,32,100,5,b2,,base,0,0,0,,1,B_csv_20260930,B_csv_20260930,3dc10f37b0c38c45997c36a8200c1e59,1,0,0.4049,0.7055,0.7956,0.6526,0
b2_smoke2sf_base50_s46n,B,complete,shapeiou,sio_b_results.csv,50,50,50,0.40521,0.70451,0.40521,0.70451,2146.47,0.001,46,42,shuffle,46,sfchd_20p_b,/root/sfchd_20p_b.yaml,smoke_pretrain.pt,640,32,100,5,b2,,base,0,0,0,,1,B_csv_20260930,B_csv_20260930,a892930f7d6e6ce836f541648cd3e89e,1,0,0.4051,0.7046,0.8126,0.6588,0
b2_smoke2sf_base50_s47n,B,complete,shapeiou,sio_b_results.csv,50,50,40,0.40465,0.70667,0.40441,0.69978,2169.56,0.001,47,42,shuffle,47,sfchd_20p_b,/root/sfchd_20p_b.yaml,smoke_pretrain.pt,640,32,100,5,b2,,base,0,0,0,,1,B_csv_20260930,B_csv_20260930,02f797bb84bdb003f7583b0797bede0a,1,0,0.4047,0.7066,0.8148,0.6565,0
b2_smoke2sf_base50_s48n,B,complete,shapeiou,sio_b_results.csv,50,50,39,0.40687,0.70669,0.40153,0.70131,2359.81,0.001,48,42,shuffle,48,sfchd_20p_b,/root/sfchd_20p_b.yaml,smoke_pretrain.pt,640,32,100,5,b2,,base,0,0,0,,1,B_csv_20260930,B_csv_20260930,6cc5e63bfff5e2565f2600cabeaf53e0,1,0,0.4069,0.7068,0.7946,0.6648,0
b2_smoke2sf_base50_s48n.incomplete_20260923_003114,B,archive_snapshot,shapeiou,sio_b_results.csv,50,49,39,0.40687,0.70669,0.40388,0.70254,3315.82,0.001,48,42,shuffle,48,sfchd_20p_b,/root/sfchd_20p_b.yaml,smoke_pretrain.pt,640,32,100,5,b2,,base,0,0,1,,1,B_csv_20260930,B_csv_20260930,2041e9b2072ff22ab1eef967c15d5159,1,0,0.4069,0.7068,0.7946,0.6648,0
b2_smoke2sf_base50_s49n,B,complete,shapeiou,sio_b_results.csv,50,50,50,0.40595,0.70594,0.40595,0.70594,2211.85,0.001,49,42,shuffle,49,sfchd_20p_b,/root/sfchd_20p_b.yaml,smoke_pretrain.pt,640,32,100,5,b2,,base,0,0,0,,1,B_csv_20260930,B_csv_20260930,220347cc0fc029d3afaf2b56bd88f719,1,0,0.406,0.706,0.8116,0.6592,0
b2_smoke2sf_base50_s49n.incomplete_20260923_003114,B,archive_snapshot,shapeiou,sio_b_results.csv,50,18,18,0.36558,0.65813,0.36558,0.65813,1387.46,0.001,49,42,shuffle,49,sfchd_20p_b,/root/sfchd_20p_b.yaml,smoke_pretrain.pt,640,32,100,5,b2,,base,0,0,1,,1,B_csv_20260930,B_csv_20260930,82aa2c2027e10636e9102ce340b69ad8,1,0,0.406,0.706,0.8116,0.6592,0
b2_smoke2sf_base50_s50n,B,complete,shapeiou,sio_b_results.csv,50,50,40,0.40857,0.7055,0.40426,0.70087,2303.2,0.001,50,42,shuffle,50,sfchd_20p_b,/root/sfchd_20p_b.yaml,smoke_pretrain.pt,640,32,100,5,b2,,base,0,0,0,,1,B_csv_20260930,B_csv_20260930,425a99d75ff5f6c183047d3abb5a1bf6,1,0,0.4086,0.7057,0.8191,0.6465,0
b2_smoke2sf_base50_s51n,B,complete,shapeiou,sio_b_results.csv,50,50,39,0.41041,0.70613,0.40859,0.70309,2143.7,0.001,51,42,shuffle,51,sfchd_20p_b,/root/sfchd_20p_b.yaml,smoke_pretrain.pt,640,32,100,5,b2,,base,0,0,0,,1,B_csv_20260930,B_csv_20260930,2394a81feb2f0ff291ef912137a7e933,1,0,0.4104,0.7062,0.7916,0.6738,0
b2_smoke2sf_lr002_100ep_s42n,B,complete,shapeiou,sio_b_results.csv,100,100,89,0.43019,0.7263,0.42533,0.72366,4672.39,0.002,42,42,shuffle,42,sfchd_20p_b,/root/sfchd_20p_b.yaml,smoke_pretrain.pt,640,32,100,5,b2,,lr002,0,0,0,A,1,B_csv_20260930,B_csv_20260930,b38c5a217c78d33b3c3f8a9baa69f522,1,0,0.4301,0.7263,0.8321,0.6799,0
b2_smoke2sf_lr002_100ep_s43n,B,interrupted,,,100,1,1,0.12717,0.23504,0.12717,0.23504,416.973,0.002,43,42,shuffle,43,sfchd_20p_staged,/root/sfchd_20p_staged.yaml,smoke_pretrain.pt,640,32,100,5,b2,,lr002,0,0,0,,1,B_csv_20260930,B_csv_20260930,c1fad3937dca87598dd8f8aaaf773660,1,0,,,,,0
b2_smoke2sf_lr002_100ep_s43n.incomplete_20260924_104028,B,archive_snapshot,,,100,86,83,0.42496,0.72334,0.42165,0.72328,3936.08,0.002,43,42,shuffle,43,sfchd_20p_b,/root/sfchd_20p_b.yaml,smoke_pretrain.pt,640,32,100,5,b2,,lr002,0,0,1,,1,B_csv_20260930,B_csv_20260930,fe01ced050f447f2181db799792eb6e2,1,0,,,,,0
b2_smoke2sf_lr002_100ep_s43n.incomplete_20260924_111455,B,archive_snapshot,,,100,1,1,0.12717,0.23504,0.12717,0.23504,234.836,0.002,43,42,shuffle,43,sfchd_20p_b,/root/sfchd_20p_b.yaml,smoke_pretrain.pt,640,32,100,5,b2,,lr002,0,0,1,,1,B_csv_20260930,B_csv_20260930,d65295664b309d110badc95e43e6ac77,1,0,,,,,0
b2_smoke2sf_lr002_100ep_s43n.incomplete_20260924_112001,B,archive_snapshot,,,100,1,1,0.20363,0.368,0.20363,0.368,327.044,0.002,43,42,shuffle,43,sfchd_20p_b,/root/sfchd_20p_b.yaml,smoke_pretrain.pt,640,32,100,5,b2,,lr002,0,0,1,,1,B_csv_20260930,B_csv_20260930,5af08f97f2a265335f7bd6ca66890858,1,0,,,,,0
b2_smoke2sf_lr002_100ep_s43n.incomplete_20260924_113530,B,archive_snapshot,,,100,1,1,0.12717,0.23504,0.12717,0.23504,266.336,0.002,43,42,shuffle,43,sfchd_20p_b,/root/sfchd_20p_b.yaml,smoke_pretrain.pt,640,32,100,5,b2,,lr002,0,0,1,,1,B_csv_20260930,B_csv_20260930,33e1d5af3cdd41e03169a8fffe6bce05,1,0,,,,,0
b2_smoke2sf_lr002_200ep_s42n.incomplete_20260924_104028,B,archive_snapshot,shapeiou,sio_b_results.csv,200,189,89,0.42869,0.72862,0.42021,0.71309,8202.94,0.002,42,42,shuffle,42,sfchd_20p_b,/root/sfchd_20p_b.yaml,smoke_pretrain.pt,640,32,100,5,b2,,lr002,0,0,1,A,1,B_csv_20260930,B_csv_20260930,661c3a7d71148d41afb1ceb804abd5cc,1,0,0.4286,0.7285,0.8257,0.6884,0
b2_smoke2sf_lr002_200ep_s42n.incomplete_20260924_111455,B,archive_snapshot,shapeiou,sio_b_results.csv,200,1,1,0.11301,0.22246,0.11301,0.22246,235.217,0.002,42,42,shuffle,42,sfchd_20p_b,/root/sfchd_20p_b.yaml,smoke_pretrain.pt,640,32,100,5,b2,,lr002,0,0,1,A,1,B_csv_20260930,B_csv_20260930,be53b03fe8a005861f37887a1dfb1ec6,1,0,0.4286,0.7285,0.8257,0.6884,0
b2_smoke2sf_lr002_200ep_s42n.incomplete_20260924_112001,B,archive_snapshot,shapeiou,sio_b_results.csv,200,1,1,0.19719,0.36848,0.19719,0.36848,331.221,0.002,42,42,shuffle,42,sfchd_20p_b,/root/sfchd_20p_b.yaml,smoke_pretrain.pt,640,32,100,5,b2,,lr002,0,0,1,A,1,B_csv_20260930,B_csv_20260930,5950a268caf7ec96fdc3736adc2057d2,1,0,0.4286,0.7285,0.8257,0.6884,0
b2_smoke2sf_lr002_200ep_s42n.incomplete_20260924_113530,B,archive_snapshot,shapeiou,sio_b_results.csv,200,1,1,0.11301,0.22246,0.11301,0.22246,267.416,0.002,42,42,shuffle,42,sfchd_20p_b,/root/sfchd_20p_b.yaml,smoke_pretrain.pt,640,32,100,5,b2,,lr002,0,0,1,A,1,B_csv_20260930,B_csv_20260930,583708a3bd438bd0663c2ed1e55b0c58,1,0,0.4286,0.7285,0.8257,0.6884,0
b2_smoke2sf_lr002_200ep_s43n.incomplete_20260924_104028,B,archive_snapshot,,,200,8,8,0.31071,0.59522,0.31071,0.59522,407.005,0.002,43,42,shuffle,43,sfchd_20p_b,/root/sfchd_20p_b.yaml,smoke_pretrain.pt,640,32,100,5,b2,,lr002,0,0,1,,1,B_csv_20260930,B_csv_20260930,3d80469ecedbc4da5ef699357214725c,1,0,,,,,0
b2_smoke2sf_lr005_100ep_s42n,B,complete,shapeiou,sio_b_results.csv,100,100,89,0.43879,0.73501,0.43373,0.72146,4356.9,0.005,42,42,shuffle,42,sfchd_20p_b,/root/sfchd_20p_b.yaml,smoke_pretrain.pt,640,32,100,5,b2,,lr005,0,0,0,,1,B_csv_20260930,B_csv_20260930,0f838fb46958bbd6776854ca9620773b,1,0,0.4387,0.735,0.8453,0.6821,0
b2_smoke2sf_lr005_100ep_s43n,B,complete,shapeiou,sio_b_results.csv,100,100,85,0.43845,0.73628,0.43357,0.72427,4542.57,0.005,43,42,shuffle,43,sfchd_20p_b,/root/sfchd_20p_b.yaml,smoke_pretrain.pt,640,32,100,5,b2,,lr005,0,0,0,,1,B_csv_20260930,B_csv_20260930,c5a4925c7e7a172fcca34017c55bf50a,1,0,0.4385,0.7362,0.8341,0.6917,0
b2_smoke2sf_lr005_100ep_s44n,B,complete,shapeiou,sio_b_results.csv,100,100,90,0.43618,0.73246,0.43464,0.7304,4553.62,0.005,44,42,shuffle,44,sfchd_20p_b,/root/sfchd_20p_b.yaml,smoke_pretrain.pt,640,32,100,5,b2,,lr005,0,0,0,,1,B_csv_20260930,B_csv_20260930,9679e7e5a7d98f7a411bbee4215ac5b5,1,0,0.4362,0.7325,0.8496,0.6825,0
b2_smoke2sf_lr005_100ep_s45n,B,complete,shapeiou,sio_b_results.csv,100,100,98,0.43556,0.7273,0.43546,0.72497,4707.55,0.005,45,42,shuffle,45,sfchd_20p_b,/root/sfchd_20p_b.yaml,smoke_pretrain.pt,640,32,100,5,b2,,lr005,0,0,0,,1,B_csv_20260930,B_csv_20260930,fba8e10168dd5d6f9e301c663c5baba5,1,0,0.4358,0.7273,0.8445,0.682,0
b2_smoke2sf_lr005_100ep_s46n,B,complete,shapeiou,sio_b_results.csv,100,100,88,0.43862,0.73317,0.43574,0.73307,2814.72,0.005,46,42,shuffle,46,sfchd_20p_b,/root/sfchd_20p_b.yaml,smoke_pretrain.pt,640,32,100,5,b2,,lr005,0,0,0,,1,B_csv_20260930,B_csv_20260930,8d7f2c97544300d8ced698af207545ba,1,0,0.4388,0.7332,0.8403,0.6858,0
b2_smoke2sf_lr005_100ep_s47n,B,complete,shapeiou,sio_b_results.csv,100,100,79,0.43872,0.73792,0.43368,0.72887,4614.03,0.005,47,42,shuffle,47,sfchd_20p_b,/root/sfchd_20p_b.yaml,smoke_pretrain.pt,640,32,100,5,b2,,lr005,0,0,0,,1,B_csv_20260930,B_csv_20260930,90b32a5f7600e17ee919915d15966c3b,1,0,0.4387,0.7379,0.8334,0.6881,0
b2_smoke2sf_lr005_100ep_s47n.incomplete_20260923_072315,B,archive_snapshot,shapeiou,sio_b_results.csv,100,26,24,0.38483,0.6859,0.36765,0.67756,1625.03,0.005,47,42,shuffle,47,sfchd_20p_b,/root/sfchd_20p_b.yaml,smoke_pretrain.pt,640,32,100,5,b2,,lr005,0,0,1,,1,B_csv_20260930,B_csv_20260930,551398f083cbd3b5cc1aeae3c7c2553e,1,0,0.4387,0.7379,0.8334,0.6881,0
b2_smoke2sf_lr005_100ep_s48n,B,complete,shapeiou,sio_b_results.csv,100,100,89,0.44022,0.73318,0.43484,0.72514,5076.84,0.005,48,42,shuffle,48,sfchd_20p_b,/root/sfchd_20p_b.yaml,smoke_pretrain.pt,640,32,100,5,b2,,lr005,0,0,0,,1,B_csv_20260930,B_csv_20260930,5383e9a7be9079232731827dabd7dfab,1,0,0.4402,0.7332,0.8317,0.6927,0
b2_smoke2sf_lr005_100ep_s48n.incomplete_20260923_072315,B,archive_snapshot,shapeiou,sio_b_results.csv,100,18,16,0.35796,0.64965,0.31317,0.57368,1329.6,0.005,48,42,shuffle,48,sfchd_20p_b,/root/sfchd_20p_b.yaml,smoke_pretrain.pt,640,32,100,5,b2,,lr005,0,0,1,,1,B_csv_20260930,B_csv_20260930,b6a5edd3e02d5c888606e6885e0c2dec,1,0,0.4402,0.7332,0.8317,0.6927,0
b2_smoke2sf_lr005_100ep_s49n,B,complete,shapeiou,sio_b_results.csv,100,100,79,0.43851,0.7372,0.43721,0.73128,4652.39,0.005,49,42,shuffle,49,sfchd_20p_b,/root/sfchd_20p_b.yaml,smoke_pretrain.pt,640,32,100,5,b2,,lr005,0,0,0,,1,B_csv_20260930,B_csv_20260930,9c8ae7d9b1866f32cb9a979c3cb9d16a,1,0,0.4386,0.7372,0.8511,0.6895,0
b2_smoke2sf_lr005_100ep_s50n,B,complete,shapeiou,sio_b_results.csv,100,100,86,0.43901,0.73476,0.43645,0.7332,4690.52,0.005,50,42,shuffle,50,sfchd_20p_b,/root/sfchd_20p_b.yaml,smoke_pretrain.pt,640,32,100,5,b2,,lr005,0,0,0,,1,B_csv_20260930,B_csv_20260930,ff82f417e0e6c89dd09830af83096718,1,0,0.439,0.7345,0.8294,0.6993,0
b2_smoke2sf_lr005_100ep_s51n,B,complete,shapeiou,sio_b_results.csv,100,100,84,0.43839,0.7367,0.43709,0.72833,2502.69,0.005,51,42,shuffle,51,sfchd_20p_b,/root/sfchd_20p_b.yaml,smoke_pretrain.pt,640,32,100,5,b2,,lr005,0,0,0,,1,B_csv_20260930,B_csv_20260930,616b437a0ff3e9150f9225f0b58f1656,1,0,0.4383,0.7366,0.8447,0.6903,0
b2_smoke2sf_lr005_100ep_s51n.incomplete_20260923_171729,B,archive_snapshot,shapeiou,sio_b_results.csv,100,96,84,0.43839,0.7367,0.43385,0.72638,2689.24,0.005,51,42,shuffle,51,sfchd_20p_b,/root/sfchd_20p_b.yaml,smoke_pretrain.pt,640,32,100,5,b2,,lr005,0,0,1,,1,B_csv_20260930,B_csv_20260930,114f1f227fbf30db18d3931e1da3c54f,1,0,0.4383,0.7366,0.8447,0.6903,0
b2_smoke2sf_lr005_200ep_s42n,B,complete,shapeiou,sio_b_results.csv,200,200,115,0.43787,0.72958,0.42788,0.72286,9276.13,0.005,42,42,shuffle,42,sfchd_20p_b,/root/sfchd_20p_b.yaml,smoke_pretrain.pt,640,32,100,5,b2,,lr005,0,0,0,A,1,B_csv_20260930,B_csv_20260930,627175486e5853dccc19df5f221fec6f,1,0,0.4378,0.7314,0.8442,0.6838,0
b2_smoke2sf_lr005_200ep_s43n,B,complete,shapeiou,sio_b_results.csv,200,200,142,0.43945,0.73283,0.43051,0.71824,8716.24,0.005,43,42,shuffle,43,sfchd_20p_b,/root/sfchd_20p_b.yaml,smoke_pretrain.pt,640,32,100,5,b2,,lr005,0,0,0,A,1,B_csv_20260930,B_csv_20260930,a6ddf26c5e36fb8aaa51238924811668,1,0,0.4393,0.7328,0.8402,0.6925,0
b2_smoke2sf_lr005_200ep_s44n,B,complete,shapeiou,sio_b_results.csv,200,200,160,0.43951,0.73445,0.43034,0.72535,8963.88,0.005,44,42,shuffle,44,sfchd_20p_b,/root/sfchd_20p_b.yaml,smoke_pretrain.pt,640,32,100,5,b2,,lr005,0,0,0,,1,B_csv_20260930,B_csv_20260930,ceacf7da1ec1f43603385c95bbfb6c3f,1,0,0.4393,0.734,0.8647,0.6868,0
b2_smoke2sf_lr005_200ep_s45n,B,complete,shapeiou,sio_b_results.csv,200,200,135,0.4395,0.73379,0.42671,0.71376,8944.43,0.005,45,42,shuffle,45,sfchd_20p_b,/root/sfchd_20p_b.yaml,smoke_pretrain.pt,640,32,100,5,b2,,lr005,0,0,0,A,1,B_csv_20260930,B_csv_20260930,00c837daced36a5e2262c25e2c812d9e,1,0,0.4396,0.7338,0.8475,0.6836,0
b2_smoke2sf_lr005_200ep_s46n,B,complete,shapeiou,sio_b_results.csv,200,200,132,0.44495,0.73923,0.43175,0.72381,5196.16,0.005,46,42,shuffle,46,sfchd_20p_b,/root/sfchd_20p_b.yaml,smoke_pretrain.pt,640,32,100,5,b2,,lr005,0,0,0,A,1,B_csv_20260930,B_csv_20260930,cfab520496b6a73c7c0aa00e962c10e8,1,0,0.4449,0.7391,0.8534,0.6913,0
b2_smoke2sf_lr005_200ep_s47n,B,complete,shapeiou,sio_b_results.csv,200,200,145,0.43885,0.73181,0.4305,0.72441,8665.88,0.005,47,42,shuffle,47,sfchd_20p_b,/root/sfchd_20p_b.yaml,smoke_pretrain.pt,640,32,100,5,b2,,lr005,0,0,0,,1,B_csv_20260930,B_csv_20260930,75d92ba4d2dffa2573232dc9a19802a1,1,0,0.4389,0.7318,0.8405,0.7038,0
b2_smoke2sf_lr005_200ep_s48n,B,complete,shapeiou,sio_b_results.csv,200,200,108,0.438,0.73246,0.42938,0.72301,9011.29,0.005,48,42,shuffle,48,sfchd_20p_b,/root/sfchd_20p_b.yaml,smoke_pretrain.pt,640,32,100,5,b2,,lr005,0,0,0,,1,B_csv_20260930,B_csv_20260930,8a04c37ca9f371761ba2acce93d0d83a,1,0,0.4379,0.7323,0.826,0.706,0
b2_smoke2sf_lr005_200ep_s49n,B,complete,shapeiou,sio_b_results.csv,200,200,138,0.43982,0.73555,0.42895,0.71706,8896.16,0.005,49,42,shuffle,49,sfchd_20p_b,/root/sfchd_20p_b.yaml,smoke_pretrain.pt,640,32,100,5,b2,,lr005,0,0,0,,1,B_csv_20260930,B_csv_20260930,e201a24856ea6ab0ff2fbc890b3b6e48,1,0,0.4399,0.7356,0.8559,0.6852,0
b2_smoke2sf_lr005_200ep_s50n,B,complete,shapeiou,sio_b_results.csv,200,200,156,0.44131,0.72958,0.43029,0.72351,8763.05,0.005,50,42,shuffle,50,sfchd_20p_b,/root/sfchd_20p_b.yaml,smoke_pretrain.pt,640,32,100,5,b2,,lr005,0,0,0,,1,B_csv_20260930,B_csv_20260930,b77d864008e71f9e6006823c4813fa38,1,0,0.4412,0.7295,0.8588,0.6865,0
b2_smoke2sf_lr005_200ep_s51n,B,complete,shapeiou,sio_b_results.csv,200,200,150,0.43789,0.73384,0.4302,0.72098,5184.42,0.005,51,42,shuffle,51,sfchd_20p_b,/root/sfchd_20p_b.yaml,smoke_pretrain.pt,640,32,100,5,b2,,lr005,0,0,0,,1,B_csv_20260930,B_csv_20260930,f6447ea2e0c6654f038da4f3abf6bd60,1,0,0.4379,0.7332,0.8608,0.6882,0
b2_smoke2sf_lr005_300ep_s42n.incomplete_20260924_104028,B,archive_snapshot,,,300,209,167,0.43903,0.73194,0.43626,0.72994,8728.76,0.005,42,42,shuffle,42,sfchd_20p_b,/root/sfchd_20p_b.yaml,smoke_pretrain.pt,640,32,100,5,b2,,lr005,0,0,1,A,1,B_csv_20260930,B_csv_20260930,5b5e97a2c18d5817596979317ea84f3e,1,0,,,,,0
b2_smoke2sf_lr005_300ep_s42n.incomplete_20260924_111455,B,archive_snapshot,,,300,1,1,0.1601,0.30069,0.1601,0.30069,235.51,0.005,42,42,shuffle,42,sfchd_20p_b,/root/sfchd_20p_b.yaml,smoke_pretrain.pt,640,32,100,5,b2,,lr005,0,0,1,A,1,B_csv_20260930,B_csv_20260930,9da5a2a16597f04a989323760f4655e2,1,0,,,,,0
b2_smoke2sf_lr005_300ep_s42n.incomplete_20260924_112001,B,archive_snapshot,,,300,1,1,0.20633,0.38455,0.20633,0.38455,294.749,0.005,42,42,shuffle,42,sfchd_20p_b,/root/sfchd_20p_b.yaml,smoke_pretrain.pt,640,32,100,5,b2,,lr005,0,0,1,A,1,B_csv_20260930,B_csv_20260930,755cc375bc28742021e095f58bb5af53,1,0,,,,,0
b2_smoke2sf_lr005_300ep_s42n.incomplete_20260924_113530,B,archive_snapshot,,,300,1,1,0.1601,0.30069,0.1601,0.30069,268.641,0.005,42,42,shuffle,42,sfchd_20p_b,/root/sfchd_20p_b.yaml,smoke_pretrain.pt,640,32,100,5,b2,,lr005,0,0,1,A,1,B_csv_20260930,B_csv_20260930,8321bac3b8f74ba0a05f14681199dfa9,1,0,,,,,0
b2_smoke2sf_lr005_30ep_s42n,B,complete,shapeiou,sio_b_results.csv,30,30,30,0.41687,0.72144,0.41687,0.72144,1371.08,0.005,42,42,shuffle,42,sfchd_20p_b,/root/sfchd_20p_b.yaml,smoke_pretrain.pt,640,32,100,5,b2,,lr005,0,0,0,,1,B_csv_20260930,B_csv_20260930,a7d5cc4a7aa95bb91473adb8101f6187,1,0,0.4171,0.7215,0.8308,0.6643,0
b2_smoke2sf_lr005_30ep_s43n,B,complete,shapeiou,sio_b_results.csv,30,30,30,0.42049,0.72096,0.42049,0.72096,1376.64,0.005,43,42,shuffle,43,sfchd_20p_b,/root/sfchd_20p_b.yaml,smoke_pretrain.pt,640,32,100,5,b2,,lr005,0,0,0,,1,B_csv_20260930,B_csv_20260930,b45e223f06159209d9afb897bba4d6e6,1,0,0.4204,0.7209,0.8236,0.6671,0
b2_smoke2sf_lr005_30ep_s44n,B,complete,shapeiou,sio_b_results.csv,30,30,30,0.42141,0.72264,0.42141,0.72264,1309.67,0.005,44,42,shuffle,44,sfchd_20p_b,/root/sfchd_20p_b.yaml,smoke_pretrain.pt,640,32,100,5,b2,,lr005,0,0,0,,1,B_csv_20260930,B_csv_20260930,e590a8ee283a671fe8c274ecbbb99640,1,0,0.4215,0.7232,0.8266,0.6723,0
b2_smoke2sf_lr005_30ep_s45n,B,complete,shapeiou,sio_b_results.csv,30,30,30,0.41718,0.71879,0.41718,0.71879,1321.85,0.005,45,42,shuffle,45,sfchd_20p_b,/root/sfchd_20p_b.yaml,smoke_pretrain.pt,640,32,100,5,b2,,lr005,0,0,0,,1,B_csv_20260930,B_csv_20260930,21f1a1eaec926fba8534f855a64784f9,1,0,0.4171,0.7187,0.7999,0.6799,0
b2_smoke2sf_lr005_30ep_s46n,B,complete,shapeiou,sio_b_results.csv,30,30,30,0.42494,0.7246,0.42494,0.7246,1474.24,0.005,46,42,shuffle,46,sfchd_20p_b,/root/sfchd_20p_b.yaml,smoke_pretrain.pt,640,32,100,5,b2,,lr005,0,0,0,,1,B_csv_20260930,B_csv_20260930,5c86865db58a58e9fae82a6185d7a24c,1,0,0.4249,0.7247,0.835,0.6675,0
b2_smoke2sf_lr005_30ep_s47n,B,complete,shapeiou,sio_b_results.csv,30,30,30,0.42325,0.72238,0.42325,0.72238,1403.38,0.005,47,42,shuffle,47,sfchd_20p_b,/root/sfchd_20p_b.yaml,smoke_pretrain.pt,640,32,100,5,b2,,lr005,0,0,0,,1,B_csv_20260930,B_csv_20260930,476957d11304b5a73d78b481787273a0,1,0,0.4232,0.7223,0.8141,0.6807,0
b2_smoke2sf_lr005_30ep_s48n,B,complete,shapeiou,sio_b_results.csv,30,30,30,0.41825,0.72163,0.41825,0.72163,1425.26,0.005,48,42,shuffle,48,sfchd_20p_b,/root/sfchd_20p_b.yaml,smoke_pretrain.pt,640,32,100,5,b2,,lr005,0,0,0,,1,B_csv_20260930,B_csv_20260930,e414d5c5b920ab4da483539308773535,1,0,0.4183,0.7215,0.8295,0.6698,0
b2_smoke2sf_lr005_30ep_s49n,B,complete,shapeiou,sio_b_results.csv,30,30,30,0.4205,0.72258,0.4205,0.72258,1245.19,0.005,49,42,shuffle,49,sfchd_20p_b,/root/sfchd_20p_b.yaml,smoke_pretrain.pt,640,32,100,5,b2,,lr005,0,0,0,,1,B_csv_20260930,B_csv_20260930,5dc0da54151d6cdc8d31aaf3f540b5a3,1,0,0.4205,0.7227,0.8056,0.6785,0
b2_smoke2sf_lr005_30ep_s50n.incomplete_20260924_104028,B,archive_snapshot,shapeiou,sio_b_results.csv,30,30,30,0.42645,0.72596,0.42645,0.72596,1295.13,0.005,50,42,shuffle,50,sfchd_20p_b,/root/sfchd_20p_b.yaml,smoke_pretrain.pt,640,32,100,5,b2,,lr005,0,0,1,,1,B_csv_20260930,B_csv_20260930,3d2febb41e61a90ed1b6a6b7c6d13f7c,1,0,0.4266,0.7261,0.8399,0.6557,0
b2_smoke2sf_lr005_30ep_s51n,B,complete,shapeiou,sio_b_results.csv,30,30,29,0.42148,0.72213,0.41852,0.72183,1576.72,0.005,51,42,shuffle,51,sfchd_20p_b,/root/sfchd_20p_b.yaml,smoke_pretrain.pt,640,32,100,5,b2,,lr005,0,0,0,,1,B_csv_20260930,B_csv_20260930,64649a0dba5229297a11b2fc41083bc1,1,0,0.4215,0.7219,0.8158,0.6727,0
b2_smoke2sf_lr005_50ep_s42n,B,complete,shapeiou,sio_b_results.csv,50,50,50,0.4325,0.73249,0.4325,0.73249,2174.26,0.005,42,42,shuffle,42,sfchd_20p_b,/root/sfchd_20p_b.yaml,smoke_pretrain.pt,640,32,100,5,b2,,lr005,0,0,0,,1,B_csv_20260930,B_csv_20260930,8429768099969d463fd2f9b431818669,1,0,0.4325,0.7324,0.8339,0.6887,0
b2_smoke2sf_lr005_50ep_s43n,B,complete,shapeiou,sio_b_results.csv,50,50,50,0.43301,0.73043,0.43301,0.73043,2300.06,0.005,43,42,shuffle,43,sfchd_20p_b,/root/sfchd_20p_b.yaml,smoke_pretrain.pt,640,32,100,5,b2,,lr005,0,0,0,,1,B_csv_20260930,B_csv_20260930,46d038ec0bce48c53cecd3c74b309a29,1,0,0.4331,0.7305,0.8171,0.6822,0
b2_smoke2sf_lr005_50ep_s44n,B,complete,shapeiou,sio_b_results.csv,50,50,50,0.43112,0.72679,0.43112,0.72679,2205.83,0.005,44,42,shuffle,44,sfchd_20p_b,/root/sfchd_20p_b.yaml,smoke_pretrain.pt,640,32,100,5,b2,,lr005,0,0,0,,1,B_csv_20260930,B_csv_20260930,7686b1e199bf8f0584e3a6955088406b,1,0,0.4312,0.7268,0.8203,0.6855,0
b2_smoke2sf_lr005_50ep_s45n,B,complete,shapeiou,sio_b_results.csv,50,50,50,0.4305,0.7289,0.4305,0.7289,2207.62,0.005,45,42,shuffle,45,sfchd_20p_b,/root/sfchd_20p_b.yaml,smoke_pretrain.pt,640,32,100,5,b2,,lr005,0,0,0,,1,B_csv_20260930,B_csv_20260930,44818428946dbf68acff65531020275b,1,0,0.4304,0.7289,0.8265,0.6845,0
b2_smoke2sf_lr005_50ep_s46n,B,complete,shapeiou,sio_b_results.csv,50,50,50,0.43507,0.73474,0.43507,0.73474,2149.46,0.005,46,42,shuffle,46,sfchd_20p_b,/root/sfchd_20p_b.yaml,smoke_pretrain.pt,640,32,100,5,b2,,lr005,0,0,0,,1,B_csv_20260930,B_csv_20260930,1d54cf96ac6e95c51ffb3362b38d1a08,1,0,0.4352,0.7351,0.8287,0.689,0
b2_smoke2sf_lr005_50ep_s47n,B,complete,shapeiou,sio_b_results.csv,50,50,49,0.4301,0.73152,0.4274,0.7259,2322.48,0.005,47,42,shuffle,47,sfchd_20p_b,/root/sfchd_20p_b.yaml,smoke_pretrain.pt,640,32,100,5,b2,,lr005,0,0,0,,1,B_csv_20260930,B_csv_20260930,f790cf99350bceb70b3b6d03c1e229ce,1,0,0.4302,0.7317,0.8405,0.6822,0
b2_smoke2sf_lr005_50ep_s48n,B,complete,shapeiou,sio_b_results.csv,50,50,49,0.4299,0.72814,0.42796,0.72488,2420.75,0.005,48,42,shuffle,48,sfchd_20p_b,/root/sfchd_20p_b.yaml,smoke_pretrain.pt,640,32,100,5,b2,,lr005,0,0,0,,1,B_csv_20260930,B_csv_20260930,f644331a7769c8f0d3a8d2e6adf603ff,1,0,0.43,0.7277,0.8222,0.6763,0
b2_smoke2sf_lr005_50ep_s49n,B,complete,shapeiou,sio_b_results.csv,50,50,50,0.4378,0.73697,0.4378,0.73697,2068.29,0.005,49,42,shuffle,49,sfchd_20p_b,/root/sfchd_20p_b.yaml,smoke_pretrain.pt,640,32,100,5,b2,,lr005,0,0,0,,1,B_csv_20260930,B_csv_20260930,7fcb04c888ae601ad0f3aab865d69636,1,0,0.4379,0.7368,0.8322,0.6841,0
b2_smoke2sf_lr005_50ep_s50n,B,complete,shapeiou,sio_b_results.csv,50,50,50,0.43555,0.73415,0.43555,0.73415,2184.86,0.005,50,42,shuffle,50,sfchd_20p_b,/root/sfchd_20p_b.yaml,smoke_pretrain.pt,640,32,100,5,b2,,lr005,0,0,0,,1,B_csv_20260930,B_csv_20260930,8a924d5a034cf5a9ab33d7211d1b43f1,1,0,0.4356,0.7342,0.8418,0.6716,0
b2_smoke2sf_lr005_50ep_s51n,B,complete,shapeiou,sio_b_results.csv,50,50,50,0.4342,0.73272,0.4342,0.73272,2373.21,0.005,51,42,shuffle,51,sfchd_20p_b,/root/sfchd_20p_b.yaml,smoke_pretrain.pt,640,32,100,5,b2,,lr005,0,0,0,,1,B_csv_20260930,B_csv_20260930,234f4c22c95976f021a66feffa6a427c,1,0,0.4343,0.7329,0.8238,0.6864,0
b2_y11_sf_base100_s42n,B,complete,shapeiou,sio_b_results.csv,100,100,90,0.44325,0.74706,0.43161,0.72909,3886.8,0.001,42,42,shuffle,42,sfchd_20p_b,/root/sfchd_20p_b.yaml,y11_shwd_pretrain.pt,640,32,100,5,b2,,base,0,0,0,,1,B_csv_20260930,B_csv_20260930,9a11207dbac3c9c1c5b7614505592c0c,1,0,0.4432,0.7469,0.8265,0.7073,0
b2_y11_sf_base100_s43n,B,complete,shapeiou,sio_b_results.csv,100,100,80,0.44067,0.74031,0.43186,0.72988,3887.78,0.001,43,42,shuffle,43,sfchd_20p_b,/root/sfchd_20p_b.yaml,y11_shwd_pretrain.pt,640,32,100,5,b2,,base,0,0,0,,1,B_csv_20260930,B_csv_20260930,a23a7cde5939d038c10e040ee73d281c,1,0,0.4406,0.7401,0.844,0.6884,0
b2_y11_sf_base100_s44n,B,complete,shapeiou,sio_b_results.csv,100,100,69,0.44099,0.74067,0.43015,0.72342,3693.1,0.001,44,42,shuffle,44,sfchd_20p_b,/root/sfchd_20p_b.yaml,y11_shwd_pretrain.pt,640,32,100,5,b2,,base,0,0,0,,1,B_csv_20260930,B_csv_20260930,3960327aa8cdb8221f5e972197b848fe,1,0,0.4411,0.7406,0.8253,0.701,0
b2_y11_sf_base100_s45n,B,complete,shapeiou,sio_b_results.csv,100,100,90,0.44201,0.74357,0.43283,0.73257,4108.29,0.001,45,42,shuffle,45,sfchd_20p_b,/root/sfchd_20p_b.yaml,y11_shwd_pretrain.pt,640,32,100,5,b2,,base,0,0,0,,1,B_csv_20260930,B_csv_20260930,98eaef3593dd63d45aedad8c69f21b1b,1,0,0.4419,0.7444,0.8249,0.701,0
b2_y11_sf_base100_s46n,B,complete,shapeiou,sio_b_results.csv,100,100,84,0.44093,0.74682,0.43268,0.73265,3729.34,0.001,46,42,shuffle,46,sfchd_20p_b,/root/sfchd_20p_b.yaml,y11_shwd_pretrain.pt,640,32,100,5,b2,,base,0,0,0,,1,B_csv_20260930,B_csv_20260930,431bf35cd00d591188f398c0da9f143d,1,0,0.4409,0.7468,0.8372,0.6951,0
b2_y11_sf_base100_s47n,B,complete,shapeiou,sio_b_results.csv,100,100,79,0.44216,0.73917,0.43232,0.73004,4136.5,0.001,47,42,shuffle,47,sfchd_20p_b,/root/sfchd_20p_b.yaml,y11_shwd_pretrain.pt,640,32,100,5,b2,,base,0,0,0,,1,B_csv_20260930,B_csv_20260930,913651bbf844baf544e092ab5bd5e87e,1,0,0.4422,0.7397,0.8145,0.6982,0
b2_y11_sf_base100_s48n,B,complete,shapeiou,sio_b_results.csv,100,100,86,0.44312,0.74259,0.4359,0.73315,3886.85,0.001,48,42,shuffle,48,sfchd_20p_b,/root/sfchd_20p_b.yaml,y11_shwd_pretrain.pt,640,32,100,5,b2,,base,0,0,0,,1,B_csv_20260930,B_csv_20260930,aa6e3b8831b34361588ffbf0ac7ed85a,1,0,0.4432,0.7428,0.8534,0.6896,0
b2_y11_sf_base100_s49n,B,complete,shapeiou,sio_b_results.csv,100,100,90,0.44503,0.7422,0.43218,0.73137,3885.71,0.001,49,42,shuffle,49,sfchd_20p_b,/root/sfchd_20p_b.yaml,y11_shwd_pretrain.pt,640,32,100,5,b2,,base,0,0,0,,1,B_csv_20260930,B_csv_20260930,4f7a15170ad6b4f08aa165f450c7892b,1,0,0.445,0.7422,0.8464,0.6862,0
b2_y11_sf_base100_s50n,B,complete,shapeiou,sio_b_results.csv,100,100,85,0.43876,0.7375,0.43306,0.72914,3564.07,0.001,50,42,shuffle,50,sfchd_20p_b,/root/sfchd_20p_b.yaml,y11_shwd_pretrain.pt,640,32,100,5,b2,,base,0,0,0,,1,B_csv_20260930,B_csv_20260930,74b79551aafd0d9a2b4a531b57889faa,1,0,0.4386,0.7375,0.8392,0.6863,0
b2_y11_sf_base100_s51n,B,complete,shapeiou,sio_b_results.csv,100,100,86,0.4438,0.74413,0.43167,0.73146,4503.49,0.001,51,42,shuffle,51,sfchd_20p_b,/root/sfchd_20p_b.yaml,y11_shwd_pretrain.pt,640,32,100,5,b2,,base,0,0,0,,1,B_csv_20260930,B_csv_20260930,ec74edd5ca77e0c48988de3394e7f2af,1,0,0.4437,0.7442,0.8216,0.7026,0
b2_y11_sf_lr005_100ep_s42n,B,complete,shapeiou,sio_b_results.csv,100,100,84,0.44776,0.74603,0.43883,0.73047,3812.67,0.005,42,42,shuffle,42,sfchd_20p_b,/root/sfchd_20p_b.yaml,y11_shwd_pretrain.pt,640,32,100,5,b2,,lr005,0,0,0,,1,B_csv_20260930,B_csv_20260930,d3c5b0c94cc2a73d30208b2f5ef6118f,1,0,0.4476,0.746,0.8418,0.6999,0
b2_y11_sf_lr005_100ep_s43n,B,complete,shapeiou,sio_b_results.csv,100,100,88,0.44662,0.74704,0.44284,0.74141,3921.71,0.005,43,42,shuffle,43,sfchd_20p_b,/root/sfchd_20p_b.yaml,y11_shwd_pretrain.pt,640,32,100,5,b2,,lr005,0,0,0,,1,B_csv_20260930,B_csv_20260930,7f120772fb87dbbad05c657b1b1fffd9,1,0,0.4466,0.747,0.8393,0.7028,0
b2_y11_sf_lr005_100ep_s44n,B,complete,shapeiou,sio_b_results.csv,100,100,90,0.44362,0.74361,0.43671,0.73486,3752.15,0.005,44,42,shuffle,44,sfchd_20p_b,/root/sfchd_20p_b.yaml,y11_shwd_pretrain.pt,640,32,100,5,b2,,lr005,0,0,0,,1,B_csv_20260930,B_csv_20260930,49257f83bd12ac97e2a9da3b56b5db6d,1,0,0.4435,0.7436,0.8577,0.6976,0
b2_y11_sf_lr005_100ep_s45n,B,complete,shapeiou,sio_b_results.csv,100,100,98,0.44493,0.73978,0.44234,0.73793,3726.19,0.005,45,42,shuffle,45,sfchd_20p_b,/root/sfchd_20p_b.yaml,y11_shwd_pretrain.pt,640,32,100,5,b2,,lr005,0,0,0,,1,B_csv_20260930,B_csv_20260930,f1c22a16b43e52b8a9a7dda7eccbed1d,1,0,0.4448,0.7401,0.8307,0.6994,0
b2_y11_sf_lr005_100ep_s46n,B,complete,shapeiou,sio_b_results.csv,100,100,76,0.44505,0.74664,0.44209,0.73915,3894.15,0.005,46,42,shuffle,46,sfchd_20p_b,/root/sfchd_20p_b.yaml,y11_shwd_pretrain.pt,640,32,100,5,b2,,lr005,0,0,0,,1,B_csv_20260930,B_csv_20260930,360ac222068cc616afca70e05090b5dc,1,0,0.445,0.7466,0.8191,0.709,0
b2_y11_sf_lr005_100ep_s47n,B,complete,shapeiou,sio_b_results.csv,100,100,89,0.4434,0.7382,0.44042,0.74174,3850.79,0.005,47,42,shuffle,47,sfchd_20p_b,/root/sfchd_20p_b.yaml,y11_shwd_pretrain.pt,640,32,100,5,b2,,lr005,0,0,0,,1,B_csv_20260930,B_csv_20260930,f90fd1100bb5bac91fd9e5fe6ee18a5b,1,0,0.4433,0.7382,0.8298,0.699,0
b2_y11_sf_lr005_100ep_s48n,B,complete,shapeiou,sio_b_results.csv,100,100,86,0.44762,0.74559,0.44457,0.74242,3779.43,0.005,48,42,shuffle,48,sfchd_20p_b,/root/sfchd_20p_b.yaml,y11_shwd_pretrain.pt,640,32,100,5,b2,,lr005,0,0,0,,1,B_csv_20260930,B_csv_20260930,97e45ff7f73681afeb18d66fae58fc83,1,0,0.4476,0.7455,0.8449,0.698,0
b2_y11_sf_lr005_100ep_s49n,B,complete,shapeiou,sio_b_results.csv,100,100,90,0.44458,0.74174,0.4384,0.73287,4255.15,0.005,49,42,shuffle,49,sfchd_20p_b,/root/sfchd_20p_b.yaml,y11_shwd_pretrain.pt,640,32,100,5,b2,,lr005,0,0,0,,1,B_csv_20260930,B_csv_20260930,b7a69a164166cf78c28985ae4da890f4,1,0,0.4444,0.7415,0.8129,0.7099,0
b2_y11_sf_lr005_100ep_s50n,B,complete,shapeiou,sio_b_results.csv,100,100,85,0.44709,0.74534,0.44068,0.73866,3804.8,0.005,50,42,shuffle,50,sfchd_20p_b,/root/sfchd_20p_b.yaml,y11_shwd_pretrain.pt,640,32,100,5,b2,,lr005,0,0,0,,1,B_csv_20260930,B_csv_20260930,5b063d34ffab64b9a39915e54715a8a4,1,0,0.4469,0.7442,0.8384,0.7002,0
b2_y11_sf_lr005_100ep_s51n,B,complete,shapeiou,sio_b_results.csv,100,100,88,0.44251,0.74137,0.44189,0.7357,3844.22,0.005,51,42,shuffle,51,sfchd_20p_b,/root/sfchd_20p_b.yaml,y11_shwd_pretrain.pt,640,32,100,5,b2,,lr005,0,0,0,,1,B_csv_20260930,B_csv_20260930,92f5c04302adad6dbd1aa2bd31e7af02,1,0,0.4425,0.7408,0.8334,0.7,0
b2r_shwd2sf_100_ctl81_s42,B,complete,,,19,19,19,0.59935,0.88763,0.59935,0.88763,459.065,0.005,42,42,torch,42,sfchd20_3way,/workspace/datasets/split_5_5/sfchd20_3way.yaml,epoch80.pt,640,32,100,5,b2r,,,0,0,0,,1,B_csv_20260930,B_csv_20260930,96d9fc55f44937d34f291608d242b70d,1,0,,,,,0
b2r_shwd2sf_100_ctl81_s43,B,complete,,,19,19,19,0.59523,0.89676,0.59523,0.89676,482.799,0.005,43,42,torch,43,sfchd20_3way,/workspace/datasets/split_5_5/sfchd20_3way.yaml,epoch80.pt,640,32,100,5,b2r,,,0,0,0,,1,B_csv_20260930,B_csv_20260930,3b2494e4b1f8d1746aea446c4fc422f3,1,0,,,,,0
b2r_shwd2sf_100_ctl81_s44,B,complete,,,19,19,19,0.59172,0.90042,0.59172,0.90042,481.765,0.005,44,42,torch,44,sfchd20_3way,/workspace/datasets/split_5_5/sfchd20_3way.yaml,epoch80.pt,640,32,100,5,b2r,,,0,0,0,,1,B_csv_20260930,B_csv_20260930,4b3d73d5ad1212a14d3743a03e4dbeea,1,0,,,,,0
b2r_shwd2sf_100_ctl81_s45,B,complete,,,19,19,1,0.60255,0.91115,0.59282,0.90023,461.325,0.005,45,42,torch,45,sfchd20_3way,/workspace/datasets/split_5_5/sfchd20_3way.yaml,epoch80.pt,640,32,100,5,b2r,,,0,0,0,,1,B_csv_20260930,B_csv_20260930,4ba9d66ce13a40e86f7bdcdd4d5e47fc,1,0,,,,,0
b2r_shwd2sf_100_ctl81_s46,B,complete,,,19,19,19,0.59869,0.90204,0.59869,0.90204,466.433,0.005,46,42,torch,46,sfchd20_3way,/workspace/datasets/split_5_5/sfchd20_3way.yaml,epoch80.pt,640,32,100,5,b2r,,,0,0,0,,1,B_csv_20260930,B_csv_20260930,aea1eb38a0eebc91d7cf322987e55414,1,0,,,,,0
b2r_shwd2sf_100_ctl81_s47,B,complete,,,19,19,1,0.59863,0.90016,0.59089,0.90697,483.087,0.005,47,42,torch,47,sfchd20_3way,/workspace/datasets/split_5_5/sfchd20_3way.yaml,epoch80.pt,640,32,100,5,b2r,,,0,0,0,,1,B_csv_20260930,B_csv_20260930,00cacf5cc2f72d209791b54f6a71ab7a,1,0,,,,,0
b2r_shwd2sf_100_ctl81_s48,B,complete,,,19,19,1,0.58446,0.88513,0.58256,0.89425,473.343,0.005,48,42,torch,48,sfchd20_3way,/workspace/datasets/split_5_5/sfchd20_3way.yaml,epoch80.pt,640,32,100,5,b2r,,,0,0,0,,1,B_csv_20260930,B_csv_20260930,b2dd46a6890a9997545699a1377fce7d,1,0,,,,,0
b2r_shwd2sf_100_ctl81_s49,B,complete,,,19,19,19,0.59415,0.88849,0.59415,0.88849,482.388,0.005,49,42,torch,49,sfchd20_3way,/workspace/datasets/split_5_5/sfchd20_3way.yaml,epoch80.pt,640,32,100,5,b2r,,,0,0,0,,1,B_csv_20260930,B_csv_20260930,ad867c4781988361c400618fa65355cc,1,0,,,,,0
b2r_shwd2sf_100_ctl81_s50,B,complete,,,19,19,18,0.59403,0.89781,0.59107,0.89736,452.782,0.005,50,42,torch,50,sfchd20_3way,/workspace/datasets/split_5_5/sfchd20_3way.yaml,epoch80.pt,640,32,100,5,b2r,,,0,0,0,,1,B_csv_20260930,B_csv_20260930,ae0f4f3b2190fe27a4dc7f15be7b589e,1,0,,,,,0
b2r_shwd2sf_100_ctl81_s51,B,complete,,,19,19,19,0.59347,0.89306,0.59347,0.89306,462.134,0.005,51,42,torch,51,sfchd20_3way,/workspace/datasets/split_5_5/sfchd20_3way.yaml,epoch80.pt,640,32,100,5,b2r,,,0,0,0,,1,B_csv_20260930,B_csv_20260930,61146e139c90f330cc16f580fab115a4,1,0,,,,,0
b2r_shwd2sf_100_ret81_s42,B,complete,,,19,19,8,0.60538,0.90468,0.60145,0.9017,479.044,0.001,42,42,torch,42,sfchd20_3way,/workspace/datasets/split_5_5/sfchd20_3way.yaml,epoch80.pt,640,32,100,5,b2r,,,0,0,0,,1,B_csv_20260930,B_csv_20260930,73cd8dacd44a402a4941b18d3fba46c4,1,0,,,,,0
b2r_shwd2sf_100_ret81_s43,B,complete,,,19,19,2,0.59737,0.90265,0.5901,0.89027,469.767,0.001,43,42,torch,43,sfchd20_3way,/workspace/datasets/split_5_5/sfchd20_3way.yaml,epoch80.pt,640,32,100,5,b2r,,,0,0,0,,1,B_csv_20260930,B_csv_20260930,be3c42febe501bb242e3688e3fe3d987,1,0,,,,,0
b2r_shwd2sf_100_ret81_s44,B,complete,,,19,19,9,0.59464,0.89978,0.58863,0.89577,488.234,0.001,44,42,torch,44,sfchd20_3way,/workspace/datasets/split_5_5/sfchd20_3way.yaml,epoch80.pt,640,32,100,5,b2r,,,0,0,0,,1,B_csv_20260930,B_csv_20260930,b901c6c74898e0e00bd6527a17fe782c,1,0,,,,,0
b2r_shwd2sf_100_ret81_s45,B,complete,,,19,19,10,0.60354,0.90423,0.60274,0.90612,473.205,0.001,45,42,torch,45,sfchd20_3way,/workspace/datasets/split_5_5/sfchd20_3way.yaml,epoch80.pt,640,32,100,5,b2r,,,0,0,0,,1,B_csv_20260930,B_csv_20260930,a07d2273675bc393a7f02bdee8000b8d,1,0,,,,,0
b2r_shwd2sf_100_ret81_s46,B,complete,,,19,19,4,0.60439,0.90251,0.59518,0.90271,454.428,0.001,46,42,torch,46,sfchd20_3way,/workspace/datasets/split_5_5/sfchd20_3way.yaml,epoch80.pt,640,32,100,5,b2r,,,0,0,0,,1,B_csv_20260930,B_csv_20260930,f2b77735e45038dc58921500c70cb697,1,0,,,,,0
b2r_shwd2sf_100_ret81_s47,B,complete,,,19,19,7,0.60687,0.90964,0.59182,0.89734,476.737,0.001,47,42,torch,47,sfchd20_3way,/workspace/datasets/split_5_5/sfchd20_3way.yaml,epoch80.pt,640,32,100,5,b2r,,,0,0,0,,1,B_csv_20260930,B_csv_20260930,23f01d84830672b8496e1043b69ea79d,1,0,,,,,0
b2r_shwd2sf_100_ret81_s48,B,complete,,,19,19,9,0.59628,0.89755,0.59324,0.89778,468.481,0.001,48,42,torch,48,sfchd20_3way,/workspace/datasets/split_5_5/sfchd20_3way.yaml,epoch80.pt,640,32,100,5,b2r,,,0,0,0,,1,B_csv_20260930,B_csv_20260930,136bb3cbe0533a1ff74125e3b3464cc5,1,0,,,,,0
b2r_shwd2sf_100_ret81_s49,B,complete,,,19,19,5,0.60409,0.90576,0.59802,0.89334,482.155,0.001,49,42,torch,49,sfchd20_3way,/workspace/datasets/split_5_5/sfchd20_3way.yaml,epoch80.pt,640,32,100,5,b2r,,,0,0,0,,1,B_csv_20260930,B_csv_20260930,e39d3a212758206aaec8be9a1a884084,1,0,,,,,0
b2r_shwd2sf_100_ret81_s50,B,complete,,,19,19,3,0.60105,0.8992,0.59328,0.88962,452.737,0.001,50,42,torch,50,sfchd20_3way,/workspace/datasets/split_5_5/sfchd20_3way.yaml,epoch80.pt,640,32,100,5,b2r,,,0,0,0,,1,B_csv_20260930,B_csv_20260930,68a2d71b19163d295834fabf572af171,1,0,,,,,0
b2r_shwd2sf_100_ret81_s51,B,complete,,,19,19,9,0.60162,0.89559,0.60003,0.89595,459.423,0.001,51,42,torch,51,sfchd20_3way,/workspace/datasets/split_5_5/sfchd20_3way.yaml,epoch80.pt,640,32,100,5,b2r,,,0,0,0,,1,B_csv_20260930,B_csv_20260930,e55adacacdf391193ad6a711a609c854,1,0,,,,,0
base100_cds,B,complete,shapeiou,sio_b_results.csv,100,100,4,0.66747,0.94986,0.64961,0.94762,779.911,0.001,,42,none,42,mask_20p,/root/datasets_mask/mask_clean/mask_20p.yaml,mafa_pretrain.pt,640,32,100,5,base100,,base,0,0,0,,1,B_csv_20260930,B_csv_20260930,b33ca0a44c8953e39afe79adc7056828,1,0,0.6476,0.9455,0.9242,0.921,0
base30_cds,B,complete,shapeiou,sio_b_results.csv,30,30,4,0.66991,0.95359,0.65504,0.9605,243.924,0.001,,42,none,42,mask_20p,/root/datasets_mask/mask_clean/mask_20p.yaml,mafa_pretrain.pt,640,32,100,5,base30,,base,0,0,0,,1,B_csv_20260930,B_csv_20260930,59d3c345fc0bde5c093365161811a65b,1,0,0.6442,0.946,0.946,0.9024,0
calB_bitid_base30_s42n,B,complete,shapeiou,sio_b_results.csv,30,30,30,0.42275,0.72348,0.42275,0.72348,963.528,0.001,42,42,shuffle,42,sfchd_20p_b,/root/sfchd_20p_b.yaml,shwd2sf_pretrain.pt,640,32,100,5,calB,,base,0,0,0,,1,B_csv_20260930,B_csv_20260930,7cb6f039c70333a3d7b60674d8191868,1,0,0.4228,0.7237,0.8468,0.6618,0
calB_bitid_base30_s43n,B,complete,shapeiou,sio_b_results.csv,30,30,30,0.42497,0.72199,0.42497,0.72199,923.328,0.001,43,42,shuffle,43,sfchd_20p_b,/root/sfchd_20p_b.yaml,shwd2sf_pretrain.pt,640,32,100,5,calB,,base,0,0,0,,1,B_csv_20260930,B_csv_20260930,c14bdcfa73dd7a0a1fd3dc290e96b451,1,0,0.425,0.722,0.8341,0.6626,0
calB2_smoke2sf_base30_s42n,B,interrupted,,,30,18,18,0.36353,0.64645,0.36353,0.64645,524.472,0.001,42,42,shuffle,42,sfchd_20p_b,/root/sfchd_20p_b.yaml,smoke_pretrain.pt,640,32,100,5,calB2,,base,0,0,0,,1,B_csv_20260930,B_csv_20260930,a3c1c995e719e5e9433e16a7eb8fe311,1,0,,,,,0
calB2_y11_sf_base100_s42n,B,interrupted,,,100,21,21,0.4178,0.71889,0.4178,0.71889,525.24,0.001,42,42,shuffle,42,sfchd_20p_b,/root/sfchd_20p_b.yaml,y11_shwd_pretrain.pt,640,32,100,5,calB2,,base,0,0,0,,1,B_csv_20260930,B_csv_20260930,ddc36cae995d5e4ad701c57c2cc7b6a9,1,0,,,,,0
_PARTIAL_cg_200ep_base_s42n_091556,B,early_stop_legit,,,200,121,21,0.57582,0.88677,0.54328,0.88746,1119.19,0.001,42,42,shuffle,42,gdut_hwd,/root/workspace/data/gdut_hwd/gdut_hwd.yaml,chv_pretrain.pt,640,32,100,5,cg,,base,0,1,0,,1,B_csv_20260930,B_csv_20260930,2a36985be72618e22a6b17bc40c11be0,1,0,,,,,0
_PARTIAL_cg_200ep_base_s43n_095303,B,early_stop_legit,,,200,129,29,0.56851,0.89535,0.54015,0.88155,1128.74,0.001,43,42,shuffle,43,gdut_hwd,/root/workspace/data/gdut_hwd/gdut_hwd.yaml,chv_pretrain.pt,640,32,100,5,cg,,base,0,1,0,,1,B_csv_20260930,B_csv_20260930,87bab6a6761b63f8976be8616203b7e4,1,0,,,,,0
_PARTIAL_cg_200ep_base_s44n_103534,B,early_stop_legit,,,200,120,20,0.57039,0.88289,0.53637,0.87804,1073.84,0.001,44,42,shuffle,44,gdut_hwd,/root/workspace/data/gdut_hwd/gdut_hwd.yaml,chv_pretrain.pt,640,32,100,5,cg,,base,0,1,0,,1,B_csv_20260930,B_csv_20260930,c9659c5714fbe668acb9110a64042a89,1,0,,,,,0
_PARTIAL_cg_200ep_lr005_s42n_093319,B,early_stop_legit,,,200,120,20,0.56627,0.86872,0.52157,0.86392,992.557,0.005,42,42,shuffle,42,gdut_hwd,/root/workspace/data/gdut_hwd/gdut_hwd.yaml,chv_pretrain.pt,640,32,100,5,cg,,lr005,0,1,0,,1,B_csv_20260930,B_csv_20260930,b56674ad4804958b48477b647f58f1b8,1,0,,,,,0
_PARTIAL_cg_200ep_lr005_s43n_101643,B,early_stop_legit,,,200,169,69,0.55457,0.87406,0.53521,0.88243,1361.5,0.005,43,42,shuffle,43,gdut_hwd,/root/workspace/data/gdut_hwd/gdut_hwd.yaml,chv_pretrain.pt,640,32,100,5,cg,,lr005,0,1,0,,1,B_csv_20260930,B_csv_20260930,e1906160839208bf157f145d4a918650,1,0,,,,,0
_PARTIAL_cg_200ep_lr005_s44n_105252,B,early_stop_legit,,,200,120,20,0.56562,0.8635,0.54927,0.88527,984.934,0.005,44,42,shuffle,44,gdut_hwd,/root/workspace/data/gdut_hwd/gdut_hwd.yaml,chv_pretrain.pt,640,32,100,5,cg,,lr005,0,1,0,,1,B_csv_20260930,B_csv_20260930,dfddaf973e675d43aba0db7e7e7c11a8,1,0,,,,,0
cg_30ep_base_s42n,B,complete,shapeiou,sio_b_results.csv,30,30,16,0.55571,0.87971,0.53051,0.87855,264.945,0.001,42,42,shuffle,42,gdut_hwd,/root/workspace/data/gdut_hwd/gdut_hwd.yaml,chv_pretrain.pt,640,32,100,5,cg,,base,0,0,0,,1,B_csv_20260930,B_csv_20260930,d4f80ff762c5b2ec09b149be97dc3e56,1,0,0.5165,0.8335,0.897,0.7556,0
cg_30ep_base_s43n,B,complete,shapeiou,sio_b_results.csv,30,30,20,0.55833,0.88312,0.53332,0.88062,261.554,0.001,43,42,shuffle,43,gdut_hwd,/root/workspace/data/gdut_hwd/gdut_hwd.yaml,chv_pretrain.pt,640,32,100,5,cg,,base,0,0,0,,1,B_csv_20260930,B_csv_20260930,e518fb0bafab289ec8fae20e0bf01b29,1,0,0.5177,0.8386,0.8813,0.7721,0
cg_30ep_base_s44n,B,complete,shapeiou,sio_b_results.csv,30,30,20,0.57011,0.88818,0.53236,0.87953,263.878,0.001,44,42,shuffle,44,gdut_hwd,/root/workspace/data/gdut_hwd/gdut_hwd.yaml,chv_pretrain.pt,640,32,100,5,cg,,base,0,0,0,,1,B_csv_20260930,B_csv_20260930,b4e05d26231dd2ff9d632f8e70038728,1,0,0.527,0.8393,0.8988,0.7645,0
cg_30ep_lr005_s42n,B,complete,shapeiou,sio_b_results.csv,30,30,16,0.56879,0.87978,0.5459,0.87718,251.126,0.005,42,42,shuffle,42,gdut_hwd,/root/workspace/data/gdut_hwd/gdut_hwd.yaml,chv_pretrain.pt,640,32,100,5,cg,,lr005,0,0,0,,1,B_csv_20260930,B_csv_20260930,562822370cc3a16acedbbc48db03d980,1,0,0.5245,0.8307,0.8803,0.7673,0
cg_30ep_lr005_s43n,B,complete,shapeiou,sio_b_results.csv,30,30,26,0.55793,0.87952,0.53567,0.87635,260.124,0.005,43,42,shuffle,43,gdut_hwd,/root/workspace/data/gdut_hwd/gdut_hwd.yaml,chv_pretrain.pt,640,32,100,5,cg,,lr005,0,0,0,,1,B_csv_20260930,B_csv_20260930,f8d6c50e00fabd3bf0a54bd76ee4d55a,1,0,0.525,0.8422,0.8959,0.7738,0
cg_30ep_lr005_s44n,B,complete,shapeiou,sio_b_results.csv,30,30,20,0.56715,0.867,0.53533,0.87041,356.396,0.005,44,42,shuffle,44,gdut_hwd,/root/workspace/data/gdut_hwd/gdut_hwd.yaml,chv_pretrain.pt,640,32,100,5,cg,,lr005,0,0,0,,1,B_csv_20260930,B_csv_20260930,c0d6b0814a9c97cea166a09b7b8806dc,1,0,0.5338,0.8377,0.9089,0.7565,0
css_100ep_cds,B,complete,css,sio_b_results.csv,100,100,4,0.6625,0.95412,0.64316,0.94684,1026.07,0.001,,42,none,42,mask_20p,/root/datasets_mask/mask_clean/mask_20p.yaml,mafa_pretrain.pt,640,32,100,5,css,,,0,0,0,,1,B_csv_20260930,B_csv_20260930,57b0e4e083b60d34650cdd6f2da4c750,1,0,0.6415,0.945,0.949,0.8909,0
dd15_200ep_base_s42n,B,complete,shapeiou,sio_b_results.csv,200,200,186,0.21692,0.34715,0.2106,0.33907,2834.31,0.001,42,42,shuffle,42,data,/root/datasets_mask/dota15_yolo/data.yaml,dota_pretrain.pt,640,32,100,5,dd15,,base,0,0,0,,1,B_csv_20260930,B_csv_20260930,9c433831349ee72f4a79b34e6e597c1f,1,0,0.2156,0.3458,0.6028,0.3569,0
dd15_200ep_base_s43n,B,complete,shapeiou,sio_b_results.csv,200,200,176,0.21513,0.34261,0.20938,0.33792,2835.15,0.001,43,42,shuffle,43,data,/root/datasets_mask/dota15_yolo/data.yaml,dota_pretrain.pt,640,32,100,5,dd15,,base,0,0,0,,1,B_csv_20260930,B_csv_20260930,e42418e04a7075418ccd70f556f28393,1,0,0.2146,0.3423,0.6492,0.3469,0
dd15_200ep_base_s44n,B,complete,shapeiou,sio_b_results.csv,200,200,185,0.21826,0.35009,0.21308,0.34651,3020.51,0.001,44,42,shuffle,44,data,/root/datasets_mask/dota15_yolo/data.yaml,dota_pretrain.pt,640,32,100,5,dd15,,base,0,0,0,,1,B_csv_20260930,B_csv_20260930,cc0dd144109ce40941fef1c00403af9b,1,0,0.217,0.3477,0.6095,0.3612,0
dd15_200ep_lr005_s42n,B,complete,shapeiou,sio_b_results.csv,200,200,171,0.23169,0.37339,0.22768,0.36853,2671.4,0.005,42,42,shuffle,42,data,/root/datasets_mask/dota15_yolo/data.yaml,dota_pretrain.pt,640,32,100,5,dd15,,lr005,0,0,0,,1,B_csv_20260930,B_csv_20260930,5c5a9b3df2f78823b7784b6c20705fd1,1,0,0.231,0.3729,0.6762,0.3769,0
dd15_200ep_lr005_s43n,B,complete,shapeiou,sio_b_results.csv,200,200,159,0.23454,0.38093,0.22656,0.36998,2784.38,0.005,43,42,shuffle,43,data,/root/datasets_mask/dota15_yolo/data.yaml,dota_pretrain.pt,640,32,100,5,dd15,,lr005,0,0,0,,1,B_csv_20260930,B_csv_20260930,7ccc7e6b8751f3927506899a34dedc03,1,0,0.2347,0.3817,0.6729,0.3857,0
dd15_200ep_lr005_s44n,B,complete,shapeiou,sio_b_results.csv,200,200,167,0.23333,0.37896,0.22961,0.37145,3040.44,0.005,44,42,shuffle,44,data,/root/datasets_mask/dota15_yolo/data.yaml,dota_pretrain.pt,640,32,100,5,dd15,,lr005,0,0,0,,1,B_csv_20260930,B_csv_20260930,b8bed2368a283aeaefc245ac86584557,1,0,0.2338,0.3791,0.6445,0.3882,0
dd15_30ep_base_s42n,B,complete,shapeiou,sio_b_results.csv,30,30,29,0.17941,0.29392,0.17841,0.29157,1872.65,0.001,42,42,shuffle,42,data,/root/datasets_mask/dota15_yolo/data.yaml,dota_pretrain.pt,640,32,100,5,dd15,,base,0,0,0,,1,B_csv_20260930,B_csv_20260930,0b8eaff948d7f75ea112b9a31bf4b148,1,0,0.1792,0.2946,0.6897,0.2991,0
dd15_30ep_base_s43n,B,complete,shapeiou,sio_b_results.csv,30,30,29,0.18185,0.293,0.18031,0.29059,581.879,0.001,43,42,shuffle,43,data,/root/datasets_mask/dota15_yolo/data.yaml,dota_pretrain.pt,640,32,100,5,dd15,,base,0,0,0,,1,B_csv_20260930,B_csv_20260930,84f5561d9a85e2af851151933fa5d84f,1,0,0.182,0.2921,0.7025,0.2963,0
dd15_30ep_base_s44n,B,complete,shapeiou,sio_b_results.csv,30,30,30,0.17831,0.29424,0.17831,0.29424,557.692,0.001,44,42,shuffle,44,data,/root/datasets_mask/dota15_yolo/data.yaml,dota_pretrain.pt,640,32,100,5,dd15,,base,0,0,0,,1,B_csv_20260930,B_csv_20260930,9300e50384cb164195df0118b8e4d6f4,1,0,0.1791,0.2947,0.6743,0.3049,0
dd15_30ep_lr005_s42n,B,complete,shapeiou,sio_b_results.csv,30,30,30,0.20459,0.33087,0.20459,0.33087,568.556,0.005,42,42,shuffle,42,data,/root/datasets_mask/dota15_yolo/data.yaml,dota_pretrain.pt,640,32,100,5,dd15,,lr005,0,0,0,,1,B_csv_20260930,B_csv_20260930,da87f97276a739e412f0a4122dd5a137,1,0,0.2037,0.3286,0.6599,0.3319,0
dd15_30ep_lr005_s43n,B,complete,shapeiou,sio_b_results.csv,30,30,30,0.20178,0.32091,0.20178,0.32091,588.83,0.005,43,42,shuffle,43,data,/root/datasets_mask/dota15_yolo/data.yaml,dota_pretrain.pt,640,32,100,5,dd15,,lr005,0,0,0,,1,B_csv_20260930,B_csv_20260930,d34e151321cd326a21768764bc034671,1,0,0.202,0.3212,0.6871,0.3186,0
dd15_30ep_lr005_s44n,B,complete,shapeiou,sio_b_results.csv,30,30,30,0.19928,0.32191,0.19928,0.32191,677.056,0.005,44,42,shuffle,44,data,/root/datasets_mask/dota15_yolo/data.yaml,dota_pretrain.pt,640,32,100,5,dd15,,lr005,0,0,0,,1,B_csv_20260930,B_csv_20260930,2dfd181b407ad51f3d99620da0f8127f,1,0,0.1987,0.3217,0.6637,0.3245,0
dota_base100,B,complete,shapeiou,sio_b_results.csv,100,100,63,0.17877,0.30671,0.17015,0.29693,806.816,0.001,,42,none,42,dota_20p,/root/datasets_mask/dota_yolo/dota_20p.yaml,dota_pretrain.pt,640,32,100,5,dota,,base,0,0,0,,1,B_csv_20260930,B_csv_20260930,b11a76f04ce72e0b7fa64a96af15afcb,1,0,0.1794,0.3077,0.5876,0.3169,0
dota_base30,B,complete,shapeiou,sio_b_results.csv,30,30,21,0.17162,0.29782,0.1675,0.2925,255.932,0.001,,42,none,42,dota_20p,/root/datasets_mask/dota_yolo/dota_20p.yaml,dota_pretrain.pt,640,32,100,5,dota,,base,0,0,0,,1,B_csv_20260930,B_csv_20260930,12ee6cc987cd51a04d4f8ab05642d819,1,0,0.1719,0.2979,0.699,0.3107,0
dota_lr005_30ep,B,complete,shapeiou,sio_b_results.csv,30,30,30,0.17172,0.29843,0.17172,0.29843,277.998,0.005,,42,none,42,dota_20p,/root/datasets_mask/dota_yolo/dota_20p.yaml,dota_pretrain.pt,640,32,100,5,dota,,lr005,0,0,0,,1,B_csv_20260930,B_csv_20260930,09913f409a7a402c77b598089193c0d9,1,0,0.1717,0.2974,0.6701,0.3029,0
dota_pretrain,B,complete,shapeiou,sio_b_results.csv,30,30,29,0.17103,0.29014,0.16989,0.2875,506.418,0.001,,42,none,42,data,/root/datasets_mask/dota_yolo/data.yaml,yolo12n.pt,640,32,100,5,dota,,,0,0,0,,1,B_csv_20260930,B_csv_20260930,cda17294ac0558f810a116add5f05872,1,0,0.1709,0.2902,0.7049,0.3009,0
dota_sns_30ep,B,complete,sns,sio_b_results.csv,30,30,21,0.17197,0.29799,0.16697,0.29128,268.565,0.001,,42,none,42,dota_20p,/root/datasets_mask/dota_yolo/dota_20p.yaml,dota_pretrain.pt,640,32,100,5,dota,,,0,0,0,,1,B_csv_20260930,B_csv_20260930,41f891514f9114146408017fb6624476,1,0,0.1721,0.2978,0.6968,0.3107,0
dota15_base100,B,complete,shapeiou,sio_b_results.csv,100,100,91,0.1614,0.26782,0.15382,0.25709,733.503,0.001,,42,none,42,dota15_20p,/root/datasets_mask/dota15_yolo/dota15_20p.yaml,dota15_pretrain.pt,640,32,100,5,dota15,,base,0,0,0,,1,B_csv_20260930,B_csv_20260930,7d4b53e5e214c00fb5e31bc0f58a2960,1,0,0.161,0.2679,0.6228,0.2941,0
dota15_base100_s42n,B,complete,shapeiou,sio_b_results.csv,100,100,90,0.16132,0.26965,0.15135,0.25556,1717.1,0.001,42,42,shuffle,42,dota15_20p,/root/datasets_mask/dota15_yolo/dota15_20p.yaml,dota15_pretrain.pt,640,32,100,5,dota15,,base,0,0,0,,1,B_csv_20260930,B_csv_20260930,c29f56677c381dc8abe9c064a1093d52,1,0,0.1603,0.2682,0.6044,0.2955,0
dota15_base100_s43n,B,complete,shapeiou,sio_b_results.csv,100,100,66,0.16284,0.27217,0.1528,0.25621,841.44,0.001,43,42,shuffle,43,dota15_20p,/root/datasets_mask/dota15_yolo/dota15_20p.yaml,dota15_pretrain.pt,640,32,100,5,dota15,,base,0,0,0,,1,B_csv_20260930,B_csv_20260930,05139b49a444f0c6c6595e6d89665f95,1,0,0.1627,0.2708,0.6308,0.2932,0
dota15_base100_s44n,B,complete,shapeiou,sio_b_results.csv,100,100,63,0.16163,0.26959,0.15322,0.25884,747.076,0.001,44,42,shuffle,44,dota15_20p,/root/datasets_mask/dota15_yolo/dota15_20p.yaml,dota15_pretrain.pt,640,32,100,5,dota15,,base,0,0,0,,1,B_csv_20260930,B_csv_20260930,f86e0469bd11cf418fcf96f74f06464b,1,0,0.1611,0.2675,0.6162,0.2847,0
dota15_base100_s45n,B,complete,shapeiou,sio_b_results.csv,100,100,87,0.16141,0.26921,0.15366,0.2584,840.14,0.001,45,42,shuffle,45,dota15_20p,/root/datasets_mask/dota15_yolo/dota15_20p.yaml,dota15_pretrain.pt,640,32,100,5,dota15,,base,0,0,0,,1,B_csv_20260930,B_csv_20260930,03a65140ab1bcde067871dfad4f48886,1,0,0.1612,0.2689,0.6293,0.291,0
dota15_base100_s46n,B,complete,shapeiou,sio_b_results.csv,100,100,88,0.16226,0.27047,0.15229,0.25702,824.598,0.001,46,42,shuffle,46,dota15_20p,/root/datasets_mask/dota15_yolo/dota15_20p.yaml,dota15_pretrain.pt,640,32,100,5,dota15,,base,0,0,0,,1,B_csv_20260930,B_csv_20260930,36ef224e1b3a63010d62ed5e545a3d2e,1,0,0.1621,0.2692,0.6304,0.2924,0
dota15_base100_s47n,B,complete,shapeiou,sio_b_results.csv,100,100,87,0.16136,0.26914,0.15109,0.25504,888.294,0.001,47,42,shuffle,47,dota15_20p,/root/datasets_mask/dota15_yolo/dota15_20p.yaml,dota15_pretrain.pt,640,32,100,5,dota15,,base,0,0,0,,1,B_csv_20260930,B_csv_20260930,f4d6164c9ed8cf7f1afbe32fef4f22c9,1,0,0.1615,0.2686,0.6248,0.2927,0
dota15_base100_s48n,B,complete,shapeiou,sio_b_results.csv,100,100,75,0.16247,0.26827,0.15261,0.25669,844.643,0.001,48,42,shuffle,48,dota15_20p,/root/datasets_mask/dota15_yolo/dota15_20p.yaml,dota15_pretrain.pt,640,32,100,5,dota15,,base,0,0,0,,1,B_csv_20260930,B_csv_20260930,66514f98efe713a8819b5ba5ad90d932,1,0,0.1627,0.2682,0.6067,0.2919,0
dota15_base100_s49n,B,complete,shapeiou,sio_b_results.csv,100,100,81,0.16249,0.27201,0.15297,0.25722,976.943,0.001,49,42,shuffle,49,dota15_20p,/root/datasets_mask/dota15_yolo/dota15_20p.yaml,dota15_pretrain.pt,640,32,100,5,dota15,,base,0,0,0,,1,B_csv_20260930,B_csv_20260930,4157ef6b3f59bbd0bfcdb24bd8abd9c6,1,0,0.162,0.2714,0.6141,0.2977,0
dota15_base100_s50n,B,complete,shapeiou,sio_b_results.csv,100,100,85,0.16169,0.27016,0.15228,0.257,914.866,0.001,50,42,shuffle,50,dota15_20p,/root/datasets_mask/dota15_yolo/dota15_20p.yaml,dota15_pretrain.pt,640,32,100,5,dota15,,base,0,0,0,,1,B_csv_20260930,B_csv_20260930,85733df6f628ddde52ccf6081031b180,1,0,0.161,0.2694,0.612,0.2934,0
dota15_base100_s51n,B,complete,shapeiou,sio_b_results.csv,100,100,87,0.1617,0.2703,0.15279,0.25955,928.908,0.001,51,42,shuffle,51,dota15_20p,/root/datasets_mask/dota15_yolo/dota15_20p.yaml,dota15_pretrain.pt,640,32,100,5,dota15,,base,0,0,0,,1,B_csv_20260930,B_csv_20260930,51ac9bf8d7915b61083d80c837e24712,1,0,0.1611,0.2702,0.6163,0.2923,0
dota15_base30,B,complete,shapeiou,sio_b_results.csv,30,30,20,0.15443,0.25225,0.14954,0.24646,236.461,0.001,,42,none,42,dota15_20p,/root/datasets_mask/dota15_yolo/dota15_20p.yaml,dota15_pretrain.pt,640,32,100,5,dota15,,base,0,0,0,,1,B_csv_20260930,B_csv_20260930,5498cb0c254d1e86fa3b93395d1d45f2,1,0,0.1534,0.2514,0.6075,0.2741,0
dota15_css_100ep,B,complete,css,sio_b_results.csv,100,100,91,0.16101,0.2672,0.15348,0.25675,745.063,0.001,,42,none,42,dota15_20p,/root/datasets_mask/dota15_yolo/dota15_20p.yaml,dota15_pretrain.pt,640,32,100,5,dota15,,,0,0,0,,1,B_csv_20260930,B_csv_20260930,5f03f8e327232c4e9415a059a0cea202,1,0,0.1607,0.2674,0.6208,0.2915,0
dota15_lr005_100ep,B,complete,shapeiou,sio_b_results.csv,100,100,88,0.17261,0.29031,0.16924,0.28617,756.909,0.005,,42,none,42,dota15_20p,/root/datasets_mask/dota15_yolo/dota15_20p.yaml,dota15_pretrain.pt,640,32,100,5,dota15,,lr005,0,0,0,,1,B_csv_20260930,B_csv_20260930,caa5ce814a5107ca3694280b95f86b31,1,0,0.1729,0.2902,0.6557,0.3071,0
dota15_lr005_100ep_s42n,B,complete,shapeiou,sio_b_results.csv,100,100,90,0.16871,0.28364,0.16501,0.28106,1794.36,0.005,42,42,shuffle,42,dota15_20p,/root/datasets_mask/dota15_yolo/dota15_20p.yaml,dota15_pretrain.pt,640,32,100,5,dota15,,lr005,0,0,0,,1,B_csv_20260930,B_csv_20260930,91a2956727be0a1db8dbb216736a47ba,1,0,0.1697,0.2851,0.6819,0.2954,0
dota15_lr005_100ep_s43n,B,complete,shapeiou,sio_b_results.csv,100,100,91,0.1723,0.28708,0.17047,0.28445,807.174,0.005,43,42,shuffle,43,dota15_20p,/root/datasets_mask/dota15_yolo/dota15_20p.yaml,dota15_pretrain.pt,640,32,100,5,dota15,,lr005,0,0,0,,1,B_csv_20260930,B_csv_20260930,b5d6f1c0ec3225b52082fc2fe1480acb,1,0,0.173,0.2883,0.6615,0.3046,0
dota15_lr005_100ep_s44n,B,complete,shapeiou,sio_b_results.csv,100,100,91,0.17094,0.28516,0.16777,0.28488,780.135,0.005,44,42,shuffle,44,dota15_20p,/root/datasets_mask/dota15_yolo/dota15_20p.yaml,dota15_pretrain.pt,640,32,100,5,dota15,,lr005,0,0,0,,1,B_csv_20260930,B_csv_20260930,b2d5d6dc706aa1b0db6ffbd9d86be8ab,1,0,0.1713,0.2863,0.6664,0.2972,0
dota15_lr005_100ep_s45n,B,complete,shapeiou,sio_b_results.csv,100,100,76,0.17139,0.28711,0.16554,0.28114,1312.86,0.005,45,42,shuffle,45,dota15_20p,/root/datasets_mask/dota15_yolo/dota15_20p.yaml,dota15_pretrain.pt,640,32,100,5,dota15,,lr005,0,0,0,,1,B_csv_20260930,B_csv_20260930,f96731e1a0bbf05e2565bc2d0a91f245,1,0,0.1717,0.2875,0.6697,0.309,0
dota15_lr005_100ep_s46n,B,complete,shapeiou,sio_b_results.csv,100,100,91,0.17386,0.29297,0.16646,0.28362,849.522,0.005,46,42,shuffle,46,dota15_20p,/root/datasets_mask/dota15_yolo/dota15_20p.yaml,dota15_pretrain.pt,640,32,100,5,dota15,,lr005,0,0,0,,1,B_csv_20260930,B_csv_20260930,25326821772cec8f016e8d064a6541f4,1,0,0.1743,0.2932,0.6663,0.3086,0
dota15_lr005_100ep_s47n,B,complete,shapeiou,sio_b_results.csv,100,100,85,0.17324,0.29154,0.16666,0.28165,864.093,0.005,47,42,shuffle,47,dota15_20p,/root/datasets_mask/dota15_yolo/dota15_20p.yaml,dota15_pretrain.pt,640,32,100,5,dota15,,lr005,0,0,0,,1,B_csv_20260930,B_csv_20260930,f34b3a80697bce566922538cfcf08264,1,0,0.1731,0.2925,0.6862,0.3041,0
dota15_lr005_100ep_s48n,B,complete,shapeiou,sio_b_results.csv,100,100,91,0.17415,0.28923,0.16923,0.28487,890.959,0.005,48,42,shuffle,48,dota15_20p,/root/datasets_mask/dota15_yolo/dota15_20p.yaml,dota15_pretrain.pt,640,32,100,5,dota15,,lr005,0,0,0,,1,B_csv_20260930,B_csv_20260930,00fdcff35ea9e289a721c72567d749ae,1,0,0.1743,0.29,0.6683,0.3032,0
dota15_lr005_100ep_s49n,B,complete,shapeiou,sio_b_results.csv,100,100,89,0.17069,0.28435,0.16662,0.28217,981.084,0.005,49,42,shuffle,49,dota15_20p,/root/datasets_mask/dota15_yolo/dota15_20p.yaml,dota15_pretrain.pt,640,32,100,5,dota15,,lr005,0,0,0,,1,B_csv_20260930,B_csv_20260930,302d5712d41e345740518ae30655d4b0,1,0,0.1717,0.286,0.6785,0.3005,0
dota15_lr005_100ep_s50n,B,complete,shapeiou,sio_b_results.csv,100,100,91,0.1725,0.28967,0.16535,0.28271,1025.33,0.005,50,42,shuffle,50,dota15_20p,/root/datasets_mask/dota15_yolo/dota15_20p.yaml,dota15_pretrain.pt,640,32,100,5,dota15,,lr005,0,0,0,,1,B_csv_20260930,B_csv_20260930,73f3583736611ac6c253e7044249964c,1,0,0.1729,0.2894,0.6533,0.3058,0
dota15_lr005_100ep_s51n,B,complete,shapeiou,sio_b_results.csv,100,100,82,0.17189,0.29321,0.16735,0.28202,4033.21,0.005,51,42,shuffle,51,dota15_20p,/root/datasets_mask/dota15_yolo/dota15_20p.yaml,dota15_pretrain.pt,640,32,100,5,dota15,,lr005,0,0,0,,1,B_csv_20260930,B_csv_20260930,2bca87c66401291ba62ee6c9a4eb77ca,1,0,0.1725,0.2939,0.6611,0.3116,0
dota15_lr005_30ep,B,complete,shapeiou,sio_b_results.csv,30,30,30,0.15298,0.25798,0.15298,0.25798,240.332,0.005,,42,none,42,dota15_20p,/root/datasets_mask/dota15_yolo/dota15_20p.yaml,dota15_pretrain.pt,640,32,100,5,dota15,,lr005,0,0,0,,1,B_csv_20260930,B_csv_20260930,1425b85984800489f140a551e493d532,1,0,0.1526,0.258,0.6176,0.278,0
dota15_pretrain,B,complete,shapeiou,sio_b_results.csv,30,30,30,0.15484,0.25027,0.15484,0.25027,416.145,0.001,,42,none,42,data,/root/datasets_mask/dota15_yolo/data.yaml,yolo12n.pt,640,32,100,5,dota15,,,0,0,0,,1,B_csv_20260930,B_csv_20260930,7417e07f2e00de726795922a3d1b19dd,1,0,0.1533,0.2484,0.5574,0.2637,0
dota15_pws_100ep,B,complete,pws,sio_b_results.csv,100,100,91,0.16226,0.26998,0.15518,0.26014,742.868,0.001,,42,none,42,dota15_20p,/root/datasets_mask/dota15_yolo/dota15_20p.yaml,dota15_pretrain.pt,640,32,100,5,dota15,,,0,0,0,,1,B_csv_20260930,B_csv_20260930,8aa89913b596a12ee3829f3339cbe62e,1,0,0.1616,0.2699,0.6295,0.295,0
dota15_pws_30ep,B,complete,pws,sio_b_results.csv,30,30,20,0.15406,0.2514,0.15014,0.24779,237.164,0.001,,42,none,42,dota15_20p,/root/datasets_mask/dota15_yolo/dota15_20p.yaml,dota15_pretrain.pt,640,32,100,5,dota15,,,0,0,0,,1,B_csv_20260930,B_csv_20260930,11ac43b6618a073736fd81a31bc7a628,1,0,0.1531,0.2504,0.599,0.2749,0
dota15_sns_100ep,B,complete,sns,sio_b_results.csv,100,100,85,0.16126,0.26772,0.15408,0.25768,745.271,0.001,,42,none,42,dota15_20p,/root/datasets_mask/dota15_yolo/dota15_20p.yaml,dota15_pretrain.pt,640,32,100,5,dota15,,,0,0,0,,1,B_csv_20260930,B_csv_20260930,5168f92df4ab74b9bc8a5e6c27b6ccfb,1,0,0.1607,0.2673,0.6114,0.2915,0
dota15_sns_30ep,B,complete,sns,sio_b_results.csv,30,30,1,0.15409,0.25158,0.14948,0.24655,234.676,0.001,,42,none,42,dota15_20p,/root/datasets_mask/dota15_yolo/dota15_20p.yaml,dota15_pretrain.pt,640,32,100,5,dota15,,,0,0,0,,1,B_csv_20260930,B_csv_20260930,0e61c212fb021a1d02430e1a47f11a4f,1,0,0.1529,0.2501,0.567,0.2683,0
fsin_base100,B,complete,shapeiou,sio_b_results.csv,100,100,1,0.40294,0.73838,0.35892,0.68101,6429.84,0.001,,42,none,42,firesmoke_20p,/root/datasets_mask/firesmoke_clean/firesmoke_20p.yaml,fsin_pretrain.pt,640,32,100,5,fsin,,base,0,0,0,,1,B_csv_20260930,B_csv_20260930,4508826b1a465228b42b92983d663c51,1,0,0.3934,0.7198,0.7701,0.6504,0
fsin_base30,B,complete,shapeiou,sio_b_results.csv,30,30,1,0.40294,0.73838,0.37086,0.69649,1924.84,0.001,,42,none,42,firesmoke_20p,/root/datasets_mask/firesmoke_clean/firesmoke_20p.yaml,fsin_pretrain.pt,640,32,100,5,fsin,,base,0,0,0,,1,B_csv_20260930,B_csv_20260930,ddfa05faede1a55ff6df22f899ededae,1,0,0.3934,0.7198,0.7701,0.6504,0
fsin_base50,B,complete,shapeiou,sio_b_results.csv,50,50,1,0.40294,0.73838,0.36733,0.69907,3187.52,0.001,,42,none,42,firesmoke_20p,/root/datasets_mask/firesmoke_clean/firesmoke_20p.yaml,fsin_pretrain.pt,640,32,100,5,fsin,,base,0,0,0,,1,B_csv_20260930,B_csv_20260930,e371010c3beaa1bc33f3560667f1fee3,1,0,0.3934,0.7198,0.7701,0.6504,0
fsin_css_100ep,B,complete,css,sio_b_results.csv,100,100,1,0.4022,0.73694,0.35646,0.68207,6334.57,0.001,,42,none,42,firesmoke_20p,/root/datasets_mask/firesmoke_clean/firesmoke_20p.yaml,fsin_pretrain.pt,640,32,100,5,fsin,,,0,0,0,,1,B_csv_20260930,B_csv_20260930,ffc423c086c25a45d5e8e638e7023efe,1,0,0.3935,0.7184,0.7759,0.6467,0
fsin_css_30ep,B,complete,css,sio_b_results.csv,30,30,1,0.4022,0.73694,0.3727,0.70338,1914.32,0.001,,42,none,42,firesmoke_20p,/root/datasets_mask/firesmoke_clean/firesmoke_20p.yaml,fsin_pretrain.pt,640,32,100,5,fsin,,,0,0,0,,1,B_csv_20260930,B_csv_20260930,f1486cf3465a0da97414c1ee36bb9858,1,0,0.3935,0.7184,0.7759,0.6467,0
fsin_lr005_30ep,B,complete,shapeiou,sio_b_results.csv,30,30,28,0.36473,0.69612,0.36219,0.69193,1963.87,0.005,,42,none,42,firesmoke_20p,/root/datasets_mask/firesmoke_clean/firesmoke_20p.yaml,fsin_pretrain.pt,640,32,100,5,fsin,,lr005,0,0,0,,1,B_csv_20260930,B_csv_20260930,eab75d0d4f5bf36e45a28c518e47934b,1,0,0.3472,0.6614,0.7237,0.6103,0
fsin_lr005_50ep,B,complete,shapeiou,sio_b_results.csv,50,50,37,0.36076,0.6812,0.3559,0.67538,3211.98,0.005,,42,none,42,firesmoke_20p,/root/datasets_mask/firesmoke_clean/firesmoke_20p.yaml,fsin_pretrain.pt,640,32,100,5,fsin,,lr005,0,0,0,,1,B_csv_20260930,B_csv_20260930,7147d5f36e85370219d50f237fad770b,1,0,0.3495,0.6697,0.7251,0.6092,0
fsin_pretrain,B,complete,shapeiou,sio_b_results.csv,30,30,28,0.40997,0.74939,0.40929,0.74849,7674.37,0.001,,42,none,42,data,/root/datasets_mask/firesmoke_clean/data.yaml,yolo12n.pt,640,32,100,5,fsin,,,0,0,0,,1,B_csv_20260930,B_csv_20260930,5f60717a418c0c65e6e6d4e7c5ec80b7,1,0,0.4027,0.7278,0.7687,0.6672,0
fsin_pws_100ep,B,complete,pws,sio_b_results.csv,100,100,1,0.40241,0.73601,0.35492,0.67744,6314.65,0.001,,42,none,42,firesmoke_20p,/root/datasets_mask/firesmoke_clean/firesmoke_20p.yaml,fsin_pretrain.pt,640,32,100,5,fsin,,,0,0,0,,1,B_csv_20260930,B_csv_20260930,5cb5361d3ed50e252ab21ed11c242eb9,1,0,0.3915,0.7166,0.7724,0.6457,0
fsin_pws_30ep,B,complete,pws,sio_b_results.csv,30,30,1,0.40241,0.73601,0.36769,0.69652,1883.43,0.001,,42,none,42,firesmoke_20p,/root/datasets_mask/firesmoke_clean/firesmoke_20p.yaml,fsin_pretrain.pt,640,32,100,5,fsin,,,0,0,0,,1,B_csv_20260930,B_csv_20260930,15d2d972afcb220d39024a4b67e4d4cb,1,0,0.3915,0.7166,0.7724,0.6457,0
fsin_sns_100ep,B,complete,sns,sio_b_results.csv,100,100,1,0.40299,0.73738,0.35413,0.68213,6229.82,0.001,,42,none,42,firesmoke_20p,/root/datasets_mask/firesmoke_clean/firesmoke_20p.yaml,fsin_pretrain.pt,640,32,100,5,fsin,,,0,0,0,,1,B_csv_20260930,B_csv_20260930,de7b7a88246e553c5ef588a2b81d7fd3,1,0,0.3932,0.7191,0.7785,0.6444,0
fsin_sns_30ep,B,complete,sns,sio_b_results.csv,30,30,1,0.40299,0.73738,0.37038,0.69558,1901.37,0.001,,42,none,42,firesmoke_20p,/root/datasets_mask/firesmoke_clean/firesmoke_20p.yaml,fsin_pretrain.pt,640,32,100,5,fsin,,,0,0,0,,1,B_csv_20260930,B_csv_20260930,5ec9eca2550a1f51e969483847e2ee63,1,0,0.3932,0.7191,0.7785,0.6444,0
g2_vlarge_base100_s42n,B,complete,shapeiou,sio_b_results.csv,100,100,75,0.27049,0.45886,0.2433,0.41991,380.349,0.001,42,42,shuffle,42,g2_val_large,/workspace/g2_valsize_20260919/g2_val_large.yaml,dota15_pretrain.pt,640,32,100,5,g2,,base,0,0,0,,1,B_csv_20260930,B_csv_20260930,8096f7d7182158744481e0db2022a22f,1,0,0.1587,0.2653,0.6148,0.2906,0
g2_vlarge_base100_s43n,B,complete,shapeiou,sio_b_results.csv,100,100,32,0.27012,0.43056,0.24203,0.41555,371.201,0.001,43,42,shuffle,43,g2_val_large,/workspace/g2_valsize_20260919/g2_val_large.yaml,dota15_pretrain.pt,640,32,100,5,g2,,base,0,0,0,,1,B_csv_20260930,B_csv_20260930,1eff44631bf1e528bdef2644e18fc6cf,1,0,0.1558,0.256,0.5837,0.2788,0
g2_vlarge_base100_s44n,B,complete,shapeiou,sio_b_results.csv,100,100,63,0.26944,0.45417,0.24311,0.41403,340.28,0.001,44,42,shuffle,44,g2_val_large,/workspace/g2_valsize_20260919/g2_val_large.yaml,dota15_pretrain.pt,640,32,100,5,g2,,base,0,0,0,,1,B_csv_20260930,B_csv_20260930,ef84b704287d1dd8b06fc70f4217a870,1,0,0.1611,0.2675,0.6162,0.2847,0
g2_vlarge_base100_s45n,B,complete,shapeiou,sio_b_results.csv,100,100,90,0.26801,0.44957,0.24535,0.42143,343.465,0.001,45,42,shuffle,45,g2_val_large,/workspace/g2_valsize_20260919/g2_val_large.yaml,dota15_pretrain.pt,640,32,100,5,g2,,base,0,0,0,,1,B_csv_20260930,B_csv_20260930,d9d963f675d29106f4d1508f3c29b933,1,0,0.1595,0.2673,0.6249,0.2907,0
g2_vlarge_base100_s46n,B,complete,shapeiou,sio_b_results.csv,100,100,69,0.27413,0.45877,0.25094,0.42809,339.217,0.001,46,42,shuffle,46,g2_val_large,/workspace/g2_valsize_20260919/g2_val_large.yaml,dota15_pretrain.pt,640,32,100,5,g2,,base,0,0,0,,1,B_csv_20260930,B_csv_20260930,e6aa442bff65b3a4f2518069a80d78d7,1,0,0.1601,0.2684,0.616,0.2925,0
g2_vlarge_lr005_100ep_s42n,B,complete,shapeiou,sio_b_results.csv,100,100,69,0.25868,0.43166,0.25363,0.42683,386.546,0.005,42,42,shuffle,42,g2_val_large,/workspace/g2_valsize_20260919/g2_val_large.yaml,dota15_pretrain.pt,640,32,100,5,g2,,lr005,0,0,0,,1,B_csv_20260930,B_csv_20260930,9d60cccabd14f1381b0e4d92e4382bd3,1,0,0.1662,0.2828,0.6357,0.3029,0
g2_vlarge_lr005_100ep_s43n,B,complete,shapeiou,sio_b_results.csv,100,100,84,0.25852,0.43344,0.24531,0.42195,352.404,0.005,43,42,shuffle,43,g2_val_large,/workspace/g2_valsize_20260919/g2_val_large.yaml,dota15_pretrain.pt,640,32,100,5,g2,,lr005,0,0,0,,1,B_csv_20260930,B_csv_20260930,444f5b849c607516cabcab57798a7b0b,1,0,0.1717,0.2883,0.658,0.3055,0
g2_vlarge_lr005_100ep_s44n,B,complete,shapeiou,sio_b_results.csv,100,100,90,0.26834,0.46045,0.25921,0.44764,333.303,0.005,44,42,shuffle,44,g2_val_large,/workspace/g2_valsize_20260919/g2_val_large.yaml,dota15_pretrain.pt,640,32,100,5,g2,,lr005,0,0,0,,1,B_csv_20260930,B_csv_20260930,abd640eef0b8337b01ee9483e48c37dd,1,0,0.1708,0.2859,0.6429,0.3036,0
g2_vlarge_lr005_100ep_s45n,B,complete,shapeiou,sio_b_results.csv,100,100,76,0.25901,0.43195,0.24638,0.43551,341.263,0.005,45,42,shuffle,45,g2_val_large,/workspace/g2_valsize_20260919/g2_val_large.yaml,dota15_pretrain.pt,640,32,100,5,g2,,lr005,0,0,0,,1,B_csv_20260930,B_csv_20260930,9ab55e76d60155ccd691805ad223c88a,1,0,0.1717,0.2875,0.6697,0.309,0
g2_vlarge_lr005_100ep_s46n,B,complete,shapeiou,sio_b_results.csv,100,100,75,0.25115,0.42254,0.23805,0.41175,337.752,0.005,46,42,shuffle,46,g2_val_large,/workspace/g2_valsize_20260919/g2_val_large.yaml,dota15_pretrain.pt,640,32,100,5,g2,,lr005,0,0,0,,1,B_csv_20260930,B_csv_20260930,170b990b80c31b9563ce07396967df5f,1,0,0.1696,0.2845,0.6618,0.3049,0
g2_vsmall_base100_s42n,B,complete,shapeiou,sio_b_results.csv,100,100,75,0.18894,0.36815,0.16096,0.31318,420.657,0.001,42,42,shuffle,42,g2_val_small,/workspace/g2_valsize_20260919/g2_val_small.yaml,dota15_pretrain.pt,640,32,100,5,g2,,base,0,0,0,,1,B_csv_20260930,B_csv_20260930,508328b4c2b80101c893c88857df4eae,1,0,0.1581,0.2645,0.6271,0.2919,0
g2_vsmall_base100_s43n,B,complete,shapeiou,sio_b_results.csv,100,100,32,0.18584,0.32273,0.15622,0.30403,446.894,0.001,43,42,shuffle,43,g2_val_small,/workspace/g2_valsize_20260919/g2_val_small.yaml,dota15_pretrain.pt,640,32,100,5,g2,,base,0,0,0,,1,B_csv_20260930,B_csv_20260930,6fb3dad9c3db712030e920c3c52a4fc4,1,0,0.1558,0.256,0.5837,0.2788,0
g2_vsmall_base100_s44n,B,complete,shapeiou,sio_b_results.csv,100,100,86,0.18721,0.36615,0.15812,0.30849,411.361,0.001,44,42,shuffle,44,g2_val_small,/workspace/g2_valsize_20260919/g2_val_small.yaml,dota15_pretrain.pt,640,32,100,5,g2,,base,0,0,0,,1,B_csv_20260930,B_csv_20260930,c388d686a9d3d1310740fd556bb11993,1,0,0.1607,0.2679,0.6264,0.2876,0
g2_vsmall_base100_s45n,B,complete,shapeiou,sio_b_results.csv,100,100,70,0.18318,0.35379,0.15697,0.31407,404.398,0.001,45,42,shuffle,45,g2_val_small,/workspace/g2_valsize_20260919/g2_val_small.yaml,dota15_pretrain.pt,640,32,100,5,g2,,base,0,0,0,,1,B_csv_20260930,B_csv_20260930,4a879c95d7ecf23dca4c84a510a7844a,1,0,0.1593,0.2671,0.592,0.2961,0
g2_vsmall_base100_s46n,B,complete,shapeiou,sio_b_results.csv,100,100,69,0.19062,0.36046,0.16617,0.32765,414.531,0.001,46,42,shuffle,46,g2_val_small,/workspace/g2_valsize_20260919/g2_val_small.yaml,dota15_pretrain.pt,640,32,100,5,g2,,base,0,0,0,,1,B_csv_20260930,B_csv_20260930,c052934dc6b2d758c1fbac94f2f34a5b,1,0,0.1601,0.2684,0.616,0.2925,0
g2_vsmall_lr005_100ep_s42n,B,complete,shapeiou,sio_b_results.csv,100,100,69,0.19597,0.36105,0.17227,0.33318,417.734,0.005,42,42,shuffle,42,g2_val_small,/workspace/g2_valsize_20260919/g2_val_small.yaml,dota15_pretrain.pt,640,32,100,5,g2,,lr005,0,0,0,,1,B_csv_20260930,B_csv_20260930,83789f8571a4b77c6c921885f50295f3,1,0,0.1657,0.2823,0.6474,0.2984,0
g2_vsmall_lr005_100ep_s43n,B,complete,shapeiou,sio_b_results.csv,100,100,82,0.18858,0.35515,0.1822,0.34485,558.559,0.005,43,42,shuffle,43,g2_val_small,/workspace/g2_valsize_20260919/g2_val_small.yaml,dota15_pretrain.pt,640,32,100,5,g2,,lr005,0,0,0,,1,B_csv_20260930,B_csv_20260930,b23cf9a53ad02adb11d4a256d623a1ca,1,0,0.1708,0.2849,0.6401,0.3043,0
g2_vsmall_lr005_100ep_s44n,B,complete,shapeiou,sio_b_results.csv,100,100,70,0.20313,0.37701,0.19336,0.3741,397.231,0.005,44,42,shuffle,44,g2_val_small,/workspace/g2_valsize_20260919/g2_val_small.yaml,dota15_pretrain.pt,640,32,100,5,g2,,lr005,0,0,0,,1,B_csv_20260930,B_csv_20260930,37dcfd7ab1f8f4a47b705a6d41441282,1,0,0.1653,0.2811,0.6443,0.2974,0
g2_vsmall_lr005_100ep_s45n,B,complete,shapeiou,sio_b_results.csv,100,100,76,0.19381,0.35537,0.18157,0.35958,431.026,0.005,45,42,shuffle,45,g2_val_small,/workspace/g2_valsize_20260919/g2_val_small.yaml,dota15_pretrain.pt,640,32,100,5,g2,,lr005,0,0,0,,1,B_csv_20260930,B_csv_20260930,3425ef7a4867244bd275b71f55e28f46,1,0,0.1717,0.2875,0.6697,0.309,0
g2_vsmall_lr005_100ep_s46n,B,complete,shapeiou,sio_b_results.csv,100,100,75,0.18803,0.34492,0.17721,0.33883,413.456,0.005,46,42,shuffle,46,g2_val_small,/workspace/g2_valsize_20260919/g2_val_small.yaml,dota15_pretrain.pt,640,32,100,5,g2,,lr005,0,0,0,,1,B_csv_20260930,B_csv_20260930,0dea9eb848ca552e662abba61b43e809,1,0,0.1696,0.2845,0.6618,0.3049,0
g3_e100_base_s42n,B,complete,shapeiou,sio_b_results.csv,100,100,90,0.16077,0.26901,0.15211,0.25687,682.444,0.001,42,42,shuffle,42,dota15_20p,/root/datasets_mask/dota15_yolo/dota15_20p.yaml,dota15_pretrain.pt,640,32,100,5,g3,,base,0,0,0,,1,B_csv_20260930,B_csv_20260930,c5d75b6ece90a468293ae9966e0b73f1,1,0,0.1605,0.268,0.6121,0.2922,0
g3_e100_base_s43n,B,complete,shapeiou,sio_b_results.csv,100,100,66,0.16284,0.27217,0.1528,0.25621,639.356,0.001,43,42,shuffle,43,dota15_20p,/root/datasets_mask/dota15_yolo/dota15_20p.yaml,dota15_pretrain.pt,640,32,100,5,g3,,base,0,0,0,,1,B_csv_20260930,B_csv_20260930,ffc0ec2aefeda99030ede0a9d048be9a,1,0,0.1627,0.2708,0.6308,0.2932,0
g3_e100_base_s44n,B,complete,shapeiou,sio_b_results.csv,100,100,63,0.16163,0.26959,0.15322,0.25884,594.382,0.001,44,42,shuffle,44,dota15_20p,/root/datasets_mask/dota15_yolo/dota15_20p.yaml,dota15_pretrain.pt,640,32,100,5,g3,,base,0,0,0,,1,B_csv_20260930,B_csv_20260930,117db2d2f9d8ac6666b004a5c68a6fca,1,0,0.1611,0.2675,0.6162,0.2847,0
g3_e100_base_s45n,B,complete,shapeiou,sio_b_results.csv,100,100,87,0.16141,0.26921,0.15366,0.2584,561.14,0.001,45,42,shuffle,45,dota15_20p,/root/datasets_mask/dota15_yolo/dota15_20p.yaml,dota15_pretrain.pt,640,32,100,5,g3,,base,0,0,0,,1,B_csv_20260930,B_csv_20260930,3476d843a0877976df629137ec974ba4,1,0,0.1612,0.2689,0.6293,0.291,0
g3_e100_base_s46n,B,complete,shapeiou,sio_b_results.csv,100,100,88,0.16226,0.27047,0.15229,0.25702,587.668,0.001,46,42,shuffle,46,dota15_20p,/root/datasets_mask/dota15_yolo/dota15_20p.yaml,dota15_pretrain.pt,640,32,100,5,g3,,base,0,0,0,,1,B_csv_20260930,B_csv_20260930,48cfa2bd20de5221b24df45f5b9349d8,1,0,0.1621,0.2692,0.6304,0.2924,0
g3_e100_lr005_s42n,B,complete,shapeiou,sio_b_results.csv,100,100,90,0.16844,0.28377,0.16328,0.27917,718.245,0.005,42,42,shuffle,42,dota15_20p,/root/datasets_mask/dota15_yolo/dota15_20p.yaml,dota15_pretrain.pt,640,32,100,5,g3,,lr005,0,0,0,,1,B_csv_20260930,B_csv_20260930,1d11b6091467dcb4bc4c804562dc7352,1,0,0.169,0.2851,0.6707,0.2976,0
g3_e100_lr005_s43n,B,complete,shapeiou,sio_b_results.csv,100,100,91,0.1723,0.28708,0.17047,0.28445,610.857,0.005,43,42,shuffle,43,dota15_20p,/root/datasets_mask/dota15_yolo/dota15_20p.yaml,dota15_pretrain.pt,640,32,100,5,g3,,lr005,0,0,0,,1,B_csv_20260930,B_csv_20260930,751a084969e42df1cb1438427077ac8d,1,0,0.173,0.2883,0.6615,0.3046,0
g3_e100_lr005_s44n,B,complete,shapeiou,sio_b_results.csv,100,100,91,0.17094,0.28516,0.16777,0.28488,563.737,0.005,44,42,shuffle,44,dota15_20p,/root/datasets_mask/dota15_yolo/dota15_20p.yaml,dota15_pretrain.pt,640,32,100,5,g3,,lr005,0,0,0,,1,B_csv_20260930,B_csv_20260930,abd3ab52c9b569600b6d2f61576f3e62,1,0,0.1713,0.2863,0.6664,0.2972,0
g3_e100_lr005_s45n,B,complete,shapeiou,sio_b_results.csv,100,100,76,0.17139,0.28711,0.16554,0.28114,563.671,0.005,45,42,shuffle,45,dota15_20p,/root/datasets_mask/dota15_yolo/dota15_20p.yaml,dota15_pretrain.pt,640,32,100,5,g3,,lr005,0,0,0,,1,B_csv_20260930,B_csv_20260930,cadb7adcafe5b1f45116105792cdbee4,1,0,0.1717,0.2875,0.6697,0.309,0
g3_e100_lr005_s46n,B,complete,shapeiou,sio_b_results.csv,100,100,91,0.17386,0.29297,0.16646,0.28362,554.283,0.005,46,42,shuffle,46,dota15_20p,/root/datasets_mask/dota15_yolo/dota15_20p.yaml,dota15_pretrain.pt,640,32,100,5,g3,,lr005,0,0,0,,1,B_csv_20260930,B_csv_20260930,bb0aeb61d8d3606ec5c24c758dd11761,1,0,0.1743,0.2932,0.6663,0.3086,0
g3_e200_base_s42n,B,complete,shapeiou,sio_b_results.csv,200,200,159,0.16739,0.28064,0.1547,0.26025,1163.08,0.001,42,42,shuffle,42,dota15_20p,/root/datasets_mask/dota15_yolo/dota15_20p.yaml,dota15_pretrain.pt,640,32,100,5,g3,,base,0,0,0,,1,B_csv_20260930,B_csv_20260930,1e1c75e28d6385f734582a83c38fe7d6,1,0,0.1675,0.2805,0.6488,0.295,0
g3_e200_base_s43n,B,complete,shapeiou,sio_b_results.csv,200,200,143,0.16932,0.28017,0.15816,0.2638,1172.73,0.001,43,42,shuffle,43,dota15_20p,/root/datasets_mask/dota15_yolo/dota15_20p.yaml,dota15_pretrain.pt,640,32,100,5,g3,,base,0,0,0,,1,B_csv_20260930,B_csv_20260930,bd52d7c8eaf976a453885fb8015778fc,1,0,0.1695,0.2805,0.6484,0.2992,0
g3_e200_base_s44n,B,complete,shapeiou,sio_b_results.csv,200,200,164,0.16703,0.2794,0.15624,0.26323,1225.87,0.001,44,42,shuffle,44,dota15_20p,/root/datasets_mask/dota15_yolo/dota15_20p.yaml,dota15_pretrain.pt,640,32,100,5,g3,,base,0,0,0,,1,B_csv_20260930,B_csv_20260930,1d467fc288884651fafeb4a7103474d8,1,0,0.1667,0.2795,0.629,0.3008,0
g3_e200_base_s45n,B,complete,shapeiou,sio_b_results.csv,200,200,182,0.16785,0.27873,0.15557,0.26048,1165.67,0.001,45,42,shuffle,45,dota15_20p,/root/datasets_mask/dota15_yolo/dota15_20p.yaml,dota15_pretrain.pt,640,32,100,5,g3,,base,0,0,0,,1,B_csv_20260930,B_csv_20260930,f905dbb7f0a65d2c501fa976bc2e4798,1,0,0.1684,0.2792,0.6746,0.2939,0
g3_e200_base_s46n,B,complete,shapeiou,sio_b_results.csv,200,200,165,0.16759,0.27898,0.15517,0.26128,1175.86,0.001,46,42,shuffle,46,dota15_20p,/root/datasets_mask/dota15_yolo/dota15_20p.yaml,dota15_pretrain.pt,640,32,100,5,g3,,base,0,0,0,,1,B_csv_20260930,B_csv_20260930,55adc27fa6bec96c8f667fbafd5f2b3d,1,0,0.1665,0.2776,0.6544,0.2934,0
g3_e200_lr005_s42n,B,complete,shapeiou,sio_b_results.csv,200,200,190,0.17392,0.29774,0.1684,0.28594,1152.89,0.005,42,42,shuffle,42,dota15_20p,/root/datasets_mask/dota15_yolo/dota15_20p.yaml,dota15_pretrain.pt,640,32,100,5,g3,,lr005,0,0,0,,1,B_csv_20260930,B_csv_20260930,fcc52173aa23b0ca4ea9270c14a72e28,1,0,0.1747,0.2981,0.691,0.3063,0
g3_e200_lr005_s43n,B,complete,shapeiou,sio_b_results.csv,200,200,166,0.17774,0.29641,0.17059,0.28736,1200.26,0.005,43,42,shuffle,43,dota15_20p,/root/datasets_mask/dota15_yolo/dota15_20p.yaml,dota15_pretrain.pt,640,32,100,5,g3,,lr005,0,0,0,,1,B_csv_20260930,B_csv_20260930,b2e8596dacc6675d5569449049d7e8a6,1,0,0.1774,0.2967,0.6917,0.3068,0
g3_e200_lr005_s44n,B,complete,shapeiou,sio_b_results.csv,200,200,180,0.17788,0.29912,0.17047,0.28715,1209.87,0.005,44,42,shuffle,44,dota15_20p,/root/datasets_mask/dota15_yolo/dota15_20p.yaml,dota15_pretrain.pt,640,32,100,5,g3,,lr005,0,0,0,,1,B_csv_20260930,B_csv_20260930,e91c16a762fec7f3acaa2d4171110393,1,0,0.1782,0.299,0.6866,0.3099,0
g3_e200_lr005_s45n,B,complete,shapeiou,sio_b_results.csv,200,200,182,0.17868,0.30052,0.16861,0.28786,1167.61,0.005,45,42,shuffle,45,dota15_20p,/root/datasets_mask/dota15_yolo/dota15_20p.yaml,dota15_pretrain.pt,640,32,100,5,g3,,lr005,0,0,0,,1,B_csv_20260930,B_csv_20260930,74a139a394ac5a1667da2cd2d6c51ffa,1,0,0.1788,0.3005,0.6014,0.3188,0
g3_e200_lr005_s46n,B,complete,shapeiou,sio_b_results.csv,200,200,191,0.17772,0.30348,0.17009,0.29044,1202.95,0.005,46,42,shuffle,46,dota15_20p,/root/datasets_mask/dota15_yolo/dota15_20p.yaml,dota15_pretrain.pt,640,32,100,5,g3,,lr005,0,0,0,,1,B_csv_20260930,B_csv_20260930,f7bc5bb509c28422fc194e73d6f817af,1,0,0.1779,0.3023,0.6735,0.3146,0
g3clean_e100_base_s42n,B,complete,shapeiou,sio_b_results.csv,100,100,90,0.16077,0.26901,0.15211,0.25687,755.348,0.001,42,42,shuffle,42,dota15_20p,/root/datasets_mask/dota15_yolo/dota15_20p.yaml,dota15_pretrain.pt,640,32,10000,5,g3clean,,base,0,0,0,,1,B_csv_20260930,B_csv_20260930,fc3dcceb7df076513d3d3b35169939ea,1,0,0.1605,0.268,0.6121,0.2922,0
g3clean_e100_base_s43n,B,complete,shapeiou,sio_b_results.csv,100,100,66,0.16284,0.27217,0.1528,0.25621,734.812,0.001,43,42,shuffle,43,dota15_20p,/root/datasets_mask/dota15_yolo/dota15_20p.yaml,dota15_pretrain.pt,640,32,10000,5,g3clean,,base,0,0,0,,1,B_csv_20260930,B_csv_20260930,6f795a2848b75628b6299aa7fafe5881,1,0,0.1627,0.2708,0.6308,0.2932,0
g3clean_e100_base_s44n,B,complete,shapeiou,sio_b_results.csv,100,100,63,0.16163,0.26959,0.15322,0.25884,656.617,0.001,44,42,shuffle,44,dota15_20p,/root/datasets_mask/dota15_yolo/dota15_20p.yaml,dota15_pretrain.pt,640,32,10000,5,g3clean,,base,0,0,0,,1,B_csv_20260930,B_csv_20260930,59b93e895ddc2f49a13738905d45fd13,1,0,0.1611,0.2675,0.6162,0.2847,0
g3clean_e100_base_s45n,B,complete,shapeiou,sio_b_results.csv,100,100,87,0.16141,0.26921,0.15366,0.2584,987.974,0.001,45,42,shuffle,45,dota15_20p,/root/datasets_mask/dota15_yolo/dota15_20p.yaml,dota15_pretrain.pt,640,32,10000,5,g3clean,,base,0,0,0,,1,B_csv_20260930,B_csv_20260930,a4787f7f5e250cafec5ea115399194c9,1,0,0.1612,0.2689,0.6293,0.291,0
g3clean_e100_base_s46n,B,complete,shapeiou,sio_b_results.csv,100,100,88,0.16226,0.27047,0.15229,0.25702,720.993,0.001,46,42,shuffle,46,dota15_20p,/root/datasets_mask/dota15_yolo/dota15_20p.yaml,dota15_pretrain.pt,640,32,10000,5,g3clean,,base,0,0,0,,1,B_csv_20260930,B_csv_20260930,706e282e4c4bda29fb872e99f8629a7d,1,0,0.1621,0.2692,0.6304,0.2924,0
g3clean_e100_lr005_s42n,B,complete,shapeiou,sio_b_results.csv,100,100,90,0.16844,0.28377,0.16328,0.27917,776.383,0.005,42,42,shuffle,42,dota15_20p,/root/datasets_mask/dota15_yolo/dota15_20p.yaml,dota15_pretrain.pt,640,32,10000,5,g3clean,,lr005,0,0,0,,1,B_csv_20260930,B_csv_20260930,5e8c3b67c289f0ed25f5670791b4fc75,1,0,0.169,0.2851,0.6707,0.2976,0
g3clean_e100_lr005_s43n,B,complete,shapeiou,sio_b_results.csv,100,100,91,0.1723,0.28708,0.17047,0.28445,779.382,0.005,43,42,shuffle,43,dota15_20p,/root/datasets_mask/dota15_yolo/dota15_20p.yaml,dota15_pretrain.pt,640,32,10000,5,g3clean,,lr005,0,0,0,,1,B_csv_20260930,B_csv_20260930,5f57b84a2e6b21ff4a74739192254445,1,0,0.173,0.2883,0.6615,0.3046,0
g3clean_e100_lr005_s44n,B,complete,shapeiou,sio_b_results.csv,100,100,91,0.17094,0.28516,0.16777,0.28488,659.835,0.005,44,42,shuffle,44,dota15_20p,/root/datasets_mask/dota15_yolo/dota15_20p.yaml,dota15_pretrain.pt,640,32,10000,5,g3clean,,lr005,0,0,0,,1,B_csv_20260930,B_csv_20260930,6806470f7828eaeaa628d55ce694d693,1,0,0.1713,0.2863,0.6664,0.2972,0
g3clean_e100_lr005_s45n,B,complete,shapeiou,sio_b_results.csv,100,100,76,0.17139,0.28711,0.16554,0.28114,1003.44,0.005,45,42,shuffle,45,dota15_20p,/root/datasets_mask/dota15_yolo/dota15_20p.yaml,dota15_pretrain.pt,640,32,10000,5,g3clean,,lr005,0,0,0,,1,B_csv_20260930,B_csv_20260930,b256d605951badfb9b859fd1b48f43c4,1,0,0.1717,0.2875,0.6697,0.309,0
g3clean_e100_lr005_s46n,B,complete,shapeiou,sio_b_results.csv,100,100,91,0.17386,0.29297,0.16646,0.28362,716.53,0.005,46,42,shuffle,46,dota15_20p,/root/datasets_mask/dota15_yolo/dota15_20p.yaml,dota15_pretrain.pt,640,32,10000,5,g3clean,,lr005,0,0,0,,1,B_csv_20260930,B_csv_20260930,3faf5678c8b3233e567b852c28a22e1d,1,0,0.1743,0.2932,0.6663,0.3086,0
g3clean_e200_base_s42n,B,complete,shapeiou,sio_b_results.csv,200,200,159,0.16739,0.28064,0.1547,0.26025,1463.35,0.001,42,42,shuffle,42,dota15_20p,/root/datasets_mask/dota15_yolo/dota15_20p.yaml,dota15_pretrain.pt,640,32,10000,5,g3clean,,base,0,0,0,,1,B_csv_20260930,B_csv_20260930,40aaecf8f186e28616c8e3c2fb501c30,1,0,0.1675,0.2805,0.6488,0.295,0
g3clean_e200_base_s43n,B,complete,shapeiou,sio_b_results.csv,200,200,143,0.16932,0.28017,0.15816,0.2638,1472.36,0.001,43,42,shuffle,43,dota15_20p,/root/datasets_mask/dota15_yolo/dota15_20p.yaml,dota15_pretrain.pt,640,32,10000,5,g3clean,,base,0,0,0,,1,B_csv_20260930,B_csv_20260930,a4c58a97be2aad2e69b9f8655338b050,1,0,0.1695,0.2805,0.6484,0.2992,0
g3clean_e200_base_s44n,B,complete,shapeiou,sio_b_results.csv,200,200,164,0.16703,0.2794,0.15624,0.26323,1650.53,0.001,44,42,shuffle,44,dota15_20p,/root/datasets_mask/dota15_yolo/dota15_20p.yaml,dota15_pretrain.pt,640,32,10000,5,g3clean,,base,0,0,0,,1,B_csv_20260930,B_csv_20260930,b534fcbf02ffa289a8c7e1a2c50c0d61,1,0,0.1667,0.2795,0.629,0.3008,0
g3clean_e200_base_s45n,B,complete,shapeiou,sio_b_results.csv,200,200,182,0.16785,0.27873,0.15557,0.26048,1361.27,0.001,45,42,shuffle,45,dota15_20p,/root/datasets_mask/dota15_yolo/dota15_20p.yaml,dota15_pretrain.pt,640,32,10000,5,g3clean,,base,0,0,0,,1,B_csv_20260930,B_csv_20260930,f174bbd1327f9e87ed4baf62edff87cc,1,0,0.1684,0.2792,0.6746,0.2939,0
g3clean_e200_base_s46n,B,complete,shapeiou,sio_b_results.csv,200,200,165,0.16759,0.27898,0.15517,0.26128,1495.33,0.001,46,42,shuffle,46,dota15_20p,/root/datasets_mask/dota15_yolo/dota15_20p.yaml,dota15_pretrain.pt,640,32,10000,5,g3clean,,base,0,0,0,,1,B_csv_20260930,B_csv_20260930,4d22439b03d34cd9a718d72851fa4281,1,0,0.1665,0.2776,0.6544,0.2934,0
g3clean_e200_lr005_s42n,B,complete,shapeiou,sio_b_results.csv,200,200,190,0.17392,0.29774,0.1684,0.28594,1484.74,0.005,42,42,shuffle,42,dota15_20p,/root/datasets_mask/dota15_yolo/dota15_20p.yaml,dota15_pretrain.pt,640,32,10000,5,g3clean,,lr005,0,0,0,,1,B_csv_20260930,B_csv_20260930,ea981292bb185556f4f1e4e3638bd4a7,1,0,0.1747,0.2981,0.691,0.3063,0
g3clean_e200_lr005_s43n,B,complete,shapeiou,sio_b_results.csv,200,200,166,0.17774,0.29641,0.17059,0.28736,1257.17,0.005,43,42,shuffle,43,dota15_20p,/root/datasets_mask/dota15_yolo/dota15_20p.yaml,dota15_pretrain.pt,640,32,10000,5,g3clean,,lr005,0,0,0,,1,B_csv_20260930,B_csv_20260930,40f1c7775df3680eb01d5d109fd1eee1,1,0,0.1774,0.2967,0.6917,0.3068,0
g3clean_e200_lr005_s44n,B,complete,shapeiou,sio_b_results.csv,200,200,180,0.17788,0.29912,0.17047,0.28715,1568.62,0.005,44,42,shuffle,44,dota15_20p,/root/datasets_mask/dota15_yolo/dota15_20p.yaml,dota15_pretrain.pt,640,32,10000,5,g3clean,,lr005,0,0,0,,1,B_csv_20260930,B_csv_20260930,fd25cdaa7edc2afafb3b547b6cb30204,1,0,0.1782,0.299,0.6866,0.3099,0
g3clean_e200_lr005_s45n,B,complete,shapeiou,sio_b_results.csv,200,200,182,0.17868,0.30052,0.16861,0.28786,1414.88,0.005,45,42,shuffle,45,dota15_20p,/root/datasets_mask/dota15_yolo/dota15_20p.yaml,dota15_pretrain.pt,640,32,10000,5,g3clean,,lr005,0,0,0,,1,B_csv_20260930,B_csv_20260930,3f0b2c08db865ea307fa8a42bc395024,1,0,0.1788,0.3005,0.6014,0.3188,0
g3clean_e200_lr005_s46n,B,complete,shapeiou,sio_b_results.csv,200,200,191,0.17772,0.30348,0.17009,0.29044,1283.5,0.005,46,42,shuffle,46,dota15_20p,/root/datasets_mask/dota15_yolo/dota15_20p.yaml,dota15_pretrain.pt,640,32,10000,5,g3clean,,lr005,0,0,0,,1,B_csv_20260930,B_csv_20260930,90ca05607326ecbe69c7ae9613ac27f6,1,0,0.1779,0.3023,0.6735,0.3146,0
g3clean_e50_base_s42n_REP,B,complete,shapeiou,sio_b_results.csv,50,50,38,0.1564,0.25487,0.14941,0.24616,333.825,0.001,,42,none,42,dota15_20p,/root/datasets_mask/dota15_yolo/dota15_20p.yaml,dota15_pretrain.pt,640,32,10000,5,g3clean,,base,0,0,0,,1,B_csv_20260930,B_csv_20260930,e98e1e6061202e83126fc494e70141a9,1,0,0.1552,0.2539,0.5895,0.28,0
g3clean_e50_base_s43n_REP,B,complete,shapeiou,sio_b_results.csv,50,50,40,0.15781,0.25911,0.15048,0.24983,437.438,0.001,,42,none,42,dota15_20p,/root/datasets_mask/dota15_yolo/dota15_20p.yaml,dota15_pretrain.pt,640,32,10000,5,g3clean,,base,0,0,0,,1,B_csv_20260930,B_csv_20260930,e2ccafc150213ab0478a8190401ecf15,1,0,0.157,0.2585,0.5964,0.2797,0
g3clean_e50_base_s43n_REP2,B,complete,shapeiou,sio_b_results.csv,50,50,40,0.15781,0.25911,0.15048,0.24983,374.022,0.001,,42,none,42,dota15_20p,/root/datasets_mask/dota15_yolo/dota15_20p.yaml,dota15_pretrain.pt,640,32,10000,5,g3clean,,base,0,0,0,,1,B_csv_20260930,B_csv_20260930,8b4c7ce356987dbd193f1104fd4f60e9,1,0,0.157,0.2585,0.5964,0.2797,0
g3clean_e50_base_s43n_REP3,B,complete,shapeiou,sio_b_results.csv,50,50,40,0.15781,0.25911,0.15048,0.24983,442.134,0.001,,42,none,42,dota15_20p,/root/datasets_mask/dota15_yolo/dota15_20p.yaml,dota15_pretrain.pt,640,32,10000,5,g3clean,,base,0,0,0,,1,B_csv_20260930,B_csv_20260930,891757035b47672380f50298f26c7324,1,0,0.157,0.2585,0.5964,0.2797,0
g3clean_e50_base_s45n_REP,B,complete,shapeiou,sio_b_results.csv,50,50,40,0.16048,0.26247,0.15166,0.25043,387.489,0.001,,42,none,42,dota15_20p,/root/datasets_mask/dota15_yolo/dota15_20p.yaml,dota15_pretrain.pt,640,32,10000,5,g3clean,,base,0,0,0,,1,B_csv_20260930,B_csv_20260930,a43534d8df57001f29e5f20f6c407ae2,1,0,0.1593,0.2602,0.6141,0.2789,0
g3clean_e50_base_s45n_REP2,B,complete,shapeiou,sio_b_results.csv,50,50,40,0.16048,0.26247,0.15166,0.25043,337.113,0.001,,42,none,42,dota15_20p,/root/datasets_mask/dota15_yolo/dota15_20p.yaml,dota15_pretrain.pt,640,32,10000,5,g3clean,,base,0,0,0,,1,B_csv_20260930,B_csv_20260930,ceee4439ba66a2de241b5fc7a9ccdda1,1,0,0.1593,0.2602,0.6141,0.2789,0
g3clean_e50_base_s45n_REP3,B,complete,shapeiou,sio_b_results.csv,50,50,40,0.16048,0.26247,0.15166,0.25043,359.68,0.001,,42,none,42,dota15_20p,/root/datasets_mask/dota15_yolo/dota15_20p.yaml,dota15_pretrain.pt,640,32,10000,5,g3clean,,base,0,0,0,,1,B_csv_20260930,B_csv_20260930,57d72b33f39f58b714d4fe5ddfc5eb70,1,0,0.1593,0.2602,0.6141,0.2789,0
g3clean_e50_lr005_s43n_REP,B,complete,shapeiou,sio_b_results.csv,50,50,33,0.16176,0.27316,0.15766,0.26867,379.802,0.005,,42,none,42,dota15_20p,/root/datasets_mask/dota15_yolo/dota15_20p.yaml,dota15_pretrain.pt,640,32,10000,5,g3clean,,lr005,0,0,0,,1,B_csv_20260930,B_csv_20260930,01b279911456c20f91e5e491b6d28add,1,0,0.1618,0.2734,0.5904,0.2938,0
g3clean_e50_lr005_s43n_REP2,B,complete,shapeiou,sio_b_results.csv,50,50,33,0.16176,0.27316,0.15766,0.26867,424.931,0.005,,42,none,42,dota15_20p,/root/datasets_mask/dota15_yolo/dota15_20p.yaml,dota15_pretrain.pt,640,32,10000,5,g3clean,,lr005,0,0,0,,1,B_csv_20260930,B_csv_20260930,424c6356dba38481e222f202947d69bc,1,0,0.1618,0.2734,0.5904,0.2938,0
g3clean_e50_lr005_s43n_REP3,B,complete,shapeiou,sio_b_results.csv,50,50,33,0.16176,0.27316,0.15766,0.26867,418.105,0.005,,42,none,42,dota15_20p,/root/datasets_mask/dota15_yolo/dota15_20p.yaml,dota15_pretrain.pt,640,32,10000,5,g3clean,,lr005,0,0,0,,1,B_csv_20260930,B_csv_20260930,94193aa912218f98fcb60f641af64633,1,0,0.1618,0.2734,0.5904,0.2938,0
g3cleanb_e400_base_s42n,B,complete,shapeiou,sio_b_results.csv,400,400,354,0.1719,0.28654,0.15902,0.26822,2736.94,0.001,42,42,shuffle,42,dota15_20p,/root/datasets_mask/dota15_yolo/dota15_20p.yaml,dota15_pretrain.pt,640,32,10000,5,g3cleanb,,base,0,0,0,,1,B_csv_20260930,B_csv_20260930,ed4eb122790c9564bcb7f79cabd2ebda,1,0,0.1722,0.2877,0.6656,0.3001,0
g3cleanb_e400_base_s43n,B,complete,shapeiou,sio_b_results.csv,400,400,338,0.175,0.29248,0.16155,0.27272,3126.05,0.001,43,42,shuffle,43,dota15_20p,/root/datasets_mask/dota15_yolo/dota15_20p.yaml,dota15_pretrain.pt,640,32,10000,5,g3cleanb,,base,0,0,0,,1,B_csv_20260930,B_csv_20260930,58edacbc0a2432651ff19e1a6bb9fb6e,1,0,0.1753,0.2945,0.6471,0.3075,0
g3cleanb_e400_base_s44n,B,complete,shapeiou,sio_b_results.csv,400,400,288,0.172,0.28636,0.15828,0.26748,2963.4,0.001,44,42,shuffle,44,dota15_20p,/root/datasets_mask/dota15_yolo/dota15_20p.yaml,dota15_pretrain.pt,640,32,10000,5,g3cleanb,,base,0,0,0,,1,B_csv_20260930,B_csv_20260930,2daf0e34b1a4dc69d6f7af05ca685d52,1,0,0.1722,0.2872,0.649,0.3022,0
g3cleanb_e400_base_s45n,B,complete,shapeiou,sio_b_results.csv,400,400,323,0.17339,0.28996,0.16027,0.2693,2830.83,0.001,45,42,shuffle,45,dota15_20p,/root/datasets_mask/dota15_yolo/dota15_20p.yaml,dota15_pretrain.pt,640,32,10000,5,g3cleanb,,base,0,0,0,,1,B_csv_20260930,B_csv_20260930,2f97ae313981dc4a3d4f8816b3ed1098,1,0,0.1737,0.2907,0.653,0.305,0
g3cleanb_e400_base_s46n,B,complete,shapeiou,sio_b_results.csv,400,400,218,0.17226,0.28663,0.16067,0.27044,3240.96,0.001,46,42,shuffle,46,dota15_20p,/root/datasets_mask/dota15_yolo/dota15_20p.yaml,dota15_pretrain.pt,640,32,10000,5,g3cleanb,,base,0,0,0,,1,B_csv_20260930,B_csv_20260930,7f817e6cb9ad2815452e32539c66286c,1,0,0.1721,0.2869,0.6366,0.3068,0
g3cleanb_e400_lr005_s42n,B,complete,shapeiou,sio_b_results.csv,400,400,353,0.18252,0.30989,0.17019,0.28794,2987.31,0.005,42,42,shuffle,42,dota15_20p,/root/datasets_mask/dota15_yolo/dota15_20p.yaml,dota15_pretrain.pt,640,32,10000,5,g3cleanb,,lr005,0,0,0,,1,B_csv_20260930,B_csv_20260930,02e326e269569c4065a85ef49d029a64,1,0,0.1825,0.3102,0.6795,0.3209,0
g3cleanb_e400_lr005_s43n,B,complete,shapeiou,sio_b_results.csv,400,400,371,0.18138,0.30887,0.16774,0.28476,3156.49,0.005,43,42,shuffle,43,dota15_20p,/root/datasets_mask/dota15_yolo/dota15_20p.yaml,dota15_pretrain.pt,640,32,10000,5,g3cleanb,,lr005,0,0,0,,1,B_csv_20260930,B_csv_20260930,fc0c4b1f60c31b7d3903d8ebd284df4a,1,0,0.1815,0.3075,0.6542,0.3268,0
g3cleanb_e400_lr005_s44n,B,complete,shapeiou,sio_b_results.csv,400,400,262,0.18023,0.30206,0.16758,0.285,2894.42,0.005,44,42,shuffle,44,dota15_20p,/root/datasets_mask/dota15_yolo/dota15_20p.yaml,dota15_pretrain.pt,640,32,10000,5,g3cleanb,,lr005,0,0,0,,1,B_csv_20260930,B_csv_20260930,c1fdbc6236840419ca93c7d6525f87a8,1,0,0.1796,0.2996,0.5951,0.3156,0
g3cleanb_e400_lr005_s45n,B,complete,shapeiou,sio_b_results.csv,400,400,275,0.17879,0.30205,0.16627,0.28047,3005.9,0.005,45,42,shuffle,45,dota15_20p,/root/datasets_mask/dota15_yolo/dota15_20p.yaml,dota15_pretrain.pt,640,32,10000,5,g3cleanb,,lr005,0,0,0,,1,B_csv_20260930,B_csv_20260930,7a7219582c6298a6935e61cc5563cea7,1,0,0.1783,0.3009,0.6115,0.3213,0
g3cleanb_e400_lr005_s46n,B,complete,shapeiou,sio_b_results.csv,400,400,366,0.18221,0.30913,0.17094,0.28924,3016.06,0.005,46,42,shuffle,46,dota15_20p,/root/datasets_mask/dota15_yolo/dota15_20p.yaml,dota15_pretrain.pt,640,32,10000,5,g3cleanb,,lr005,0,0,0,,1,B_csv_20260930,B_csv_20260930,df5860c07c9e625a6071be289b2111ef,1,0,0.181,0.3083,0.6385,0.3212,0
g3cleanb_e50_base_s42n,B,complete,shapeiou,sio_b_results.csv,50,50,38,0.1564,0.25487,0.14941,0.24616,328.349,0.001,42,42,shuffle,42,dota15_20p,/root/datasets_mask/dota15_yolo/dota15_20p.yaml,dota15_pretrain.pt,640,32,10000,5,g3cleanb,,base,0,0,0,,1,B_csv_20260930,B_csv_20260930,f15f94bcf0e40d96e6739521a83567f5,1,0,0.1552,0.2539,0.5895,0.28,0
g3cleanb_e50_base_s43n,B,complete,shapeiou,sio_b_results.csv,50,50,40,0.15781,0.25911,0.15048,0.24983,413.557,0.001,43,42,shuffle,43,dota15_20p,/root/datasets_mask/dota15_yolo/dota15_20p.yaml,dota15_pretrain.pt,640,32,10000,5,g3cleanb,,base,0,0,0,,1,B_csv_20260930,B_csv_20260930,2907778c787646f09382dc206471bbc7,1,0,0.157,0.2585,0.5964,0.2797,0
g3cleanb_e50_base_s44n,B,complete,shapeiou,sio_b_results.csv,50,50,32,0.15645,0.25753,0.14993,0.24888,374.658,0.001,44,42,shuffle,44,dota15_20p,/root/datasets_mask/dota15_yolo/dota15_20p.yaml,dota15_pretrain.pt,640,32,10000,5,g3cleanb,,base,0,0,0,,1,B_csv_20260930,B_csv_20260930,749d437d1897ed3c61885dfbfab3584c,1,0,0.1555,0.2553,0.6036,0.274,0
g3cleanb_e50_base_s45n,B,complete,shapeiou,sio_b_results.csv,50,50,40,0.16048,0.26247,0.15166,0.25043,342.802,0.001,45,42,shuffle,45,dota15_20p,/root/datasets_mask/dota15_yolo/dota15_20p.yaml,dota15_pretrain.pt,640,32,10000,5,g3cleanb,,base,0,0,0,,1,B_csv_20260930,B_csv_20260930,d8040043b8a7872e0bfb629597ee94b0,1,0,0.1593,0.2602,0.6141,0.2789,0
g3cleanb_e50_base_s46n,B,complete,shapeiou,sio_b_results.csv,50,50,40,0.15727,0.25819,0.15071,0.24992,332.935,0.001,46,42,shuffle,46,dota15_20p,/root/datasets_mask/dota15_yolo/dota15_20p.yaml,dota15_pretrain.pt,640,32,10000,5,g3cleanb,,base,0,0,0,,1,B_csv_20260930,B_csv_20260930,4e0c895520885ce44b5430aa0025e709,1,0,0.1563,0.2564,0.6052,0.2785,0
g3cleanb_e50_lr005_s42n,B,complete,shapeiou,sio_b_results.csv,50,50,38,0.16381,0.27477,0.16123,0.27354,377.052,0.005,42,42,shuffle,42,dota15_20p,/root/datasets_mask/dota15_yolo/dota15_20p.yaml,dota15_pretrain.pt,640,32,10000,5,g3cleanb,,lr005,0,0,0,,1,B_csv_20260930,B_csv_20260930,09d623db7ded7051f2920e3d2e47921a,1,0,0.1644,0.2753,0.6627,0.2902,0
g3cleanb_e50_lr005_s43n,B,complete,shapeiou,sio_b_results.csv,50,50,33,0.16176,0.27316,0.15766,0.26867,400.113,0.005,43,42,shuffle,43,dota15_20p,/root/datasets_mask/dota15_yolo/dota15_20p.yaml,dota15_pretrain.pt,640,32,10000,5,g3cleanb,,lr005,0,0,0,,1,B_csv_20260930,B_csv_20260930,fe8b6d64dff2352e827e34992b5d7aa6,1,0,0.1618,0.2734,0.5904,0.2938,0
g3cleanb_e50_lr005_s44n,B,complete,shapeiou,sio_b_results.csv,50,50,48,0.16134,0.27435,0.15985,0.27331,346.651,0.005,44,42,shuffle,44,dota15_20p,/root/datasets_mask/dota15_yolo/dota15_20p.yaml,dota15_pretrain.pt,640,32,10000,5,g3cleanb,,lr005,0,0,0,,1,B_csv_20260930,B_csv_20260930,923fbc93c00984c93eaa6207520760a1,1,0,0.1622,0.2754,0.6162,0.295,0
g3cleanb_e50_lr005_s45n,B,complete,shapeiou,sio_b_results.csv,50,50,50,0.15875,0.269,0.15875,0.269,328.688,0.005,45,42,shuffle,45,dota15_20p,/root/datasets_mask/dota15_yolo/dota15_20p.yaml,dota15_pretrain.pt,640,32,10000,5,g3cleanb,,lr005,0,0,0,,1,B_csv_20260930,B_csv_20260930,ac0d2d1b7a373843eb03ee4acfdca952,1,0,0.1589,0.2692,0.6536,0.2887,0
g3cleanb_e50_lr005_s46n,B,complete,shapeiou,sio_b_results.csv,50,50,50,0.15983,0.27327,0.15983,0.27327,381.854,0.005,46,42,shuffle,46,dota15_20p,/root/datasets_mask/dota15_yolo/dota15_20p.yaml,dota15_pretrain.pt,640,32,10000,5,g3cleanb,,lr005,0,0,0,,1,B_csv_20260930,B_csv_20260930,3cd97ccc76e1eb8f46a303c662299107,1,0,0.1598,0.2734,0.6274,0.2948,0
g3ext_e400_base_s42n,B,complete,shapeiou,sio_b_results.csv,400,400,354,0.1719,0.28654,0.15902,0.26822,3063.24,0.001,42,42,shuffle,42,dota15_20p,/root/datasets_mask/dota15_yolo/dota15_20p.yaml,dota15_pretrain.pt,640,32,100,5,g3ext,,base,0,0,0,,1,B_csv_20260930,B_csv_20260930,178f439f05f5a479e042309247167bb7,1,0,0.1722,0.2877,0.6656,0.3001,0
g3ext_e400_base_s43n,B,complete,shapeiou,sio_b_results.csv,400,400,338,0.175,0.29248,0.16155,0.27272,2994.31,0.001,43,42,shuffle,43,dota15_20p,/root/datasets_mask/dota15_yolo/dota15_20p.yaml,dota15_pretrain.pt,640,32,100,5,g3ext,,base,0,0,0,,1,B_csv_20260930,B_csv_20260930,aa9375029204ed61a4c86a580eee2b1e,1,0,0.1753,0.2945,0.6471,0.3075,0
g3ext_e400_base_s44n,B,early_stop_legit,shapeiou,sio_b_results.csv,400,388,288,0.172,0.28636,0.17084,0.28779,4556.25,0.001,44,42,shuffle,44,dota15_20p,/root/datasets_mask/dota15_yolo/dota15_20p.yaml,dota15_pretrain.pt,640,32,100,5,g3ext,,base,0,0,0,,1,B_csv_20260930,B_csv_20260930,cdf17a404f6e88cce536a1eb23cfee86,1,0,0.1722,0.2872,0.649,0.3022,0
g3ext_e400_base_s45n,B,complete,shapeiou,sio_b_results.csv,400,400,323,0.17339,0.28996,0.16027,0.2693,3016.57,0.001,45,42,shuffle,45,dota15_20p,/root/datasets_mask/dota15_yolo/dota15_20p.yaml,dota15_pretrain.pt,640,32,100,5,g3ext,,base,0,0,0,,1,B_csv_20260930,B_csv_20260930,32d4a39fac26772d1e7fc84049b33821,1,0,0.1737,0.2907,0.653,0.305,0
g3ext_e400_base_s46n,B,early_stop_legit,shapeiou,sio_b_results.csv,400,318,218,0.17226,0.28663,0.16924,0.28422,2464.73,0.001,46,42,shuffle,46,dota15_20p,/root/datasets_mask/dota15_yolo/dota15_20p.yaml,dota15_pretrain.pt,640,32,100,5,g3ext,,base,0,0,0,,1,B_csv_20260930,B_csv_20260930,a66720edf6b717b6dd99b4df5f88d976,1,0,0.1721,0.2869,0.6366,0.3068,0
g3ext_e400_lr005_s42n,B,complete,shapeiou,sio_b_results.csv,400,400,353,0.18252,0.30989,0.17019,0.28794,2920.1,0.005,42,42,shuffle,42,dota15_20p,/root/datasets_mask/dota15_yolo/dota15_20p.yaml,dota15_pretrain.pt,640,32,100,5,g3ext,,lr005,0,0,0,,1,B_csv_20260930,B_csv_20260930,3a13d61ad0d5ffbd6e71dfe949f20405,1,0,0.1825,0.3102,0.6795,0.3209,0
g3ext_e400_lr005_s43n,B,complete,shapeiou,sio_b_results.csv,400,400,371,0.18138,0.30887,0.16774,0.28476,2856.26,0.005,43,42,shuffle,43,dota15_20p,/root/datasets_mask/dota15_yolo/dota15_20p.yaml,dota15_pretrain.pt,640,32,100,5,g3ext,,lr005,0,0,0,,1,B_csv_20260930,B_csv_20260930,934b71681efc497808da381487b411d6,1,0,0.1815,0.3075,0.6542,0.3268,0
g3ext_e400_lr005_s44n,B,early_stop_legit,shapeiou,sio_b_results.csv,400,362,262,0.18023,0.30206,0.17507,0.30036,3569.99,0.005,44,42,shuffle,44,dota15_20p,/root/datasets_mask/dota15_yolo/dota15_20p.yaml,dota15_pretrain.pt,640,32,100,5,g3ext,,lr005,0,0,0,,1,B_csv_20260930,B_csv_20260930,39231a47ad18525f968d26c21c723756,1,0,0.1796,0.2996,0.5951,0.3156,0
g3ext_e400_lr005_s45n,B,early_stop_legit,shapeiou,sio_b_results.csv,400,375,275,0.17879,0.30205,0.17414,0.29828,2762.6,0.005,45,42,shuffle,45,dota15_20p,/root/datasets_mask/dota15_yolo/dota15_20p.yaml,dota15_pretrain.pt,640,32,100,5,g3ext,,lr005,0,0,0,,1,B_csv_20260930,B_csv_20260930,fcffede94110b8e33e0263acf76e3ce1,1,0,0.1783,0.3009,0.6115,0.3213,0
g3ext_e400_lr005_s46n,B,complete,shapeiou,sio_b_results.csv,400,400,366,0.18221,0.30913,0.17094,0.28924,2934.4,0.005,46,42,shuffle,46,dota15_20p,/root/datasets_mask/dota15_yolo/dota15_20p.yaml,dota15_pretrain.pt,640,32,100,5,g3ext,,lr005,0,0,0,,1,B_csv_20260930,B_csv_20260930,e09130a05416ab9b7ed403544b724f8c,1,0,0.181,0.3083,0.6385,0.3212,0
g3ext_e50_base_s42n,B,complete,shapeiou,sio_b_results.csv,50,50,38,0.1564,0.25487,0.14941,0.24616,419.333,0.001,42,42,shuffle,42,dota15_20p,/root/datasets_mask/dota15_yolo/dota15_20p.yaml,dota15_pretrain.pt,640,32,100,5,g3ext,,base,0,0,0,,1,B_csv_20260930,B_csv_20260930,328f9fb50ea249e6e8835792c73b4a0c,1,0,0.1552,0.2539,0.5895,0.28,0
g3ext_e50_base_s43n,B,complete,shapeiou,sio_b_results.csv,50,50,40,0.15781,0.25911,0.15048,0.24983,441.255,0.001,43,42,shuffle,43,dota15_20p,/root/datasets_mask/dota15_yolo/dota15_20p.yaml,dota15_pretrain.pt,640,32,100,5,g3ext,,base,0,0,0,,1,B_csv_20260930,B_csv_20260930,e135a5e2267ff596dd484de8c1e38e0e,1,0,0.157,0.2585,0.5964,0.2797,0
g3ext_e50_base_s44n,B,complete,shapeiou,sio_b_results.csv,50,50,32,0.15645,0.25753,0.14993,0.24888,396.437,0.001,44,42,shuffle,44,dota15_20p,/root/datasets_mask/dota15_yolo/dota15_20p.yaml,dota15_pretrain.pt,640,32,100,5,g3ext,,base,0,0,0,,1,B_csv_20260930,B_csv_20260930,2c8a8107d1b5ae4150882ce449b4216f,1,0,0.1555,0.2553,0.6036,0.274,0
g3ext_e50_base_s45n,B,complete,shapeiou,sio_b_results.csv,50,50,40,0.16048,0.26247,0.15166,0.25043,397.985,0.001,45,42,shuffle,45,dota15_20p,/root/datasets_mask/dota15_yolo/dota15_20p.yaml,dota15_pretrain.pt,640,32,100,5,g3ext,,base,0,0,0,,1,B_csv_20260930,B_csv_20260930,47a6b3f29159de0c5d0e41d84c94d1ab,1,0,0.1593,0.2602,0.6141,0.2789,0
g3ext_e50_base_s46n,B,complete,shapeiou,sio_b_results.csv,50,50,40,0.15727,0.25819,0.15071,0.24992,392.0,0.001,46,42,shuffle,46,dota15_20p,/root/datasets_mask/dota15_yolo/dota15_20p.yaml,dota15_pretrain.pt,640,32,100,5,g3ext,,base,0,0,0,,1,B_csv_20260930,B_csv_20260930,47b0b6fbd0a4e99ef7b1c38a77746bc3,1,0,0.1563,0.2564,0.6052,0.2785,0
g3ext_e50_lr005_s42n,B,complete,shapeiou,sio_b_results.csv,50,50,38,0.16381,0.27477,0.16123,0.27354,406.651,0.005,42,42,shuffle,42,dota15_20p,/root/datasets_mask/dota15_yolo/dota15_20p.yaml,dota15_pretrain.pt,640,32,100,5,g3ext,,lr005,0,0,0,,1,B_csv_20260930,B_csv_20260930,9ba258761939fdecef2d53237bc86582,1,0,0.1644,0.2753,0.6627,0.2902,0
g3ext_e50_lr005_s43n,B,complete,shapeiou,sio_b_results.csv,50,50,33,0.16176,0.27316,0.15766,0.26867,436.879,0.005,43,42,shuffle,43,dota15_20p,/root/datasets_mask/dota15_yolo/dota15_20p.yaml,dota15_pretrain.pt,640,32,100,5,g3ext,,lr005,0,0,0,,1,B_csv_20260930,B_csv_20260930,f807853a82cf6ccd425800a9720221b3,1,0,0.1618,0.2734,0.5904,0.2938,0
g3ext_e50_lr005_s44n,B,complete,shapeiou,sio_b_results.csv,50,50,48,0.16134,0.27435,0.15985,0.27331,401.339,0.005,44,42,shuffle,44,dota15_20p,/root/datasets_mask/dota15_yolo/dota15_20p.yaml,dota15_pretrain.pt,640,32,100,5,g3ext,,lr005,0,0,0,,1,B_csv_20260930,B_csv_20260930,9306a232bd110c42bba368223d365812,1,0,0.1622,0.2754,0.6162,0.295,0
g3ext_e50_lr005_s45n,B,complete,shapeiou,sio_b_results.csv,50,50,50,0.15875,0.269,0.15875,0.269,399.123,0.005,45,42,shuffle,45,dota15_20p,/root/datasets_mask/dota15_yolo/dota15_20p.yaml,dota15_pretrain.pt,640,32,100,5,g3ext,,lr005,0,0,0,,1,B_csv_20260930,B_csv_20260930,7bc55880efe8f0203a5f808c6cf307ce,1,0,0.1589,0.2692,0.6536,0.2887,0
g3ext_e50_lr005_s46n,B,complete,shapeiou,sio_b_results.csv,50,50,50,0.15983,0.27327,0.15983,0.27327,400.945,0.005,46,42,shuffle,46,dota15_20p,/root/datasets_mask/dota15_yolo/dota15_20p.yaml,dota15_pretrain.pt,640,32,100,5,g3ext,,lr005,0,0,0,,1,B_csv_20260930,B_csv_20260930,66ccbcbb850ff065c39cfbe1e7df5ce4,1,0,0.1598,0.2734,0.6274,0.2948,0
lr005_30ep_cds,B,complete,shapeiou,sio_b_results.csv,30,30,27,0.64814,0.93175,0.64344,0.932,282.212,0.005,,42,none,42,mask_20p,/root/datasets_mask/mask_clean/mask_20p.yaml,mafa_pretrain.pt,640,32,100,5,lr005,,lr005,0,0,0,,1,B_csv_20260930,B_csv_20260930,58348c15394acc6e82b44506f869d8b9,1,0,0.6423,0.9416,0.9445,0.9245,0
mafa_pretrain,B,complete,shapeiou,sio_b_results.csv,30,30,30,0.69561,0.98716,0.69561,0.98716,4819.29,0.001,,42,none,42,data,/root/datasets_mask/mafa_yolo/data.yaml,yolo12n.pt,640,32,100,5,mafa,,,0,0,0,,1,B_csv_20260930,B_csv_20260930,c1fe043936d547a9bb50a706e91436d9,1,0,0.6956,0.9872,0.9507,0.9603,0
mask_base100,B,complete,shapeiou,sio_b_results.csv,100,100,1,0.6698,0.9705,0.65432,0.95328,781.623,0.001,,42,none,42,mask_20p,/root/datasets_mask/mask_clean/mask_20p.yaml,mask_pretrain.pt,640,32,100,5,mask,,base,0,0,0,,1,B_csv_20260930,B_csv_20260930,7622c0e6aff9a45f9254a345d6612f81,1,0,0.6609,0.9563,0.9573,0.9337,0
mask_base100_s42n,B,complete,shapeiou,sio_b_results.csv,100,100,6,0.67605,0.96237,0.64632,0.94916,897.808,0.001,42,42,shuffle,42,mask_20p,/root/datasets_mask/mask_clean/mask_20p.yaml,mask_pretrain.pt,640,32,100,5,mask,,base,0,0,0,,1,B_csv_20260930,B_csv_20260930,b75fde84b51a0b7094aaf8e12cf30d15,1,0,0.6607,0.9522,0.9604,0.9171,0
mask_base30,B,complete,shapeiou,sio_b_results.csv,30,30,1,0.6698,0.9705,0.66063,0.96028,245.723,0.001,,42,none,42,mask_20p,/root/datasets_mask/mask_clean/mask_20p.yaml,mask_pretrain.pt,640,32,100,5,mask,,base,0,0,0,,1,B_csv_20260930,B_csv_20260930,756d55570bf9535a09e3a1c0518ff283,1,0,0.6609,0.9563,0.9573,0.9337,0
mask_base30_s43,B,complete,shapeiou,sio_b_results.csv,30,30,1,0.6698,0.9705,0.66063,0.96028,253.143,0.001,43,43,torch,43,mask_20p,/root/datasets_mask/mask_clean/mask_20p.yaml,mask_pretrain.pt,640,32,100,5,mask,,base,0,0,0,,1,B_csv_20260930,B_csv_20260930,0cefb026994d5f4f7b84e94a0131bc91,1,0,0.6609,0.9563,0.9573,0.9337,0
mask_base30_s44,B,complete,shapeiou,sio_b_results.csv,30,30,1,0.6698,0.9705,0.66063,0.96028,249.255,0.001,44,44,torch,44,mask_20p,/root/datasets_mask/mask_clean/mask_20p.yaml,mask_pretrain.pt,640,32,100,5,mask,,base,0,0,0,,1,B_csv_20260930,B_csv_20260930,5dfc5c101d2b2f91637718920e7e9e5f,1,0,0.6609,0.9563,0.9573,0.9337,0
mask_base50,B,complete,shapeiou,sio_b_results.csv,50,50,1,0.6698,0.9705,0.65368,0.95224,399.568,0.001,,42,none,42,mask_20p,/root/datasets_mask/mask_clean/mask_20p.yaml,mask_pretrain.pt,640,32,100,5,mask,,base,0,0,0,,1,B_csv_20260930,B_csv_20260930,c400f4f34e7bdccbb51c0f6c43156193,1,0,0.6609,0.9563,0.9573,0.9337,0
mask_css_100ep,B,complete,css,sio_b_results.csv,100,100,1,0.66991,0.97056,0.64648,0.94625,785.485,0.001,,42,none,42,mask_20p,/root/datasets_mask/mask_clean/mask_20p.yaml,mask_pretrain.pt,640,32,100,5,mask,,,0,0,0,,1,B_csv_20260930,B_csv_20260930,bc0bf519708943b4eb6963783ab1f41f,1,0,0.6613,0.9563,0.9573,0.9337,0
mask_css_30ep,B,complete,css,sio_b_results.csv,30,30,18,0.67433,0.96374,0.65911,0.95709,245.733,0.001,,42,none,42,mask_20p,/root/datasets_mask/mask_clean/mask_20p.yaml,mask_pretrain.pt,640,32,100,5,mask,,,0,0,0,,1,B_csv_20260930,B_csv_20260930,2cb45c370522176aba2ccab5168e9537,1,0,0.6563,0.9516,0.9578,0.9319,0
mask_lr005_100ep_s42n,B,complete,shapeiou,sio_b_results.csv,100,100,88,0.6492,0.94117,0.63959,0.93209,805.466,0.005,42,42,shuffle,42,mask_20p,/root/datasets_mask/mask_clean/mask_20p.yaml,mask_pretrain.pt,640,32,100,5,mask,,lr005,0,0,0,,1,B_csv_20260930,B_csv_20260930,0e8abf3d5ec554cda6d2d96bc52f2241,1,0,0.6384,0.9384,0.9619,0.9042,0
mask_lr005_30ep,B,complete,shapeiou,sio_b_results.csv,30,30,29,0.64337,0.93319,0.63875,0.93826,242.625,0.005,,42,none,42,mask_20p,/root/datasets_mask/mask_clean/mask_20p.yaml,mask_pretrain.pt,640,32,100,5,mask,,lr005,0,0,0,,1,B_csv_20260930,B_csv_20260930,b21e32b1f7864d617341545d81273393,1,0,0.6396,0.9414,0.9595,0.9152,0
mask_lr005_50ep,B,complete,shapeiou,sio_b_results.csv,50,50,38,0.6571,0.95199,0.64594,0.94568,397.759,0.005,,42,none,42,mask_20p,/root/datasets_mask/mask_clean/mask_20p.yaml,mask_pretrain.pt,640,32,100,5,mask,,lr005,0,0,0,,1,B_csv_20260930,B_csv_20260930,6662e92f7070358306ffe8ffa8238112,1,0,0.628,0.9481,0.9535,0.9066,0
mask_pretrain,B,complete,shapeiou,sio_b_results.csv,30,30,13,0.67684,0.96458,0.67219,0.96213,852.04,0.001,,42,none,42,data,/root/datasets_mask/mask_clean/data.yaml,yolo12n.pt,640,32,100,5,mask,,,0,0,0,,1,B_csv_20260930,B_csv_20260930,95efd94df0a43c84af6c9e1b67de0a61,1,0,0.6669,0.9594,0.956,0.9355,0
mask_pws_100ep,B,complete,pws,sio_b_results.csv,100,100,1,0.66975,0.97039,0.6442,0.94579,803.93,0.001,,42,none,42,mask_20p,/root/datasets_mask/mask_clean/mask_20p.yaml,mask_pretrain.pt,640,32,100,5,mask,,,0,0,0,,1,B_csv_20260930,B_csv_20260930,643233609f4b137583ce4705270c9c6b,1,0,0.6603,0.956,0.9579,0.9337,0
mask_pws_30ep,B,complete,pws,sio_b_results.csv,30,30,1,0.66975,0.97039,0.65567,0.95503,247.926,0.001,,42,none,42,mask_20p,/root/datasets_mask/mask_clean/mask_20p.yaml,mask_pretrain.pt,640,32,100,5,mask,,,0,0,0,,1,B_csv_20260930,B_csv_20260930,0876e0f8591a4fc4783703a57298dbb5,1,0,0.6603,0.956,0.9579,0.9337,0
mask_sns_100ep,B,complete,sns,sio_b_results.csv,100,100,1,0.67027,0.97055,0.64561,0.95076,785.074,0.001,,42,none,42,mask_20p,/root/datasets_mask/mask_clean/mask_20p.yaml,mask_pretrain.pt,640,32,100,5,mask,,,0,0,0,,1,B_csv_20260930,B_csv_20260930,0be79b5cdead06d304e3f3a8de074497,1,0,0.6608,0.9563,0.9573,0.9337,0
mask_sns_30ep,B,complete,sns,sio_b_results.csv,30,30,8,0.67595,0.96169,0.66011,0.9585,243.034,0.001,,42,none,42,mask_20p,/root/datasets_mask/mask_clean/mask_20p.yaml,mask_pretrain.pt,640,32,100,5,mask,,,0,0,0,,1,B_csv_20260930,B_csv_20260930,2a39d757c1c8d54b7004dfe834c93642,1,0,0.6696,0.9566,0.9522,0.9173,0
mask_sns_30ep_s43,B,complete,sns,sio_b_results.csv,30,30,8,0.67595,0.96169,0.66011,0.9585,252.199,0.001,43,43,torch,43,mask_20p,/root/datasets_mask/mask_clean/mask_20p.yaml,mask_pretrain.pt,640,32,100,5,mask,,,0,0,0,,1,B_csv_20260930,B_csv_20260930,124612fa21423fef85353bd93746e617,1,0,0.6696,0.9566,0.9522,0.9173,0
mask_sns_30ep_s44,B,complete,sns,sio_b_results.csv,30,30,8,0.67595,0.96169,0.66011,0.9585,257.114,0.001,44,44,torch,44,mask_20p,/root/datasets_mask/mask_clean/mask_20p.yaml,mask_pretrain.pt,640,32,100,5,mask,,,0,0,0,,1,B_csv_20260930,B_csv_20260930,6de998e4e263cc7418d26213e5f19a63,1,0,0.6696,0.9566,0.9522,0.9173,0
mech_b_vistod15_base200_s42n,B,complete,shapeiou,sio_b_results.csv,200,200,166,0.13582,0.23235,0.12569,0.21478,1821.51,0.001,42,42,shuffle,42,dota15_20p,/root/datasets_mask/dota15_yolo/dota15_20p.yaml,visdrone_pretrain.pt,640,32,100,5,mech,,base,0,0,0,,1,B_csv_20260930,B_csv_20260930,d7032fd7560b5c620be359ef50fb9d8f,1,0,0.1353,0.2319,0.5636,0.2529,0
mech_b_vistod15_base200_s43n,B,complete,shapeiou,sio_b_results.csv,200,200,164,0.13677,0.23553,0.12895,0.22441,1781.45,0.001,43,42,shuffle,43,dota15_20p,/root/datasets_mask/dota15_yolo/dota15_20p.yaml,visdrone_pretrain.pt,640,32,100,5,mech,,base,0,0,0,,1,B_csv_20260930,B_csv_20260930,ac3e98913cbb5a858c3e369c634b616a,1,0,0.1375,0.2363,0.6086,0.2589,0
mech_b_vistod15_base200_s44n,B,complete,shapeiou,sio_b_results.csv,200,200,183,0.13838,0.23803,0.13006,0.22529,1730.4,0.001,44,42,shuffle,44,dota15_20p,/root/datasets_mask/dota15_yolo/dota15_20p.yaml,visdrone_pretrain.pt,640,32,100,5,mech,,base,0,0,0,,1,B_csv_20260930,B_csv_20260930,24e8f63d7aeca116767b9b996c735ca6,1,0,0.1384,0.2382,0.5757,0.2601,0
mech_b_vistod15_base200_s45n,B,complete,shapeiou,sio_b_results.csv,200,200,182,0.13822,0.23734,0.12772,0.22184,1700.62,0.001,45,42,shuffle,45,dota15_20p,/root/datasets_mask/dota15_yolo/dota15_20p.yaml,visdrone_pretrain.pt,640,32,100,5,mech,,base,0,0,0,,1,B_csv_20260930,B_csv_20260930,e359c2ae0720000485a4c04ad237d2cf,1,0,0.139,0.2378,0.5754,0.2578,0
mech_b_vistod15_base200_s46n,B,complete,shapeiou,sio_b_results.csv,200,200,183,0.13871,0.24092,0.13014,0.22538,1764.41,0.001,46,42,shuffle,46,dota15_20p,/root/datasets_mask/dota15_yolo/dota15_20p.yaml,visdrone_pretrain.pt,640,32,100,5,mech,,base,0,0,0,,1,B_csv_20260930,B_csv_20260930,d48144adfa5a28f98a3b6693f5cd5dae,1,0,0.139,0.241,0.5807,0.2589,0
mech_b_vistod15_base200_s47n,B,complete,shapeiou,sio_b_results.csv,200,200,176,0.13877,0.2403,0.12865,0.22368,1728.51,0.001,47,42,shuffle,47,dota15_20p,/root/datasets_mask/dota15_yolo/dota15_20p.yaml,visdrone_pretrain.pt,640,32,100,5,mech,,base,0,0,0,,1,B_csv_20260930,B_csv_20260930,7d8d72581421c09b678ff1555239e84c,1,0,0.1383,0.2388,0.5774,0.2634,0
mech_b_vistod15_base200_s48n,B,complete,shapeiou,sio_b_results.csv,200,200,189,0.13711,0.23647,0.1297,0.22518,1724.39,0.001,48,42,shuffle,48,dota15_20p,/root/datasets_mask/dota15_yolo/dota15_20p.yaml,visdrone_pretrain.pt,640,32,100,5,mech,,base,0,0,0,,1,B_csv_20260930,B_csv_20260930,30c16c3a1ae2822a253df01ae4295507,1,0,0.1376,0.2381,0.5524,0.257,0
mech_b_vistod15_base200_s49n,B,complete,shapeiou,sio_b_results.csv,200,200,184,0.13651,0.2352,0.12765,0.2208,1812.37,0.001,49,42,shuffle,49,dota15_20p,/root/datasets_mask/dota15_yolo/dota15_20p.yaml,visdrone_pretrain.pt,640,32,100,5,mech,,base,0,0,0,,1,B_csv_20260930,B_csv_20260930,6b170cf8b8071b6e1323b1215f9af270,1,0,0.1369,0.2367,0.5901,0.2537,0
mech_b_vistod15_base200_s50n,B,complete,shapeiou,sio_b_results.csv,200,200,178,0.13832,0.23852,0.12846,0.22378,1783.08,0.001,50,42,shuffle,50,dota15_20p,/root/datasets_mask/dota15_yolo/dota15_20p.yaml,visdrone_pretrain.pt,640,32,100,5,mech,,base,0,0,0,,1,B_csv_20260930,B_csv_20260930,6f2a746e2fbefc08040579152074172f,1,0,0.1388,0.2399,0.5543,0.266,0
mech_b_vistod15_base200_s51n,B,complete,shapeiou,sio_b_results.csv,200,200,163,0.14144,0.24273,0.1337,0.23162,1854.51,0.001,51,42,shuffle,51,dota15_20p,/root/datasets_mask/dota15_yolo/dota15_20p.yaml,visdrone_pretrain.pt,640,32,100,5,mech,,base,0,0,0,,1,B_csv_20260930,B_csv_20260930,123df28a586c7ff67e2f91c414847e0f,1,0,0.1415,0.2432,0.6158,0.2535,0
mech_b_vistod15_lr005_200ep_s42n,B,complete,shapeiou,sio_b_results.csv,200,200,170,0.16227,0.28107,0.15194,0.26231,1738.71,0.005,42,42,shuffle,42,dota15_20p,/root/datasets_mask/dota15_yolo/dota15_20p.yaml,visdrone_pretrain.pt,640,32,100,5,mech,,lr005,0,0,0,,1,B_csv_20260930,B_csv_20260930,0707a67889e2ba346f05ad1a5bec8ce3,1,0,0.1623,0.2831,0.599,0.296,0
mech_b_vistod15_lr005_200ep_s43n,B,complete,shapeiou,sio_b_results.csv,200,200,191,0.16343,0.28332,0.15724,0.275,1776.77,0.005,43,42,shuffle,43,dota15_20p,/root/datasets_mask/dota15_yolo/dota15_20p.yaml,visdrone_pretrain.pt,640,32,100,5,mech,,lr005,0,0,0,,1,B_csv_20260930,B_csv_20260930,2ee4dd037ebc7efdcb59affb9e0fd57e,1,0,0.164,0.2834,0.5499,0.3059,0
mech_b_vistod15_lr005_200ep_s44n,B,complete,shapeiou,sio_b_results.csv,200,200,179,0.163,0.28295,0.15364,0.26986,1741.58,0.005,44,42,shuffle,44,dota15_20p,/root/datasets_mask/dota15_yolo/dota15_20p.yaml,visdrone_pretrain.pt,640,32,100,5,mech,,lr005,0,0,0,,1,B_csv_20260930,B_csv_20260930,ae3675341f1869e16857926d78846691,1,0,0.1639,0.2833,0.6363,0.2955,0
mech_b_vistod15_lr005_200ep_s45n,B,complete,shapeiou,sio_b_results.csv,200,200,187,0.16645,0.2815,0.15629,0.26891,1718.26,0.005,45,42,shuffle,45,dota15_20p,/root/datasets_mask/dota15_yolo/dota15_20p.yaml,visdrone_pretrain.pt,640,32,100,5,mech,,lr005,0,0,0,,1,B_csv_20260930,B_csv_20260930,aedb2bdaaa024aaa97d7e482e2da0bf3,1,0,0.1667,0.2829,0.556,0.3053,0
mech_b_vistod15_lr005_200ep_s46n,B,complete,shapeiou,sio_b_results.csv,200,200,171,0.16309,0.28584,0.15479,0.26972,1813.53,0.005,46,42,shuffle,46,dota15_20p,/root/datasets_mask/dota15_yolo/dota15_20p.yaml,visdrone_pretrain.pt,640,32,100,5,mech,,lr005,0,0,0,,1,B_csv_20260930,B_csv_20260930,280e903d2b5a20ad3f3b7458af279f67,1,0,0.1619,0.2844,0.6515,0.2936,0
mech_b_vistod15_lr005_200ep_s47n,B,complete,shapeiou,sio_b_results.csv,200,200,164,0.16443,0.28495,0.1552,0.27128,1750.38,0.005,47,42,shuffle,47,dota15_20p,/root/datasets_mask/dota15_yolo/dota15_20p.yaml,visdrone_pretrain.pt,640,32,100,5,mech,,lr005,0,0,0,,1,B_csv_20260930,B_csv_20260930,4ca7eff85bc86b8580b536dca39f9152,1,0,0.1652,0.2862,0.582,0.2959,0
mech_b_vistod15_lr005_200ep_s48n,B,complete,shapeiou,sio_b_results.csv,200,200,148,0.16505,0.28723,0.15534,0.27173,1772.75,0.005,48,42,shuffle,48,dota15_20p,/root/datasets_mask/dota15_yolo/dota15_20p.yaml,visdrone_pretrain.pt,640,32,100,5,mech,,lr005,0,0,0,,1,B_csv_20260930,B_csv_20260930,85fee7f845bd47d3d7d4aaa319573e39,1,0,0.1651,0.2882,0.594,0.3053,0
mech_b_vistod15_lr005_200ep_s49n,B,complete,shapeiou,sio_b_results.csv,200,200,189,0.1644,0.28489,0.1548,0.26925,1831.98,0.005,49,42,shuffle,49,dota15_20p,/root/datasets_mask/dota15_yolo/dota15_20p.yaml,visdrone_pretrain.pt,640,32,100,5,mech,,lr005,0,0,0,,1,B_csv_20260930,B_csv_20260930,5727803ff180631003aa9ddc2a4c47ad,1,0,0.1646,0.2855,0.6018,0.3045,0
mech_b_vistod15_lr005_200ep_s50n,B,complete,shapeiou,sio_b_results.csv,200,200,178,0.16189,0.27947,0.15073,0.26281,1778.86,0.005,50,42,shuffle,50,dota15_20p,/root/datasets_mask/dota15_yolo/dota15_20p.yaml,visdrone_pretrain.pt,640,32,100,5,mech,,lr005,0,0,0,,1,B_csv_20260930,B_csv_20260930,d8bc9cdc7992651eb1e703e29013a12a,1,0,0.162,0.2804,0.6151,0.3021,0
mech_b_vistod15_lr005_200ep_s51n,B,complete,shapeiou,sio_b_results.csv,200,200,175,0.1648,0.28243,0.15793,0.27355,1843.98,0.005,51,42,shuffle,51,dota15_20p,/root/datasets_mask/dota15_yolo/dota15_20p.yaml,visdrone_pretrain.pt,640,32,100,5,mech,,lr005,0,0,0,,1,B_csv_20260930,B_csv_20260930,2582c4b99f5525b7181882953f226fb7,1,0,0.165,0.283,0.5673,0.2965,0
mechctl_b_5ep_s42,B,complete,shapeiou,sio_b_results.csv,5,5,5,0.03726,0.06059,0.03726,0.06059,94.4538,0.001,42,42,torch,42,dota15_20p,/root/datasets_mask/dota15_yolo/dota15_20p.yaml,visdrone_pretrain.pt,640,32,100,5,mechctl,,,0,0,0,,1,B_csv_20260930,B_csv_20260930,135d4f38d776c7f9f1db68a66b3a36a4,1,0,0.0373,0.0609,0.454,0.0543,0
mechctl_b_5ep_s42_onA,B,complete,shapeiou,sio_b_results.csv,5,5,5,0.0448,0.0836,0.0448,0.0836,141.889,0.001,,42,none,42,visdrone_20p,/root/datasets_mask/visdrone/visdrone_20p.yaml,aitod_pretrain.pt,640,32,100,5,mechctl,,,0,0,0,,1,B_csv_20260930,B_csv_20260930,6ea8aa834b9ebaec47127d2c4f5668e6,1,0,0.0448,0.0833,0.3202,0.1251,0
mende_base100,B,complete,shapeiou,sio_b_results.csv,100,100,22,0.6978,0.96079,0.67659,0.944,690.139,0.001,,42,none,42,mende_20p,/root/datasets_mask/mendeley_yolo/mende_20p.yaml,mafa_pretrain.pt,640,32,100,5,mende,,base,0,0,0,,1,B_csv_20260930,B_csv_20260930,881760e1ce7b017cbec3bc6aa660ee1a,1,0,0.6975,0.9607,0.9174,0.9237,0
mende_base100_s42n,B,complete,shapeiou,sio_b_results.csv,100,100,19,0.69719,0.95683,0.66831,0.93074,670.83,0.001,42,42,shuffle,42,mende_20p,/root/datasets_mask/mendeley_yolo/mende_20p.yaml,mafa_pretrain.pt,640,32,100,5,mende,,base,0,0,0,,1,B_csv_20260930,B_csv_20260930,e67f05cb11bae309fa5135f07fd89ab8,1,0,0.6972,0.9569,0.9302,0.911,0
mende_base100_s44n,B,complete,shapeiou,sio_b_results.csv,100,100,10,0.69895,0.95353,0.67534,0.93855,685.946,0.001,44,42,shuffle,44,mende_20p,/root/datasets_mask/mendeley_yolo/mende_20p.yaml,mafa_pretrain.pt,640,32,100,1000,mende,,base,0,0,0,,1,B_csv_20260930,B_csv_20260930,f37c085756534d80dedf83643065db58,1,0,0.699,0.9537,0.9176,0.9237,0
mende_base100_s45n,B,complete,shapeiou,sio_b_results.csv,100,100,21,0.69764,0.95245,0.68033,0.94354,707.418,0.001,45,42,shuffle,45,mende_20p,/root/datasets_mask/mendeley_yolo/mende_20p.yaml,mafa_pretrain.pt,640,32,100,1000,mende,,base,0,0,0,,1,B_csv_20260930,B_csv_20260930,c29c894011984b1a05f4124236ed2dfd,1,0,0.6979,0.9524,0.9121,0.9008,0
mende_base100ep_s43n,B,complete,shapeiou,B_sio_b_results.csv,100,100,28,0.70442,0.96402,0.67953,0.93475,697.481,0.001,43,42,shuffle,43,mende_20p,/root/datasets_mask/mendeley_yolo/mende_20p.yaml,mafa_pretrain.pt,640,32,100,5,mende,,base,0,0,0,,1,P1supp_B_20261002,P1supp_B_20261002,60c4d68435cca062518ab7462933f820,1,0,0.704,0.964,0.9119,0.9174,0
mende_base100ep_s46n,B,complete,shapeiou,B_sio_b_results.csv,100,100,12,0.70391,0.95179,0.6855,0.95077,700.18,0.001,46,42,shuffle,46,mende_20p,/root/datasets_mask/mendeley_yolo/mende_20p.yaml,mafa_pretrain.pt,640,32,100,5,mende,,base,0,0,0,,1,P1supp_B_20261002,P1supp_B_20261002,0639953e3ae6b7baf437ffa3fb1471a6,1,0,0.7043,0.9517,0.9107,0.9074,0
mende_base100ep_s47n,B,complete,shapeiou,B_sio_b_results.csv,100,100,31,0.69558,0.95295,0.68061,0.94915,684.407,0.001,47,42,shuffle,47,mende_20p,/root/datasets_mask/mendeley_yolo/mende_20p.yaml,mafa_pretrain.pt,640,32,100,5,mende,,base,0,0,0,,1,P1supp_B_20261002,P1supp_B_20261002,fbf60c094fd276c2091d291ae79c2775,1,0,0.6956,0.953,0.9276,0.9174,0
mende_base100ep_s48n,B,complete,shapeiou,B_sio_b_results.csv,100,100,12,0.69457,0.95243,0.67952,0.9377,687.125,0.001,48,42,shuffle,48,mende_20p,/root/datasets_mask/mendeley_yolo/mende_20p.yaml,mafa_pretrain.pt,640,32,100,5,mende,,base,0,0,0,,1,P1supp_B_20261002,P1supp_B_20261002,b18e0afeabb31770ff6b382a6f238b5d,1,0,0.6945,0.9524,0.8782,0.9343,0
mende_base100ep_s49n,B,complete,shapeiou,B_sio_b_results.csv,100,100,17,0.69641,0.95093,0.67846,0.93964,697.579,0.001,49,42,shuffle,49,mende_20p,/root/datasets_mask/mendeley_yolo/mende_20p.yaml,mafa_pretrain.pt,640,32,100,5,mende,,base,0,0,0,,1,P1supp_B_20261002,P1supp_B_20261002,0227bd1f3ed20845ec19f9a45e87b945,1,0,0.6963,0.951,0.933,0.8983,0
mende_base100ep_s50n,B,complete,shapeiou,B_sio_b_results.csv,100,100,21,0.70767,0.9532,0.68113,0.946,705.354,0.001,50,42,shuffle,50,mende_20p,/root/datasets_mask/mendeley_yolo/mende_20p.yaml,mafa_pretrain.pt,640,32,100,5,mende,,base,0,0,0,,1,P1supp_B_20261002,P1supp_B_20261002,f815418a18929ad20ac80634ed8ee39f,1,0,0.7078,0.9532,0.9298,0.8962,0
mende_base100ep_s51n,B,complete,shapeiou,B_sio_b_results.csv,100,100,17,0.69957,0.96073,0.68408,0.94378,692.195,0.001,51,42,shuffle,51,mende_20p,/root/datasets_mask/mendeley_yolo/mende_20p.yaml,mafa_pretrain.pt,640,32,100,5,mende,,base,0,0,0,,1,P1supp_B_20261002,P1supp_B_20261002,6d51de6b84dff4d7f5a2c5007f6cd811,1,0,0.7004,0.9607,0.9208,0.9364,0
mende_base30,B,complete,shapeiou,sio_b_results.csv,30,30,14,0.70291,0.9521,0.69955,0.95533,213.222,0.001,,42,none,42,mende_20p,/root/datasets_mask/mendeley_yolo/mende_20p.yaml,mafa_pretrain.pt,640,32,100,5,mende,,base,0,0,0,,1,B_csv_20260930,B_csv_20260930,a9fc20147cf2d54428e9f2910124a078,1,0,0.7027,0.9522,0.9019,0.935,0
mende_base50,B,complete,shapeiou,sio_b_results.csv,50,50,22,0.70014,0.9585,0.68852,0.95098,343.343,0.001,,42,none,42,mende_20p,/root/datasets_mask/mendeley_yolo/mende_20p.yaml,mafa_pretrain.pt,640,32,100,5,mende,,base,0,0,0,,1,B_csv_20260930,B_csv_20260930,ef4fd9a688136b82b1609fd757ad78aa,1,0,0.6996,0.9586,0.921,0.9174,0
mende_css_100ep,B,complete,css,sio_b_results.csv,100,100,16,0.70361,0.95495,0.67711,0.94328,678.6,0.001,,42,none,42,mende_20p,/root/datasets_mask/mendeley_yolo/mende_20p.yaml,mafa_pretrain.pt,640,32,100,5,mende,,,0,0,0,,1,B_csv_20260930,B_csv_20260930,eb262cc4e135c760644e48b0d4c24978,1,0,0.7043,0.9548,0.9126,0.9047,0
mende_css_100ep_s43,B,complete,css,sio_b_results.csv,100,100,16,0.70361,0.95495,0.67711,0.94328,715.731,0.001,43,43,torch,43,mende_20p,/root/datasets_mask/mendeley_yolo/mende_20p.yaml,mafa_pretrain.pt,640,32,100,5,mende,,,0,0,0,,1,B_csv_20260930,B_csv_20260930,4ee732131d21cabecab662a2ced956f4,1,0,0.7043,0.9548,0.9126,0.9047,0
mende_css_100ep_s44,B,complete,css,sio_b_results.csv,100,100,14,0.69757,0.9543,0.6727,0.94428,677.496,0.001,44,42,torch,44,mende_20p,/root/datasets_mask/mendeley_yolo/mende_20p.yaml,mafa_pretrain.pt,640,32,100,5,mende,,,0,0,0,,1,B_csv_20260930,B_csv_20260930,fc01b214ccc74adb078e2b5cda275d36,1,0,0.6979,0.9543,0.892,0.9258,0
mende_css_100ep_s45,B,complete,css,sio_b_results.csv,100,100,61,0.69778,0.9484,0.68694,0.94253,695.987,0.001,45,42,torch,45,mende_20p,/root/datasets_mask/mendeley_yolo/mende_20p.yaml,mafa_pretrain.pt,640,32,100,5,mende,,,0,0,0,,1,B_csv_20260930,B_csv_20260930,c03cc0f8e37bd7ec9d7e3f8f428962c1,1,0,0.6988,0.9483,0.9202,0.8941,0
mende_css_30ep,B,complete,css,sio_b_results.csv,30,30,24,0.70463,0.95924,0.70019,0.95994,208.759,0.001,,42,none,42,mende_20p,/root/datasets_mask/mendeley_yolo/mende_20p.yaml,mafa_pretrain.pt,640,32,100,5,mende,,,0,0,0,,1,B_csv_20260930,B_csv_20260930,0fdfcf9248869c5fcd93b22b8145f1d9,1,0,0.7038,0.9592,0.9036,0.9364,0
mende_jps_100ep_s44,B,complete,jps,sio_b_results.csv,100,100,21,0.70176,0.96006,0.67235,0.93886,740.862,0.001,44,44,torch,44,mende_20p,/root/datasets_mask/mendeley_yolo/mende_20p.yaml,mafa_pretrain.pt,640,32,100,5,mende,,,0,0,0,,1,B_csv_20260930,B_csv_20260930,ce899c9c29ac07c69f06bf1910d80532,1,0,0.7014,0.9601,0.9336,0.9237,0
mende_jps_100ep_s45,B,complete,jps,sio_b_results.csv,100,100,21,0.70176,0.96006,0.67235,0.93886,679.856,0.001,45,45,torch,45,mende_20p,/root/datasets_mask/mendeley_yolo/mende_20p.yaml,mafa_pretrain.pt,640,32,100,5,mende,,,0,0,0,,1,B_csv_20260930,B_csv_20260930,8a884598508258442ff5b40c68669237,1,0,0.7014,0.9601,0.9336,0.9237,0
mende_lr005_100ep_s42n,B,complete,shapeiou,sio_b_results.csv,100,100,68,0.6859,0.95114,0.67089,0.93069,689.74,0.005,42,42,shuffle,42,mende_20p,/root/datasets_mask/mendeley_yolo/mende_20p.yaml,mafa_pretrain.pt,640,32,100,5,mende,,lr005,0,0,0,,1,B_csv_20260930,B_csv_20260930,f28d19dede892180dbf5ffaf0e2496fa,1,0,0.6863,0.9511,0.9143,0.904,0
mende_lr005_100ep_s43n,B,complete,shapeiou,B_sio_b_results.csv,100,100,67,0.69136,0.95432,0.6638,0.92896,699.903,0.005,43,42,shuffle,43,mende_20p,/root/datasets_mask/mendeley_yolo/mende_20p.yaml,mafa_pretrain.pt,640,32,100,5,mende,,lr005,0,0,0,,1,P1supp_B_20261002,P1supp_B_20261002,41c73decf160f7d7d8f81c77c97cfdd3,1,0,0.6912,0.9543,0.9346,0.8983,0
mende_lr005_100ep_s44n,B,complete,shapeiou,sio_b_results.csv,100,100,29,0.68076,0.94896,0.65171,0.91829,819.959,0.005,44,42,shuffle,44,mende_20p,/root/datasets_mask/mendeley_yolo/mende_20p.yaml,mafa_pretrain.pt,640,32,100,5,mende,,lr005,0,0,0,,1,B_csv_20260930,B_csv_20260930,149000abc5694f9a6bf1d8c802e304ca,1,0,0.6808,0.949,0.9136,0.8963,0
mende_lr005_100ep_s45n,B,complete,shapeiou,sio_b_results.csv,100,100,77,0.685,0.94724,0.66082,0.92821,692.777,0.005,45,42,shuffle,45,mende_20p,/root/datasets_mask/mendeley_yolo/mende_20p.yaml,mafa_pretrain.pt,640,32,100,5,mende,,lr005,0,0,0,,1,B_csv_20260930,B_csv_20260930,ace7065895d6b813f5feec68c0347893,1,0,0.6857,0.9472,0.8989,0.9153,0
mende_lr005_100ep_s46n,B,complete,shapeiou,B_sio_b_results.csv,100,100,88,0.70483,0.95537,0.68197,0.95058,697.433,0.005,46,42,shuffle,46,mende_20p,/root/datasets_mask/mendeley_yolo/mende_20p.yaml,mafa_pretrain.pt,640,32,100,5,mende,,lr005,0,0,0,,1,P1supp_B_20261002,P1supp_B_20261002,0cd5203d4788717ac775b0b21827c4a0,1,0,0.7046,0.9514,0.9337,0.8957,0
mende_lr005_100ep_s47n,B,complete,shapeiou,B_sio_b_results.csv,100,100,76,0.69357,0.95318,0.66727,0.92951,683.627,0.005,47,42,shuffle,47,mende_20p,/root/datasets_mask/mendeley_yolo/mende_20p.yaml,mafa_pretrain.pt,640,32,100,5,mende,,lr005,0,0,0,,1,P1supp_B_20261002,P1supp_B_20261002,c36d7e80483e41cec9576fe80b0b1daa,1,0,0.6936,0.9531,0.9051,0.911,0
mende_lr005_100ep_s48n,B,complete,shapeiou,B_sio_b_results.csv,100,100,78,0.69941,0.95503,0.67206,0.9353,683.216,0.005,48,42,shuffle,48,mende_20p,/root/datasets_mask/mendeley_yolo/mende_20p.yaml,mafa_pretrain.pt,640,32,100,5,mende,,lr005,0,0,0,,1,P1supp_B_20261002,P1supp_B_20261002,43fb6b7ce9ff485f415647ccef01c057,1,0,0.6994,0.955,0.9336,0.9216,0
mende_lr005_100ep_s49n,B,complete,shapeiou,B_sio_b_results.csv,100,100,72,0.69216,0.95311,0.67581,0.94369,700.92,0.005,49,42,shuffle,49,mende_20p,/root/datasets_mask/mendeley_yolo/mende_20p.yaml,mafa_pretrain.pt,640,32,100,5,mende,,lr005,0,0,0,,1,P1supp_B_20261002,P1supp_B_20261002,37400d29e6eab80134072c75e9f0c92b,1,0,0.6921,0.9531,0.9455,0.8822,0
mende_lr005_100ep_s50n,B,complete,shapeiou,B_sio_b_results.csv,100,100,37,0.69332,0.94288,0.6726,0.93211,693.001,0.005,50,42,shuffle,50,mende_20p,/root/datasets_mask/mendeley_yolo/mende_20p.yaml,mafa_pretrain.pt,640,32,100,5,mende,,lr005,0,0,0,,1,P1supp_B_20261002,P1supp_B_20261002,72e076689a54f3417b479b47cd74388f,1,0,0.6932,0.9429,0.9265,0.8941,0
mende_lr005_100ep_s51n,B,complete,shapeiou,B_sio_b_results.csv,100,100,44,0.69114,0.95218,0.65378,0.91335,696.582,0.005,51,42,shuffle,51,mende_20p,/root/datasets_mask/mendeley_yolo/mende_20p.yaml,mafa_pretrain.pt,640,32,100,5,mende,,lr005,0,0,0,,1,P1supp_B_20261002,P1supp_B_20261002,40938ce00d7cb0387fb376c594f87ed9,1,0,0.6912,0.9523,0.9408,0.8747,0
mende_lr005_30ep,B,complete,shapeiou,sio_b_results.csv,30,30,27,0.70125,0.95763,0.70029,0.95662,268.719,0.005,,42,none,42,mende_20p,/root/datasets_mask/mendeley_yolo/mende_20p.yaml,mafa_pretrain.pt,640,32,100,5,mende,,lr005,0,0,0,,1,B_csv_20260930,B_csv_20260930,dbdf6a5d9b4e40b49c8521893500b42c,1,0,0.701,0.9575,0.9281,0.9029,0
mende_lr005_50ep,B,complete,shapeiou,sio_b_results.csv,50,50,35,0.6984,0.95806,0.69255,0.95617,346.478,0.005,,42,none,42,mende_20p,/root/datasets_mask/mendeley_yolo/mende_20p.yaml,mafa_pretrain.pt,640,32,100,5,mende,,lr005,0,0,0,,1,B_csv_20260930,B_csv_20260930,33b195bf21f6d0412045f71646a74d69,1,0,0.6983,0.958,0.9052,0.9301,0
mende_pws_100ep,B,complete,pws,sio_b_results.csv,100,100,16,0.69939,0.95309,0.67121,0.94346,673.54,0.001,,42,none,42,mende_20p,/root/datasets_mask/mendeley_yolo/mende_20p.yaml,mafa_pretrain.pt,640,32,100,5,mende,,,0,0,0,,1,B_csv_20260930,B_csv_20260930,6db7244c4029bd77b1de1454ff273985,1,0,0.6997,0.9529,0.9052,0.9025,0
mende_pws_30ep,B,complete,pws,sio_b_results.csv,30,30,26,0.70403,0.96081,0.70331,0.96122,210.426,0.001,,42,none,42,mende_20p,/root/datasets_mask/mendeley_yolo/mende_20p.yaml,mafa_pretrain.pt,640,32,100,5,mende,,,0,0,0,,1,B_csv_20260930,B_csv_20260930,3501e0e635821010165a06ccd8405718,1,0,0.7046,0.961,0.9206,0.911,0
mende_pws_50ep,B,complete,pws,sio_b_results.csv,50,50,28,0.70388,0.96035,0.68801,0.95379,342.849,0.001,,42,none,42,mende_20p,/root/datasets_mask/mendeley_yolo/mende_20p.yaml,mafa_pretrain.pt,640,32,100,5,mende,,,0,0,0,,1,B_csv_20260930,B_csv_20260930,d186c3e30e963e63afaf3291801ddf96,1,0,0.7039,0.9603,0.942,0.9131,0
mende_sns_100ep,B,complete,sns,sio_b_results.csv,100,100,14,0.70084,0.95612,0.67708,0.95091,676.2,0.001,,42,none,42,mende_20p,/root/datasets_mask/mendeley_yolo/mende_20p.yaml,mafa_pretrain.pt,640,32,100,5,mende,,,0,0,0,,1,B_csv_20260930,B_csv_20260930,f0afcce99f6869f1d9fd86f1b403fe26,1,0,0.7009,0.9562,0.9154,0.917,0
mende_sns_100ep_s42n,B,complete,sns,sio_b_results.csv,100,100,20,0.69132,0.95333,0.67088,0.93151,689.685,0.001,42,42,shuffle,42,mende_20p,/root/datasets_mask/mendeley_yolo/mende_20p.yaml,mafa_pretrain.pt,640,32,100,1000,mende,,,0,0,0,,1,B_csv_20260930,B_csv_20260930,146a4bfc105f05fc8b6c73b5f53d7253,1,0,0.6916,0.9534,0.9249,0.913,0
mende_sns_100ep_s44n,B,complete,sns,sio_b_results.csv,100,100,44,0.69711,0.95316,0.67449,0.9452,670.153,0.001,44,42,shuffle,44,mende_20p,/root/datasets_mask/mendeley_yolo/mende_20p.yaml,mafa_pretrain.pt,640,32,100,5,mende,,,0,0,0,,1,B_csv_20260930,B_csv_20260930,1fdd3650c149835074642f7673e72b12,1,0,0.6968,0.9532,0.9294,0.911,0
mende_sns_100ep_s45n,B,complete,sns,sio_b_results.csv,100,100,89,0.69436,0.94776,0.68659,0.9428,669.412,0.001,45,42,shuffle,45,mende_20p,/root/datasets_mask/mendeley_yolo/mende_20p.yaml,mafa_pretrain.pt,640,32,100,5,mende,,,0,0,0,,1,B_csv_20260930,B_csv_20260930,b5e63596f0ad3843c14ea54fd8dbc4f2,1,0,0.694,0.9479,0.923,0.9139,0
mende_sns_30ep,B,complete,sns,sio_b_results.csv,30,30,27,0.7044,0.95974,0.70343,0.95856,277.355,0.001,,42,none,42,mende_20p,/root/datasets_mask/mendeley_yolo/mende_20p.yaml,mafa_pretrain.pt,640,32,100,5,mende,,,0,0,0,,1,B_csv_20260930,B_csv_20260930,3530c3de9e72d8c3d9d676320e5a0fbd,1,0,0.7041,0.9598,0.923,0.9089,0
mende_sns_50ep,B,complete,sns,sio_b_results.csv,50,50,22,0.70518,0.96146,0.68626,0.95149,348.035,0.001,,42,none,42,mende_20p,/root/datasets_mask/mendeley_yolo/mende_20p.yaml,mafa_pretrain.pt,640,32,100,5,mende,,,0,0,0,,1,B_csv_20260930,B_csv_20260930,9a587d4f26129f43d0eecc6094e1c49a,1,0,0.7053,0.9614,0.9149,0.9216,0
mendein_base100,B,complete,shapeiou,sio_b_results.csv,100,100,1,0.72235,0.95051,0.69232,0.94261,678.972,0.001,,42,none,42,mende_20p,/root/datasets_mask/mendeley_yolo/mende_20p.yaml,mendein_pretrain.pt,640,32,100,5,mendein,,base,0,0,0,,1,B_csv_20260930,B_csv_20260930,1a62d06b67920053e6e9f865d44a07a7,1,0,0.7224,0.9505,0.9186,0.9004,0
mendein_base100_s42n,B,complete,shapeiou,sio_b_results.csv,100,100,1,0.73354,0.95887,0.69399,0.94215,664.412,0.001,42,42,shuffle,42,mende_20p,/root/datasets_mask/mendeley_yolo/mende_20p.yaml,mendein_pretrain.pt,640,32,100,5,mendein,,base,0,0,0,,1,B_csv_20260930,B_csv_20260930,1789ad0d52dd2fb51a04ef63e6eaecca,1,0,0.7336,0.9588,0.9213,0.9131,0
mendein_base100_s43,B,complete,shapeiou,sio_b_results.csv,100,100,3,0.73155,0.97056,0.70337,0.95307,822.861,0.001,43,42,torch,43,mende_20p,/root/datasets_mask/mendeley_yolo/mende_20p.yaml,mendein_pretrain.pt,640,32,100,5,mendein,,base,0,0,0,,1,B_csv_20260930,B_csv_20260930,b598de13ddf7d1c6133d10300bdf9844,1,0,0.7312,0.9706,0.9306,0.9258,0
mendein_base100_s44,B,complete,shapeiou,sio_b_results.csv,100,100,2,0.72986,0.96529,0.68419,0.93164,725.804,0.001,44,42,torch,44,mende_20p,/root/datasets_mask/mendeley_yolo/mende_20p.yaml,mendein_pretrain.pt,640,32,100,5,mendein,,base,0,0,0,,1,B_csv_20260930,B_csv_20260930,4a75caa9eef91dbe646792d5ccb86718,1,0,0.7303,0.9653,0.9184,0.9299,0
mendein_base100_s45n,B,complete,shapeiou,sio_b_results.csv,100,100,2,0.73452,0.96534,0.69907,0.9518,720.215,0.001,45,42,shuffle,45,mende_20p,/root/datasets_mask/mendeley_yolo/mende_20p.yaml,mendein_pretrain.pt,640,32,100,5,mendein,,base,0,0,0,,1,B_csv_20260930,B_csv_20260930,7b9e35743ec02c583247ca3051618cd7,1,0,0.7347,0.9653,0.917,0.9322,0
mendein_base100ep_s46n,B,complete,shapeiou,B_sio_b_results.csv,100,100,4,0.7258,0.9693,0.68788,0.94065,689.708,0.001,46,42,shuffle,46,mende_20p,/root/datasets_mask/mendeley_yolo/mende_20p.yaml,mendein_pretrain.pt,640,32,100,5,mendein,,base,0,0,0,,1,P1supp_B_20261002,P1supp_B_20261002,c6e614dbdd25e8ff3fb5307173f00c78,1,0,0.7258,0.9693,0.9211,0.928,0
mendein_base100ep_s47n,B,complete,shapeiou,B_sio_b_results.csv,100,100,1,0.72926,0.96015,0.69048,0.93646,681.057,0.001,47,42,shuffle,47,mende_20p,/root/datasets_mask/mendeley_yolo/mende_20p.yaml,mendein_pretrain.pt,640,32,100,5,mendein,,base,0,0,0,,1,P1supp_B_20261002,P1supp_B_20261002,dd2a5b8fd1921c0e112085d48449c861,1,0,0.7298,0.9601,0.9406,0.9047,0
mendein_base100ep_s48n,B,complete,shapeiou,B_sio_b_results.csv,100,100,1,0.722,0.95163,0.69314,0.94514,682.1,0.001,48,42,shuffle,48,mende_20p,/root/datasets_mask/mendeley_yolo/mende_20p.yaml,mendein_pretrain.pt,640,32,100,5,mendein,,base,0,0,0,,1,P1supp_B_20261002,P1supp_B_20261002,fe394bac9ae6ebd39e5bf1722ad2ad0f,1,0,0.7222,0.9516,0.9244,0.9071,0
mendein_base100ep_s49n,B,complete,shapeiou,B_sio_b_results.csv,100,100,1,0.72768,0.95851,0.69171,0.94553,689.409,0.001,49,42,shuffle,49,mende_20p,/root/datasets_mask/mendeley_yolo/mende_20p.yaml,mendein_pretrain.pt,640,32,100,5,mendein,,base,0,0,0,,1,P1supp_B_20261002,P1supp_B_20261002,5f3e8db9b3a9336b64907bb6937f4a8f,1,0,0.7276,0.9585,0.9156,0.919,0
mendein_base100ep_s50n,B,complete,shapeiou,B_sio_b_results.csv,100,100,1,0.72927,0.95721,0.69233,0.93611,684.655,0.001,50,42,shuffle,50,mende_20p,/root/datasets_mask/mendeley_yolo/mende_20p.yaml,mendein_pretrain.pt,640,32,100,5,mendein,,base,0,0,0,,1,P1supp_B_20261002,P1supp_B_20261002,2ae0ba10cb7b49c9731d4d80de345c44,1,0,0.7297,0.9572,0.9297,0.8963,0
mendein_base100ep_s51n,B,complete,shapeiou,B_sio_b_results.csv,100,100,1,0.72808,0.95848,0.69013,0.93594,693.406,0.001,51,42,shuffle,51,mende_20p,/root/datasets_mask/mendeley_yolo/mende_20p.yaml,mendein_pretrain.pt,640,32,100,5,mendein,,base,0,0,0,,1,P1supp_B_20261002,P1supp_B_20261002,478e960eaf8368da077b56b3712bb792,1,0,0.728,0.9585,0.9034,0.9195,0
mendein_base30,B,complete,shapeiou,sio_b_results.csv,30,30,1,0.72235,0.95051,0.70082,0.95156,207.804,0.001,,42,none,42,mende_20p,/root/datasets_mask/mendeley_yolo/mende_20p.yaml,mendein_pretrain.pt,640,32,100,5,mendein,,base,0,0,0,,1,B_csv_20260930,B_csv_20260930,3c43f5a86f87cce94b1e3cb76e7eaa2c,1,0,0.7224,0.9505,0.9186,0.9004,0
mendein_base30_s43,B,complete,shapeiou,sio_b_results.csv,30,30,1,0.72235,0.95051,0.70082,0.95156,207.888,0.001,43,43,torch,43,mende_20p,/root/datasets_mask/mendeley_yolo/mende_20p.yaml,mendein_pretrain.pt,640,32,100,5,mendein,,base,0,0,0,,1,B_csv_20260930,B_csv_20260930,df9bcf0e6fd77211f729244c8921aa49,1,0,0.7224,0.9505,0.9186,0.9004,0
mendein_base30_s43n,B,complete,shapeiou,sio_b_results.csv,30,30,1,0.7309,0.96207,0.70475,0.96083,219.406,0.001,43,42,shuffle,43,mende_20p,/root/datasets_mask/mendeley_yolo/mende_20p.yaml,mendein_pretrain.pt,640,32,100,5,mendein,,base,0,0,0,,1,B_csv_20260930,B_csv_20260930,df2e0664a0b4526df9188b2a11105c32,1,0,0.7307,0.9621,0.9243,0.9068,0
mendein_base30_s44,B,complete,shapeiou,sio_b_results.csv,30,30,1,0.72235,0.95051,0.70082,0.95156,210.273,0.001,44,44,torch,44,mende_20p,/root/datasets_mask/mendeley_yolo/mende_20p.yaml,mendein_pretrain.pt,640,32,100,5,mendein,,base,0,0,0,,1,B_csv_20260930,B_csv_20260930,d66a353aa10da1399cd6f7720c2c25a3,1,0,0.7224,0.9505,0.9186,0.9004,0
mendein_base30_s44n,B,complete,shapeiou,sio_b_results.csv,30,30,2,0.7293,0.96508,0.69588,0.95642,217.969,0.001,44,42,shuffle,44,mende_20p,/root/datasets_mask/mendeley_yolo/mende_20p.yaml,mendein_pretrain.pt,640,32,100,5,mendein,,base,0,0,0,,1,B_csv_20260930,B_csv_20260930,142f3d0439c4d9413474a2ec8ecb5420,1,0,0.7292,0.9651,0.9182,0.9275,0
mendein_base50,B,complete,shapeiou,sio_b_results.csv,50,50,1,0.72235,0.95051,0.69928,0.95106,343.057,0.001,,42,none,42,mende_20p,/root/datasets_mask/mendeley_yolo/mende_20p.yaml,mendein_pretrain.pt,640,32,100,5,mendein,,base,0,0,0,,1,B_csv_20260930,B_csv_20260930,94ea8e289dde72deed995c6d16e52cd9,1,0,0.7224,0.9505,0.9186,0.9004,0
mendein_css_100ep,B,complete,css,sio_b_results.csv,100,100,1,0.72198,0.95056,0.69181,0.93479,680.024,0.001,,42,none,42,mende_20p,/root/datasets_mask/mendeley_yolo/mende_20p.yaml,mendein_pretrain.pt,640,32,100,5,mendein,,,0,0,0,,1,B_csv_20260930,B_csv_20260930,b20a34b42334032c25d109ff05683924,1,0,0.7219,0.9505,0.9164,0.9004,0
mendein_css_30ep,B,complete,css,sio_b_results.csv,30,30,1,0.72198,0.95056,0.70871,0.9536,206.826,0.001,,42,none,42,mende_20p,/root/datasets_mask/mendeley_yolo/mende_20p.yaml,mendein_pretrain.pt,640,32,100,5,mendein,,,0,0,0,,1,B_csv_20260930,B_csv_20260930,950172bf981b622ecc641661a2640f8f,1,0,0.7219,0.9505,0.9164,0.9004,0
mendein_lr005_100ep_s42,B,complete,shapeiou,sio_b_results.csv,100,100,1,0.72637,0.96487,0.67647,0.93539,718.413,0.005,42,42,torch,42,mende_20p,/root/datasets_mask/mendeley_yolo/mende_20p.yaml,mendein_pretrain.pt,640,32,100,5,mendein,,lr005,0,0,0,,1,B_csv_20260930,B_csv_20260930,f3fa563a260e613598f9471a66d98808,1,0,0.7257,0.9647,0.9377,0.9301,0
mendein_lr005_100ep_s43,B,complete,shapeiou,sio_b_results.csv,100,100,1,0.70802,0.96822,0.67349,0.93431,721.989,0.005,43,42,torch,43,mende_20p,/root/datasets_mask/mendeley_yolo/mende_20p.yaml,mendein_pretrain.pt,640,32,100,5,mendein,,lr005,0,0,0,,1,B_csv_20260930,B_csv_20260930,5d94af57925bc369e061ec01f17fa8e7,1,0,0.7079,0.9681,0.9327,0.9102,0
mendein_lr005_100ep_s44,B,complete,shapeiou,sio_b_results.csv,100,100,2,0.69246,0.94718,0.67577,0.93024,732.49,0.005,44,42,torch,44,mende_20p,/root/datasets_mask/mendeley_yolo/mende_20p.yaml,mendein_pretrain.pt,640,32,100,5,mendein,,lr005,0,0,0,,1,B_csv_20260930,B_csv_20260930,2291d1865fcb5c90d1eb13969830db3d,1,0,0.6923,0.9473,0.9044,0.9218,0
mendein_lr005_100ep_s45n,B,complete,shapeiou,B_sio_b_results.csv,100,100,1,0.71012,0.96104,0.66805,0.92183,695.762,0.005,45,42,shuffle,45,mende_20p,/root/datasets_mask/mendeley_yolo/mende_20p.yaml,mendein_pretrain.pt,640,32,100,5,mendein,,lr005,0,0,0,,1,P1supp_B_20261002,P1supp_B_20261002,469e5c459b352baa03dc05d733bd3452,1,0,0.7099,0.9611,0.9434,0.911,0
mendein_lr005_100ep_s46n,B,complete,shapeiou,B_sio_b_results.csv,100,100,1,0.71809,0.95857,0.65674,0.91621,692.966,0.005,46,42,shuffle,46,mende_20p,/root/datasets_mask/mendeley_yolo/mende_20p.yaml,mendein_pretrain.pt,640,32,100,5,mendein,,lr005,0,0,0,,1,P1supp_B_20261002,P1supp_B_20261002,3282a6f4ea5f241054c5adf149ed50d3,1,0,0.7182,0.9585,0.94,0.8966,0
mendein_lr005_100ep_s47n,B,complete,shapeiou,B_sio_b_results.csv,100,100,1,0.72255,0.96965,0.67776,0.9369,678.838,0.005,47,42,shuffle,47,mende_20p,/root/datasets_mask/mendeley_yolo/mende_20p.yaml,mendein_pretrain.pt,640,32,100,5,mendein,,lr005,0,0,0,,1,P1supp_B_20261002,P1supp_B_20261002,4670b6228b11018294c90b11bce36dfb,1,0,0.7223,0.9698,0.9531,0.9052,0
mendein_lr005_100ep_s48n,B,complete,shapeiou,B_sio_b_results.csv,100,100,1,0.69507,0.9323,0.68146,0.93532,696.844,0.005,48,42,shuffle,48,mende_20p,/root/datasets_mask/mendeley_yolo/mende_20p.yaml,mendein_pretrain.pt,640,32,100,5,mendein,,lr005,0,0,0,,1,P1supp_B_20261002,P1supp_B_20261002,abfa3490d56e2f33ea42cd21d33825ac,1,0,0.6951,0.9324,0.9664,0.8524,0
mendein_lr005_100ep_s49n,B,complete,shapeiou,B_sio_b_results.csv,100,100,1,0.71398,0.95803,0.67651,0.9261,694.07,0.005,49,42,shuffle,49,mende_20p,/root/datasets_mask/mendeley_yolo/mende_20p.yaml,mendein_pretrain.pt,640,32,100,5,mendein,,lr005,0,0,0,,1,P1supp_B_20261002,P1supp_B_20261002,dd22f6c9503f5885d351ba6aa58e11a1,1,0,0.714,0.958,0.9442,0.8898,0
mendein_lr005_100ep_s50n,B,complete,shapeiou,B_sio_b_results.csv,100,100,1,0.71166,0.95071,0.67993,0.93448,694.571,0.005,50,42,shuffle,50,mende_20p,/root/datasets_mask/mendeley_yolo/mende_20p.yaml,mendein_pretrain.pt,640,32,100,5,mendein,,lr005,0,0,0,,1,P1supp_B_20261002,P1supp_B_20261002,a7610d9e131d52eba6264199440948b0,1,0,0.7116,0.9507,0.9327,0.8962,0
mendein_lr005_100ep_s51n,B,complete,shapeiou,B_sio_b_results.csv,100,100,1,0.7084,0.95557,0.67124,0.92173,694.215,0.005,51,42,shuffle,51,mende_20p,/root/datasets_mask/mendeley_yolo/mende_20p.yaml,mendein_pretrain.pt,640,32,100,5,mendein,,lr005,0,0,0,,1,P1supp_B_20261002,P1supp_B_20261002,ae483506d19a3013c49a0d9ff80516a8,1,0,0.7079,0.9556,0.938,0.8975,0
mendein_lr005_30ep,B,complete,shapeiou,sio_b_results.csv,30,30,1,0.71623,0.95515,0.68503,0.95097,211.46,0.005,,42,none,42,mende_20p,/root/datasets_mask/mendeley_yolo/mende_20p.yaml,mendein_pretrain.pt,640,32,100,5,mendein,,lr005,0,0,0,,1,B_csv_20260930,B_csv_20260930,c15e47e613fc120bb29100823a47fc96,1,0,0.7164,0.9552,0.9425,0.9258,0
mendein_lr005_30ep_s43,B,complete,shapeiou,sio_b_results.csv,30,30,1,0.70802,0.96822,0.68124,0.95838,221.758,0.005,43,42,torch,43,mende_20p,/root/datasets_mask/mendeley_yolo/mende_20p.yaml,mendein_pretrain.pt,640,32,100,5,mendein,,lr005,0,0,0,,1,B_csv_20260930,B_csv_20260930,8a29bdaefaf6d2035db1064f4f52a099,1,0,0.7079,0.9681,0.9327,0.9102,0
mendein_lr005_30ep_s44,B,complete,shapeiou,sio_b_results.csv,30,30,2,0.70123,0.95821,0.68393,0.94553,220.516,0.005,44,42,torch,44,mende_20p,/root/datasets_mask/mendeley_yolo/mende_20p.yaml,mendein_pretrain.pt,640,32,100,5,mendein,,lr005,0,0,0,,1,B_csv_20260930,B_csv_20260930,cd5ef83db5666652e9d20f6ee6d04e5e,1,0,0.7013,0.9583,0.909,0.9301,0
mendein_lr005_50ep,B,complete,shapeiou,sio_b_results.csv,50,50,1,0.71623,0.95515,0.6815,0.94663,348.048,0.005,,42,none,42,mende_20p,/root/datasets_mask/mendeley_yolo/mende_20p.yaml,mendein_pretrain.pt,640,32,100,5,mendein,,lr005,0,0,0,,1,B_csv_20260930,B_csv_20260930,5c925f33556f25f278545226076d393e,1,0,0.7164,0.9552,0.9425,0.9258,0
mendein_pretrain,B,complete,shapeiou,sio_b_results.csv,30,30,25,0.73342,0.96248,0.72211,0.95914,784.136,0.001,,42,none,42,data,/root/datasets_mask/mendeley_yolo/data.yaml,yolo12n.pt,640,32,100,5,mendein,,,0,0,0,,1,B_csv_20260930,B_csv_20260930,1c2d39848425004b28e7602617c24508,1,0,0.7345,0.9625,0.9321,0.9047,0
mendein_pws_100ep,B,complete,pws,sio_b_results.csv,100,100,7,0.72492,0.9691,0.69242,0.94137,683.758,0.001,,42,none,42,mende_20p,/root/datasets_mask/mendeley_yolo/mende_20p.yaml,mendein_pretrain.pt,640,32,100,5,mendein,,,0,0,0,,1,B_csv_20260930,B_csv_20260930,a0080c8f2472412d77e3a4c0f8533f03,1,0,0.7256,0.9691,0.9113,0.9386,0
mendein_pws_100ep_s42n,B,complete,pws,sio_b_results.csv,100,100,1,0.73208,0.95956,0.69811,0.94548,663.353,0.001,42,42,shuffle,42,mende_20p,/root/datasets_mask/mendeley_yolo/mende_20p.yaml,mendein_pretrain.pt,640,32,100,5,mendein,,,0,0,0,,1,B_csv_20260930,B_csv_20260930,64a380ad11cd053ed6a6bc5d77877f56,1,0,0.7323,0.9596,0.9195,0.9191,0
mendein_pws_100ep_s43,B,complete,pws,sio_b_results.csv,100,100,7,0.72492,0.9691,0.69242,0.94137,671.166,0.001,43,43,torch,43,mende_20p,/root/datasets_mask/mendeley_yolo/mende_20p.yaml,mendein_pretrain.pt,640,32,100,5,mendein,,,0,0,0,,1,B_csv_20260930,B_csv_20260930,4560834266fe9577603748f07c7f7d9f,1,0,0.7256,0.9691,0.9113,0.9386,0
mendein_pws_100ep_s44,B,complete,pws,sio_b_results.csv,100,100,2,0.73233,0.966,0.68745,0.94364,667.744,0.001,44,42,torch,44,mende_20p,/root/datasets_mask/mendeley_yolo/mende_20p.yaml,mendein_pretrain.pt,640,32,100,5,mendein,,,0,0,0,,1,B_csv_20260930,B_csv_20260930,555ee4592c25f4071d9e6f2af0e91d68,1,0,0.7316,0.966,0.9166,0.932,0
mendein_pws_100ep_s45,B,complete,pws,sio_b_results.csv,100,100,2,0.73395,0.9614,0.68947,0.94566,661.413,0.001,45,42,torch,45,mende_20p,/root/datasets_mask/mendeley_yolo/mende_20p.yaml,mendein_pretrain.pt,640,32,100,5,mendein,,,0,0,0,,1,B_csv_20260930,B_csv_20260930,2f6375231d0c639bf7446ddc6b66294e,1,0,0.734,0.9614,0.9219,0.9301,0
mendein_pws_30ep,B,complete,pws,sio_b_results.csv,30,30,9,0.72365,0.96288,0.70221,0.95011,216.387,0.001,,42,none,42,mende_20p,/root/datasets_mask/mendeley_yolo/mende_20p.yaml,mendein_pretrain.pt,640,32,100,5,mendein,,,0,0,0,,1,B_csv_20260930,B_csv_20260930,40a63857bcae333c2845c6bd87deb5f2,1,0,0.7235,0.9629,0.904,0.9378,0
mendein_pws_30ep_s43,B,complete,pws,sio_b_results.csv,30,30,3,0.73029,0.96782,0.69368,0.95456,274.319,0.001,43,42,torch,43,mende_20p,/root/datasets_mask/mendeley_yolo/mende_20p.yaml,mendein_pretrain.pt,640,32,100,5,mendein,,,0,0,0,,1,B_csv_20260930,B_csv_20260930,4a2792b4f9b21fbad07f183ead29c158,1,0,0.7303,0.9679,0.9407,0.9174,0
mendein_pws_30ep_s44,B,complete,pws,sio_b_results.csv,30,30,2,0.73278,0.96666,0.69608,0.95191,214.841,0.001,44,42,torch,44,mende_20p,/root/datasets_mask/mendeley_yolo/mende_20p.yaml,mendein_pretrain.pt,640,32,100,5,mendein,,,0,0,0,,1,B_csv_20260930,B_csv_20260930,272f47a170911dfcf1b323900b49ad2e,1,0,0.7327,0.9668,0.9163,0.9322,0
mendein_sns_100ep,B,complete,sns,sio_b_results.csv,100,100,1,0.72233,0.95053,0.69273,0.93795,678.413,0.001,,42,none,42,mende_20p,/root/datasets_mask/mendeley_yolo/mende_20p.yaml,mendein_pretrain.pt,640,32,100,5,mendein,,,0,0,0,,1,B_csv_20260930,B_csv_20260930,a2f57109ca4590a19f49b52be7ef6e9f,1,0,0.7223,0.9505,0.9199,0.9004,0
mendein_sns_30ep,B,complete,sns,sio_b_results.csv,30,30,1,0.72233,0.95053,0.70125,0.94807,208.425,0.001,,42,none,42,mende_20p,/root/datasets_mask/mendeley_yolo/mende_20p.yaml,mendein_pretrain.pt,640,32,100,5,mendein,,,0,0,0,,1,B_csv_20260930,B_csv_20260930,bc57aa1b4cd9d3465e454d2ce4b4f769,1,0,0.7223,0.9505,0.9199,0.9004,0
pcb_pretrain,B,complete,,,30,30,30,0.2662,0.58156,0.2662,0.58156,213.28,0.001,,42,none,42,data,/root/datasets_mask/pcb_yolo/data.yaml,yolo12n.pt,640,32,100,5,pcb,,,0,0,0,,1,B_csv_20260930,B_csv_20260930,bb7595cf9e78ff3df1782b88ff1482a7,1,0,,,,,0
pn_200ep_base_s42n,B,complete,shapeiou,sio_b_results.csv,200,200,183,0.84141,0.98733,0.83872,0.98774,1738.16,0.001,42,42,shuffle,42,neu_det,/root/workspace/data/neu_det/neu_det.yaml,pcb_pretrain.pt,640,32,100,5,pn,,base,0,0,0,,1,B_csv_20260930,B_csv_20260930,52a13a866595b40e4408b2c5ed179063,1,0,0.4363,0.7499,0.7418,0.7344,0
pn_200ep_base_s43n,B,complete,shapeiou,sio_b_results.csv,200,200,190,0.84899,0.98675,0.83867,0.98498,1801.79,0.001,43,42,shuffle,43,neu_det,/root/workspace/data/neu_det/neu_det.yaml,pcb_pretrain.pt,640,32,100,5,pn,,base,0,0,0,,1,B_csv_20260930,B_csv_20260930,727ca92a9dfc743b38244d1117790889,1,0,0.4435,0.7646,0.7852,0.7048,0
pn_200ep_base_s44n,B,complete,shapeiou,sio_b_results.csv,200,200,190,0.84443,0.98488,0.83736,0.98452,1707.32,0.001,44,42,shuffle,44,neu_det,/root/workspace/data/neu_det/neu_det.yaml,pcb_pretrain.pt,640,32,100,5,pn,,base,0,0,0,,1,B_csv_20260930,B_csv_20260930,a13f8e68969eacfb7ae52cc1f55aff8f,1,0,0.4207,0.751,0.7591,0.7205,0
pn_200ep_lr005_s42n,B,complete,shapeiou,sio_b_results.csv,200,200,199,0.88069,0.99182,0.87742,0.99233,1607.96,0.005,42,42,shuffle,42,neu_det,/root/workspace/data/neu_det/neu_det.yaml,pcb_pretrain.pt,640,32,100,5,pn,,lr005,0,0,0,,1,B_csv_20260930,B_csv_20260930,c39de6717c67c36d66ca06ba7a892dcd,1,0,0.4411,0.7543,0.7165,0.7461,0
pn_200ep_lr005_s43n,B,complete,shapeiou,sio_b_results.csv,200,200,200,0.87316,0.99085,0.87316,0.99085,1565.48,0.005,43,42,shuffle,43,neu_det,/root/workspace/data/neu_det/neu_det.yaml,pcb_pretrain.pt,640,32,100,5,pn,,lr005,0,0,0,,1,B_csv_20260930,B_csv_20260930,60e3feae57baf696b2c1846a807ca1d1,1,0,0.4359,0.7556,0.8078,0.6783,0
pn_200ep_lr005_s44n,B,complete,shapeiou,sio_b_results.csv,200,200,200,0.87487,0.98943,0.87487,0.98943,1683.82,0.005,44,42,shuffle,44,neu_det,/root/workspace/data/neu_det/neu_det.yaml,pcb_pretrain.pt,640,32,100,5,pn,,lr005,0,0,0,,1,B_csv_20260930,B_csv_20260930,9cf9102b68d2bc1daf1aae74bb6b3795,1,0,0.4398,0.7499,0.7869,0.7279,0
pn_30ep_base_s42n,B,complete,shapeiou,sio_b_results.csv,30,30,29,0.52762,0.8345,0.52442,0.8307,298.73,0.001,42,42,shuffle,42,neu_det,/root/workspace/data/neu_det/neu_det.yaml,pcb_pretrain.pt,640,32,100,5,pn,,base,0,0,0,,1,B_csv_20260930,B_csv_20260930,637474a37c5507a7a258a194fd13ff5b,1,0,0.4286,0.7276,0.6843,0.6868,0
pn_30ep_base_s43n,B,complete,shapeiou,sio_b_results.csv,30,30,30,0.53348,0.83452,0.53348,0.83452,289.255,0.001,43,42,shuffle,43,neu_det,/root/workspace/data/neu_det/neu_det.yaml,pcb_pretrain.pt,640,32,100,5,pn,,base,0,0,0,,1,B_csv_20260930,B_csv_20260930,a177025256abb428c4f0bcdc1a03cab1,1,0,0.4367,0.7415,0.6869,0.6837,0
pn_30ep_base_s44n,B,complete,shapeiou,sio_b_results.csv,30,30,29,0.52975,0.83826,0.52399,0.82862,283.059,0.001,44,42,shuffle,44,neu_det,/root/workspace/data/neu_det/neu_det.yaml,pcb_pretrain.pt,640,32,100,5,pn,,base,0,0,0,,1,B_csv_20260930,B_csv_20260930,8ea4f2edd2a7dd5f1365a9eedcc32429,1,0,0.4444,0.7505,0.7151,0.7129,0
pn_30ep_lr005_s42n,B,complete,shapeiou,sio_b_results.csv,30,30,29,0.57078,0.89285,0.56952,0.87579,276.066,0.005,42,42,shuffle,42,neu_det,/root/workspace/data/neu_det/neu_det.yaml,pcb_pretrain.pt,640,32,100,5,pn,,lr005,0,0,0,,1,B_csv_20260930,B_csv_20260930,01ffa10fa6d05dced1ee48f698574bd0,1,0,0.4518,0.7704,0.7328,0.7372,0
pn_30ep_lr005_s43n,B,complete,shapeiou,sio_b_results.csv,30,30,30,0.56069,0.86509,0.56069,0.86509,283.261,0.005,43,42,shuffle,43,neu_det,/root/workspace/data/neu_det/neu_det.yaml,pcb_pretrain.pt,640,32,100,5,pn,,lr005,0,0,0,,1,B_csv_20260930,B_csv_20260930,65033125d3e7f28cccd0ff4ae11f53e7,1,0,0.4524,0.7503,0.723,0.7164,0
pn_30ep_lr005_s44n,B,complete,shapeiou,sio_b_results.csv,30,30,30,0.57088,0.87808,0.57088,0.87808,307.814,0.005,44,42,shuffle,44,neu_det,/root/workspace/data/neu_det/neu_det.yaml,pcb_pretrain.pt,640,32,100,5,pn,,lr005,0,0,0,,1,B_csv_20260930,B_csv_20260930,28356e01d07852d182c39002429c1c1d,1,0,0.4561,0.7692,0.7233,0.7297,0
pws_100ep_cds,B,complete,pws,sio_b_results.csv,100,100,4,0.66565,0.95242,0.64379,0.94808,947.674,0.001,,42,none,42,mask_20p,/root/datasets_mask/mask_clean/mask_20p.yaml,mafa_pretrain.pt,640,32,100,5,pws,,,0,0,0,,1,B_csv_20260930,B_csv_20260930,1835d3c5c49dadac654901cdb58da81b,1,0,0.6462,0.9491,0.955,0.8991,0
pws_30ep_cds,B,complete,pws,sio_b_results.csv,30,30,18,0.66978,0.96198,0.65399,0.95752,306.905,0.001,,42,none,42,mask_20p,/root/datasets_mask/mask_clean/mask_20p.yaml,mafa_pretrain.pt,640,32,100,5,pws,,,0,0,0,,1,B_csv_20260930,B_csv_20260930,5ec1bb0ce8025777e811f4ab090f28be,1,0,0.659,0.9515,0.9541,0.9227,0
r10_aitod20_base30_3way_s42n,B,complete,shapeiou,sio_b_results.csv,30,30,2,0.14621,0.32927,0.13835,0.31716,542.812,0.001,42,42,shuffle,42,aitod20_3way,/root/datasets/AI-TOD_yolo/aitod20_3way.yaml,aitod_pretrain.pt,640,32,100,5,r10,,base,1,0,0,A,1,B_csv_20260930,B_csv_20260930,90a0bdec5f3a587f2688002893d53834,1,0,0.1021,0.2551,0.6084,0.2705,0
r10_aitod20_base30_3way_s42n_REPB,B,complete,shapeiou,sio_b_results.csv,30,30,1,0.14595,0.33505,0.13572,0.32021,646.774,0.001,,42,none,42,aitod20_3way,/root/datasets/AI-TOD_yolo/aitod20_3way.yaml,aitod_pretrain.pt,640,32,100,5,r10,,base,1,0,0,,1,B_csv_20260930,B_csv_20260930,159889898104cac8f7f3253cc2b39a5b,1,0,0.1063,0.2647,0.6149,0.2707,0
r10_aitod20_base30_3way_s43n_REPB,B,complete,shapeiou,sio_b_results.csv,30,30,12,0.13869,0.31528,0.13791,0.31868,637.12,0.001,,42,none,42,aitod20_3way,/root/datasets/AI-TOD_yolo/aitod20_3way.yaml,aitod_pretrain.pt,640,32,100,5,r10,,base,1,0,0,,1,B_csv_20260930,B_csv_20260930,8d251c1cfd1881ae57d9ad813ac5da48,1,0,0.1051,0.2569,0.5021,0.2611,0
r10_aitod20_base30_3way_s44n_REPB,B,complete,shapeiou,sio_b_results.csv,30,30,2,0.1444,0.32847,0.1358,0.31786,603.539,0.001,,42,none,42,aitod20_3way,/root/datasets/AI-TOD_yolo/aitod20_3way.yaml,aitod_pretrain.pt,640,32,100,5,r10,,base,1,0,0,,1,B_csv_20260930,B_csv_20260930,dc61895ab8cfcd98e490e37ab7ede864,1,0,0.1047,0.2606,0.6109,0.2667,0
r10_aitod20_base30_3way_s45n_REPB,B,complete,shapeiou,sio_b_results.csv,30,30,2,0.1434,0.33016,0.13256,0.30315,711.545,0.001,,42,none,42,aitod20_3way,/root/datasets/AI-TOD_yolo/aitod20_3way.yaml,aitod_pretrain.pt,640,32,100,5,r10,,base,1,0,0,,1,B_csv_20260930,B_csv_20260930,7f2ca5de902ca8c8aff45134c545b895,1,0,0.1052,0.2608,0.6242,0.2678,0
r10_fire_base30_3way_s45n,B,complete,shapeiou,sio_b_results.csv,30,30,1,0.62346,0.83084,0.5243,0.76424,2133.86,0.001,45,42,shuffle,45,firesmoke20_3way,/root/datasets_mask/firesmoke_clean/firesmoke20_3way.yaml,fsin_pretrain.pt,640,32,100,5,r10,,base,1,0,0,,1,B_csv_20260930,B_csv_20260930,3251ae0eaa57f59bb56f587a6c92ea69,1,0,0.397,0.7198,0.7696,0.6602,0
r10_fire_base30_3way_s46n,B,complete,shapeiou,sio_b_results.csv,30,30,1,0.59484,0.80519,0.48849,0.72744,1720.51,0.001,46,42,shuffle,46,firesmoke20_3way,/root/datasets_mask/firesmoke_clean/firesmoke20_3way.yaml,fsin_pretrain.pt,640,32,100,5,r10,,base,1,0,0,,1,B_csv_20260930,B_csv_20260930,6d995564b47380725cf8c149b752abc4,1,0,0.3966,0.7185,0.7586,0.6592,0
r10_fire_base30_3way_s47n,B,complete,shapeiou,sio_b_results.csv,30,30,1,0.60165,0.79341,0.48906,0.72085,1684.57,0.001,47,42,shuffle,47,firesmoke20_3way,/root/datasets_mask/firesmoke_clean/firesmoke20_3way.yaml,fsin_pretrain.pt,640,32,100,5,r10,,base,1,0,0,,1,B_csv_20260930,B_csv_20260930,286b7f0f1d9dd5d0f39473e23bd68402,1,0,0.3944,0.716,0.7705,0.648,0
r10_fire_base30_3way_s48n,B,complete,shapeiou,sio_b_results.csv,30,30,1,0.60958,0.80303,0.492,0.70227,1665.16,0.001,48,42,shuffle,48,firesmoke20_3way,/root/datasets_mask/firesmoke_clean/firesmoke20_3way.yaml,fsin_pretrain.pt,640,32,100,5,r10,,base,1,0,0,,1,B_csv_20260930,B_csv_20260930,8fe72f8d5db0b9666fe3e308d3fdb565,1,0,0.3977,0.7195,0.7652,0.6608,0
r10_fire_base30_3way_s49n,B,complete,shapeiou,sio_b_results.csv,30,30,1,0.60766,0.82933,0.53159,0.78491,1682.75,0.001,49,42,shuffle,49,firesmoke20_3way,/root/datasets_mask/firesmoke_clean/firesmoke20_3way.yaml,fsin_pretrain.pt,640,32,100,5,r10,,base,1,0,0,,1,B_csv_20260930,B_csv_20260930,a2f6c78440627c18c457ef766293d3e7,1,0,0.3948,0.7177,0.7713,0.6498,0
r10_fire_base30_3way_s50n,B,complete,shapeiou,sio_b_results.csv,30,30,1,0.60655,0.8066,0.49797,0.73361,1768.2,0.001,50,42,shuffle,50,firesmoke20_3way,/root/datasets_mask/firesmoke_clean/firesmoke20_3way.yaml,fsin_pretrain.pt,640,32,100,5,r10,,base,1,0,0,,1,B_csv_20260930,B_csv_20260930,33fe696cc0bdbc01b0cd8c069c309cff,1,0,0.3961,0.7191,0.7729,0.6525,0
r10_fire_base30_3way_s51n,B,complete,shapeiou,sio_b_results.csv,30,30,1,0.59884,0.79166,0.54215,0.80004,1739.84,0.001,51,42,shuffle,51,firesmoke20_3way,/root/datasets_mask/firesmoke_clean/firesmoke20_3way.yaml,fsin_pretrain.pt,640,32,100,5,r10,,base,1,0,0,,1,B_csv_20260930,B_csv_20260930,47d3c6485b8e84e859d3e771c4a41b14,1,0,0.3927,0.7144,0.769,0.6502,0
r10_fire_lr005_30ep_3way_s45n,B,complete,shapeiou,sio_b_results.csv,30,30,1,0.51106,0.75351,0.35923,0.54584,2116.84,0.005,45,42,shuffle,45,firesmoke20_3way,/root/datasets_mask/firesmoke_clean/firesmoke20_3way.yaml,fsin_pretrain.pt,640,32,100,5,r10,,lr005,1,0,0,,1,B_csv_20260930,B_csv_20260930,2dfcb1ed35836285b8990b15378884d2,1,0,0.3633,0.6749,0.7215,0.6291,0
r10_fire_lr005_30ep_3way_s46n,B,complete,shapeiou,sio_b_results.csv,30,30,1,0.47946,0.72295,0.35904,0.5524,1905.46,0.005,46,42,shuffle,46,firesmoke20_3way,/root/datasets_mask/firesmoke_clean/firesmoke20_3way.yaml,fsin_pretrain.pt,640,32,100,5,r10,,lr005,1,0,0,,1,B_csv_20260930,B_csv_20260930,18a77a35fa32e611bef5032be02d4a72,1,0,0.3602,0.6708,0.7589,0.5977,0
r10_fire_lr005_30ep_3way_s47n,B,complete,shapeiou,sio_b_results.csv,30,30,1,0.49478,0.71343,0.35771,0.59825,1691.81,0.005,47,42,shuffle,47,firesmoke20_3way,/root/datasets_mask/firesmoke_clean/firesmoke20_3way.yaml,fsin_pretrain.pt,640,32,100,5,r10,,lr005,1,0,0,,1,B_csv_20260930,B_csv_20260930,84a7fa48542608eaeefde31cb85d7bcf,1,0,0.3686,0.6863,0.7258,0.6376,0
r10_fire_lr005_30ep_3way_s48n,B,complete,shapeiou,sio_b_results.csv,30,30,1,0.46531,0.71502,0.33799,0.53527,1832.81,0.005,48,42,shuffle,48,firesmoke20_3way,/root/datasets_mask/firesmoke_clean/firesmoke20_3way.yaml,fsin_pretrain.pt,640,32,100,5,r10,,lr005,1,0,0,,1,B_csv_20260930,B_csv_20260930,558a39ca412c1830577f0b49094dac23,1,0,0.3545,0.6573,0.7179,0.6034,0
r10_fire_lr005_30ep_3way_s49n,B,complete,shapeiou,sio_b_results.csv,30,30,1,0.51435,0.76176,0.32321,0.51672,1863.24,0.005,49,42,shuffle,49,firesmoke20_3way,/root/datasets_mask/firesmoke_clean/firesmoke20_3way.yaml,fsin_pretrain.pt,640,32,100,5,r10,,lr005,1,0,0,,1,B_csv_20260930,B_csv_20260930,67bc36266005af64b484bc54550a895d,1,0,0.3503,0.6588,0.6978,0.6261,0
r10_fire_lr005_30ep_3way_s50n,B,complete,shapeiou,sio_b_results.csv,30,30,30,0.35679,0.5561,0.35679,0.5561,1829.6,0.005,50,42,shuffle,50,firesmoke20_3way,/root/datasets_mask/firesmoke_clean/firesmoke20_3way.yaml,fsin_pretrain.pt,640,32,100,5,r10,,lr005,1,0,0,,1,B_csv_20260930,B_csv_20260930,a775a5b0630e3f9d668fe3adc5dd7171,1,0,0.3591,0.6797,0.7598,0.6164,0
r10_fire_lr005_30ep_3way_s51n,B,complete,shapeiou,sio_b_results.csv,30,30,1,0.42772,0.62375,0.35145,0.54552,1843.18,0.005,51,42,shuffle,51,firesmoke20_3way,/root/datasets_mask/firesmoke_clean/firesmoke20_3way.yaml,fsin_pretrain.pt,640,32,100,5,r10,,lr005,1,0,0,,1,B_csv_20260930,B_csv_20260930,ebeb9f14e3f8f75ff1be6756a87c17bd,1,0,0.351,0.6627,0.7174,0.6101,0
r10_mask20_base30_3way_s45n,B,complete,shapeiou,sio_b_results.csv,30,30,1,0.29322,0.5665,0.10838,0.19816,237.652,0.001,45,42,shuffle,45,mask20_3way,/root/datasets_mask/mask_clean/mask20_3way.yaml,mask_pretrain.pt,640,32,100,5,r10,,base,1,0,0,,1,B_csv_20260930,B_csv_20260930,0b9f5bf29a739a0a5c3239888e52b6cf,1,0,0.6677,0.9581,0.9583,0.9319,0
r10_mask20_base30_3way_s46n,B,complete,shapeiou,sio_b_results.csv,30,30,1,0.33583,0.55859,0.0803,0.13551,256.814,0.001,46,42,shuffle,46,mask20_3way,/root/datasets_mask/mask_clean/mask20_3way.yaml,mask_pretrain.pt,640,32,100,5,r10,,base,1,0,0,,1,B_csv_20260930,B_csv_20260930,74eebe9d3b928458d465e2b64796c83d,1,0,0.6759,0.9614,0.956,0.9374,0
r10_mask20_base30_3way_s47n,B,complete,shapeiou,sio_b_results.csv,30,30,1,0.31135,0.60176,0.1278,0.21989,262.249,0.001,47,42,shuffle,47,mask20_3way,/root/datasets_mask/mask_clean/mask20_3way.yaml,mask_pretrain.pt,640,32,100,5,r10,,base,1,0,0,,1,B_csv_20260930,B_csv_20260930,bb4c82711b3f11c53124f52a249c441d,1,0,0.6641,0.9571,0.9481,0.9411,0
r10_mask20_base30_3way_s48n,B,complete,shapeiou,sio_b_results.csv,30,30,1,0.32426,0.50545,0.19159,0.40441,265.937,0.001,48,42,shuffle,48,mask20_3way,/root/datasets_mask/mask_clean/mask20_3way.yaml,mask_pretrain.pt,640,32,100,5,r10,,base,1,0,0,,1,B_csv_20260930,B_csv_20260930,ca7f3f0b5578cbfc3ef0f4d37c34b2f3,1,0,0.6642,0.9586,0.9625,0.9263,0
r10_mask20_base30_3way_s49n,B,complete,shapeiou,sio_b_results.csv,30,30,1,0.32106,0.52918,0.11044,0.17789,260.721,0.001,49,42,shuffle,49,mask20_3way,/root/datasets_mask/mask_clean/mask20_3way.yaml,mask_pretrain.pt,640,32,100,5,r10,,base,1,0,0,,1,B_csv_20260930,B_csv_20260930,c6b23234dc3026de8b4dbdc926220ef4,1,0,0.6726,0.9596,0.9569,0.9398,0
r10_mask20_base30_3way_s50n,B,complete,shapeiou,sio_b_results.csv,30,30,1,0.33459,0.55531,0.10849,0.17869,251.544,0.001,50,42,shuffle,50,mask20_3way,/root/datasets_mask/mask_clean/mask20_3way.yaml,mask_pretrain.pt,640,32,100,5,r10,,base,1,0,0,,1,B_csv_20260930,B_csv_20260930,99f66eff632787778c723a7673142945,1,0,0.6701,0.9584,0.9663,0.9245,0
r10_mask20_base30_3way_s51n,B,complete,shapeiou,sio_b_results.csv,30,30,6,0.31577,0.49383,0.1603,0.2938,264.527,0.001,51,42,shuffle,51,mask20_3way,/root/datasets_mask/mask_clean/mask20_3way.yaml,mask_pretrain.pt,640,32,100,5,r10,,base,1,0,0,,1,B_csv_20260930,B_csv_20260930,0cb6e1ae90d38cae43896c551fa10ca8,1,0,0.6525,0.9526,0.9649,0.9245,0
r10_mask20_lr005_30ep_3way_s45n,B,complete,shapeiou,sio_b_results.csv,30,30,1,0.32249,0.61662,0.02942,0.04933,271.995,0.005,45,42,shuffle,45,mask20_3way,/root/datasets_mask/mask_clean/mask20_3way.yaml,mask_pretrain.pt,640,32,100,5,r10,,lr005,1,0,0,,1,B_csv_20260930,B_csv_20260930,85b47944204712e30494fbc818bd8896,1,0,0.6454,0.9487,0.9609,0.9024,0
r10_mask20_lr005_30ep_3way_s46n,B,complete,shapeiou,sio_b_results.csv,30,30,1,0.29852,0.54951,0.0119,0.0238,265.24,0.005,46,42,shuffle,46,mask20_3way,/root/datasets_mask/mask_clean/mask20_3way.yaml,mask_pretrain.pt,640,32,100,5,r10,,lr005,1,0,0,,1,B_csv_20260930,B_csv_20260930,40a5212bef78ad00320b40811185b08e,1,0,0.6337,0.948,0.9444,0.9263,0
r10_mask20_lr005_30ep_3way_s47n,B,complete,shapeiou,sio_b_results.csv,30,30,1,0.2984,0.60077,0.04757,0.09357,270.659,0.005,47,42,shuffle,47,mask20_3way,/root/datasets_mask/mask_clean/mask20_3way.yaml,mask_pretrain.pt,640,32,100,5,r10,,lr005,1,0,0,,1,B_csv_20260930,B_csv_20260930,7d2ee7e1aefe2ce6fccfff4033be9c6e,1,0,0.6326,0.953,0.9471,0.9233,0
r10_mask20_lr005_30ep_3way_s48n,B,complete,shapeiou,sio_b_results.csv,30,30,1,0.21089,0.45523,0.04054,0.06757,264.112,0.005,48,42,shuffle,48,mask20_3way,/root/datasets_mask/mask_clean/mask20_3way.yaml,mask_pretrain.pt,640,32,100,5,r10,,lr005,1,0,0,,1,B_csv_20260930,B_csv_20260930,9fb06fdf8760486ff3a51a82d6437ede,1,0,0.6477,0.9567,0.9381,0.9216,0
r10_mask20_lr005_30ep_3way_s49n,B,complete,shapeiou,sio_b_results.csv,30,30,1,0.25354,0.49791,0.00547,0.01163,262.64,0.005,49,42,shuffle,49,mask20_3way,/root/datasets_mask/mask_clean/mask20_3way.yaml,mask_pretrain.pt,640,32,100,5,r10,,lr005,1,0,0,,1,B_csv_20260930,B_csv_20260930,368e2b6b9e96db1ea6f935a927b4cdef,1,0,0.654,0.9516,0.9525,0.9229,0
r10_mask20_lr005_30ep_3way_s50n,B,complete,shapeiou,sio_b_results.csv,30,30,1,0.35207,0.64931,0.05917,0.09853,348.3,0.005,50,42,shuffle,50,mask20_3way,/root/datasets_mask/mask_clean/mask20_3way.yaml,mask_pretrain.pt,640,32,100,5,r10,,lr005,1,0,0,,1,B_csv_20260930,B_csv_20260930,d16eb2a3ee4a78af806b87a8a4c1a7a0,1,0,0.6515,0.9535,0.9577,0.9183,0
r10_mask20_lr005_30ep_3way_s51n,B,complete,shapeiou,sio_b_results.csv,30,30,1,0.21955,0.4471,0.01528,0.04165,276.088,0.005,51,42,shuffle,51,mask20_3way,/root/datasets_mask/mask_clean/mask20_3way.yaml,mask_pretrain.pt,640,32,100,5,r10,,lr005,1,0,0,,1,B_csv_20260930,B_csv_20260930,01009690dc40575140df80d05e411dca,1,0,0.6274,0.9473,0.9555,0.919,0
r10_mende20_base30_3way_s45n,B,complete,shapeiou,sio_b_results.csv,30,30,1,0.72799,0.99019,0.6973,0.97967,253.326,0.001,45,42,shuffle,45,mende20_3way,/root/datasets_mask/mendeley_yolo/mende20_3way.yaml,mendein_pretrain.pt,640,32,100,5,r10,,base,1,0,0,,1,B_csv_20260930,B_csv_20260930,341b9b4a9860b636721f1c2e04514adb,1,0,0.7353,0.964,0.932,0.911,0
r10_mende20_base30_3way_s45n.PARTIAL_killed_0014,B,interrupted,,,30,12,2,0.73358,0.9907,0.69911,0.9819,195.724,0.001,,42,none,42,mende20_3way,/root/datasets_mask/mendeley_yolo/mende20_3way.yaml,mendein_pretrain.pt,640,32,100,5,r10,,base,1,0,0,,1,B_csv_20260930,B_csv_20260930,b02515d76accf811835297f4ec594958,1,0,,,,,0
r10_mende20_base30_3way_s46n,B,complete,shapeiou,sio_b_results.csv,30,30,1,0.73344,0.9904,0.68668,0.97877,258.249,0.001,46,42,shuffle,46,mende20_3way,/root/datasets_mask/mendeley_yolo/mende20_3way.yaml,mendein_pretrain.pt,640,32,100,5,r10,,base,1,0,0,,1,B_csv_20260930,B_csv_20260930,c165c6ea273aa4fdcc85a77b8581e578,1,0,0.7121,0.9575,0.9299,0.8983,0
r10_mende20_base30_3way_s47n,B,complete,shapeiou,sio_b_results.csv,30,30,1,0.73023,0.99056,0.68711,0.978,250.878,0.001,47,42,shuffle,47,mende20_3way,/root/datasets_mask/mendeley_yolo/mende20_3way.yaml,mendein_pretrain.pt,640,32,100,5,r10,,base,1,0,0,,1,B_csv_20260930,B_csv_20260930,80fa60da4f5502f8d83f772b9c92233b,1,0,0.7298,0.9601,0.9406,0.9047,0
r10_mende20_base30_3way_s48n,B,complete,shapeiou,sio_b_results.csv,30,30,2,0.73406,0.98974,0.68577,0.97844,232.625,0.001,48,42,shuffle,48,mende20_3way,/root/datasets_mask/mendeley_yolo/mende20_3way.yaml,mendein_pretrain.pt,640,32,100,5,r10,,base,1,0,0,,1,B_csv_20260930,B_csv_20260930,4be4e6ca100afb3c848c65f17cb8d846,1,0,0.7222,0.9601,0.963,0.8856,0
r10_mende20_base30_3way_s49n,B,complete,shapeiou,sio_b_results.csv,30,30,1,0.7341,0.99067,0.68281,0.97474,242.309,0.001,49,42,shuffle,49,mende20_3way,/root/datasets_mask/mendeley_yolo/mende20_3way.yaml,mendein_pretrain.pt,640,32,100,5,r10,,base,1,0,0,,1,B_csv_20260930,B_csv_20260930,7d935009a1a42f0f39ba7111c8f39c8a,1,0,0.7276,0.9585,0.9156,0.919,0
r10_mende20_base30_3way_s50n,B,complete,shapeiou,sio_b_results.csv,30,30,1,0.72689,0.99063,0.69343,0.98289,244.122,0.001,50,42,shuffle,50,mende20_3way,/root/datasets_mask/mendeley_yolo/mende20_3way.yaml,mendein_pretrain.pt,640,32,100,5,r10,,base,1,0,0,,1,B_csv_20260930,B_csv_20260930,fb724c5f87d4dd22427721b2583514f3,1,0,0.7297,0.9572,0.9297,0.8963,0
r10_mende20_base30_3way_s51n,B,complete,shapeiou,sio_b_results.csv,30,30,1,0.7362,0.99101,0.68487,0.97923,256.966,0.001,51,42,shuffle,51,mende20_3way,/root/datasets_mask/mendeley_yolo/mende20_3way.yaml,mendein_pretrain.pt,640,32,100,5,r10,,base,1,0,0,,1,B_csv_20260930,B_csv_20260930,f8f80a8386f005507d8bbfb1fd38d596,1,0,0.728,0.9585,0.9034,0.9195,0
r10_mende20_lr005_30ep_3way_s45n,B,complete,shapeiou,sio_b_results.csv,30,30,1,0.69216,0.98166,0.61885,0.92725,246.412,0.005,45,42,shuffle,45,mende20_3way,/root/datasets_mask/mendeley_yolo/mende20_3way.yaml,mendein_pretrain.pt,640,32,100,5,r10,,lr005,1,0,0,,1,B_csv_20260930,B_csv_20260930,3db7a1df3c3cb770f7bd4abe4610220f,1,0,0.7099,0.9611,0.9434,0.911,0
r10_mende20_lr005_30ep_3way_s45n.PARTIAL_killed_0014,B,interrupted,,,30,12,1,0.69092,0.98427,0.58343,0.91627,195.4,0.005,,42,none,42,mende20_3way,/root/datasets_mask/mendeley_yolo/mende20_3way.yaml,mendein_pretrain.pt,640,32,100,5,r10,,lr005,1,0,0,,1,B_csv_20260930,B_csv_20260930,602509a624d916786060d545295a2e19,1,0,,,,,0
r10_mende20_lr005_30ep_3way_s46n,B,complete,shapeiou,sio_b_results.csv,30,30,1,0.6939,0.98204,0.62513,0.92634,252.05,0.005,46,42,shuffle,46,mende20_3way,/root/datasets_mask/mendeley_yolo/mende20_3way.yaml,mendein_pretrain.pt,640,32,100,5,r10,,lr005,1,0,0,,1,B_csv_20260930,B_csv_20260930,e719140ef66ebdd8492a52810a8c3ff7,1,0,0.7182,0.9585,0.94,0.8966,0
r10_mende20_lr005_30ep_3way_s47n,B,complete,shapeiou,sio_b_results.csv,30,30,1,0.70785,0.98818,0.63166,0.93634,240.153,0.005,47,42,shuffle,47,mende20_3way,/root/datasets_mask/mendeley_yolo/mende20_3way.yaml,mendein_pretrain.pt,640,32,100,5,r10,,lr005,1,0,0,,1,B_csv_20260930,B_csv_20260930,b9a6cbb22fe9f5de99236ef11f8c791c,1,0,0.7223,0.9698,0.9531,0.9052,0
r10_mende20_lr005_30ep_3way_s48n,B,complete,shapeiou,sio_b_results.csv,30,30,1,0.7096,0.98339,0.62659,0.93625,245.958,0.005,48,42,shuffle,48,mende20_3way,/root/datasets_mask/mendeley_yolo/mende20_3way.yaml,mendein_pretrain.pt,640,32,100,5,r10,,lr005,1,0,0,,1,B_csv_20260930,B_csv_20260930,9115c0fc73fa49e28f0f9370dcd3152d,1,0,0.6951,0.9324,0.9664,0.8524,0
r10_mende20_lr005_30ep_3way_s49n,B,complete,shapeiou,sio_b_results.csv,30,30,1,0.71571,0.98785,0.62396,0.93936,262.908,0.005,49,42,shuffle,49,mende20_3way,/root/datasets_mask/mendeley_yolo/mende20_3way.yaml,mendein_pretrain.pt,640,32,100,5,r10,,lr005,1,0,0,,1,B_csv_20260930,B_csv_20260930,2882f2a24f8f1726fb0a771aeb8bbdb0,1,0,0.714,0.958,0.9442,0.8898,0
r10_mende20_lr005_30ep_3way_s50n,B,complete,shapeiou,sio_b_results.csv,30,30,1,0.69315,0.98612,0.62472,0.92652,262.01,0.005,50,42,shuffle,50,mende20_3way,/root/datasets_mask/mendeley_yolo/mende20_3way.yaml,mendein_pretrain.pt,640,32,100,5,r10,,lr005,1,0,0,,1,B_csv_20260930,B_csv_20260930,7c204cd63cb22346319aaddc28002efe,1,0,0.7116,0.9507,0.9327,0.8962,0
r10_mende20_lr005_30ep_3way_s51n,B,complete,shapeiou,sio_b_results.csv,30,30,2,0.6966,0.98151,0.62521,0.93281,360.755,0.005,51,42,shuffle,51,mende20_3way,/root/datasets_mask/mendeley_yolo/mende20_3way.yaml,mendein_pretrain.pt,640,32,100,5,r10,,lr005,1,0,0,,1,B_csv_20260930,B_csv_20260930,6187f3104d07723bc400bd7c90576b1f,1,0,0.6782,0.9576,0.9478,0.8771,0
r10_p_aitovis_base100_3way_s42n_REPB,B,complete,shapeiou,sio_b_results.csv,100,100,87,0.11141,0.2096,0.10641,0.20065,1596.95,0.001,,42,none,42,visdrone_20p_3way,/root/datasets_mask/visdrone/visdrone_20p_3way.yaml,aitod_pretrain.pt,640,32,100,5,r10,,base,1,0,0,,1,B_csv_20260930,B_csv_20260930,ddcd9b9136969728b497d32c03ae9d54,1,0,0.1016,0.1875,0.2969,0.2438,0
r10_p_aitovis_lr005_100ep_3way_s42n_REPB,B,complete,shapeiou,sio_b_results.csv,100,100,67,0.12625,0.2376,0.12075,0.22898,1357.33,0.005,,42,none,42,visdrone_20p_3way,/root/datasets_mask/visdrone/visdrone_20p_3way.yaml,aitod_pretrain.pt,640,32,100,5,r10,,lr005,1,0,0,,1,B_csv_20260930,B_csv_20260930,7761533ef4be12f6e5c53ed34312f751,1,0,0.1031,0.1928,0.309,0.2528,0
r10_p_d15toai_base100_3way_s45n,B,complete,shapeiou,sio_b_results.csv,100,100,90,0.13272,0.2774,0.12864,0.27361,2103.24,0.001,45,42,shuffle,45,aitod20_3way,/root/datasets/AI-TOD_yolo/aitod20_3way.yaml,dota15_pretrain.pt,640,32,100,5,r10,,base,1,0,0,,1,B_csv_20260930,B_csv_20260930,d3a87e89f9f6d5bffd3d322644c33752,1,0,0.0999,0.2414,0.7675,0.2439,0
r10_p_d15toai_base100_3way_s46n,B,complete,shapeiou,sio_b_results.csv,100,100,90,0.13284,0.27147,0.12871,0.27038,2080.91,0.001,46,42,shuffle,46,aitod20_3way,/root/datasets/AI-TOD_yolo/aitod20_3way.yaml,dota15_pretrain.pt,640,32,100,5,r10,,base,1,0,0,,1,B_csv_20260930,B_csv_20260930,447c5ac544a87888b98cef83fe0f0e04,1,0,0.0991,0.2413,0.734,0.2483,0
r10_p_d15toai_base100_3way_s47n,B,complete,shapeiou,sio_b_results.csv,100,100,74,0.12819,0.27246,0.12115,0.26886,2033.15,0.001,47,42,shuffle,47,aitod20_3way,/root/datasets/AI-TOD_yolo/aitod20_3way.yaml,dota15_pretrain.pt,640,32,100,5,r10,,base,1,0,0,,1,B_csv_20260930,B_csv_20260930,3e46de5db367abf3ab0e4f738676a86c,1,0,0.0985,0.2428,0.7407,0.2502,0
r10_p_d15toai_base100_3way_s48n,B,complete,shapeiou,sio_b_results.csv,100,100,76,0.1283,0.26948,0.12509,0.26788,2035.27,0.001,48,42,shuffle,48,aitod20_3way,/root/datasets/AI-TOD_yolo/aitod20_3way.yaml,dota15_pretrain.pt,640,32,100,5,r10,,base,1,0,0,,1,B_csv_20260930,B_csv_20260930,e53b77be45ffe96d9f5f13cbb3e23a5f,1,0,0.0961,0.2398,0.7466,0.2489,0
r10_p_d15toai_base100_3way_s49n,B,complete,shapeiou,sio_b_results.csv,100,100,96,0.12672,0.26872,0.12402,0.26399,2063.16,0.001,49,42,shuffle,49,aitod20_3way,/root/datasets/AI-TOD_yolo/aitod20_3way.yaml,dota15_pretrain.pt,640,32,100,5,r10,,base,1,0,0,,1,B_csv_20260930,B_csv_20260930,34200abb0add73ecbe77d31fa92c7758,1,0,0.0969,0.241,0.7539,0.2481,0
r10_p_d15toai_base100_3way_s50n,B,complete,shapeiou,sio_b_results.csv,100,100,69,0.12464,0.26998,0.11746,0.26471,2082.03,0.001,50,42,shuffle,50,aitod20_3way,/root/datasets/AI-TOD_yolo/aitod20_3way.yaml,dota15_pretrain.pt,640,32,100,5,r10,,base,1,0,0,,1,B_csv_20260930,B_csv_20260930,adc66a4f9facea567549b8e2481e8a2f,1,0,0.0926,0.2355,0.72,0.2469,0
r10_p_d15toai_base100_3way_s51n,B,complete,shapeiou,sio_b_results.csv,100,100,100,0.13019,0.27266,0.13019,0.27266,2088.41,0.001,51,42,shuffle,51,aitod20_3way,/root/datasets/AI-TOD_yolo/aitod20_3way.yaml,dota15_pretrain.pt,640,32,100,5,r10,,base,1,0,0,,1,B_csv_20260930,B_csv_20260930,170ab3bbcfe26fcf48b179ea3f3d521d,1,0,0.0988,0.242,0.7282,0.2476,0
r10_p_d15toai_lr005_100ep_3way_s45n,B,complete,shapeiou,sio_b_results.csv,100,100,93,0.12657,0.2854,0.12414,0.28125,2395.78,0.005,45,42,shuffle,45,aitod20_3way,/root/datasets/AI-TOD_yolo/aitod20_3way.yaml,dota15_pretrain.pt,640,32,100,5,r10,,lr005,1,0,0,,1,B_csv_20260930,B_csv_20260930,29c26d84625ab934e2e4005856b583cf,1,0,0.1007,0.2473,0.355,0.2492,0
r10_p_d15toai_lr005_100ep_3way_s46n,B,complete,shapeiou,sio_b_results.csv,100,100,97,0.13149,0.29897,0.1275,0.29861,2447.64,0.005,46,42,shuffle,46,aitod20_3way,/root/datasets/AI-TOD_yolo/aitod20_3way.yaml,dota15_pretrain.pt,640,32,100,5,r10,,lr005,1,0,0,,1,B_csv_20260930,B_csv_20260930,56dbba11925e78a4e8ef2103b6e8bda7,1,0,0.1009,0.2481,0.5025,0.2501,0
r10_p_d15toai_lr005_100ep_3way_s47n,B,complete,shapeiou,sio_b_results.csv,100,100,100,0.11847,0.27388,0.11847,0.27388,2255.97,0.005,47,42,shuffle,47,aitod20_3way,/root/datasets/AI-TOD_yolo/aitod20_3way.yaml,dota15_pretrain.pt,640,32,100,5,r10,,lr005,1,0,0,,1,B_csv_20260930,B_csv_20260930,4f854b807b56dfa30a42777f1768272b,1,0,0.0995,0.2398,0.5587,0.2402,0
r10_p_d15toai_lr005_100ep_3way_s48n,B,complete,shapeiou,sio_b_results.csv,100,100,89,0.12037,0.27938,0.11746,0.27358,2084.85,0.005,48,42,shuffle,48,aitod20_3way,/root/datasets/AI-TOD_yolo/aitod20_3way.yaml,dota15_pretrain.pt,640,32,100,5,r10,,lr005,1,0,0,,1,B_csv_20260930,B_csv_20260930,cbb9b19f72f494aa726af6b4c2b5c60e,1,0,0.0965,0.236,0.4983,0.2346,0
r10_p_d15toai_lr005_100ep_3way_s49n,B,complete,shapeiou,sio_b_results.csv,100,100,100,0.11493,0.2805,0.11493,0.2805,2255.05,0.005,49,42,shuffle,49,aitod20_3way,/root/datasets/AI-TOD_yolo/aitod20_3way.yaml,dota15_pretrain.pt,640,32,100,5,r10,,lr005,1,0,0,,1,B_csv_20260930,B_csv_20260930,ccad0abd625c11529e5087212e1101ef,1,0,0.1016,0.2471,0.4667,0.251,0
r10_p_d15toai_lr005_100ep_3way_s50n,B,complete,shapeiou,sio_b_results.csv,100,100,100,0.12764,0.28364,0.12764,0.28364,2249.47,0.005,50,42,shuffle,50,aitod20_3way,/root/datasets/AI-TOD_yolo/aitod20_3way.yaml,dota15_pretrain.pt,640,32,100,5,r10,,lr005,1,0,0,,1,B_csv_20260930,B_csv_20260930,30a741df4394852e7db28e4d14171f21,1,0,0.1023,0.2536,0.4736,0.2551,0
r10_p_d15toai_lr005_100ep_3way_s51n,B,complete,shapeiou,sio_b_results.csv,100,100,87,0.12592,0.28645,0.11996,0.28184,2167.29,0.005,51,42,shuffle,51,aitod20_3way,/root/datasets/AI-TOD_yolo/aitod20_3way.yaml,dota15_pretrain.pt,640,32,100,5,r10,,lr005,1,0,0,,1,B_csv_20260930,B_csv_20260930,dabb282b0fc1c6d2851295d1cc070688,1,0,0.1045,0.2524,0.4631,0.2544,0
r10_p_masktomende_base100_3way_s45n,B,complete,shapeiou,sio_b_results.csv,100,100,68,0.60398,0.92055,0.58992,0.90923,754.475,0.001,45,42,shuffle,45,mende20_3way,/root/datasets_mask/mendeley_yolo/mende20_3way.yaml,mask_pretrain.pt,640,32,100,5,r10,,base,1,0,0,,1,B_csv_20260930,B_csv_20260930,688e91c237d290b3db99af28d4e5c584,1,0,0.6839,0.9432,0.9455,0.8818,0
r10_p_masktomende_base100_3way_s46n,B,complete,shapeiou,sio_b_results.csv,100,100,40,0.59806,0.91589,0.58677,0.90262,792.48,0.001,46,42,shuffle,46,mende20_3way,/root/datasets_mask/mendeley_yolo/mende20_3way.yaml,mask_pretrain.pt,640,32,100,5,r10,,base,1,0,0,,1,B_csv_20260930,B_csv_20260930,8263defd1448dced32e76f863cf4bb9e,1,0,0.6934,0.9531,0.9387,0.8983,0
r10_p_masktomende_base100_3way_s47n,B,complete,shapeiou,sio_b_results.csv,100,100,46,0.61486,0.91321,0.58541,0.89765,755.439,0.001,47,42,shuffle,47,mende20_3way,/root/datasets_mask/mendeley_yolo/mende20_3way.yaml,mask_pretrain.pt,640,32,100,5,r10,,base,1,0,0,,1,B_csv_20260930,B_csv_20260930,eca1b72cc23c2d458445679b2ee1a9a5,1,0,0.6796,0.9443,0.9,0.8962,0
r10_p_masktomende_base100_3way_s48n,B,complete,shapeiou,sio_b_results.csv,100,100,80,0.60541,0.92155,0.59908,0.91525,767.087,0.001,48,42,shuffle,48,mende20_3way,/root/datasets_mask/mendeley_yolo/mende20_3way.yaml,mask_pretrain.pt,640,32,100,5,r10,,base,1,0,0,,1,B_csv_20260930,B_csv_20260930,87e6fa03695ba04ef5d40df2ef7c0211,1,0,0.6912,0.946,0.9302,0.903,0
r10_p_masktomende_base100_3way_s49n,B,complete,shapeiou,sio_b_results.csv,100,100,30,0.60292,0.91613,0.58924,0.90494,790.177,0.001,49,42,shuffle,49,mende20_3way,/root/datasets_mask/mendeley_yolo/mende20_3way.yaml,mask_pretrain.pt,640,32,100,5,r10,,base,1,0,0,,1,B_csv_20260930,B_csv_20260930,57282d4415ca4c84e0710277bb095e11,1,0,0.6988,0.9549,0.9348,0.8983,0
r10_p_masktomende_base100_3way_s50n,B,complete,shapeiou,sio_b_results.csv,100,100,54,0.59876,0.90978,0.57394,0.89472,785.865,0.001,50,42,shuffle,50,mende20_3way,/root/datasets_mask/mendeley_yolo/mende20_3way.yaml,mask_pretrain.pt,640,32,100,5,r10,,base,1,0,0,,1,B_csv_20260930,B_csv_20260930,4150df739e44667640f8abd09367fbe4,1,0,0.6771,0.9333,0.9192,0.8915,0
r10_p_masktomende_base100_3way_s51n,B,complete,shapeiou,sio_b_results.csv,100,100,23,0.61055,0.91578,0.58861,0.90882,798.982,0.001,51,42,shuffle,51,mende20_3way,/root/datasets_mask/mendeley_yolo/mende20_3way.yaml,mask_pretrain.pt,640,32,100,5,r10,,base,1,0,0,,1,B_csv_20260930,B_csv_20260930,16461779f18aca4c69d5bf97f2472b84,1,0,0.6791,0.9355,0.9504,0.8517,0
r10_p_masktomende_lr005_100ep_3way_s45n,B,complete,shapeiou,sio_b_results.csv,100,100,80,0.61791,0.92866,0.60921,0.91552,803.372,0.005,45,42,shuffle,45,mende20_3way,/root/datasets_mask/mendeley_yolo/mende20_3way.yaml,mask_pretrain.pt,640,32,100,5,r10,,lr005,1,0,0,,1,B_csv_20260930,B_csv_20260930,c6876a959476cf5a35b7385fc3e5b5f9,1,0,0.6844,0.9532,0.9478,0.8729,0
r10_p_masktomende_lr005_100ep_3way_s46n,B,complete,shapeiou,sio_b_results.csv,100,100,78,0.60249,0.91402,0.60128,0.91199,799.12,0.005,46,42,shuffle,46,mende20_3way,/root/datasets_mask/mendeley_yolo/mende20_3way.yaml,mask_pretrain.pt,640,32,100,5,r10,,lr005,1,0,0,,1,B_csv_20260930,B_csv_20260930,42aaf6195b2acfbc2915f5b51aa48566,1,0,0.6849,0.9463,0.9295,0.8945,0
r10_p_masktomende_lr005_100ep_3way_s47n,B,complete,shapeiou,sio_b_results.csv,100,100,59,0.6075,0.91245,0.58169,0.8922,829.826,0.005,47,42,shuffle,47,mende20_3way,/root/datasets_mask/mendeley_yolo/mende20_3way.yaml,mask_pretrain.pt,640,32,100,5,r10,,lr005,1,0,0,,1,B_csv_20260930,B_csv_20260930,3047636340a1636628bf1dcffcc87df3,1,0,0.658,0.9241,0.9351,0.8623,0
r10_p_masktomende_lr005_100ep_3way_s48n,B,complete,shapeiou,sio_b_results.csv,100,100,84,0.60325,0.90647,0.60292,0.90487,829.175,0.005,48,42,shuffle,48,mende20_3way,/root/datasets_mask/mendeley_yolo/mende20_3way.yaml,mask_pretrain.pt,640,32,100,5,r10,,lr005,1,0,0,,1,B_csv_20260930,B_csv_20260930,c2f8c5fde35df8f9407e487f0f47ff1d,1,0,0.6816,0.9354,0.9328,0.9004,0
r10_p_masktomende_lr005_100ep_3way_s49n,B,complete,shapeiou,sio_b_results.csv,100,100,51,0.60139,0.91484,0.5795,0.89722,823.929,0.005,49,42,shuffle,49,mende20_3way,/root/datasets_mask/mendeley_yolo/mende20_3way.yaml,mask_pretrain.pt,640,32,100,5,r10,,lr005,1,0,0,,1,B_csv_20260930,B_csv_20260930,10ef08b3639d914c30d3fa564ebaaa84,1,0,0.6763,0.9448,0.8977,0.9108,0
r10_p_masktomende_lr005_100ep_3way_s50n,B,complete,shapeiou,sio_b_results.csv,100,100,80,0.59973,0.90551,0.58749,0.90284,759.067,0.005,50,42,shuffle,50,mende20_3way,/root/datasets_mask/mendeley_yolo/mende20_3way.yaml,mask_pretrain.pt,640,32,100,5,r10,,lr005,1,0,0,,1,B_csv_20260930,B_csv_20260930,1e921680554caed5a1c308d61f0fd12d,1,0,0.6839,0.9397,0.9307,0.8665,0
r10_p_masktomende_lr005_100ep_3way_s51n,B,complete,shapeiou,sio_b_results.csv,100,100,40,0.59571,0.91775,0.59541,0.90709,775.322,0.005,51,42,shuffle,51,mende20_3way,/root/datasets_mask/mendeley_yolo/mende20_3way.yaml,mask_pretrain.pt,640,32,100,5,r10,,lr005,1,0,0,,1,B_csv_20260930,B_csv_20260930,763e27ddf7bda947b62dba65490ce169,1,0,0.6733,0.9382,0.8899,0.9153,0
r10_p_vistod15_base100_3way_s42n_REPB,B,complete,shapeiou,sio_b_results.csv,100,100,90,0.16801,0.28802,0.15682,0.2696,756.021,0.001,,42,none,42,dota15_20p_3way,/root/datasets_mask/dota15_yolo/dota15_20p_3way.yaml,visdrone_pretrain.pt,640,32,100,5,r10,,base,1,0,0,,1,B_csv_20260930,B_csv_20260930,9cad2fdc7fa4c5d4eb96cf9845f3d4e9,1,0,0.1146,0.1986,0.656,0.2181,0
r10_p_vistod15_base100_3way_s43n_REPB,B,complete,shapeiou,sio_b_results.csv,100,100,90,0.17285,0.29586,0.16117,0.27833,898.913,0.001,,42,none,42,dota15_20p_3way,/root/datasets_mask/dota15_yolo/dota15_20p_3way.yaml,visdrone_pretrain.pt,640,32,100,5,r10,,base,1,0,0,,1,B_csv_20260930,B_csv_20260930,cfce5e9f5858f6553d39c2b6bb1aee3e,1,0,0.1169,0.2018,0.6767,0.22,0
r10_p_vistod15_lr005_100ep_3way_s42n_REPB,B,complete,shapeiou,sio_b_results.csv,100,100,91,0.23983,0.4027,0.22547,0.38207,739.298,0.005,,42,none,42,dota15_20p_3way,/root/datasets_mask/dota15_yolo/dota15_20p_3way.yaml,visdrone_pretrain.pt,640,32,100,5,r10,,lr005,1,0,0,,1,B_csv_20260930,B_csv_20260930,0b33888b333a6d8e740fb6fe1f805b31,1,0,0.1507,0.2598,0.6342,0.2784,0
r10_p_vistod15_lr005_100ep_3way_s44n_REPB,B,complete,shapeiou,sio_b_results.csv,100,100,87,0.23725,0.39863,0.22999,0.39127,818.663,0.005,,42,none,42,dota15_20p_3way,/root/datasets_mask/dota15_yolo/dota15_20p_3way.yaml,visdrone_pretrain.pt,640,32,100,5,r10,,lr005,1,0,0,,1,B_csv_20260930,B_csv_20260930,867cde73068dbd854e28791aa025f5c4,1,0,0.1481,0.2557,0.5986,0.2747,0
r10_prior_lr005_100ep_3way_s44n,B,complete,shapeiou,B_sio_b_results.csv,100,100,88,0.59658,0.90571,0.58193,0.89646,756.068,0.005,44,42,shuffle,44,mende20_3way,/root/datasets_mask/mendeley_yolo/mende20_3way.yaml,mafa_pretrain.pt,640,32,100,5,r10,,lr005,1,0,0,,1,P1supp_B_20261002,P1supp_B_20261002,e377f4231ab034c0d13b841ef9b7e7b2,1,0,0.6709,0.9191,0.9278,0.8715,0
r10_prior_lr005_100ep_3way_s45n,B,complete,shapeiou,B_sio_b_results.csv,100,100,57,0.60211,0.91696,0.59113,0.91041,766.347,0.005,45,42,shuffle,45,mende20_3way,/root/datasets_mask/mendeley_yolo/mende20_3way.yaml,mafa_pretrain.pt,640,32,100,5,r10,,lr005,1,0,0,,1,P1supp_B_20261002,P1supp_B_20261002,b9bac0e87ad4001d6da5f6e743eb8cf6,1,0,0.6731,0.9474,0.9107,0.907,0
r10_prior_lr005_100ep_3way_s46n,B,complete,shapeiou,B_sio_b_results.csv,100,100,54,0.59384,0.91563,0.58946,0.90372,754.869,0.005,46,42,shuffle,46,mende20_3way,/root/datasets_mask/mendeley_yolo/mende20_3way.yaml,mafa_pretrain.pt,640,32,100,5,r10,,lr005,1,0,0,,1,P1supp_B_20261002,P1supp_B_20261002,ef204bd0fa59d341a950dd2401086d5c,1,0,0.6847,0.9563,0.9215,0.9208,0
r10_prior_lr005_100ep_3way_s47n,B,complete,shapeiou,B_sio_b_results.csv,100,100,50,0.59675,0.90236,0.58571,0.89935,748.396,0.005,47,42,shuffle,47,mende20_3way,/root/datasets_mask/mendeley_yolo/mende20_3way.yaml,mafa_pretrain.pt,640,32,100,5,r10,,lr005,1,0,0,,1,P1supp_B_20261002,P1supp_B_20261002,fb21401905285ba26358b4e96209958c,1,0,0.6687,0.9425,0.9282,0.9037,0
r10_prior_lr005_100ep_3way_s48n,B,complete,shapeiou,B_sio_b_results.csv,100,100,70,0.60191,0.91187,0.58708,0.90322,730.924,0.005,48,42,shuffle,48,mende20_3way,/root/datasets_mask/mendeley_yolo/mende20_3way.yaml,mafa_pretrain.pt,640,32,100,5,r10,,lr005,1,0,0,,1,P1supp_B_20261002,P1supp_B_20261002,68ccc053b42521e197fc7aa557e03433,1,0,0.6905,0.9533,0.9378,0.8983,0
r10_prior_lr005_100ep_3way_s49n,B,complete,shapeiou,B_sio_b_results.csv,100,100,33,0.60029,0.91754,0.58994,0.90292,743.319,0.005,49,42,shuffle,49,mende20_3way,/root/datasets_mask/mendeley_yolo/mende20_3way.yaml,mafa_pretrain.pt,640,32,100,5,r10,,lr005,1,0,0,,1,P1supp_B_20261002,P1supp_B_20261002,6324c2db050ac67b3087075bf081cfae,1,0,0.6762,0.9476,0.9181,0.9047,0
r10_prior_lr005_100ep_3way_s50n,B,complete,shapeiou,B_sio_b_results.csv,100,100,67,0.5915,0.91089,0.58197,0.88591,728.876,0.005,50,42,shuffle,50,mende20_3way,/root/datasets_mask/mendeley_yolo/mende20_3way.yaml,mafa_pretrain.pt,640,32,100,5,r10,,lr005,1,0,0,,1,P1supp_B_20261002,P1supp_B_20261002,36dc64f4f59c66a77cd7bf960e4b40d4,1,0,0.6704,0.9329,0.8948,0.8833,0
r10_prior_lr005_100ep_3way_s51n,B,complete,shapeiou,B_sio_b_results.csv,100,100,83,0.60035,0.91392,0.59639,0.90813,740.107,0.005,51,42,shuffle,51,mende20_3way,/root/datasets_mask/mendeley_yolo/mende20_3way.yaml,mafa_pretrain.pt,640,32,100,5,r10,,lr005,1,0,0,,1,P1supp_B_20261002,P1supp_B_20261002,2fbf3f3698ea027e3c49b63458e480a5,1,0,0.6682,0.9381,0.9333,0.8887,0
r10_prior_sns_base100ep_3way_s45n,B,complete,sns,B_sio_b_results.csv,100,100,28,0.59894,0.9116,0.58138,0.89162,754.108,0.001,45,42,shuffle,45,mende20_3way,/root/datasets_mask/mendeley_yolo/mende20_3way.yaml,mafa_pretrain.pt,640,32,100,5,r10,,base,1,0,0,,1,P1supp_B_20261002,P1supp_B_20261002,aa5d6b4f13e975eb5a42152ff39e681b,1,0,0.6841,0.9383,0.9283,0.8778,0
r10_prior_sns_base100ep_3way_s46n,B,complete,sns,B_sio_b_results.csv,100,100,21,0.60481,0.91558,0.57589,0.89777,735.422,0.001,46,42,shuffle,46,mende20_3way,/root/datasets_mask/mendeley_yolo/mende20_3way.yaml,mafa_pretrain.pt,640,32,100,5,r10,,base,1,0,0,,1,P1supp_B_20261002,P1supp_B_20261002,86ef232940ebf5a0b9afce9e6639fd37,1,0,0.7019,0.9602,0.9174,0.928,0
r10_prior_sns_base100ep_3way_s47n,B,complete,sns,B_sio_b_results.csv,100,100,26,0.60656,0.90678,0.58818,0.90361,732.327,0.001,47,42,shuffle,47,mende20_3way,/root/datasets_mask/mendeley_yolo/mende20_3way.yaml,mafa_pretrain.pt,640,32,100,5,r10,,base,1,0,0,,1,P1supp_B_20261002,P1supp_B_20261002,f952a03b56e6fcacd16371679fdd7a72,1,0,0.6874,0.9479,0.936,0.8992,0
r10_prior_sns_base100ep_3way_s48n,B,complete,sns,B_sio_b_results.csv,100,100,18,0.5983,0.91408,0.58534,0.90518,730.598,0.001,48,42,shuffle,48,mende20_3way,/root/datasets_mask/mendeley_yolo/mende20_3way.yaml,mafa_pretrain.pt,640,32,100,5,r10,,base,1,0,0,,1,P1supp_B_20261002,P1supp_B_20261002,f22f92d23d1f058a3890a163aefdd171,1,0,0.6897,0.953,0.9132,0.9089,0
r10_prior_sns_base100ep_3way_s49n,B,complete,sns,B_sio_b_results.csv,100,100,34,0.60673,0.90395,0.58073,0.88816,720.938,0.001,49,42,shuffle,49,mende20_3way,/root/datasets_mask/mendeley_yolo/mende20_3way.yaml,mafa_pretrain.pt,640,32,100,5,r10,,base,1,0,0,,1,P1supp_B_20261002,P1supp_B_20261002,1dc0842bcd10aa5f059cc5fca29a89c2,1,0,0.6808,0.939,0.9203,0.8941,0
r10_prior_sns_base100ep_3way_s50n,B,complete,sns,B_sio_b_results.csv,100,100,18,0.5972,0.89791,0.58523,0.89597,714.582,0.001,50,42,shuffle,50,mende20_3way,/root/datasets_mask/mendeley_yolo/mende20_3way.yaml,mafa_pretrain.pt,640,32,100,5,r10,,base,1,0,0,,1,P1supp_B_20261002,P1supp_B_20261002,f460365416fd61162c9cce949ea006bb,1,0,0.6801,0.9364,0.9123,0.9039,0
r10_prior_sns_base100ep_3way_s51n,B,complete,sns,B_sio_b_results.csv,100,100,38,0.60123,0.90568,0.58249,0.89993,718.211,0.001,51,42,shuffle,51,mende20_3way,/root/datasets_mask/mendeley_yolo/mende20_3way.yaml,mafa_pretrain.pt,640,32,100,5,r10,,base,1,0,0,,1,P1supp_B_20261002,P1supp_B_20261002,481ca624f0154acb2fe213b95c635763,1,0,0.6923,0.9546,0.9185,0.8919,0
r10_sf_dose10x_100ep_s42n,B,complete,shapeiou,sio_b_results.csv,100,100,85,0.59549,0.89363,0.58079,0.87962,2471.61,0.01,42,42,shuffle,42,sfchd20_3way,/workspace/datasets/split_5_5/sfchd20_3way.yaml,shwd2sf_pretrain.pt,640,32,100,5,r10,,,0,0,0,,1,B_csv_20260930,B_csv_20260930,526da7e364feb0d898f5dfba5ee2f022,1,0,0.4431,0.7394,0.8375,0.698,0
r10_sf_dose10x_100ep_s43n,B,complete,shapeiou,sio_b_results.csv,100,100,89,0.59977,0.90046,0.59743,0.89394,2396.83,0.01,43,42,shuffle,43,sfchd20_3way,/workspace/datasets/split_5_5/sfchd20_3way.yaml,shwd2sf_pretrain.pt,640,32,100,5,r10,,,0,0,0,,1,B_csv_20260930,B_csv_20260930,f1579d7408827e6c3f33b329553521a2,1,0,0.4447,0.7456,0.8233,0.7108,0
r10_sf_dose10x_100ep_s44n,B,complete,shapeiou,sio_b_results.csv,100,100,100,0.59009,0.88641,0.59009,0.88641,2396.3,0.01,44,42,shuffle,44,sfchd20_3way,/workspace/datasets/split_5_5/sfchd20_3way.yaml,shwd2sf_pretrain.pt,640,32,100,5,r10,,,0,0,0,,1,B_csv_20260930,B_csv_20260930,fb6d6e0179e737774ade6fb09a7beaa5,1,0,0.4409,0.7312,0.8172,0.6975,0
r10_sf_dose20x_100ep_s42n,B,complete,shapeiou,sio_b_results.csv,100,100,74,0.5709,0.86883,0.56339,0.86853,2459.68,0.02,42,42,shuffle,42,sfchd20_3way,/workspace/datasets/split_5_5/sfchd20_3way.yaml,shwd2sf_pretrain.pt,640,32,100,5,r10,,,0,0,0,,1,B_csv_20260930,B_csv_20260930,e9ba38b7af4efaec99383ca4ea439f07,1,0,0.4281,0.731,0.8261,0.6864,0
r10_sf_dose20x_100ep_s43n,B,complete,shapeiou,sio_b_results.csv,100,100,89,0.58225,0.88154,0.57626,0.88468,2407.87,0.02,43,42,shuffle,43,sfchd20_3way,/workspace/datasets/split_5_5/sfchd20_3way.yaml,shwd2sf_pretrain.pt,640,32,100,5,r10,,,0,0,0,,1,B_csv_20260930,B_csv_20260930,86e107bb5b6939095c69c1faf5c68f6e,1,0,0.4377,0.7339,0.8145,0.6874,0
r10_sf_dose20x_100ep_s44n,B,complete,shapeiou,sio_b_results.csv,100,100,100,0.57021,0.86403,0.57021,0.86403,2400.12,0.02,44,42,shuffle,44,sfchd20_3way,/workspace/datasets/split_5_5/sfchd20_3way.yaml,shwd2sf_pretrain.pt,640,32,100,5,r10,,,0,0,0,,1,B_csv_20260930,B_csv_20260930,e7e550b8c237b42ff9a9ca78d0ea1161,1,0,0.4361,0.7349,0.8348,0.692,0
r10_sf_dose2p5x_100ep_s42n,B,complete,shapeiou,sio_b_results.csv,100,100,59,0.60943,0.90803,0.60025,0.90194,2462.96,0.0025,42,42,shuffle,42,sfchd20_3way,/workspace/datasets/split_5_5/sfchd20_3way.yaml,shwd2sf_pretrain.pt,640,32,100,5,r10,2,,0,0,0,,1,B_csv_20260930,B_csv_20260930,298a0179ad128f55801171567628d79d,1,0,0.4324,0.7334,0.8274,0.7002,0
r10_sf_dose2p5x_100ep_s43n,B,complete,shapeiou,sio_b_results.csv,100,100,97,0.60554,0.9138,0.60206,0.91421,2390.58,0.0025,43,42,shuffle,43,sfchd20_3way,/workspace/datasets/split_5_5/sfchd20_3way.yaml,shwd2sf_pretrain.pt,640,32,100,5,r10,2,,0,0,0,,1,B_csv_20260930,B_csv_20260930,59904015bc620fff6969b6aeafe261d6,1,0,0.433,0.7319,0.8427,0.685,0
r10_sf_dose2p5x_100ep_s44n,B,complete,shapeiou,sio_b_results.csv,100,100,79,0.59759,0.89789,0.58439,0.89044,2394.9,0.0025,44,42,shuffle,44,sfchd20_3way,/workspace/datasets/split_5_5/sfchd20_3way.yaml,shwd2sf_pretrain.pt,640,32,100,5,r10,2,,0,0,0,,1,B_csv_20260930,B_csv_20260930,25eb06e7634e675813ab23e4574117c0,1,0,0.4378,0.7333,0.8518,0.6921,0
r10_sf_dose5x_100ep_s42n,B,complete,shapeiou,sio_b_results.csv,100,100,79,0.6086,0.91082,0.59581,0.90484,2474.04,0.005,42,42,shuffle,42,sfchd20_3way,/workspace/datasets/split_5_5/sfchd20_3way.yaml,shwd2sf_pretrain.pt,640,32,100,5,r10,,,0,0,0,,1,B_csv_20260930,B_csv_20260930,fa010c978f3a6b62686d84683f9ffd90,1,0,0.4426,0.7387,0.8538,0.6858,0
r10_sf_dose5x_100ep_s43n,B,complete,shapeiou,sio_b_results.csv,100,100,85,0.60408,0.90564,0.59116,0.89623,2402.42,0.005,43,42,shuffle,43,sfchd20_3way,/workspace/datasets/split_5_5/sfchd20_3way.yaml,shwd2sf_pretrain.pt,640,32,100,5,r10,,,0,0,0,,1,B_csv_20260930,B_csv_20260930,634568230e93eaca87915ff254dd4ece,1,0,0.4395,0.7369,0.8246,0.7053,0
r10_sf_dose5x_100ep_s44n,B,complete,shapeiou,sio_b_results.csv,100,100,89,0.60001,0.90067,0.58952,0.89512,2406.3,0.005,44,42,shuffle,44,sfchd20_3way,/workspace/datasets/split_5_5/sfchd20_3way.yaml,shwd2sf_pretrain.pt,640,32,100,5,r10,,,0,0,0,,1,B_csv_20260930,B_csv_20260930,225d556bf3aacd93b7798ff354ae5062,1,0,0.4444,0.7416,0.8471,0.7001,0
r10_shwd2sf_base100_3way_s42n,B,complete,shapeiou,sio_b_results.csv,100,100,58,0.60694,0.90618,0.59055,0.89701,2415.76,0.001,42,42,shuffle,42,sfchd20_3way,/workspace/datasets/split_5_5/sfchd20_3way.yaml,shwd2sf_pretrain.pt,640,32,100,5,r10,,base,1,0,0,,1,B_csv_20260930,B_csv_20260930,c078ce6f2441373329b50dd40fed04e9,1,0,0.4351,0.7364,0.8304,0.6958,0
r10_shwd2sf_base100_3way_s43n,B,complete,shapeiou,sio_b_results.csv,100,100,68,0.60976,0.90479,0.59761,0.89634,2398.91,0.001,43,42,shuffle,43,sfchd20_3way,/workspace/datasets/split_5_5/sfchd20_3way.yaml,shwd2sf_pretrain.pt,640,32,100,5,r10,,base,1,0,0,,1,B_csv_20260930,B_csv_20260930,4143cf6efb9b6b65e3e663f7c9046370,1,0,0.4388,0.7423,0.8242,0.6962,0
r10_shwd2sf_base100_3way_s44n,B,complete,shapeiou,sio_b_results.csv,100,100,55,0.6112,0.91235,0.5923,0.90189,2405.09,0.001,44,42,shuffle,44,sfchd20_3way,/workspace/datasets/split_5_5/sfchd20_3way.yaml,shwd2sf_pretrain.pt,640,32,100,5,r10,,base,1,0,0,,1,B_csv_20260930,B_csv_20260930,3bafdb54209721109414d517a8eb3d2d,1,0,0.4305,0.7296,0.8383,0.6874,0
r10_shwd2sf_base100_3way_s45n,B,complete,shapeiou,sio_b_results.csv,100,100,47,0.59852,0.90166,0.58473,0.89442,2453.24,0.001,45,42,shuffle,45,sfchd20_3way,/workspace/datasets/split_5_5/sfchd20_3way.yaml,shwd2sf_pretrain.pt,640,32,100,5,r10,,base,1,0,0,,1,B_csv_20260930,B_csv_20260930,3224074c9574d641f11a7bd0897a5c17,1,0,0.4308,0.7323,0.823,0.6955,0
r10_shwd2sf_base100_3way_s46n,B,complete,shapeiou,sio_b_results.csv,100,100,66,0.60509,0.90351,0.59293,0.90045,2404.59,0.001,46,42,shuffle,46,sfchd20_3way,/workspace/datasets/split_5_5/sfchd20_3way.yaml,shwd2sf_pretrain.pt,640,32,100,5,r10,,base,1,0,0,,1,B_csv_20260930,B_csv_20260930,2fee9797280cd7d075b24901e728690a,1,0,0.4364,0.7341,0.8158,0.697,0
r10_shwd2sf_base100_3way_s47n,B,complete,shapeiou,sio_b_results.csv,100,100,77,0.60858,0.91568,0.59766,0.90175,2412.66,0.001,47,42,shuffle,47,sfchd20_3way,/workspace/datasets/split_5_5/sfchd20_3way.yaml,shwd2sf_pretrain.pt,640,32,100,5,r10,,base,1,0,0,,1,B_csv_20260930,B_csv_20260930,f43e14926b2902ddc4056da531dbd269,1,0,0.4378,0.7366,0.8315,0.699,0
r10_shwd2sf_base100_3way_s48n,B,complete,shapeiou,sio_b_results.csv,100,100,76,0.60554,0.90865,0.59575,0.90117,2394.08,0.001,48,42,shuffle,48,sfchd20_3way,/workspace/datasets/split_5_5/sfchd20_3way.yaml,shwd2sf_pretrain.pt,640,32,100,5,r10,,base,1,0,0,,1,B_csv_20260930,B_csv_20260930,d21bb7c9e0a3981d8fc4595930d647eb,1,0,0.4339,0.7288,0.8114,0.6959,0
r10_shwd2sf_base100_3way_s49n,B,complete,shapeiou,sio_b_results.csv,100,100,72,0.61026,0.90559,0.59169,0.89169,2369.57,0.001,49,42,shuffle,49,sfchd20_3way,/workspace/datasets/split_5_5/sfchd20_3way.yaml,shwd2sf_pretrain.pt,640,32,100,5,r10,,base,1,0,0,,1,B_csv_20260930,B_csv_20260930,349844de83ef3817a5de2765aab6d21e,1,0,0.4399,0.7392,0.8476,0.6867,0
r10_shwd2sf_base100_3way_s50n,B,complete,shapeiou,sio_b_results.csv,100,100,68,0.60896,0.91275,0.58967,0.89785,2381.04,0.001,50,42,shuffle,50,sfchd20_3way,/workspace/datasets/split_5_5/sfchd20_3way.yaml,shwd2sf_pretrain.pt,640,32,100,5,r10,,base,1,0,0,,1,B_csv_20260930,B_csv_20260930,75949723adea77e8f0ac8518d55ea356,1,0,0.4364,0.7335,0.8379,0.6905,0
r10_shwd2sf_base100_3way_s51n,B,complete,shapeiou,sio_b_results.csv,100,100,90,0.60209,0.90479,0.58713,0.88814,2383.09,0.001,51,42,shuffle,51,sfchd20_3way,/workspace/datasets/split_5_5/sfchd20_3way.yaml,shwd2sf_pretrain.pt,640,32,100,5,r10,,base,1,0,0,,1,B_csv_20260930,B_csv_20260930,4d107c7851fee4679d961dc6998ca3bd,1,0,0.4363,0.7321,0.8492,0.6921,0
r10_shwd2sf_base100_3way_s52n,B,complete,shapeiou,sio_b_results.csv,100,100,53,0.60613,0.91232,0.5887,0.88928,2465.29,0.001,52,42,shuffle,52,sfchd20_3way,/workspace/datasets/split_5_5/sfchd20_3way.yaml,shwd2sf_pretrain.pt,640,32,100,5,r10,,base,1,0,0,,1,B_csv_20260930,B_csv_20260930,c23f6fb57feb7487620175144dc58102,1,0,0.4303,0.7222,0.7954,0.6959,0
r10_shwd2sf_base100_3way_s53n,B,complete,shapeiou,sio_b_results.csv,100,100,72,0.60784,0.90664,0.6009,0.90179,1330.11,0.001,53,42,shuffle,53,sfchd20_3way,/workspace/datasets/split_5_5/sfchd20_3way.yaml,shwd2sf_pretrain.pt,640,32,100,5,r10,,base,1,0,0,,1,B_csv_20260930,B_csv_20260930,ed9be28abad3d37204826797a45fbf8e,1,0,0.4347,0.7333,0.8334,0.6908,0
r10_shwd2sf_base100_3way_s54n,B,complete,shapeiou,sio_b_results.csv,100,100,67,0.60528,0.91007,0.59327,0.89852,1329.09,0.001,54,42,shuffle,54,sfchd20_3way,/workspace/datasets/split_5_5/sfchd20_3way.yaml,shwd2sf_pretrain.pt,640,32,100,5,r10,,base,1,0,0,,1,B_csv_20260930,B_csv_20260930,5d3e821b3bc77fb36919c39d0139f1c8,1,0,0.432,0.7337,0.8128,0.6991,0
r10_shwd2sf_lr005_100ep_3way_s42n,B,complete,shapeiou,sio_b_results.csv,100,100,79,0.6086,0.91082,0.59581,0.90484,2414.86,0.005,42,42,shuffle,42,sfchd20_3way,/workspace/datasets/split_5_5/sfchd20_3way.yaml,shwd2sf_pretrain.pt,640,32,100,5,r10,,lr005,1,0,0,,1,B_csv_20260930,B_csv_20260930,91748185c1adf1517b024845fb4b99d2,1,0,0.4426,0.7387,0.8538,0.6858,0
r10_shwd2sf_lr005_100ep_3way_s43n,B,complete,shapeiou,sio_b_results.csv,100,100,85,0.60408,0.90564,0.59116,0.89623,2400.09,0.005,43,42,shuffle,43,sfchd20_3way,/workspace/datasets/split_5_5/sfchd20_3way.yaml,shwd2sf_pretrain.pt,640,32,100,5,r10,,lr005,1,0,0,,1,B_csv_20260930,B_csv_20260930,fad280a370ee55a817126300acefe791,1,0,0.4395,0.7369,0.8246,0.7053,0
r10_shwd2sf_lr005_100ep_3way_s44n,B,complete,shapeiou,sio_b_results.csv,100,100,89,0.60001,0.90067,0.58952,0.89512,2433.98,0.005,44,42,shuffle,44,sfchd20_3way,/workspace/datasets/split_5_5/sfchd20_3way.yaml,shwd2sf_pretrain.pt,640,32,100,5,r10,,lr005,1,0,0,,1,B_csv_20260930,B_csv_20260930,5adc0459ab00193bc976b7268623ad70,1,0,0.4444,0.7416,0.8471,0.7001,0
r10_shwd2sf_lr005_100ep_3way_s45n,B,complete,shapeiou,sio_b_results.csv,100,100,88,0.60795,0.91059,0.60578,0.91283,2417.93,0.005,45,42,shuffle,45,sfchd20_3way,/workspace/datasets/split_5_5/sfchd20_3way.yaml,shwd2sf_pretrain.pt,640,32,100,5,r10,,lr005,1,0,0,,1,B_csv_20260930,B_csv_20260930,bee3f3e606fe2552731abbc45ba1e90b,1,0,0.4413,0.735,0.8363,0.6955,0
r10_shwd2sf_lr005_100ep_3way_s46n,B,complete,shapeiou,sio_b_results.csv,100,100,83,0.60462,0.9074,0.5927,0.90026,2380.62,0.005,46,42,shuffle,46,sfchd20_3way,/workspace/datasets/split_5_5/sfchd20_3way.yaml,shwd2sf_pretrain.pt,640,32,100,5,r10,,lr005,1,0,0,,1,B_csv_20260930,B_csv_20260930,f0fc5fea9b6218319590bcbf46ffa0c2,1,0,0.4435,0.7424,0.8474,0.6974,0
r10_shwd2sf_lr005_100ep_3way_s47n,B,complete,shapeiou,sio_b_results.csv,100,100,87,0.60678,0.90853,0.60354,0.90328,2382.61,0.005,47,42,shuffle,47,sfchd20_3way,/workspace/datasets/split_5_5/sfchd20_3way.yaml,shwd2sf_pretrain.pt,640,32,100,5,r10,,lr005,1,0,0,,1,B_csv_20260930,B_csv_20260930,739e119e7dbdd5b0a3d20429f498aac0,1,0,0.4397,0.734,0.8449,0.6843,0
r10_shwd2sf_lr005_100ep_3way_s48n,B,complete,shapeiou,sio_b_results.csv,100,100,71,0.59722,0.89526,0.58701,0.89439,2424.71,0.005,48,42,shuffle,48,sfchd20_3way,/workspace/datasets/split_5_5/sfchd20_3way.yaml,shwd2sf_pretrain.pt,640,32,100,5,r10,,lr005,1,0,0,,1,B_csv_20260930,B_csv_20260930,38f74eff6e50ef956ed85b9953bc0ed9,1,0,0.4371,0.7263,0.8342,0.6911,0
r10_shwd2sf_lr005_100ep_3way_s49n,B,complete,shapeiou,sio_b_results.csv,100,100,72,0.60363,0.89443,0.59037,0.88789,2392.94,0.005,49,42,shuffle,49,sfchd20_3way,/workspace/datasets/split_5_5/sfchd20_3way.yaml,shwd2sf_pretrain.pt,640,32,100,5,r10,,lr005,1,0,0,,1,B_csv_20260930,B_csv_20260930,5facc0c5f4e1bb4ad36a0acb3a34a7dc,1,0,0.438,0.7359,0.8437,0.6912,0
r10_shwd2sf_lr005_100ep_3way_s50n,B,complete,shapeiou,sio_b_results.csv,100,100,79,0.60193,0.8958,0.59614,0.89214,2390.39,0.005,50,42,shuffle,50,sfchd20_3way,/workspace/datasets/split_5_5/sfchd20_3way.yaml,shwd2sf_pretrain.pt,640,32,100,5,r10,,lr005,1,0,0,,1,B_csv_20260930,B_csv_20260930,ef0d3811756b088f0f7f2248961f7199,1,0,0.4378,0.7343,0.8078,0.7072,0
r10_shwd2sf_lr005_100ep_3way_s51n,B,complete,shapeiou,sio_b_results.csv,100,100,87,0.60491,0.89471,0.60119,0.90136,2390.72,0.005,51,42,shuffle,51,sfchd20_3way,/workspace/datasets/split_5_5/sfchd20_3way.yaml,shwd2sf_pretrain.pt,640,32,100,5,r10,,lr005,1,0,0,,1,B_csv_20260930,B_csv_20260930,d761a78305e658ec54826b1c9faf59e3,1,0,0.4427,0.7333,0.8317,0.6988,0
r10_shwd2sf_lr005_100ep_3way_s52n,B,complete,shapeiou,sio_b_results.csv,100,100,81,0.59941,0.90052,0.59601,0.89491,2374.46,0.005,52,42,shuffle,52,sfchd20_3way,/workspace/datasets/split_5_5/sfchd20_3way.yaml,shwd2sf_pretrain.pt,640,32,100,5,r10,,lr005,1,0,0,,1,B_csv_20260930,B_csv_20260930,164236132a254e71472be0ddab98e6ed,1,0,0.4428,0.7393,0.8478,0.6972,0
r10_shwd2sf_lr005_100ep_3way_s53n,B,complete,shapeiou,sio_b_results.csv,100,100,76,0.60721,0.91666,0.60514,0.91229,1327.53,0.005,53,42,shuffle,53,sfchd20_3way,/workspace/datasets/split_5_5/sfchd20_3way.yaml,shwd2sf_pretrain.pt,640,32,100,5,r10,,lr005,1,0,0,,1,B_csv_20260930,B_csv_20260930,4d84654818e30528e22a87d1872611e0,1,0,0.4443,0.7451,0.8333,0.7053,0
r10_shwd2sf_lr005_100ep_3way_s54n,B,complete,shapeiou,sio_b_results.csv,100,100,89,0.59998,0.90782,0.59102,0.89726,1329.21,0.005,54,42,shuffle,54,sfchd20_3way,/workspace/datasets/split_5_5/sfchd20_3way.yaml,shwd2sf_pretrain.pt,640,32,100,5,r10,,lr005,1,0,0,,1,B_csv_20260930,B_csv_20260930,d0107bc6a04b98d1d8559fdea41c62ca,1,0,0.4408,0.7368,0.8679,0.6837,0
r10_smoke2sf_base100_3way_s42n,B,complete,shapeiou,sio_b_results.csv,100,100,76,0.58724,0.88822,0.57618,0.87832,2415.92,0.001,42,42,shuffle,42,sfchd20_3way,/workspace/datasets/split_5_5/sfchd20_3way.yaml,smoke_pretrain_nc2.pt,640,32,100,5,r10,,base,1,0,0,,1,B_csv_20260930,B_csv_20260930,2a9fefc58d62c6ba7b6fb3d8160d9741,1,0,0.421,0.7272,0.8287,0.6753,0
r10_smoke2sf_base100_3way_s43n,B,complete,shapeiou,sio_b_results.csv,100,100,76,0.58766,0.8866,0.58438,0.87706,2399.56,0.001,43,42,shuffle,43,sfchd20_3way,/workspace/datasets/split_5_5/sfchd20_3way.yaml,smoke_pretrain_nc2.pt,640,32,100,5,r10,,base,1,0,0,,1,B_csv_20260930,B_csv_20260930,a8689bd61efc544be2e59f2952b2b6e6,1,0,0.4232,0.7275,0.8244,0.6768,0
r10_smoke2sf_base100_3way_s44n,B,complete,shapeiou,sio_b_results.csv,100,100,73,0.58864,0.87836,0.58513,0.88299,2402.92,0.001,44,42,shuffle,44,sfchd20_3way,/workspace/datasets/split_5_5/sfchd20_3way.yaml,smoke_pretrain_nc2.pt,640,32,100,5,r10,,base,1,0,0,,1,B_csv_20260930,B_csv_20260930,b7035d7218a7f424965371c57917e425,1,0,0.4228,0.7221,0.82,0.6837,0
r10_smoke2sf_base100_3way_s45n,B,complete,shapeiou,sio_b_results.csv,100,100,49,0.58731,0.89297,0.57594,0.87758,2453.49,0.001,45,42,shuffle,45,sfchd20_3way,/workspace/datasets/split_5_5/sfchd20_3way.yaml,smoke_pretrain_nc2.pt,640,32,100,5,r10,,base,1,0,0,,1,B_csv_20260930,B_csv_20260930,0a6517248e556ae04ca1792a8728b4ce,1,0,0.4125,0.7202,0.8122,0.6739,0
r10_smoke2sf_base100_3way_s46n,B,complete,shapeiou,sio_b_results.csv,100,100,84,0.58652,0.88451,0.57887,0.87912,2390.35,0.001,46,42,shuffle,46,sfchd20_3way,/workspace/datasets/split_5_5/sfchd20_3way.yaml,smoke_pretrain_nc2.pt,640,32,100,5,r10,,base,1,0,0,,1,B_csv_20260930,B_csv_20260930,3294a6978cb749df643f52a2e3830a30,1,0,0.419,0.717,0.8147,0.668,0
r10_smoke2sf_base100_3way_s47n,B,complete,shapeiou,sio_b_results.csv,100,100,65,0.59271,0.88749,0.58532,0.88085,2399.23,0.001,47,42,shuffle,47,sfchd20_3way,/workspace/datasets/split_5_5/sfchd20_3way.yaml,smoke_pretrain_nc2.pt,640,32,100,5,r10,,base,1,0,0,,1,B_csv_20260930,B_csv_20260930,23a82d05d352451801ada9d546ae14d0,1,0,0.421,0.7181,0.8235,0.6669,0
r10_smoke2sf_base100_3way_s48n,B,complete,shapeiou,sio_b_results.csv,100,100,86,0.58697,0.88375,0.57778,0.87332,2406.62,0.001,48,42,shuffle,48,sfchd20_3way,/workspace/datasets/split_5_5/sfchd20_3way.yaml,smoke_pretrain_nc2.pt,640,32,100,5,r10,,base,1,0,0,,1,B_csv_20260930,B_csv_20260930,827d2f5050f3824a9ff226ac2df99043,1,0,0.424,0.7236,0.8347,0.6719,0
r10_smoke2sf_base100_3way_s49n,B,complete,shapeiou,sio_b_results.csv,100,100,67,0.58601,0.89004,0.58376,0.88093,2399.91,0.001,49,42,shuffle,49,sfchd20_3way,/workspace/datasets/split_5_5/sfchd20_3way.yaml,smoke_pretrain_nc2.pt,640,32,100,5,r10,,base,1,0,0,,1,B_csv_20260930,B_csv_20260930,a8535579f87124bac083d2d248ed3c84,1,0,0.4196,0.7177,0.8156,0.6762,0
r10_smoke2sf_base100_3way_s50n,B,complete,shapeiou,sio_b_results.csv,100,100,79,0.58449,0.88431,0.5743,0.87506,2394.52,0.001,50,42,shuffle,50,sfchd20_3way,/workspace/datasets/split_5_5/sfchd20_3way.yaml,smoke_pretrain_nc2.pt,640,32,100,5,r10,,base,1,0,0,,1,B_csv_20260930,B_csv_20260930,37cd2dc8dce3d85d307860e324d43dbe,1,0,0.4211,0.7223,0.8386,0.6786,0
r10_smoke2sf_base100_3way_s51n,B,complete,shapeiou,sio_b_results.csv,100,100,87,0.58374,0.8891,0.58057,0.88688,2394.72,0.001,51,42,shuffle,51,sfchd20_3way,/workspace/datasets/split_5_5/sfchd20_3way.yaml,smoke_pretrain_nc2.pt,640,32,100,5,r10,,base,1,0,0,,1,B_csv_20260930,B_csv_20260930,4d17212570db3074d45bd3c8994ccee3,1,0,0.422,0.722,0.8313,0.6761,0
r10_smoke2sf_base100_3way_s52n,B,complete,shapeiou,sio_b_results.csv,100,100,89,0.59081,0.89184,0.57769,0.88463,2465.43,0.001,52,42,shuffle,52,sfchd20_3way,/workspace/datasets/split_5_5/sfchd20_3way.yaml,smoke_pretrain_nc2.pt,640,32,100,5,r10,,base,1,0,0,,1,B_csv_20260930,B_csv_20260930,19fd26a3342d36cd59ad583d12dc50e5,1,0,0.4257,0.7244,0.8142,0.68,0
r10_smoke2sf_lr005_100ep_3way_s42n,B,complete,shapeiou,sio_b_results.csv,100,100,100,0.59463,0.89259,0.59463,0.89259,2403.67,0.005,42,42,shuffle,42,sfchd20_3way,/workspace/datasets/split_5_5/sfchd20_3way.yaml,smoke_pretrain_nc2.pt,640,32,100,5,r10,,lr005,1,0,0,,1,B_csv_20260930,B_csv_20260930,6fbb38bba0bc44a37282fb775a1a542c,1,0,0.4373,0.7314,0.8374,0.687,0
r10_smoke2sf_lr005_100ep_3way_s43n,B,complete,shapeiou,sio_b_results.csv,100,100,85,0.60186,0.88729,0.5909,0.88873,2400.26,0.005,43,42,shuffle,43,sfchd20_3way,/workspace/datasets/split_5_5/sfchd20_3way.yaml,smoke_pretrain_nc2.pt,640,32,100,5,r10,,lr005,1,0,0,,1,B_csv_20260930,B_csv_20260930,55d33aaa6a18bf4897b608bbca590291,1,0,0.4373,0.7328,0.8478,0.6879,0
r10_smoke2sf_lr005_100ep_3way_s44n,B,complete,shapeiou,sio_b_results.csv,100,100,75,0.60151,0.89603,0.59578,0.89732,2446.25,0.005,44,42,shuffle,44,sfchd20_3way,/workspace/datasets/split_5_5/sfchd20_3way.yaml,smoke_pretrain_nc2.pt,640,32,100,5,r10,,lr005,1,0,0,,1,B_csv_20260930,B_csv_20260930,8ae4c16cd15dd02ff6e01c431509b63c,1,0,0.4319,0.7269,0.8357,0.6848,0
r10_smoke2sf_lr005_100ep_3way_s45n,B,complete,shapeiou,sio_b_results.csv,100,100,99,0.60097,0.90605,0.60019,0.90582,2403.68,0.005,45,42,shuffle,45,sfchd20_3way,/workspace/datasets/split_5_5/sfchd20_3way.yaml,smoke_pretrain_nc2.pt,640,32,100,5,r10,,lr005,1,0,0,,1,B_csv_20260930,B_csv_20260930,350af0ceedb75f7d26ec5950ffed2938,1,0,0.4317,0.7257,0.837,0.6868,0
r10_smoke2sf_lr005_100ep_3way_s46n,B,complete,shapeiou,sio_b_results.csv,100,100,73,0.59114,0.89731,0.58735,0.89203,2410.3,0.005,46,42,shuffle,46,sfchd20_3way,/workspace/datasets/split_5_5/sfchd20_3way.yaml,smoke_pretrain_nc2.pt,640,32,100,5,r10,,lr005,1,0,0,,1,B_csv_20260930,B_csv_20260930,71111603ff0ed2537bbf0dd6d51be08e,1,0,0.4379,0.7342,0.8292,0.6825,0
r10_smoke2sf_lr005_100ep_3way_s47n,B,complete,shapeiou,sio_b_results.csv,100,100,80,0.59793,0.8884,0.5879,0.88724,2396.49,0.005,47,42,shuffle,47,sfchd20_3way,/workspace/datasets/split_5_5/sfchd20_3way.yaml,smoke_pretrain_nc2.pt,640,32,100,5,r10,,lr005,1,0,0,,1,B_csv_20260930,B_csv_20260930,4706e194e5812c123612700f535ebacd,1,0,0.4371,0.7341,0.8394,0.6863,0
r10_smoke2sf_lr005_100ep_3way_s48n,B,complete,shapeiou,sio_b_results.csv,100,100,89,0.59165,0.88718,0.58739,0.88289,2378.04,0.005,48,42,shuffle,48,sfchd20_3way,/workspace/datasets/split_5_5/sfchd20_3way.yaml,smoke_pretrain_nc2.pt,640,32,100,5,r10,,lr005,1,0,0,,1,B_csv_20260930,B_csv_20260930,7ba4ca7d188d4a6ec22eca55a643dd43,1,0,0.4339,0.7331,0.8429,0.689,0
r10_smoke2sf_lr005_100ep_3way_s49n,B,complete,shapeiou,sio_b_results.csv,100,100,71,0.59876,0.88534,0.5856,0.88297,2408.31,0.005,49,42,shuffle,49,sfchd20_3way,/workspace/datasets/split_5_5/sfchd20_3way.yaml,smoke_pretrain_nc2.pt,640,32,100,5,r10,,lr005,1,0,0,,1,B_csv_20260930,B_csv_20260930,3407f0d343f5dfcac17aaa8e70db1ec3,1,0,0.435,0.7331,0.8286,0.6809,0
r10_smoke2sf_lr005_100ep_3way_s50n,B,complete,shapeiou,sio_b_results.csv,100,100,74,0.59144,0.89716,0.58178,0.88577,2403.74,0.005,50,42,shuffle,50,sfchd20_3way,/workspace/datasets/split_5_5/sfchd20_3way.yaml,smoke_pretrain_nc2.pt,640,32,100,5,r10,,lr005,1,0,0,,1,B_csv_20260930,B_csv_20260930,1380560cade2bd1981f005b4690e99cd,1,0,0.4299,0.7261,0.8264,0.6817,0
r10_smoke2sf_lr005_100ep_3way_s51n,B,complete,shapeiou,sio_b_results.csv,100,100,95,0.59866,0.89872,0.59649,0.89559,2379.18,0.005,51,42,shuffle,51,sfchd20_3way,/workspace/datasets/split_5_5/sfchd20_3way.yaml,smoke_pretrain_nc2.pt,640,32,100,5,r10,,lr005,1,0,0,,1,B_csv_20260930,B_csv_20260930,73f3853240382de7d94859d34a2dfced,1,0,0.4376,0.7328,0.8498,0.6835,0
r10_smoke2sf_lr005_100ep_3way_s52n,B,complete,shapeiou,sio_b_results.csv,100,100,89,0.59753,0.89541,0.59213,0.8945,2388.15,0.005,52,42,shuffle,52,sfchd20_3way,/workspace/datasets/split_5_5/sfchd20_3way.yaml,smoke_pretrain_nc2.pt,640,32,100,5,r10,,lr005,1,0,0,,1,B_csv_20260930,B_csv_20260930,0b2bc346affac641fac060328960fc19,1,0,0.4373,0.7334,0.8379,0.6888,0
r15_arch_y11_vistod15_base100_s46n,B,complete,shapeiou,B_sio_b_results.csv,100,100,91,0.14838,0.25483,0.14191,0.24723,667.696,0.001,46,42,shuffle,46,dota15_20p_3way,/root/datasets_mask/dota15_yolo/dota15_20p_3way.yaml,yolo11n.pt,640,32,100,5,r15,,base,0,0,0,,1,P1supp_B_20261002,P1supp_B_20261002,ae83328f176ebf77a36e7fe23de58811,1,0,0.1068,0.1833,0.6634,0.1973,0
r15_arch_y11_vistod15_base100_s48n,B,complete,shapeiou,B_sio_b_results.csv,100,100,88,0.14162,0.24851,0.13623,0.23855,641.831,0.001,48,42,shuffle,48,dota15_20p_3way,/root/datasets_mask/dota15_yolo/dota15_20p_3way.yaml,yolo11n.pt,640,32,100,5,r15,,base,0,0,0,,1,P1supp_B_20261002,P1supp_B_20261002,46e7865e56da1a6cdb4d7630b4844aef,1,0,0.1074,0.1834,0.6792,0.1987,0
r15_arch_y11_vistod15_base100_s50n,B,complete,shapeiou,B_sio_b_results.csv,100,100,82,0.13751,0.24247,0.13307,0.23617,662.146,0.001,50,42,shuffle,50,dota15_20p_3way,/root/datasets_mask/dota15_yolo/dota15_20p_3way.yaml,yolo11n.pt,640,32,100,5,r15,,base,0,0,0,,1,P1supp_B_20261002,P1supp_B_20261002,152b4f496500f189b98b3ebfeb3b311d,1,0,0.1054,0.1811,0.6406,0.1962,0
r15_arch_y11_vistod15_lr005_100ep_s46n,B,complete,shapeiou,B_sio_b_results.csv,100,100,90,0.2168,0.37143,0.21262,0.36711,664.242,0.005,46,42,shuffle,46,dota15_20p_3way,/root/datasets_mask/dota15_yolo/dota15_20p_3way.yaml,yolo11n.pt,640,32,100,5,r15,,lr005,0,0,0,,1,P1supp_B_20261002,P1supp_B_20261002,6ec1970617586b9988ac2266b11a5343,1,0,0.144,0.2467,0.5521,0.2678,0
r15_arch_y11_vistod15_lr005_100ep_s48n,B,complete,shapeiou,B_sio_b_results.csv,100,100,90,0.21548,0.36639,0.20942,0.35796,646.999,0.005,48,42,shuffle,48,dota15_20p_3way,/root/datasets_mask/dota15_yolo/dota15_20p_3way.yaml,yolo11n.pt,640,32,100,5,r15,,lr005,0,0,0,,1,P1supp_B_20261002,P1supp_B_20261002,90f14d777b9c5d62ba2484c191edd110,1,0,0.1423,0.2437,0.6094,0.2566,0
r15_arch_y11_vistod15_lr005_100ep_s50n,B,complete,shapeiou,B_sio_b_results.csv,100,100,90,0.22166,0.36888,0.21622,0.36573,662.234,0.005,50,42,shuffle,50,dota15_20p_3way,/root/datasets_mask/dota15_yolo/dota15_20p_3way.yaml,yolo11n.pt,640,32,100,5,r15,,lr005,0,0,0,,1,P1supp_B_20261002,P1supp_B_20261002,11f67218962e1d841a66f9771b3b1585,1,0,0.144,0.246,0.5552,0.2646,0
r15_arch_y12_vistod15_base100_s42n,B,complete,shapeiou,A_sio_b_results.csv,100,100,90,0.1657,0.28566,0.15852,0.27448,679.919,0.001,42,42,shuffle,42,dota15_20p_3way,/root/datasets_mask/dota15_yolo/dota15_20p_3way.yaml,yolo12n.pt,640,32,100,5,r15,,base,0,0,0,A,1,P1supp_B_20261002,P1supp_B_20261002,5709979dcb5019d1aa9be22f8bf859f5,1,0,0.1156,0.2011,0.5715,0.2255,1
r15_arch_y12_vistod15_base100_s44n,B,complete,shapeiou,B_sio_b_results.csv,100,100,87,0.16339,0.28456,0.15415,0.26854,676.063,0.001,44,42,shuffle,44,dota15_20p_3way,/root/datasets_mask/dota15_yolo/dota15_20p_3way.yaml,yolo12n.pt,640,32,100,5,r15,,base,0,0,0,,1,P1supp_B_20261002,P1supp_B_20261002,6c439285531f991aa692147e44e8b4fa,1,0,0.1121,0.1965,0.5705,0.2247,0
r15_arch_y12_vistod15_base100_s46n,B,complete,shapeiou,B_sio_b_results.csv,100,100,91,0.16217,0.28155,0.14742,0.26225,691.068,0.001,46,42,shuffle,46,dota15_20p_3way,/root/datasets_mask/dota15_yolo/dota15_20p_3way.yaml,yolo12n.pt,640,32,100,5,r15,,base,0,0,0,,1,P1supp_B_20261002,P1supp_B_20261002,81e2cae1df573a4539eb0e2b89c60c2c,1,0,0.1168,0.2013,0.558,0.2183,0
r15_arch_y12_vistod15_base100_s48n,B,complete,shapeiou,B_sio_b_results.csv,100,100,90,0.15876,0.27921,0.15135,0.26751,691.241,0.001,48,42,shuffle,48,dota15_20p_3way,/root/datasets_mask/dota15_yolo/dota15_20p_3way.yaml,yolo12n.pt,640,32,100,5,r15,,base,0,0,0,,1,P1supp_B_20261002,P1supp_B_20261002,e114be3932776757ce55ea236839170e,1,0,0.1151,0.1979,0.6509,0.2148,0
r15_arch_y12_vistod15_base100_s50n,B,complete,shapeiou,B_sio_b_results.csv,100,100,85,0.17005,0.2876,0.16202,0.27655,678.986,0.001,50,42,shuffle,50,dota15_20p_3way,/root/datasets_mask/dota15_yolo/dota15_20p_3way.yaml,yolo12n.pt,640,32,100,5,r15,,base,0,0,0,,1,P1supp_B_20261002,P1supp_B_20261002,196e35fc6c7aea0113b43d660fe02d66,1,0,0.114,0.1947,0.6097,0.2241,0
r15_arch_y12_vistod15_lr005_100ep_s42n,B,complete,shapeiou,B_sio_b_results.csv,100,100,91,0.25351,0.41845,0.24387,0.4069,688.371,0.005,42,42,shuffle,42,dota15_20p_3way,/root/datasets_mask/dota15_yolo/dota15_20p_3way.yaml,yolo12n.pt,640,32,100,5,r15,,lr005,0,0,0,,1,P1supp_B_20261002,P1supp_B_20261002,3c8dc7c116f1811e4407c619057ec0d4,1,0,0.1536,0.263,0.6067,0.2821,0
r15_arch_y12_vistod15_lr005_100ep_s44n,B,complete,shapeiou,B_sio_b_results.csv,100,100,89,0.25192,0.41963,0.24833,0.41051,688.585,0.005,44,42,shuffle,44,dota15_20p_3way,/root/datasets_mask/dota15_yolo/dota15_20p_3way.yaml,yolo12n.pt,640,32,100,5,r15,,lr005,0,0,0,,1,P1supp_B_20261002,P1supp_B_20261002,b15ba7dbff8df7fb750666e9ba7606b8,1,0,0.1492,0.2569,0.6286,0.2761,0
r15_arch_y12_vistod15_lr005_100ep_s46n,B,complete,shapeiou,B_sio_b_results.csv,100,100,84,0.26124,0.42721,0.24931,0.42026,693.385,0.005,46,42,shuffle,46,dota15_20p_3way,/root/datasets_mask/dota15_yolo/dota15_20p_3way.yaml,yolo12n.pt,640,32,100,5,r15,,lr005,0,0,0,,1,P1supp_B_20261002,P1supp_B_20261002,3031609d7afbcdd0f99406324dd5108d,1,0,0.1493,0.257,0.63,0.2777,0
r15_arch_y12_vistod15_lr005_100ep_s48n,B,complete,shapeiou,B_sio_b_results.csv,100,100,81,0.25595,0.42689,0.25339,0.42543,695.175,0.005,48,42,shuffle,48,dota15_20p_3way,/root/datasets_mask/dota15_yolo/dota15_20p_3way.yaml,yolo12n.pt,640,32,100,5,r15,,lr005,0,0,0,,1,P1supp_B_20261002,P1supp_B_20261002,58f4ab4acf9197d0a17d4aba19d1d003,1,0,0.1505,0.2583,0.6453,0.279,0
r15_arch_y12_vistod15_lr005_100ep_s50n,B,complete,shapeiou,B_sio_b_results.csv,100,100,78,0.24961,0.4124,0.23764,0.39846,680.496,0.005,50,42,shuffle,50,dota15_20p_3way,/root/datasets_mask/dota15_yolo/dota15_20p_3way.yaml,yolo12n.pt,640,32,100,5,r15,,lr005,0,0,0,,1,P1supp_B_20261002,P1supp_B_20261002,bffe9619defcf0b8911373793e50ab56,1,0,0.1477,0.2523,0.5894,0.2751,0
s2ae_10p_100ep_base_s42n,B,complete,shapeiou,B_sio_b_results.csv,100,100,91,0.09388,0.16222,0.08878,0.15214,1087.04,0.001,42,42,shuffle,42,dota15_10p,/root/datasets_mask/dota15_yolo/dota15_10p.yaml,visdrone_pretrain.pt,640,32,100,5,s2ae,10,base,0,0,0,,1,P1ext_B_20261001,P1ext_B_20261001,e5d43a8dedd2081153c4652f12b24103,1,0,0.0951,0.1647,0.5458,0.1858,0
s2ae_10p_100ep_base_s43n,B,complete,shapeiou,B_sio_b_results.csv,100,100,79,0.09558,0.16355,0.09178,0.15626,1110.32,0.001,43,42,shuffle,43,dota15_10p,/root/datasets_mask/dota15_yolo/dota15_10p.yaml,visdrone_pretrain.pt,640,32,100,5,s2ae,10,base,0,0,0,,1,P1ext_B_20261001,P1ext_B_20261001,7614b15dada3a6494df135d1853783c0,1,0,0.0969,0.1664,0.538,0.1918,0
s2ae_10p_100ep_base_s44n,B,complete,shapeiou,B_sio_b_results.csv,100,100,90,0.09468,0.15957,0.0886,0.14814,1037.25,0.001,44,42,shuffle,44,dota15_10p,/root/datasets_mask/dota15_yolo/dota15_10p.yaml,visdrone_pretrain.pt,640,32,100,5,s2ae,10,base,0,0,0,,1,P1ext_B_20261001,P1ext_B_20261001,c820e8ff15e56c4907a82ef2dc2334b2,1,0,0.0964,0.1625,0.5544,0.1791,0
s2ae_10p_100ep_base_s45n,B,complete,shapeiou,B_sio_b_results.csv,100,100,68,0.0932,0.15815,0.08999,0.15252,1112.99,0.001,45,42,shuffle,45,dota15_10p,/root/datasets_mask/dota15_yolo/dota15_10p.yaml,visdrone_pretrain.pt,640,32,100,5,s2ae,10,base,0,0,0,,1,P1ext_B_20261001,P1ext_B_20261001,0aa21bdf8bb5e3e7d09f789e55eb7f13,1,0,0.0939,0.1599,0.5294,0.1742,0
s2ae_10p_100ep_base_s46n,B,complete,shapeiou,B_sio_b_results.csv,100,100,80,0.09621,0.16287,0.09073,0.15508,1003.42,0.001,46,42,shuffle,46,dota15_10p,/root/datasets_mask/dota15_yolo/dota15_10p.yaml,visdrone_pretrain.pt,640,32,100,5,s2ae,10,base,0,0,0,,1,P1ext_B_20261001,P1ext_B_20261001,528d58cb7577b3549d3abdaed5d7a5a1,1,0,0.0973,0.1648,0.5297,0.1952,0
s2ae_10p_100ep_base_s47n,B,complete,shapeiou,B_sio_b_results.csv,100,100,89,0.0935,0.1566,0.08889,0.14823,939.204,0.001,47,42,shuffle,47,dota15_10p,/root/datasets_mask/dota15_yolo/dota15_10p.yaml,visdrone_pretrain.pt,640,32,100,5,s2ae,10,base,0,0,0,,1,P1ext_B_20261001,P1ext_B_20261001,7c1e88aa6ba5c2cd03727452ec60a8f1,1,0,0.0947,0.1591,0.5306,0.1878,0
s2ae_10p_100ep_base_s48n,B,complete,shapeiou,B_sio_b_results.csv,100,100,84,0.09465,0.16209,0.08981,0.15355,1019.95,0.001,48,42,shuffle,48,dota15_10p,/root/datasets_mask/dota15_yolo/dota15_10p.yaml,visdrone_pretrain.pt,640,32,100,5,s2ae,10,base,0,0,0,,1,P1ext_B_20261001,P1ext_B_20261001,dd89e6ed764d1363768f50f7dd3e1cdf,1,0,0.0954,0.1642,0.5595,0.1787,0
s2ae_10p_100ep_base_s49n,B,complete,shapeiou,B_sio_b_results.csv,100,100,86,0.09292,0.15682,0.08935,0.15138,957.374,0.001,49,42,shuffle,49,dota15_10p,/root/datasets_mask/dota15_yolo/dota15_10p.yaml,visdrone_pretrain.pt,640,32,100,5,s2ae,10,base,0,0,0,,1,P1ext_B_20261001,P1ext_B_20261001,4eb894655c53867c8021e9d2a15352e3,1,0,0.0935,0.1583,0.5146,0.1826,0
s2ae_10p_100ep_base_s50n,B,complete,shapeiou,B_sio_b_results.csv,100,100,92,0.09327,0.15935,0.08927,0.15177,998.842,0.001,50,42,shuffle,50,dota15_10p,/root/datasets_mask/dota15_yolo/dota15_10p.yaml,visdrone_pretrain.pt,640,32,100,5,s2ae,10,base,0,0,0,,1,P1ext_B_20261001,P1ext_B_20261001,a31371d9cef428d47d61ea8188351059,1,0,0.0942,0.1614,0.551,0.1737,0
s2ae_10p_100ep_base_s51n,B,complete,shapeiou,B_sio_b_results.csv,100,100,89,0.09427,0.16116,0.09111,0.15561,995.641,0.001,51,42,shuffle,51,dota15_10p,/root/datasets_mask/dota15_yolo/dota15_10p.yaml,visdrone_pretrain.pt,640,32,100,5,s2ae,10,base,0,0,0,,1,P1ext_B_20261001,P1ext_B_20261001,a8807d513c06850e2d584038dbf624c3,1,0,0.0963,0.1644,0.5235,0.1858,0
s2ae_10p_100ep_lr005_s42n,B,complete,shapeiou,B_sio_b_results.csv,100,100,90,0.11334,0.19047,0.1075,0.18132,1068.37,0.005,42,42,shuffle,42,dota15_10p,/root/datasets_mask/dota15_yolo/dota15_10p.yaml,visdrone_pretrain.pt,640,32,100,5,s2ae,10,lr005,0,0,0,,1,P1ext_B_20261001,P1ext_B_20261001,6b8e10ea11145cf10f6b47f1b98a504a,1,0,0.1143,0.1926,0.6014,0.2063,0
s2ae_10p_100ep_lr005_s43n,B,complete,shapeiou,B_sio_b_results.csv,100,100,77,0.11443,0.19212,0.10883,0.18122,1077.43,0.005,43,42,shuffle,43,dota15_10p,/root/datasets_mask/dota15_yolo/dota15_10p.yaml,visdrone_pretrain.pt,640,32,100,5,s2ae,10,lr005,0,0,0,,1,P1ext_B_20261001,P1ext_B_20261001,4a31ef4a9ae84fd35b19c56efbb1c470,1,0,0.1147,0.1924,0.5849,0.211,0
s2ae_10p_100ep_lr005_s44n,B,complete,shapeiou,B_sio_b_results.csv,100,100,77,0.11409,0.19359,0.11108,0.18661,1059.26,0.005,44,42,shuffle,44,dota15_10p,/root/datasets_mask/dota15_yolo/dota15_10p.yaml,visdrone_pretrain.pt,640,32,100,5,s2ae,10,lr005,0,0,0,,1,P1ext_B_20261001,P1ext_B_20261001,f8c699bd72e608b7b481e93880326e16,1,0,0.1149,0.1945,0.6551,0.214,0
s2ae_10p_100ep_lr005_s45n,B,complete,shapeiou,B_sio_b_results.csv,100,100,92,0.11211,0.18587,0.10719,0.17667,1078.73,0.005,45,42,shuffle,45,dota15_10p,/root/datasets_mask/dota15_yolo/dota15_10p.yaml,visdrone_pretrain.pt,640,32,100,5,s2ae,10,lr005,0,0,0,,1,P1ext_B_20261001,P1ext_B_20261001,563f5bf68adca45dd76ca72e481eeb4f,1,0,0.1114,0.1845,0.5343,0.1991,0
s2ae_10p_100ep_lr005_s46n,B,complete,shapeiou,B_sio_b_results.csv,100,100,91,0.11246,0.18883,0.10699,0.1801,1113.64,0.005,46,42,shuffle,46,dota15_10p,/root/datasets_mask/dota15_yolo/dota15_10p.yaml,visdrone_pretrain.pt,640,32,100,5,s2ae,10,lr005,0,0,0,,1,P1ext_B_20261001,P1ext_B_20261001,d1f710f8be6eee9e055069bca7a1dd9e,1,0,0.1127,0.1887,0.5917,0.2038,0
s2ae_10p_100ep_lr005_s47n,B,complete,shapeiou,B_sio_b_results.csv,100,100,77,0.11352,0.19039,0.10851,0.18294,1289.71,0.005,47,42,shuffle,47,dota15_10p,/root/datasets_mask/dota15_yolo/dota15_10p.yaml,visdrone_pretrain.pt,640,32,100,5,s2ae,10,lr005,0,0,0,,1,P1ext_B_20261001,P1ext_B_20261001,14462b951504909f6f4273c8608c12de,1,0,0.1142,0.1924,0.6891,0.2041,0
s2ae_10p_100ep_lr005_s48n,B,complete,shapeiou,B_sio_b_results.csv,100,100,91,0.11416,0.19018,0.10903,0.18368,1174.01,0.005,48,42,shuffle,48,dota15_10p,/root/datasets_mask/dota15_yolo/dota15_10p.yaml,visdrone_pretrain.pt,640,32,100,5,s2ae,10,lr005,0,0,0,,1,P1ext_B_20261001,P1ext_B_20261001,af356309386f0218d5ad1b7fe9e36f41,1,0,0.114,0.1897,0.6166,0.2015,0
s2ae_10p_100ep_lr005_s49n,B,complete,shapeiou,B_sio_b_results.csv,100,100,87,0.11343,0.18993,0.10849,0.18453,1061.23,0.005,49,42,shuffle,49,dota15_10p,/root/datasets_mask/dota15_yolo/dota15_10p.yaml,visdrone_pretrain.pt,640,32,100,5,s2ae,10,lr005,0,0,0,,1,P1ext_B_20261001,P1ext_B_20261001,b47949e1dc702bf9fd917ad370ac0d02,1,0,0.1139,0.1908,0.5849,0.2129,0
s2ae_10p_100ep_lr005_s50n,B,complete,shapeiou,B_sio_b_results.csv,100,100,92,0.11519,0.19269,0.10815,0.18108,1071.99,0.005,50,42,shuffle,50,dota15_10p,/root/datasets_mask/dota15_yolo/dota15_10p.yaml,visdrone_pretrain.pt,640,32,100,5,s2ae,10,lr005,0,0,0,,1,P1ext_B_20261001,P1ext_B_20261001,4a3c01dabfc2c59787afa8cb56fac8d2,1,0,0.1161,0.1934,0.5997,0.2086,0
s2ae_10p_100ep_lr005_s51n,B,complete,shapeiou,B_sio_b_results.csv,100,100,91,0.11521,0.19099,0.10936,0.18145,1117.27,0.005,51,42,shuffle,51,dota15_10p,/root/datasets_mask/dota15_yolo/dota15_10p.yaml,visdrone_pretrain.pt,640,32,100,5,s2ae,10,lr005,0,0,0,,1,P1ext_B_20261001,P1ext_B_20261001,4e68e8bbb41a8f325e8ce7b078262f57,1,0,0.1147,0.1908,0.6784,0.2081,0
s2ae_30p_100ep_base_s42n,B,complete,shapeiou,B_sio_b_results.csv,100,100,85,0.14463,0.24004,0.13653,0.22919,1160.34,0.001,42,42,shuffle,42,dota15_30p,/root/datasets_mask/dota15_yolo/dota15_30p.yaml,visdrone_pretrain.pt,640,32,100,5,s2ae,30,base,0,0,0,,1,P1ext_B_20261001,P1ext_B_20261001,21ba075d46e1c219c31825fc08c7d1ae,1,0,0.1445,0.2392,0.6652,0.2527,0
s2ae_30p_100ep_base_s43n,B,complete,shapeiou,B_sio_b_results.csv,100,100,91,0.14187,0.23808,0.13606,0.22863,1205.62,0.001,43,42,shuffle,43,dota15_30p,/root/datasets_mask/dota15_yolo/dota15_30p.yaml,visdrone_pretrain.pt,640,32,100,5,s2ae,30,base,0,0,0,,1,P1ext_B_20261001,P1ext_B_20261001,d8625a0120540d02da1cfeed8d891d00,1,0,0.1416,0.2381,0.6409,0.25,0
s2ae_30p_100ep_base_s44n,B,complete,shapeiou,B_sio_b_results.csv,100,100,85,0.14324,0.23864,0.13642,0.22766,1181.57,0.001,44,42,shuffle,44,dota15_30p,/root/datasets_mask/dota15_yolo/dota15_30p.yaml,visdrone_pretrain.pt,640,32,100,5,s2ae,30,base,0,0,0,,1,P1ext_B_20261001,P1ext_B_20261001,cfe50b0bf6f98761257540ce04cdf1bb,1,0,0.143,0.2381,0.6625,0.2517,0
s2ae_30p_100ep_base_s45n,B,complete,shapeiou,B_sio_b_results.csv,100,100,89,0.14458,0.24124,0.13749,0.2304,1199.83,0.001,45,42,shuffle,45,dota15_30p,/root/datasets_mask/dota15_yolo/dota15_30p.yaml,visdrone_pretrain.pt,640,32,100,5,s2ae,30,base,0,0,0,,1,P1ext_B_20261001,P1ext_B_20261001,75fb2948f7cb2da37fc627915a55b9c2,1,0,0.1447,0.2418,0.6421,0.2567,0
s2ae_30p_100ep_base_s46n,B,complete,shapeiou,B_sio_b_results.csv,100,100,88,0.14492,0.24297,0.13632,0.23015,1360.19,0.001,46,42,shuffle,46,dota15_30p,/root/datasets_mask/dota15_yolo/dota15_30p.yaml,visdrone_pretrain.pt,640,32,100,5,s2ae,30,base,0,0,0,,1,P1ext_B_20261001,P1ext_B_20261001,cb95805c36c9c7c2af02651aa7be4a77,1,0,0.1443,0.2425,0.6973,0.2495,0
s2ae_30p_100ep_base_s47n,B,complete,shapeiou,B_sio_b_results.csv,100,100,88,0.14104,0.23556,0.13638,0.22851,1335.82,0.001,47,42,shuffle,47,dota15_30p,/root/datasets_mask/dota15_yolo/dota15_30p.yaml,visdrone_pretrain.pt,640,32,100,5,s2ae,30,base,0,0,0,,1,P1ext_B_20261001,P1ext_B_20261001,26502a66feaad3ed148cb974ff3d4ae8,1,0,0.1417,0.2353,0.6693,0.2467,0
s2ae_30p_100ep_base_s48n,B,complete,shapeiou,B_sio_b_results.csv,100,100,91,0.1455,0.24259,0.13999,0.23518,1327.8,0.001,48,42,shuffle,48,dota15_30p,/root/datasets_mask/dota15_yolo/dota15_30p.yaml,visdrone_pretrain.pt,640,32,100,5,s2ae,30,base,0,0,0,,1,P1ext_B_20261001,P1ext_B_20261001,6c094d85953ee87173295ccc9e1ddb15,1,0,0.1456,0.2428,0.6724,0.2461,0
s2ae_30p_100ep_base_s49n,B,complete,shapeiou,B_sio_b_results.csv,100,100,87,0.14467,0.23987,0.1392,0.23164,1311.98,0.001,49,42,shuffle,49,dota15_30p,/root/datasets_mask/dota15_yolo/dota15_30p.yaml,visdrone_pretrain.pt,640,32,100,5,s2ae,30,base,0,0,0,,1,P1ext_B_20261001,P1ext_B_20261001,2baf6e51e638deda73af0384d350081f,1,0,0.1444,0.2394,0.6701,0.2496,0
s2ae_30p_100ep_base_s50n,B,complete,shapeiou,B_sio_b_results.csv,100,100,90,0.14329,0.23635,0.13601,0.22647,1302.15,0.001,50,42,shuffle,50,dota15_30p,/root/datasets_mask/dota15_yolo/dota15_30p.yaml,visdrone_pretrain.pt,640,32,100,5,s2ae,30,base,0,0,0,,1,P1ext_B_20261001,P1ext_B_20261001,c1a97ce85eb5ecd6cf14deb6d44c890b,1,0,0.1439,0.2376,0.6839,0.2495,0
s2ae_30p_100ep_base_s51n,B,complete,shapeiou,B_sio_b_results.csv,100,100,84,0.14138,0.23561,0.13749,0.22914,1126.95,0.001,51,42,shuffle,51,dota15_30p,/root/datasets_mask/dota15_yolo/dota15_30p.yaml,visdrone_pretrain.pt,640,32,100,5,s2ae,30,base,0,0,0,,1,P1ext_B_20261001,P1ext_B_20261001,63cd944174d8a95ab171bdd89f108e5f,1,0,0.1421,0.2364,0.668,0.2486,0
s2ae_30p_100ep_lr005_s42n,B,complete,shapeiou,B_sio_b_results.csv,100,100,98,0.16841,0.27444,0.16819,0.27428,1305.21,0.005,42,42,shuffle,42,dota15_30p,/root/datasets_mask/dota15_yolo/dota15_30p.yaml,visdrone_pretrain.pt,640,32,100,5,s2ae,30,lr005,0,0,0,,1,P1ext_B_20261001,P1ext_B_20261001,4882e64f4aab0dffa54a3a6ff9d6373d,1,0,0.1678,0.2744,0.5585,0.2873,0
s2ae_30p_100ep_lr005_s43n,B,complete,shapeiou,B_sio_b_results.csv,100,100,82,0.16843,0.27313,0.16544,0.27077,1311.84,0.005,43,42,shuffle,43,dota15_30p,/root/datasets_mask/dota15_yolo/dota15_30p.yaml,visdrone_pretrain.pt,640,32,100,5,s2ae,30,lr005,0,0,0,,1,P1ext_B_20261001,P1ext_B_20261001,e077c58b7a7007ebbe1408cca42c65ae,1,0,0.1686,0.2728,0.6542,0.2751,0
s2ae_30p_100ep_lr005_s44n,B,complete,shapeiou,B_sio_b_results.csv,100,100,91,0.16505,0.26816,0.16308,0.2673,1219.62,0.005,44,42,shuffle,44,dota15_30p,/root/datasets_mask/dota15_yolo/dota15_30p.yaml,visdrone_pretrain.pt,640,32,100,5,s2ae,30,lr005,0,0,0,,1,P1ext_B_20261001,P1ext_B_20261001,dd87344761437bfa26fd6effbc11188f,1,0,0.1651,0.2683,0.5156,0.2859,0
s2ae_30p_100ep_lr005_s45n,B,complete,shapeiou,B_sio_b_results.csv,100,100,89,0.16615,0.27112,0.16437,0.2707,1200.92,0.005,45,42,shuffle,45,dota15_30p,/root/datasets_mask/dota15_yolo/dota15_30p.yaml,visdrone_pretrain.pt,640,32,100,5,s2ae,30,lr005,0,0,0,,1,P1ext_B_20261001,P1ext_B_20261001,2208743d2aa2aa75d25ed664cab959c7,1,0,0.1656,0.2707,0.6587,0.2724,0
s2ae_30p_100ep_lr005_s46n,B,complete,shapeiou,B_sio_b_results.csv,100,100,90,0.17312,0.28345,0.16886,0.27756,1221.86,0.005,46,42,shuffle,46,dota15_30p,/root/datasets_mask/dota15_yolo/dota15_30p.yaml,visdrone_pretrain.pt,640,32,100,5,s2ae,30,lr005,0,0,0,,1,P1ext_B_20261001,P1ext_B_20261001,1e28c4125c2581e69d0ccfea56b8385d,1,0,0.1723,0.2825,0.6438,0.2891,0
s2ae_30p_100ep_lr005_s47n,B,complete,shapeiou,B_sio_b_results.csv,100,100,88,0.16661,0.27542,0.16494,0.27278,1180.43,0.005,47,42,shuffle,47,dota15_30p,/root/datasets_mask/dota15_yolo/dota15_30p.yaml,visdrone_pretrain.pt,640,32,100,5,s2ae,30,lr005,0,0,0,,1,P1ext_B_20261001,P1ext_B_20261001,624e05e054821bc48c36d9f0b45aceda,1,0,0.1671,0.2785,0.6517,0.2957,0
s2ae_30p_100ep_lr005_s48n,B,complete,shapeiou,B_sio_b_results.csv,100,100,89,0.16779,0.27427,0.16707,0.27233,1185.97,0.005,48,42,shuffle,48,dota15_30p,/root/datasets_mask/dota15_yolo/dota15_30p.yaml,visdrone_pretrain.pt,640,32,100,5,s2ae,30,lr005,0,0,0,,1,P1ext_B_20261001,P1ext_B_20261001,4b788276c628d68e7e97199de66033fa,1,0,0.1688,0.2763,0.5854,0.2886,0
s2ae_30p_100ep_lr005_s49n,B,complete,shapeiou,B_sio_b_results.csv,100,100,88,0.16852,0.27425,0.16571,0.27072,1165.68,0.005,49,42,shuffle,49,dota15_30p,/root/datasets_mask/dota15_yolo/dota15_30p.yaml,visdrone_pretrain.pt,640,32,100,5,s2ae,30,lr005,0,0,0,,1,P1ext_B_20261001,P1ext_B_20261001,3e9895f67b7dd8c902330d3bda1306fc,1,0,0.1687,0.2762,0.558,0.2945,0
s2ae_30p_100ep_lr005_s50n,B,complete,shapeiou,B_sio_b_results.csv,100,100,96,0.16717,0.2729,0.16629,0.27211,1164.32,0.005,50,42,shuffle,50,dota15_30p,/root/datasets_mask/dota15_yolo/dota15_30p.yaml,visdrone_pretrain.pt,640,32,100,5,s2ae,30,lr005,0,0,0,,1,P1ext_B_20261001,P1ext_B_20261001,880d8f6fdfe358c8e894b211aaaa45d4,1,0,0.1675,0.2732,0.6966,0.2804,0
s2ae_30p_100ep_lr005_s51n,B,complete,shapeiou,B_sio_b_results.csv,100,100,87,0.16776,0.27612,0.16533,0.27311,1203.94,0.005,51,42,shuffle,51,dota15_30p,/root/datasets_mask/dota15_yolo/dota15_30p.yaml,visdrone_pretrain.pt,640,32,100,5,s2ae,30,lr005,0,0,0,,1,P1ext_B_20261001,P1ext_B_20261001,d910b6fa51fa6d55c9ab399b3c28a15f,1,0,0.168,0.2781,0.6356,0.2924,0
s2ae_50p_100ep_base_s42n,B,complete,shapeiou,B_sio_b_results.csv,100,100,82,0.16467,0.27576,0.16096,0.26888,1376.71,0.001,42,42,shuffle,42,dota15_50p,/root/datasets_mask/dota15_yolo/dota15_50p.yaml,visdrone_pretrain.pt,640,32,100,5,s2ae,50,base,0,0,0,,1,P1ext_B_20261001,P1ext_B_20261001,633535b1c552f7e3c65c3c19a9743a19,1,0,0.1645,0.275,0.6782,0.287,0
s2ae_50p_100ep_base_s43n,B,complete,shapeiou,B_sio_b_results.csv,100,100,85,0.16632,0.2753,0.16219,0.27001,1367.21,0.001,43,42,shuffle,43,dota15_50p,/root/datasets_mask/dota15_yolo/dota15_50p.yaml,visdrone_pretrain.pt,640,32,100,5,s2ae,50,base,0,0,0,,1,P1ext_B_20261001,P1ext_B_20261001,dfd4000e0722651339229246ab433e66,1,0,0.1657,0.2743,0.6519,0.2759,0
s2ae_50p_100ep_base_s44n,B,complete,shapeiou,B_sio_b_results.csv,100,100,75,0.16675,0.27396,0.16366,0.26915,1344.96,0.001,44,42,shuffle,44,dota15_50p,/root/datasets_mask/dota15_yolo/dota15_50p.yaml,visdrone_pretrain.pt,640,32,100,5,s2ae,50,base,0,0,0,,1,P1ext_B_20261001,P1ext_B_20261001,2d629503c06d268dce886265eaec8e9c,1,0,0.1673,0.2741,0.6588,0.286,0
s2ae_50p_100ep_base_s45n,B,complete,shapeiou,B_sio_b_results.csv,100,100,88,0.1628,0.27029,0.15926,0.2632,1365.5,0.001,45,42,shuffle,45,dota15_50p,/root/datasets_mask/dota15_yolo/dota15_50p.yaml,visdrone_pretrain.pt,640,32,100,5,s2ae,50,base,0,0,0,,1,P1ext_B_20261001,P1ext_B_20261001,c3c96df64deb85b8d9a2751e7237ca18,1,0,0.1623,0.2709,0.6882,0.2792,0
s2ae_50p_100ep_base_s46n,B,complete,shapeiou,B_sio_b_results.csv,100,100,90,0.1663,0.27467,0.16405,0.27161,1389.24,0.001,46,42,shuffle,46,dota15_50p,/root/datasets_mask/dota15_yolo/dota15_50p.yaml,visdrone_pretrain.pt,640,32,100,5,s2ae,50,base,0,0,0,,1,P1ext_B_20261001,P1ext_B_20261001,ddc57e5f940250f2be33feb323c95866,1,0,0.1666,0.275,0.7185,0.2757,0
s2ae_50p_100ep_base_s47n,B,complete,shapeiou,B_sio_b_results.csv,100,100,88,0.16575,0.27409,0.16231,0.26985,1324.33,0.001,47,42,shuffle,47,dota15_50p,/root/datasets_mask/dota15_yolo/dota15_50p.yaml,visdrone_pretrain.pt,640,32,100,5,s2ae,50,base,0,0,0,,1,P1ext_B_20261001,P1ext_B_20261001,e732065603b5dac2ffc50de63310eb17,1,0,0.166,0.2745,0.6764,0.2868,0
s2ae_50p_100ep_base_s48n,B,complete,shapeiou,B_sio_b_results.csv,100,100,80,0.16617,0.2752,0.16223,0.26778,1363.0,0.001,48,42,shuffle,48,dota15_50p,/root/datasets_mask/dota15_yolo/dota15_50p.yaml,visdrone_pretrain.pt,640,32,100,5,s2ae,50,base,0,0,0,,1,P1ext_B_20261001,P1ext_B_20261001,85efd962317a94b2ecdf8ef86d496c4e,1,0,0.1658,0.2743,0.6698,0.2901,0
s2ae_50p_100ep_base_s49n,B,complete,shapeiou,B_sio_b_results.csv,100,100,79,0.16196,0.27012,0.15691,0.2637,1326.28,0.001,49,42,shuffle,49,dota15_50p,/root/datasets_mask/dota15_yolo/dota15_50p.yaml,visdrone_pretrain.pt,640,32,100,5,s2ae,50,base,0,0,0,,1,P1ext_B_20261001,P1ext_B_20261001,1006b50036a06c7d2e2781739913a8bb,1,0,0.1613,0.2697,0.6753,0.2867,0
s2ae_50p_100ep_base_s50n,B,complete,shapeiou,B_sio_b_results.csv,100,100,90,0.16369,0.27434,0.15934,0.26823,1451.15,0.001,50,42,shuffle,50,dota15_50p,/root/datasets_mask/dota15_yolo/dota15_50p.yaml,visdrone_pretrain.pt,640,32,100,5,s2ae,50,base,0,0,0,,1,P1ext_B_20261001,P1ext_B_20261001,23b5b4cf438bf332f6fdbd2635032883,1,0,0.1636,0.2736,0.6378,0.2817,0
s2ae_50p_100ep_base_s51n,B,complete,shapeiou,B_sio_b_results.csv,100,100,77,0.16464,0.27379,0.16066,0.26832,1562.63,0.001,51,42,shuffle,51,dota15_50p,/root/datasets_mask/dota15_yolo/dota15_50p.yaml,visdrone_pretrain.pt,640,32,100,5,s2ae,50,base,0,0,0,,1,P1ext_B_20261001,P1ext_B_20261001,d0fa759c39e3bcdc5514a9b3ebf81bc1,1,0,0.1654,0.2734,0.6937,0.2823,0
s2ae_50p_100ep_lr005_s42n,B,complete,shapeiou,B_sio_b_results.csv,100,100,88,0.19792,0.32364,0.19589,0.32323,1461.81,0.005,42,42,shuffle,42,dota15_50p,/root/datasets_mask/dota15_yolo/dota15_50p.yaml,visdrone_pretrain.pt,640,32,100,5,s2ae,50,lr005,0,0,0,,1,P1ext_B_20261001,P1ext_B_20261001,623050ebecfd1e7a07e0aff7f7322bfd,1,0,0.1974,0.3257,0.5885,0.3409,0
s2ae_50p_100ep_lr005_s43n,B,complete,shapeiou,B_sio_b_results.csv,100,100,98,0.19781,0.32485,0.1976,0.32559,1429.63,0.005,43,42,shuffle,43,dota15_50p,/root/datasets_mask/dota15_yolo/dota15_50p.yaml,visdrone_pretrain.pt,640,32,100,5,s2ae,50,lr005,0,0,0,,1,P1ext_B_20261001,P1ext_B_20261001,9929b1c4e7a027d025d559e2900236bc,1,0,0.1974,0.3251,0.6503,0.3325,0
s2ae_50p_100ep_lr005_s44n,B,complete,shapeiou,B_sio_b_results.csv,100,100,90,0.19719,0.32368,0.19611,0.3268,1399.46,0.005,44,42,shuffle,44,dota15_50p,/root/datasets_mask/dota15_yolo/dota15_50p.yaml,visdrone_pretrain.pt,640,32,100,5,s2ae,50,lr005,0,0,0,,1,P1ext_B_20261001,P1ext_B_20261001,9b585d3012a2fc39ffe70f889b903992,1,0,0.1975,0.3255,0.6336,0.3402,0
s2ae_50p_100ep_lr005_s45n,B,complete,shapeiou,B_sio_b_results.csv,100,100,83,0.19403,0.32053,0.19012,0.31686,1456.85,0.005,45,42,shuffle,45,dota15_50p,/root/datasets_mask/dota15_yolo/dota15_50p.yaml,visdrone_pretrain.pt,640,32,100,5,s2ae,50,lr005,0,0,0,,1,P1ext_B_20261001,P1ext_B_20261001,a11349209196cb9d3e36e006c4b9a006,1,0,0.1941,0.3224,0.5991,0.3487,0
s2ae_50p_100ep_lr005_s46n,B,complete,shapeiou,B_sio_b_results.csv,100,100,100,0.19799,0.32565,0.19799,0.32565,1381.64,0.005,46,42,shuffle,46,dota15_50p,/root/datasets_mask/dota15_yolo/dota15_50p.yaml,visdrone_pretrain.pt,640,32,100,5,s2ae,50,lr005,0,0,0,,1,P1ext_B_20261001,P1ext_B_20261001,2873909123d8b8bb726b3c8d3350133b,1,0,0.1984,0.3284,0.6095,0.3405,0
s2ae_50p_100ep_lr005_s47n,B,complete,shapeiou,B_sio_b_results.csv,100,100,86,0.19776,0.32299,0.19352,0.32094,1467.13,0.005,47,42,shuffle,47,dota15_50p,/root/datasets_mask/dota15_yolo/dota15_50p.yaml,visdrone_pretrain.pt,640,32,100,5,s2ae,50,lr005,0,0,0,,1,P1ext_B_20261001,P1ext_B_20261001,954e572a6e185895b40f2ff4b57ad277,1,0,0.1973,0.3228,0.5925,0.3267,0
s2ae_50p_100ep_lr005_s48n,B,complete,shapeiou,B_sio_b_results.csv,100,100,90,0.19584,0.32147,0.19579,0.32235,1462.76,0.005,48,42,shuffle,48,dota15_50p,/root/datasets_mask/dota15_yolo/dota15_50p.yaml,visdrone_pretrain.pt,640,32,100,5,s2ae,50,lr005,0,0,0,,1,P1ext_B_20261001,P1ext_B_20261001,6a7dd4dffa45e29f862e8f9195251dfc,1,0,0.1946,0.3213,0.6491,0.3296,0
s2ae_50p_100ep_lr005_s49n,B,complete,shapeiou,B_sio_b_results.csv,100,100,100,0.19433,0.31882,0.19433,0.31882,1329.97,0.005,49,42,shuffle,49,dota15_50p,/root/datasets_mask/dota15_yolo/dota15_50p.yaml,visdrone_pretrain.pt,640,32,100,5,s2ae,50,lr005,0,0,0,,1,P1ext_B_20261001,P1ext_B_20261001,7186b93175b343d2251141c96dbff5be,1,0,0.1925,0.315,0.6764,0.3183,0
s2ae_50p_100ep_lr005_s50n,B,complete,shapeiou,B_sio_b_results.csv,100,100,90,0.19458,0.31733,0.19209,0.31317,1332.33,0.005,50,42,shuffle,50,dota15_50p,/root/datasets_mask/dota15_yolo/dota15_50p.yaml,visdrone_pretrain.pt,640,32,100,5,s2ae,50,lr005,0,0,0,,1,P1ext_B_20261001,P1ext_B_20261001,655e78fde15b636a48a3ddce9d67231d,1,0,0.1941,0.3175,0.6692,0.3223,0
s2ae_50p_100ep_lr005_s51n,B,complete,shapeiou,B_sio_b_results.csv,100,100,90,0.19146,0.31835,0.19098,0.3147,1076.85,0.005,51,42,shuffle,51,dota15_50p,/root/datasets_mask/dota15_yolo/dota15_50p.yaml,visdrone_pretrain.pt,640,32,100,5,s2ae,50,lr005,0,0,0,,1,P1ext_B_20261001,P1ext_B_20261001,a1acbceb3ffc342839623ff21ec6294f,1,0,0.1917,0.3189,0.617,0.3356,0
s2hv_10p_100ep_base_s42n,B,complete,shapeiou,sio_b_results.csv,100,100,63,0.50638,0.83821,0.48012,0.83185,317.255,0.001,42,42,shuffle,42,gdut_hwd_10p,/root/workspace/data/gdut_hwd/gdut_hwd_10p.yaml,chv_pretrain.pt,640,32,100,5,s2hv,10,base,0,0,0,,1,B_csv_20260930,B_csv_20260930,9f4a60aa21c580ef0c8c48bfc616595c,1,0,0.4648,0.7751,0.8564,0.6918,0
s2hv_10p_100ep_base_s43n,B,complete,shapeiou,sio_b_results.csv,100,100,40,0.50221,0.82068,0.47818,0.82837,363.961,0.001,43,42,shuffle,43,gdut_hwd_10p,/root/workspace/data/gdut_hwd/gdut_hwd_10p.yaml,chv_pretrain.pt,640,32,100,5,s2hv,10,base,0,0,0,,1,B_csv_20260930,B_csv_20260930,c281d76a89218c2055c05d6ee8abf912,1,0,0.4555,0.7599,0.8396,0.6743,0
s2hv_10p_100ep_base_s44n,B,complete,shapeiou,sio_b_results.csv,100,100,34,0.50434,0.825,0.47924,0.83533,315.433,0.001,44,42,shuffle,44,gdut_hwd_10p,/root/workspace/data/gdut_hwd/gdut_hwd_10p.yaml,chv_pretrain.pt,640,32,100,5,s2hv,10,base,0,0,0,,1,B_csv_20260930,B_csv_20260930,a06cc30a7de440b5e10024164aa8cb88,1,0,0.4577,0.7642,0.8494,0.6734,0
s2hv_10p_100ep_lr005_s42n,B,complete,shapeiou,sio_b_results.csv,100,100,47,0.48947,0.80412,0.46675,0.81202,318.417,0.005,42,42,shuffle,42,gdut_hwd_10p,/root/workspace/data/gdut_hwd/gdut_hwd_10p.yaml,chv_pretrain.pt,640,32,100,5,s2hv,10,lr005,0,0,0,,1,B_csv_20260930,B_csv_20260930,9798968fed069c1de7b0d2479842d767,1,0,0.4552,0.7618,0.8373,0.691,0
s2hv_10p_100ep_lr005_s43n,B,complete,shapeiou,sio_b_results.csv,100,100,44,0.51022,0.83492,0.48108,0.82311,312.806,0.005,43,42,shuffle,43,gdut_hwd_10p,/root/workspace/data/gdut_hwd/gdut_hwd_10p.yaml,chv_pretrain.pt,640,32,100,5,s2hv,10,lr005,0,0,0,,1,B_csv_20260930,B_csv_20260930,5d17f480f0af3d8807fd8719fac88aa1,1,0,0.4558,0.7643,0.8438,0.6886,0
s2hv_10p_100ep_lr005_s44n,B,complete,shapeiou,sio_b_results.csv,100,100,78,0.50709,0.83602,0.47407,0.81586,295.136,0.005,44,42,shuffle,44,gdut_hwd_10p,/root/workspace/data/gdut_hwd/gdut_hwd_10p.yaml,chv_pretrain.pt,640,32,100,5,s2hv,10,lr005,0,0,0,,1,B_csv_20260930,B_csv_20260930,1a0b1bb87d78062793e8beb5b0d6c23c,1,0,0.4583,0.7747,0.8709,0.6926,0
s2hv_10p_30ep_base_s42n,B,complete,shapeiou,sio_b_results.csv,30,30,20,0.46256,0.77787,0.44448,0.78239,123.031,0.001,42,42,shuffle,42,gdut_hwd_10p,/root/workspace/data/gdut_hwd/gdut_hwd_10p.yaml,chv_pretrain.pt,640,32,100,5,s2hv,10,base,0,0,0,,1,B_csv_20260930,B_csv_20260930,19fc2413cc3a6aba84b6ecc701b2526f,1,0,0.4267,0.7277,0.8048,0.6415,0
s2hv_10p_30ep_base_s43n,B,complete,shapeiou,sio_b_results.csv,30,30,25,0.46169,0.77971,0.44474,0.77785,101.106,0.001,43,42,shuffle,43,gdut_hwd_10p,/root/workspace/data/gdut_hwd/gdut_hwd_10p.yaml,chv_pretrain.pt,640,32,100,5,s2hv,10,base,0,0,0,,1,B_csv_20260930,B_csv_20260930,c78b58ef9c64d60285b54f08bd9b7d3a,1,0,0.423,0.7286,0.8167,0.6356,0
s2hv_10p_30ep_base_s44n,B,complete,shapeiou,sio_b_results.csv,30,30,25,0.46115,0.77711,0.44644,0.78768,99.5694,0.001,44,42,shuffle,44,gdut_hwd_10p,/root/workspace/data/gdut_hwd/gdut_hwd_10p.yaml,chv_pretrain.pt,640,32,100,5,s2hv,10,base,0,0,0,,1,B_csv_20260930,B_csv_20260930,7e39e84797725395109913beb267e964,1,0,0.4265,0.7308,0.8197,0.6451,0
s2hv_10p_30ep_lr005_s42n,B,complete,shapeiou,sio_b_results.csv,30,30,23,0.48828,0.8063,0.46954,0.81894,134.56,0.005,42,42,shuffle,42,gdut_hwd_10p,/root/workspace/data/gdut_hwd/gdut_hwd_10p.yaml,chv_pretrain.pt,640,32,100,5,s2hv,10,lr005,0,0,0,,1,B_csv_20260930,B_csv_20260930,a4364dbbb4c6bb70eec6f0dff4be6243,1,0,0.4512,0.7599,0.8357,0.685,0
s2hv_10p_30ep_lr005_s43n,B,complete,shapeiou,sio_b_results.csv,30,30,19,0.49181,0.8098,0.47427,0.82352,97.8842,0.005,43,42,shuffle,43,gdut_hwd_10p,/root/workspace/data/gdut_hwd/gdut_hwd_10p.yaml,chv_pretrain.pt,640,32,100,5,s2hv,10,lr005,0,0,0,,1,B_csv_20260930,B_csv_20260930,a2f9ede88b46f4e5616d24889332ef44,1,0,0.455,0.7508,0.8172,0.6765,0
s2hv_10p_30ep_lr005_s44n,B,complete,shapeiou,sio_b_results.csv,30,30,30,0.49348,0.83198,0.49348,0.83198,92.9606,0.005,44,42,shuffle,44,gdut_hwd_10p,/root/workspace/data/gdut_hwd/gdut_hwd_10p.yaml,chv_pretrain.pt,640,32,100,5,s2hv,10,lr005,0,0,0,,1,B_csv_20260930,B_csv_20260930,e07b60b5db35f642ff3c0f0c51b107cc,1,0,0.4489,0.7689,0.8539,0.6893,0
s2hv_20p_100ep_base_s42n,B,complete,shapeiou,sio_b_results.csv,100,100,58,0.51918,0.85742,0.50223,0.84997,384.915,0.001,42,42,shuffle,42,gdut_hwd_20p,/root/workspace/data/gdut_hwd/gdut_hwd_20p.yaml,chv_pretrain.pt,640,32,100,5,s2hv,20,base,0,0,0,,1,B_csv_20260930,B_csv_20260930,2156e3e64e0210fa4891c314028eb80d,1,0,0.486,0.8065,0.8796,0.7328,0
s2hv_20p_100ep_base_s43n,B,complete,shapeiou,sio_b_results.csv,100,100,58,0.52249,0.84907,0.49847,0.84466,387.637,0.001,43,42,shuffle,43,gdut_hwd_20p,/root/workspace/data/gdut_hwd/gdut_hwd_20p.yaml,chv_pretrain.pt,640,32,100,5,s2hv,20,base,0,0,0,,1,B_csv_20260930,B_csv_20260930,02745311c1ab570e32e79faee8b278d1,1,0,0.4926,0.8036,0.8727,0.7321,0
s2hv_20p_100ep_base_s44n,B,complete,shapeiou,sio_b_results.csv,100,100,63,0.52571,0.85649,0.50173,0.85297,388.295,0.001,44,42,shuffle,44,gdut_hwd_20p,/root/workspace/data/gdut_hwd/gdut_hwd_20p.yaml,chv_pretrain.pt,640,32,100,5,s2hv,20,base,0,0,0,,1,B_csv_20260930,B_csv_20260930,047a14324dc7be23357bed4322d145a6,1,0,0.4883,0.8028,0.8783,0.7288,0
s2hv_20p_100ep_lr005_s42n,B,complete,shapeiou,sio_b_results.csv,100,100,58,0.52863,0.85088,0.50273,0.84596,364.137,0.005,42,42,shuffle,42,gdut_hwd_20p,/root/workspace/data/gdut_hwd/gdut_hwd_20p.yaml,chv_pretrain.pt,640,32,100,5,s2hv,20,lr005,0,0,0,,1,B_csv_20260930,B_csv_20260930,ae823fd40a4b1a803e83be3c5a131b3a,1,0,0.4816,0.7915,0.873,0.7268,0
s2hv_20p_100ep_lr005_s43n,B,complete,shapeiou,sio_b_results.csv,100,100,58,0.52817,0.85175,0.49621,0.84975,382.989,0.005,43,42,shuffle,43,gdut_hwd_20p,/root/workspace/data/gdut_hwd/gdut_hwd_20p.yaml,chv_pretrain.pt,640,32,100,5,s2hv,20,lr005,0,0,0,,1,B_csv_20260930,B_csv_20260930,5fca518ef297c84e952bdd6d68082d5c,1,0,0.4851,0.7966,0.8751,0.7192,0
s2hv_20p_100ep_lr005_s44n,B,complete,shapeiou,sio_b_results.csv,100,100,58,0.53272,0.84467,0.49894,0.85033,423.084,0.005,44,42,shuffle,44,gdut_hwd_20p,/root/workspace/data/gdut_hwd/gdut_hwd_20p.yaml,chv_pretrain.pt,640,32,100,5,s2hv,20,lr005,0,0,0,,1,B_csv_20260930,B_csv_20260930,e601ef390058e6f936bbbeb2840b19ce,1,0,0.4968,0.7959,0.8785,0.7185,0
s2hv_20p_30ep_base_s42n,B,complete,shapeiou,sio_b_results.csv,30,30,19,0.49255,0.82255,0.49185,0.82038,117.853,0.001,42,42,shuffle,42,gdut_hwd_20p,/root/workspace/data/gdut_hwd/gdut_hwd_20p.yaml,chv_pretrain.pt,640,32,100,5,s2hv,20,base,0,0,0,,1,B_csv_20260930,B_csv_20260930,224e8c58877964d59f8b1a50c9bc518e,1,0,0.4516,0.7739,0.8647,0.6845,0
s2hv_20p_30ep_base_s43n,B,complete,shapeiou,sio_b_results.csv,30,30,14,0.49827,0.82051,0.49064,0.82017,111.904,0.001,43,42,shuffle,43,gdut_hwd_20p,/root/workspace/data/gdut_hwd/gdut_hwd_20p.yaml,chv_pretrain.pt,640,32,100,5,s2hv,20,base,0,0,0,,1,B_csv_20260930,B_csv_20260930,65358255deafe5447a5e829e78a4853a,1,0,0.4587,0.7628,0.8508,0.6786,0
s2hv_20p_30ep_base_s44n,B,complete,shapeiou,sio_b_results.csv,30,30,23,0.49469,0.81536,0.49185,0.82199,143.161,0.001,44,42,shuffle,44,gdut_hwd_20p,/root/workspace/data/gdut_hwd/gdut_hwd_20p.yaml,chv_pretrain.pt,640,32,100,5,s2hv,20,base,0,0,0,,1,B_csv_20260930,B_csv_20260930,ad03435e15d4de7bfc02a95edc617774,1,0,0.4612,0.7684,0.8424,0.6885,0
s2hv_20p_30ep_lr005_s42n,B,complete,shapeiou,sio_b_results.csv,30,30,29,0.50956,0.83979,0.50899,0.83934,130.823,0.005,42,42,shuffle,42,gdut_hwd_20p,/root/workspace/data/gdut_hwd/gdut_hwd_20p.yaml,chv_pretrain.pt,640,32,100,5,s2hv,20,lr005,0,0,0,,1,B_csv_20260930,B_csv_20260930,c95339bc85a6019c0e2b6003d3f3bd0e,1,0,0.4737,0.7886,0.8698,0.7177,0
s2hv_20p_30ep_lr005_s43n,B,complete,shapeiou,sio_b_results.csv,30,30,19,0.51655,0.83616,0.51235,0.84337,111.866,0.005,43,42,shuffle,43,gdut_hwd_20p,/root/workspace/data/gdut_hwd/gdut_hwd_20p.yaml,chv_pretrain.pt,640,32,100,5,s2hv,20,lr005,0,0,0,,1,B_csv_20260930,B_csv_20260930,1fe8c1d5c2eb3e735e56c04b1f942629,1,0,0.4825,0.788,0.8606,0.7078,0
s2hv_20p_30ep_lr005_s44n,B,complete,shapeiou,sio_b_results.csv,30,30,21,0.52515,0.83906,0.50639,0.84595,137.359,0.005,44,42,shuffle,44,gdut_hwd_20p,/root/workspace/data/gdut_hwd/gdut_hwd_20p.yaml,chv_pretrain.pt,640,32,100,5,s2hv,20,lr005,0,0,0,,1,B_csv_20260930,B_csv_20260930,63bd265576e81faf19dffe3c7d289f73,1,0,0.4819,0.7887,0.8606,0.7152,0
s2hv_30p_100ep_base_s42n,B,complete,shapeiou,sio_b_results.csv,100,100,35,0.54156,0.86602,0.52707,0.86877,482.161,0.001,42,42,shuffle,42,gdut_hwd_30p,/root/workspace/data/gdut_hwd/gdut_hwd_30p.yaml,chv_pretrain.pt,640,32,100,5,s2hv,30,base,0,0,0,,1,B_csv_20260930,B_csv_20260930,7a64cc46cdb7a3f3f8fdf1d8e234206d,1,0,0.5031,0.8106,0.8784,0.7402,0
s2hv_30p_100ep_base_s43n,B,complete,shapeiou,sio_b_results.csv,100,100,35,0.54639,0.86767,0.51638,0.86085,520.125,0.001,43,42,shuffle,43,gdut_hwd_30p,/root/workspace/data/gdut_hwd/gdut_hwd_30p.yaml,chv_pretrain.pt,640,32,100,5,s2hv,30,base,0,0,0,,1,B_csv_20260930,B_csv_20260930,b91b8c56d7bae6e80d8cd22c1499aa40,1,0,0.5047,0.8174,0.8837,0.7423,0
s2hv_30p_100ep_base_s44n,B,complete,shapeiou,sio_b_results.csv,100,100,33,0.54002,0.86803,0.52223,0.86333,490.854,0.001,44,42,shuffle,44,gdut_hwd_30p,/root/workspace/data/gdut_hwd/gdut_hwd_30p.yaml,chv_pretrain.pt,640,32,100,5,s2hv,30,base,0,0,0,,1,B_csv_20260930,B_csv_20260930,a13004686c876dcbeec22d8dfd97b207,1,0,0.4924,0.8092,0.8731,0.7395,0
s2hv_30p_100ep_lr005_s42n,B,complete,shapeiou,sio_b_results.csv,100,100,73,0.52876,0.86771,0.51128,0.85719,417.642,0.005,42,42,shuffle,42,gdut_hwd_30p,/root/workspace/data/gdut_hwd/gdut_hwd_30p.yaml,chv_pretrain.pt,640,32,100,5,s2hv,30,lr005,0,0,0,,1,B_csv_20260930,B_csv_20260930,1e2d1392bdc2bf7ff01756d3f5d2e589,1,0,0.4831,0.8073,0.8794,0.7388,0
s2hv_30p_100ep_lr005_s43n,B,complete,shapeiou,sio_b_results.csv,100,100,35,0.52705,0.85177,0.51382,0.85706,480.218,0.005,43,42,shuffle,43,gdut_hwd_30p,/root/workspace/data/gdut_hwd/gdut_hwd_30p.yaml,chv_pretrain.pt,640,32,100,5,s2hv,30,lr005,0,0,0,,1,B_csv_20260930,B_csv_20260930,5e0e359bb6acd837c006fb5e7bfece43,1,0,0.4827,0.7955,0.8703,0.7229,0
s2hv_30p_100ep_lr005_s44n,B,complete,shapeiou,sio_b_results.csv,100,100,33,0.53016,0.85914,0.50685,0.85546,497.104,0.005,44,42,shuffle,44,gdut_hwd_30p,/root/workspace/data/gdut_hwd/gdut_hwd_30p.yaml,chv_pretrain.pt,640,32,100,5,s2hv,30,lr005,0,0,0,,1,B_csv_20260930,B_csv_20260930,ad35309eadb722469cdc371bcb9cfb7f,1,0,0.4824,0.7941,0.8688,0.7281,0
s2hv_30p_30ep_base_s42n,B,complete,shapeiou,sio_b_results.csv,30,30,26,0.51639,0.84859,0.51561,0.8493,143.027,0.001,42,42,shuffle,42,gdut_hwd_30p,/root/workspace/data/gdut_hwd/gdut_hwd_30p.yaml,chv_pretrain.pt,640,32,100,5,s2hv,30,base,0,0,0,,1,B_csv_20260930,B_csv_20260930,c68600e3e3a66d3183bb37996270e9b7,1,0,0.4793,0.794,0.8646,0.7123,0
s2hv_30p_30ep_base_s43n,B,complete,shapeiou,sio_b_results.csv,30,30,29,0.51573,0.84776,0.51398,0.84688,153.673,0.001,43,42,shuffle,43,gdut_hwd_30p,/root/workspace/data/gdut_hwd/gdut_hwd_30p.yaml,chv_pretrain.pt,640,32,100,5,s2hv,30,base,0,0,0,,1,B_csv_20260930,B_csv_20260930,7ae2d5eacde77a0ca4e3d0c96463ecfa,1,0,0.478,0.795,0.8738,0.7137,0
s2hv_30p_30ep_base_s44n,B,complete,shapeiou,sio_b_results.csv,30,30,17,0.52083,0.84562,0.51511,0.85033,144.763,0.001,44,42,shuffle,44,gdut_hwd_30p,/root/workspace/data/gdut_hwd/gdut_hwd_30p.yaml,chv_pretrain.pt,640,32,100,5,s2hv,30,base,0,0,0,,1,B_csv_20260930,B_csv_20260930,55d5114dc9c4029aa5ff5d770ee51599,1,0,0.4829,0.7918,0.8654,0.7076,0
s2hv_30p_30ep_lr005_s42n,B,complete,shapeiou,sio_b_results.csv,30,30,21,0.53516,0.84348,0.52056,0.85427,160.84,0.005,42,42,shuffle,42,gdut_hwd_30p,/root/workspace/data/gdut_hwd/gdut_hwd_30p.yaml,chv_pretrain.pt,640,32,100,5,s2hv,30,lr005,0,0,0,,1,B_csv_20260930,B_csv_20260930,73658fe849326f21f76e5ff10a921a58,1,0,0.4908,0.7919,0.8744,0.7224,0
s2hv_30p_30ep_lr005_s43n,B,complete,shapeiou,sio_b_results.csv,30,30,29,0.52882,0.85262,0.51609,0.84902,176.975,0.005,43,42,shuffle,43,gdut_hwd_30p,/root/workspace/data/gdut_hwd/gdut_hwd_30p.yaml,chv_pretrain.pt,640,32,100,5,s2hv,30,lr005,0,0,0,,1,B_csv_20260930,B_csv_20260930,ac35facc342a604a6b55ba8d02db7aa1,1,0,0.4878,0.8013,0.8657,0.7318,0
s2hv_30p_30ep_lr005_s44n,B,complete,shapeiou,sio_b_results.csv,30,30,29,0.53623,0.86333,0.51888,0.85873,222.648,0.005,44,42,shuffle,44,gdut_hwd_30p,/root/workspace/data/gdut_hwd/gdut_hwd_30p.yaml,chv_pretrain.pt,640,32,100,5,s2hv,30,lr005,0,0,0,,1,B_csv_20260930,B_csv_20260930,0552efe8aba6a2311bde70ba1f34a296,1,0,0.5024,0.8116,0.8758,0.7421,0
s2hv_40p_100ep_base_s42n,B,complete,shapeiou,sio_b_results.csv,100,100,62,0.55337,0.88008,0.51502,0.86913,559.555,0.001,42,42,shuffle,42,gdut_hwd_40p,/root/workspace/data/gdut_hwd/gdut_hwd_40p.yaml,chv_pretrain.pt,640,32,100,5,s2hv,40,base,0,0,0,,1,B_csv_20260930,B_csv_20260930,51ae3774ce53c24283035e6b90701f14,1,0,0.507,0.8193,0.8932,0.7462,0
s2hv_40p_100ep_base_s43n,B,complete,shapeiou,sio_b_results.csv,100,100,31,0.5534,0.86721,0.51131,0.86587,600.435,0.001,43,42,shuffle,43,gdut_hwd_40p,/root/workspace/data/gdut_hwd/gdut_hwd_40p.yaml,chv_pretrain.pt,640,32,100,5,s2hv,40,base,0,0,0,,1,B_csv_20260930,B_csv_20260930,552e0e84246b18600021aeaf5553e5d2,1,0,0.5055,0.8098,0.8754,0.7376,0
s2hv_40p_100ep_base_s44n,B,complete,shapeiou,sio_b_results.csv,100,100,38,0.55503,0.87908,0.51529,0.86879,561.651,0.001,44,42,shuffle,44,gdut_hwd_40p,/root/workspace/data/gdut_hwd/gdut_hwd_40p.yaml,chv_pretrain.pt,640,32,100,5,s2hv,40,base,0,0,0,,1,B_csv_20260930,B_csv_20260930,e95aac3f0eaff97dafda89f35510b38f,1,0,0.5069,0.8151,0.8853,0.7435,0
s2hv_40p_100ep_lr005_s42n,B,complete,shapeiou,sio_b_results.csv,100,100,31,0.53905,0.85328,0.50512,0.84861,492.289,0.005,42,42,shuffle,42,gdut_hwd_40p,/root/workspace/data/gdut_hwd/gdut_hwd_40p.yaml,chv_pretrain.pt,640,32,100,5,s2hv,40,lr005,0,0,0,,1,B_csv_20260930,B_csv_20260930,e12fe2df74b84070d31525e01a43a201,1,0,0.5016,0.8117,0.8908,0.739,0
s2hv_40p_100ep_lr005_s43n,B,complete,shapeiou,sio_b_results.csv,100,100,46,0.52997,0.84865,0.50903,0.84986,512.581,0.005,43,42,shuffle,43,gdut_hwd_40p,/root/workspace/data/gdut_hwd/gdut_hwd_40p.yaml,chv_pretrain.pt,640,32,100,5,s2hv,40,lr005,0,0,0,,1,B_csv_20260930,B_csv_20260930,f46488787c569ced77d949165e723c21,1,0,0.496,0.809,0.8889,0.7348,0
s2hv_40p_100ep_lr005_s44n,B,complete,shapeiou,sio_b_results.csv,100,100,31,0.53765,0.84069,0.50805,0.85207,488.383,0.005,44,42,shuffle,44,gdut_hwd_40p,/root/workspace/data/gdut_hwd/gdut_hwd_40p.yaml,chv_pretrain.pt,640,32,100,5,s2hv,40,lr005,0,0,0,,1,B_csv_20260930,B_csv_20260930,186d4545de77a682edb936072c98af1c,1,0,0.4917,0.789,0.8634,0.7258,0
s2hv_40p_30ep_base_s42n,B,complete,shapeiou,sio_b_results.csv,30,30,20,0.53269,0.86084,0.5193,0.85836,178.797,0.001,42,42,shuffle,42,gdut_hwd_40p,/root/workspace/data/gdut_hwd/gdut_hwd_40p.yaml,chv_pretrain.pt,640,32,100,5,s2hv,40,base,0,0,0,,1,B_csv_20260930,B_csv_20260930,a73ccad891689984e754b877cb4a8d51,1,0,0.4937,0.8067,0.8853,0.7291,0
s2hv_40p_30ep_base_s43n,B,complete,shapeiou,sio_b_results.csv,30,30,23,0.53316,0.8562,0.51925,0.85619,161.213,0.001,43,42,shuffle,43,gdut_hwd_40p,/root/workspace/data/gdut_hwd/gdut_hwd_40p.yaml,chv_pretrain.pt,640,32,100,5,s2hv,40,base,0,0,0,,1,B_csv_20260930,B_csv_20260930,d79d2899abe8df33abd7eef573c36b3f,1,0,0.4898,0.8019,0.8702,0.7253,0
s2hv_40p_30ep_base_s44n,B,complete,shapeiou,sio_b_results.csv,30,30,23,0.52824,0.85765,0.52331,0.85851,184.416,0.001,44,42,shuffle,44,gdut_hwd_40p,/root/workspace/data/gdut_hwd/gdut_hwd_40p.yaml,chv_pretrain.pt,640,32,100,5,s2hv,40,base,0,0,0,,1,B_csv_20260930,B_csv_20260930,41339d8e8e88de540da83a2df3a54ca8,1,0,0.4857,0.8002,0.8724,0.7251,0
s2hv_40p_30ep_lr005_s42n,B,complete,shapeiou,sio_b_results.csv,30,30,18,0.5398,0.858,0.5203,0.85722,197.494,0.005,42,42,shuffle,42,gdut_hwd_40p,/root/workspace/data/gdut_hwd/gdut_hwd_40p.yaml,chv_pretrain.pt,640,32,100,5,s2hv,40,lr005,0,0,0,,1,B_csv_20260930,B_csv_20260930,0ac98e0684fb6e6ae83630a591752e8a,1,0,0.4916,0.799,0.8739,0.7293,0
s2hv_40p_30ep_lr005_s43n,B,complete,shapeiou,sio_b_results.csv,30,30,29,0.53276,0.85489,0.51592,0.85642,181.32,0.005,43,42,shuffle,43,gdut_hwd_40p,/root/workspace/data/gdut_hwd/gdut_hwd_40p.yaml,chv_pretrain.pt,640,32,100,5,s2hv,40,lr005,0,0,0,,1,B_csv_20260930,B_csv_20260930,e5d46dc0210a0b3f89341073a4b6ac7e,1,0,0.493,0.8126,0.9038,0.733,0
s2hv_40p_30ep_lr005_s44n,B,complete,shapeiou,sio_b_results.csv,30,30,29,0.52869,0.85451,0.51098,0.85549,171.08,0.005,44,42,shuffle,44,gdut_hwd_40p,/root/workspace/data/gdut_hwd/gdut_hwd_40p.yaml,chv_pretrain.pt,640,32,100,5,s2hv,40,lr005,0,0,0,,1,B_csv_20260930,B_csv_20260930,f6c70fabc84b8184d9a1b7325e5bd3b5,1,0,0.5023,0.8121,0.8873,0.7421,0
s2hv_50p_100ep_base_s42n,B,complete,shapeiou,sio_b_results.csv,100,100,40,0.55246,0.87068,0.52869,0.8798,677.096,0.001,42,42,shuffle,42,gdut_hwd_50p,/root/workspace/data/gdut_hwd/gdut_hwd_50p.yaml,chv_pretrain.pt,640,32,100,5,s2hv,50,base,0,0,0,,1,B_csv_20260930,B_csv_20260930,f02ca045c204424ec6f70fa2c8ef72e7,1,0,0.5135,0.82,0.8845,0.7517,0
s2hv_50p_100ep_base_s43n,B,complete,shapeiou,sio_b_results.csv,100,100,24,0.55208,0.88717,0.5183,0.87469,579.862,0.001,43,42,shuffle,43,gdut_hwd_50p,/root/workspace/data/gdut_hwd/gdut_hwd_50p.yaml,chv_pretrain.pt,640,32,100,5,s2hv,50,base,0,0,0,,1,B_csv_20260930,B_csv_20260930,a6ae985932091faf414fb432a1d9985f,1,0,0.5016,0.8103,0.8849,0.7397,0
s2hv_50p_100ep_base_s44n,B,complete,shapeiou,sio_b_results.csv,100,100,40,0.55279,0.87206,0.51357,0.87067,676.819,0.001,44,42,shuffle,44,gdut_hwd_50p,/root/workspace/data/gdut_hwd/gdut_hwd_50p.yaml,chv_pretrain.pt,640,32,100,5,s2hv,50,base,0,0,0,,1,B_csv_20260930,B_csv_20260930,69a9e12337d036005585de0e1862f745,1,0,0.5124,0.8173,0.8878,0.7502,0
s2hv_50p_100ep_lr005_s42n,B,complete,shapeiou,sio_b_results.csv,100,100,66,0.54603,0.86602,0.52136,0.86456,508.043,0.005,42,42,shuffle,42,gdut_hwd_50p,/root/workspace/data/gdut_hwd/gdut_hwd_50p.yaml,chv_pretrain.pt,640,32,100,5,s2hv,50,lr005,0,0,0,,1,B_csv_20260930,B_csv_20260930,0511fad3ac46e698516ce91c78db15b6,1,0,0.5027,0.8218,0.8952,0.7527,0
s2hv_50p_100ep_lr005_s43n,B,complete,shapeiou,sio_b_results.csv,100,100,43,0.54987,0.87311,0.51722,0.86583,583.337,0.005,43,42,shuffle,43,gdut_hwd_50p,/root/workspace/data/gdut_hwd/gdut_hwd_50p.yaml,chv_pretrain.pt,640,32,100,5,s2hv,50,lr005,0,0,0,,1,B_csv_20260930,B_csv_20260930,7460cd375a54250f0a224497376900de,1,0,0.5075,0.8257,0.8973,0.7525,0
s2hv_50p_100ep_lr005_s44n,B,complete,shapeiou,sio_b_results.csv,100,100,67,0.53546,0.86667,0.51869,0.86199,561.397,0.005,44,42,shuffle,44,gdut_hwd_50p,/root/workspace/data/gdut_hwd/gdut_hwd_50p.yaml,chv_pretrain.pt,640,32,100,5,s2hv,50,lr005,0,0,0,,1,B_csv_20260930,B_csv_20260930,213b9d2b061dd8cf46875f92a63ec118,1,0,0.4996,0.8192,0.8912,0.7546,0
s2hv_50p_30ep_base_s42n,B,complete,shapeiou,sio_b_results.csv,30,30,24,0.54195,0.87142,0.52527,0.871,199.814,0.001,42,42,shuffle,42,gdut_hwd_50p,/root/workspace/data/gdut_hwd/gdut_hwd_50p.yaml,chv_pretrain.pt,640,32,100,5,s2hv,50,base,0,0,0,,1,B_csv_20260930,B_csv_20260930,5b5497907eccf9baa495b62d68215ce3,1,0,0.4958,0.8067,0.8812,0.7372,0
s2hv_50p_30ep_base_s43n,B,complete,shapeiou,sio_b_results.csv,30,30,18,0.54064,0.87292,0.52075,0.86974,179.968,0.001,43,42,shuffle,43,gdut_hwd_50p,/root/workspace/data/gdut_hwd/gdut_hwd_50p.yaml,chv_pretrain.pt,640,32,100,5,s2hv,50,base,0,0,0,,1,B_csv_20260930,B_csv_20260930,1566bd54f2ea9af63f81712f033253cb,1,0,0.4962,0.8087,0.873,0.7359,0
s2hv_50p_30ep_base_s44n,B,complete,shapeiou,sio_b_results.csv,30,30,28,0.53966,0.86732,0.50734,0.86646,184.336,0.001,44,42,shuffle,44,gdut_hwd_50p,/root/workspace/data/gdut_hwd/gdut_hwd_50p.yaml,chv_pretrain.pt,640,32,100,5,s2hv,50,base,0,0,0,,1,B_csv_20260930,B_csv_20260930,bafb00c2a3342dc01d15754dcfa66422,1,0,0.496,0.8073,0.879,0.7409,0
s2hv_50p_30ep_lr005_s42n,B,complete,shapeiou,sio_b_results.csv,30,30,16,0.56172,0.86695,0.53615,0.87823,210.485,0.005,42,42,shuffle,42,gdut_hwd_50p,/root/workspace/data/gdut_hwd/gdut_hwd_50p.yaml,chv_pretrain.pt,640,32,100,5,s2hv,50,lr005,0,0,0,,1,B_csv_20260930,B_csv_20260930,79fe98d308528e61e74ce0576137f83d,1,0,0.5103,0.8072,0.8926,0.73,0
s2hv_50p_30ep_lr005_s43n,B,complete,shapeiou,sio_b_results.csv,30,30,28,0.53601,0.86266,0.52281,0.86159,207.678,0.005,43,42,shuffle,43,gdut_hwd_50p,/root/workspace/data/gdut_hwd/gdut_hwd_50p.yaml,chv_pretrain.pt,640,32,100,5,s2hv,50,lr005,0,0,0,,1,B_csv_20260930,B_csv_20260930,e55eca9859cc95effe377ebcf68b9e03,1,0,0.4973,0.8155,0.8866,0.7486,0
s2hv_50p_30ep_lr005_s44n,B,complete,shapeiou,sio_b_results.csv,30,30,27,0.54048,0.87256,0.51362,0.8676,177.285,0.005,44,42,shuffle,44,gdut_hwd_50p,/root/workspace/data/gdut_hwd/gdut_hwd_50p.yaml,chv_pretrain.pt,640,32,100,5,s2hv,50,lr005,0,0,0,,1,B_csv_20260930,B_csv_20260930,02e4d5f8aef5de015d8a44f4c94d3b07,1,0,0.4927,0.8111,0.893,0.7463,0
s2mk_10p_100ep_base_s42n,B,complete,shapeiou,sio_b_results.csv,100,100,36,0.65139,0.93955,0.64223,0.942,571.391,0.001,42,42,shuffle,42,mask_clean_10p,/root/datasets_mask/mask_clean/mask_clean_10p.yaml,mafa_pretrain.pt,640,32,100,5,s2mk,10,base,0,0,0,,1,B_csv_20260930,B_csv_20260930,73e00049f28efdd0a799f41c8eee3eba,1,0,0.626,0.9272,0.952,0.9129,0
s2mk_10p_100ep_base_s43n,B,complete,shapeiou,sio_b_results.csv,100,100,26,0.65749,0.94758,0.65121,0.94491,585.639,0.001,43,42,shuffle,43,mask_clean_10p,/root/datasets_mask/mask_clean/mask_clean_10p.yaml,mafa_pretrain.pt,640,32,100,5,s2mk,10,base,0,0,0,,1,B_csv_20260930,B_csv_20260930,02a325a54162edd62b127f2b82655168,1,0,0.6393,0.9406,0.9326,0.9171,0
s2mk_10p_100ep_base_s44n,B,complete,shapeiou,sio_b_results.csv,100,100,9,0.65595,0.94626,0.64273,0.94248,585.875,0.001,44,42,shuffle,44,mask_clean_10p,/root/datasets_mask/mask_clean/mask_clean_10p.yaml,mafa_pretrain.pt,640,32,100,5,s2mk,10,base,0,0,0,,1,B_csv_20260930,B_csv_20260930,f59f5c872d472f22d356175ee927218d,1,0,0.6338,0.9478,0.9315,0.9171,0
s2mk_10p_100ep_lr005_s42n,B,complete,shapeiou,sio_b_results.csv,100,100,92,0.64626,0.93798,0.63558,0.93719,627.807,0.005,42,42,shuffle,42,mask_clean_10p,/root/datasets_mask/mask_clean/mask_clean_10p.yaml,mafa_pretrain.pt,640,32,100,5,s2mk,10,lr005,0,0,0,,1,B_csv_20260930,B_csv_20260930,708ebf5b90d45030e07e64095cb9cd4e,1,0,0.6171,0.918,0.9453,0.8906,0
s2mk_10p_100ep_lr005_s43n,B,complete,shapeiou,sio_b_results.csv,100,100,71,0.628,0.9491,0.624,0.93623,578.925,0.005,43,42,shuffle,43,mask_clean_10p,/root/datasets_mask/mask_clean/mask_clean_10p.yaml,mafa_pretrain.pt,640,32,100,5,s2mk,10,lr005,0,0,0,,1,B_csv_20260930,B_csv_20260930,60b7df2f1fc9846825bdf1a32f2a2ecb,1,0,0.6179,0.9254,0.9505,0.9006,0
s2mk_10p_100ep_lr005_s44n,B,complete,shapeiou,sio_b_results.csv,100,100,84,0.64069,0.94505,0.63024,0.9395,648.575,0.005,44,42,shuffle,44,mask_clean_10p,/root/datasets_mask/mask_clean/mask_clean_10p.yaml,mafa_pretrain.pt,640,32,100,5,s2mk,10,lr005,0,0,0,,1,B_csv_20260930,B_csv_20260930,98565cd8d6ddc6c94f258b10f274befd,1,0,0.6401,0.9254,0.9322,0.9114,0
s2mk_10p_30ep_base_s42n,B,complete,shapeiou,sio_b_results.csv,30,30,26,0.65337,0.94749,0.64697,0.94626,184.902,0.001,42,42,shuffle,42,mask_clean_10p,/root/datasets_mask/mask_clean/mask_clean_10p.yaml,mafa_pretrain.pt,640,32,100,5,s2mk,10,base,0,0,0,,1,B_csv_20260930,B_csv_20260930,dddde26fa24348441813ef3205415f8e,1,0,0.6363,0.9384,0.9528,0.9079,0
s2mk_10p_30ep_base_s43n,B,complete,shapeiou,sio_b_results.csv,30,30,26,0.67093,0.95623,0.66008,0.95466,422.867,0.001,43,42,shuffle,43,mask_clean_10p,/root/datasets_mask/mask_clean/mask_clean_10p.yaml,mafa_pretrain.pt,640,32,100,5,s2mk,10,base,0,0,0,,1,B_csv_20260930,B_csv_20260930,fe0634a0c72fbe93cfb3f870c8d6fdc4,1,0,0.6418,0.9436,0.9293,0.93,0
s2mk_10p_30ep_base_s44n,B,complete,shapeiou,sio_b_results.csv,30,30,22,0.65303,0.94793,0.64687,0.94692,185.432,0.001,44,42,shuffle,44,mask_clean_10p,/root/datasets_mask/mask_clean/mask_clean_10p.yaml,mafa_pretrain.pt,640,32,100,5,s2mk,10,base,0,0,0,,1,B_csv_20260930,B_csv_20260930,5f2459e188631f53997308eb9d75b069,1,0,0.6411,0.9457,0.9235,0.9339,0
s2mk_10p_30ep_lr005_s42n,B,complete,shapeiou,sio_b_results.csv,30,30,25,0.64366,0.94128,0.63741,0.93139,190.389,0.005,42,42,shuffle,42,mask_clean_10p,/root/datasets_mask/mask_clean/mask_clean_10p.yaml,mafa_pretrain.pt,640,32,100,5,s2mk,10,lr005,0,0,0,,1,B_csv_20260930,B_csv_20260930,d1b3f07fefbfcdb239d74d1ab7f95630,1,0,0.6256,0.9292,0.9271,0.9129,0
s2mk_10p_30ep_lr005_s43n,B,complete,shapeiou,sio_b_results.csv,30,30,28,0.64512,0.95011,0.64468,0.95024,181.235,0.005,43,42,shuffle,43,mask_clean_10p,/root/datasets_mask/mask_clean/mask_clean_10p.yaml,mafa_pretrain.pt,640,32,100,5,s2mk,10,lr005,0,0,0,,1,B_csv_20260930,B_csv_20260930,1db7f95415c05fd7fdd4fcd3ac5ca0e0,1,0,0.6342,0.9393,0.9497,0.9043,0
s2mk_10p_30ep_lr005_s44n,B,complete,shapeiou,sio_b_results.csv,30,30,30,0.64816,0.94404,0.64816,0.94404,201.928,0.005,44,42,shuffle,44,mask_clean_10p,/root/datasets_mask/mask_clean/mask_clean_10p.yaml,mafa_pretrain.pt,640,32,100,5,s2mk,10,lr005,0,0,0,,1,B_csv_20260930,B_csv_20260930,5f4681cde7c1686131cc96b4d6a981b8,1,0,0.6337,0.9314,0.942,0.8971,0
s2mk_20p_100ep_base_s42n,B,complete,shapeiou,sio_b_results.csv,100,100,8,0.65996,0.95147,0.63816,0.93883,855.578,0.001,42,42,shuffle,42,mask_clean_20p,/root/datasets_mask/mask_clean/mask_clean_20p.yaml,mafa_pretrain.pt,640,32,100,5,s2mk,20,base,0,0,0,,1,B_csv_20260930,B_csv_20260930,829d21acfcfc40a2442d15b2cf4a820b,1,0,0.6393,0.9427,0.9546,0.9098,0
s2mk_20p_100ep_base_s43n,B,complete,shapeiou,sio_b_results.csv,100,100,9,0.66132,0.95184,0.63264,0.93644,909.432,0.001,43,42,shuffle,43,mask_clean_20p,/root/datasets_mask/mask_clean/mask_clean_20p.yaml,mafa_pretrain.pt,640,32,100,5,s2mk,20,base,0,0,0,,1,B_csv_20260930,B_csv_20260930,92acef88b03ba5661e61b36d9835b660,1,0,0.6552,0.9467,0.9584,0.9116,0
s2mk_20p_100ep_base_s44n,B,complete,shapeiou,sio_b_results.csv,100,100,6,0.65358,0.95428,0.63858,0.94641,888.979,0.001,44,42,shuffle,44,mask_clean_20p,/root/datasets_mask/mask_clean/mask_clean_20p.yaml,mafa_pretrain.pt,640,32,100,5,s2mk,20,base,0,0,0,,1,B_csv_20260930,B_csv_20260930,ae1ec321fb0c26b7ddd6a3ce5acf0b3c,1,0,0.6408,0.9462,0.9452,0.9209,0
s2mk_20p_100ep_lr005_s42n,B,complete,shapeiou,sio_b_results.csv,100,100,64,0.64531,0.9461,0.63333,0.93565,908.736,0.005,42,42,shuffle,42,mask_clean_20p,/root/datasets_mask/mask_clean/mask_clean_20p.yaml,mafa_pretrain.pt,640,32,100,5,s2mk,20,lr005,0,0,0,,1,B_csv_20260930,B_csv_20260930,19abf7b5d7e5aa39fc2542f9dfcc5696,1,0,0.6338,0.9359,0.9457,0.9098,0
s2mk_20p_100ep_lr005_s43n,B,complete,shapeiou,sio_b_results.csv,100,100,83,0.638,0.94084,0.62834,0.93383,892.369,0.005,43,42,shuffle,43,mask_clean_20p,/root/datasets_mask/mask_clean/mask_clean_20p.yaml,mafa_pretrain.pt,640,32,100,5,s2mk,20,lr005,0,0,0,,1,B_csv_20260930,B_csv_20260930,dd248090ead17a1e70ed21f01d3189ab,1,0,0.6199,0.9264,0.9456,0.9061,0
s2mk_20p_100ep_lr005_s44n,B,complete,shapeiou,sio_b_results.csv,100,100,57,0.64387,0.93704,0.63328,0.93654,983.804,0.005,44,42,shuffle,44,mask_clean_20p,/root/datasets_mask/mask_clean/mask_clean_20p.yaml,mafa_pretrain.pt,640,32,100,5,s2mk,20,lr005,0,0,0,,1,B_csv_20260930,B_csv_20260930,4cba95300dd3b65fd8593c6b670b6a29,1,0,0.6276,0.9285,0.9276,0.9205,0
s2mk_20p_30ep_base_s42n,B,complete,shapeiou,sio_b_results.csv,30,30,6,0.66905,0.95411,0.65425,0.9531,267.866,0.001,42,42,shuffle,42,mask_clean_20p,/root/datasets_mask/mask_clean/mask_clean_20p.yaml,mafa_pretrain.pt,640,32,100,5,s2mk,20,base,0,0,0,,1,B_csv_20260930,B_csv_20260930,f8d7833954026752e3837d8d750e94b2,1,0,0.6577,0.953,0.9486,0.918,0
s2mk_20p_30ep_base_s43n,B,complete,shapeiou,sio_b_results.csv,30,30,9,0.66683,0.95317,0.65142,0.9511,271.456,0.001,43,42,shuffle,43,mask_clean_20p,/root/datasets_mask/mask_clean/mask_clean_20p.yaml,mafa_pretrain.pt,640,32,100,5,s2mk,20,base,0,0,0,,1,B_csv_20260930,B_csv_20260930,bfd72b5d83733352af851c52c36652f1,1,0,0.6621,0.9501,0.9503,0.9227,0
s2mk_20p_30ep_base_s44n,B,complete,shapeiou,sio_b_results.csv,30,30,6,0.65416,0.95478,0.64219,0.9484,268.568,0.001,44,42,shuffle,44,mask_clean_20p,/root/datasets_mask/mask_clean/mask_clean_20p.yaml,mafa_pretrain.pt,640,32,100,5,s2mk,20,base,0,0,0,,1,B_csv_20260930,B_csv_20260930,a6c8b84413be8059035c13cf3d649b97,1,0,0.6459,0.9506,0.9644,0.899,0
s2mk_20p_30ep_lr005_s42n,B,complete,shapeiou,sio_b_results.csv,30,30,20,0.64282,0.93834,0.63527,0.93331,291.709,0.005,42,42,shuffle,42,mask_clean_20p,/root/datasets_mask/mask_clean/mask_clean_20p.yaml,mafa_pretrain.pt,640,32,100,5,s2mk,20,lr005,0,0,0,,1,B_csv_20260930,B_csv_20260930,7f98348deab9442630789cb21676f778,1,0,0.6267,0.9298,0.9277,0.9153,0
s2mk_20p_30ep_lr005_s43n,B,complete,shapeiou,sio_b_results.csv,30,30,28,0.63964,0.9328,0.62856,0.93484,266.391,0.005,43,42,shuffle,43,mask_clean_20p,/root/datasets_mask/mask_clean/mask_clean_20p.yaml,mafa_pretrain.pt,640,32,100,5,s2mk,20,lr005,0,0,0,,1,B_csv_20260930,B_csv_20260930,f8bb636dc9972ab4abf0bee573f5ba06,1,0,0.6395,0.9227,0.9578,0.884,0
s2mk_20p_30ep_lr005_s44n,B,complete,shapeiou,sio_b_results.csv,30,30,30,0.64496,0.94394,0.64496,0.94394,301.963,0.005,44,42,shuffle,44,mask_clean_20p,/root/datasets_mask/mask_clean/mask_clean_20p.yaml,mafa_pretrain.pt,640,32,100,5,s2mk,20,lr005,0,0,0,,1,B_csv_20260930,B_csv_20260930,d29c08e96fb2ff03c8f76a5e0dfca2a8,1,0,0.6328,0.9325,0.9618,0.9006,0
s2mk_30p_100ep_base_s42n,B,complete,shapeiou,sio_b_results.csv,100,100,38,0.66253,0.95013,0.64306,0.93987,1200.67,0.001,42,42,shuffle,42,mask_clean_30p,/root/datasets_mask/mask_clean/mask_clean_30p.yaml,mafa_pretrain.pt,640,32,100,5,s2mk,30,base,0,0,0,,1,B_csv_20260930,B_csv_20260930,0d3674dd6d5500a1c49b8d66ca73e7f3,1,0,0.6412,0.9426,0.946,0.9351,0
s2mk_30p_100ep_base_s43n,B,complete,shapeiou,sio_b_results.csv,100,100,7,0.66184,0.95707,0.6396,0.94113,1275.61,0.001,43,42,shuffle,43,mask_clean_30p,/root/datasets_mask/mask_clean/mask_clean_30p.yaml,mafa_pretrain.pt,640,32,100,5,s2mk,30,base,0,0,0,,1,B_csv_20260930,B_csv_20260930,e2db6e6a96935b110348ead673a65e23,1,0,0.6523,0.9586,0.953,0.933,0
s2mk_30p_100ep_base_s44n,B,complete,shapeiou,sio_b_results.csv,100,100,15,0.66114,0.9482,0.6477,0.94162,1207.6,0.001,44,42,shuffle,44,mask_clean_30p,/root/datasets_mask/mask_clean/mask_clean_30p.yaml,mafa_pretrain.pt,640,32,100,5,s2mk,30,base,0,0,0,,1,B_csv_20260930,B_csv_20260930,d424e61b33396f48c3cd6f3e9f9b5299,1,0,0.6551,0.9525,0.9563,0.9276,0
s2mk_30p_100ep_lr005_s42n,B,complete,shapeiou,sio_b_results.csv,100,100,98,0.65316,0.9459,0.64889,0.93984,1180.69,0.005,42,42,shuffle,42,mask_clean_30p,/root/datasets_mask/mask_clean/mask_clean_30p.yaml,mafa_pretrain.pt,640,32,100,5,s2mk,30,lr005,0,0,0,,1,B_csv_20260930,B_csv_20260930,912a64c4b5f63b2d7afb72e1c02948f1,1,0,0.6315,0.9259,0.9463,0.9134,0
s2mk_30p_100ep_lr005_s43n,B,complete,shapeiou,sio_b_results.csv,100,100,54,0.65324,0.9382,0.64207,0.93558,1166.63,0.005,43,42,shuffle,43,mask_clean_30p,/root/datasets_mask/mask_clean/mask_clean_30p.yaml,mafa_pretrain.pt,640,32,100,5,s2mk,30,lr005,0,0,0,,1,B_csv_20260930,B_csv_20260930,a40156bd152ff9c3b8538dc20aaff600,1,0,0.6337,0.9259,0.9535,0.9098,0
s2mk_30p_100ep_lr005_s44n,B,complete,shapeiou,sio_b_results.csv,100,100,79,0.65124,0.9492,0.6404,0.94312,1283.5,0.005,44,42,shuffle,44,mask_clean_30p,/root/datasets_mask/mask_clean/mask_clean_30p.yaml,mafa_pretrain.pt,640,32,100,5,s2mk,30,lr005,0,0,0,,1,B_csv_20260930,B_csv_20260930,f5b7662aec3653106bcdc32df2c24b54,1,0,0.6418,0.936,0.9505,0.9188,0
s2mk_30p_30ep_base_s42n,B,complete,shapeiou,sio_b_results.csv,30,30,11,0.66425,0.95343,0.65095,0.94063,370.61,0.001,42,42,shuffle,42,mask_clean_30p,/root/datasets_mask/mask_clean/mask_clean_30p.yaml,mafa_pretrain.pt,640,32,100,5,s2mk,30,base,0,0,0,,1,B_csv_20260930,B_csv_20260930,3d5248671e09d012a36d8fd2f4995e75,1,0,0.6562,0.949,0.9596,0.9185,0
s2mk_30p_30ep_base_s43n,B,complete,shapeiou,sio_b_results.csv,30,30,9,0.66856,0.95362,0.65132,0.94781,360.067,0.001,43,42,shuffle,43,mask_clean_30p,/root/datasets_mask/mask_clean/mask_clean_30p.yaml,mafa_pretrain.pt,640,32,100,5,s2mk,30,base,0,0,0,,1,B_csv_20260930,B_csv_20260930,4607c0716df2b3c16bf567f58efbe176,1,0,0.656,0.9605,0.9546,0.9297,0
s2mk_30p_30ep_base_s44n,B,complete,shapeiou,sio_b_results.csv,30,30,17,0.66492,0.95213,0.65018,0.94561,368.472,0.001,44,42,shuffle,44,mask_clean_30p,/root/datasets_mask/mask_clean/mask_clean_30p.yaml,mafa_pretrain.pt,640,32,100,5,s2mk,30,base,0,0,0,,1,B_csv_20260930,B_csv_20260930,995c8ffc49b532f25416d7e2a1704c1c,1,0,0.6408,0.9472,0.9642,0.9245,0
s2mk_30p_30ep_lr005_s42n,B,complete,shapeiou,sio_b_results.csv,30,30,30,0.65278,0.94172,0.65278,0.94172,428.174,0.005,42,42,shuffle,42,mask_clean_30p,/root/datasets_mask/mask_clean/mask_clean_30p.yaml,mafa_pretrain.pt,640,32,100,5,s2mk,30,lr005,0,0,0,,1,B_csv_20260930,B_csv_20260930,a718ab563677e3663a8de7a08867464c,1,0,0.6383,0.9407,0.957,0.9116,0
s2mk_30p_30ep_lr005_s43n,B,complete,shapeiou,sio_b_results.csv,30,30,26,0.6585,0.95277,0.64447,0.94192,361.324,0.005,43,42,shuffle,43,mask_clean_30p,/root/datasets_mask/mask_clean/mask_clean_30p.yaml,mafa_pretrain.pt,640,32,100,5,s2mk,30,lr005,0,0,0,,1,B_csv_20260930,B_csv_20260930,0953329ba7d4c304018bc1b3a31db73d,1,0,0.6415,0.9475,0.9565,0.9208,0
s2mk_30p_30ep_lr005_s44n,B,complete,shapeiou,sio_b_results.csv,30,30,29,0.65503,0.94574,0.6496,0.94615,386.604,0.005,44,42,shuffle,44,mask_clean_30p,/root/datasets_mask/mask_clean/mask_clean_30p.yaml,mafa_pretrain.pt,640,32,100,5,s2mk,30,lr005,0,0,0,,1,B_csv_20260930,B_csv_20260930,bd977a68b9c7c24f4de8dfe470f2bf77,1,0,0.648,0.9407,0.9551,0.9008,0
s2mk_40p_100ep_base_s42n,B,complete,shapeiou,sio_b_results.csv,100,100,8,0.66929,0.95065,0.65406,0.95211,1462.47,0.001,42,42,shuffle,42,mask_clean_40p,/root/datasets_mask/mask_clean/mask_clean_40p.yaml,mafa_pretrain.pt,640,32,100,5,s2mk,40,base,0,0,0,,1,B_csv_20260930,B_csv_20260930,a1d9afd7d5b171c3de68d8c699bdbf6f,1,0,0.6457,0.9487,0.948,0.9411,0
s2mk_40p_100ep_base_s43n,B,complete,shapeiou,sio_b_results.csv,100,100,13,0.66862,0.95663,0.64702,0.94036,1585.29,0.001,43,42,shuffle,43,mask_clean_40p,/root/datasets_mask/mask_clean/mask_clean_40p.yaml,mafa_pretrain.pt,640,32,100,5,s2mk,40,base,0,0,0,,1,B_csv_20260930,B_csv_20260930,51ecc2270a944852fb59c5868b4d3b49,1,0,0.6559,0.9465,0.9595,0.9165,0
s2mk_40p_100ep_base_s44n,B,complete,shapeiou,sio_b_results.csv,100,100,8,0.67087,0.95722,0.64774,0.94383,1491.43,0.001,44,42,shuffle,44,mask_clean_40p,/root/datasets_mask/mask_clean/mask_clean_40p.yaml,mafa_pretrain.pt,640,32,100,5,s2mk,40,base,0,0,0,,1,B_csv_20260930,B_csv_20260930,c26e562f5813297f0e77ecc4881bc30b,1,0,0.6487,0.9524,0.9431,0.9319,0
s2mk_40p_100ep_lr005_s42n,B,complete,shapeiou,sio_b_results.csv,100,100,35,0.65937,0.93834,0.63972,0.94039,1585.8,0.005,42,42,shuffle,42,mask_clean_40p,/root/datasets_mask/mask_clean/mask_clean_40p.yaml,mafa_pretrain.pt,640,32,100,5,s2mk,40,lr005,0,0,0,,1,B_csv_20260930,B_csv_20260930,228b04d055395d5603f0b0efe8c65c44,1,0,0.6472,0.9416,0.9412,0.9135,0
s2mk_40p_100ep_lr005_s43n,B,complete,shapeiou,sio_b_results.csv,100,100,52,0.66186,0.9437,0.63601,0.92451,1523.14,0.005,43,42,shuffle,43,mask_clean_40p,/root/datasets_mask/mask_clean/mask_clean_40p.yaml,mafa_pretrain.pt,640,32,100,5,s2mk,40,lr005,0,0,0,,1,B_csv_20260930,B_csv_20260930,39938f03d5fac7ffcd114703f5629e85,1,0,0.6517,0.944,0.9519,0.9121,0
s2mk_40p_100ep_lr005_s44n,B,complete,shapeiou,sio_b_results.csv,100,100,66,0.66598,0.95453,0.65268,0.94109,1569.49,0.005,44,42,shuffle,44,mask_clean_40p,/root/datasets_mask/mask_clean/mask_clean_40p.yaml,mafa_pretrain.pt,640,32,100,5,s2mk,40,lr005,0,0,0,,1,B_csv_20260930,B_csv_20260930,a6bdd94035396d19c1e41784bc72aff3,1,0,0.6428,0.9378,0.9665,0.9039,0
s2mk_40p_30ep_base_s42n,B,complete,shapeiou,sio_b_results.csv,30,30,8,0.66568,0.94848,0.65662,0.94622,447.082,0.001,42,42,shuffle,42,mask_clean_40p,/root/datasets_mask/mask_clean/mask_clean_40p.yaml,mafa_pretrain.pt,640,32,100,5,s2mk,40,base,0,0,0,,1,B_csv_20260930,B_csv_20260930,16274c8900f6f078162cb23c5ac71345,1,0,0.652,0.9566,0.9484,0.9374,0
s2mk_40p_30ep_base_s43n,B,complete,shapeiou,sio_b_results.csv,30,30,16,0.67344,0.95311,0.66601,0.95332,445.791,0.001,43,42,shuffle,43,mask_clean_40p,/root/datasets_mask/mask_clean/mask_clean_40p.yaml,mafa_pretrain.pt,640,32,100,5,s2mk,40,base,0,0,0,,1,B_csv_20260930,B_csv_20260930,65eda0f4c444a4d17aacc8dbbf025386,1,0,0.6527,0.9448,0.9598,0.9226,0
s2mk_40p_30ep_base_s44n,B,complete,shapeiou,sio_b_results.csv,30,30,7,0.66894,0.95791,0.64843,0.95103,434.416,0.001,44,42,shuffle,44,mask_clean_40p,/root/datasets_mask/mask_clean/mask_clean_40p.yaml,mafa_pretrain.pt,640,32,100,5,s2mk,40,base,0,0,0,,1,B_csv_20260930,B_csv_20260930,f697cb5c296ca163390fb34dd4e90ff7,1,0,0.6543,0.958,0.9496,0.9227,0
s2mk_40p_30ep_lr005_s42n,B,complete,shapeiou,sio_b_results.csv,30,30,29,0.66428,0.95409,0.66313,0.95081,485.607,0.005,42,42,shuffle,42,mask_clean_40p,/root/datasets_mask/mask_clean/mask_clean_40p.yaml,mafa_pretrain.pt,640,32,100,5,s2mk,40,lr005,0,0,0,,1,B_csv_20260930,B_csv_20260930,6cdc905fd907bbc5fa821d1f40072e56,1,0,0.6455,0.9428,0.9305,0.9319,0
s2mk_40p_30ep_lr005_s43n,B,complete,shapeiou,sio_b_results.csv,30,30,27,0.65982,0.94773,0.65566,0.94825,421.185,0.005,43,42,shuffle,43,mask_clean_40p,/root/datasets_mask/mask_clean/mask_clean_40p.yaml,mafa_pretrain.pt,640,32,100,5,s2mk,40,lr005,0,0,0,,1,B_csv_20260930,B_csv_20260930,d857f17f41602d051c9745bb596df50f,1,0,0.6403,0.9337,0.9398,0.9263,0
s2mk_40p_30ep_lr005_s44n,B,complete,shapeiou,sio_b_results.csv,30,30,27,0.65923,0.94659,0.65721,0.95201,478.351,0.005,44,42,shuffle,44,mask_clean_40p,/root/datasets_mask/mask_clean/mask_clean_40p.yaml,mafa_pretrain.pt,640,32,100,5,s2mk,40,lr005,0,0,0,,1,B_csv_20260930,B_csv_20260930,b7d60dea182886e6806eec801256616f,1,0,0.6494,0.9489,0.9573,0.9074,0
s2mk_50p_100ep_base_s42n,B,complete,shapeiou,sio_b_results.csv,100,100,9,0.67194,0.95867,0.65256,0.94799,1778.12,0.001,42,42,shuffle,42,mask_clean_50p,/root/datasets_mask/mask_clean/mask_clean_50p.yaml,mafa_pretrain.pt,640,32,100,5,s2mk,50,base,0,0,0,,1,B_csv_20260930,B_csv_20260930,8ca390b9de6f376a600408c33333907c,1,0,0.6731,0.9618,0.9578,0.9263,0
s2mk_50p_100ep_base_s43n,B,complete,shapeiou,sio_b_results.csv,100,100,4,0.67195,0.95631,0.64697,0.94598,1854.58,0.001,43,42,shuffle,43,mask_clean_50p,/root/datasets_mask/mask_clean/mask_clean_50p.yaml,mafa_pretrain.pt,640,32,100,5,s2mk,50,base,0,0,0,,1,B_csv_20260930,B_csv_20260930,9d1dd3b65af653fa32b37463d1546abc,1,0,0.6538,0.9517,0.949,0.919,0
s2mk_50p_100ep_base_s44n,B,complete,shapeiou,sio_b_results.csv,100,100,9,0.67619,0.96473,0.64786,0.9514,1755.32,0.001,44,42,shuffle,44,mask_clean_50p,/root/datasets_mask/mask_clean/mask_clean_50p.yaml,mafa_pretrain.pt,640,32,100,5,s2mk,50,base,0,0,0,,1,B_csv_20260930,B_csv_20260930,dc1458d140646c76a7e2fc39ba1cd6fd,1,0,0.6497,0.9528,0.958,0.9233,0
s2mk_50p_100ep_lr005_s42n,B,complete,shapeiou,sio_b_results.csv,100,100,76,0.66814,0.95157,0.65309,0.94352,1808.39,0.005,42,42,shuffle,42,mask_clean_50p,/root/datasets_mask/mask_clean/mask_clean_50p.yaml,mafa_pretrain.pt,640,32,100,5,s2mk,50,lr005,0,0,0,,1,B_csv_20260930,B_csv_20260930,d601631b52dda060698494ae48079d5f,1,0,0.6534,0.9433,0.9604,0.9098,0
s2mk_50p_100ep_lr005_s43n,B,complete,shapeiou,sio_b_results.csv,100,100,66,0.67573,0.94762,0.66176,0.95107,1790.04,0.005,43,42,shuffle,43,mask_clean_50p,/root/datasets_mask/mask_clean/mask_clean_50p.yaml,mafa_pretrain.pt,640,32,100,5,s2mk,50,lr005,0,0,0,,1,B_csv_20260930,B_csv_20260930,ea278b76732a0abc92c1940b02071460,1,0,0.6568,0.9405,0.9482,0.9245,0
s2mk_50p_100ep_lr005_s44n,B,complete,shapeiou,sio_b_results.csv,100,100,52,0.66372,0.95011,0.6516,0.93927,1847.1,0.005,44,42,shuffle,44,mask_clean_50p,/root/datasets_mask/mask_clean/mask_clean_50p.yaml,mafa_pretrain.pt,640,32,100,5,s2mk,50,lr005,0,0,0,,1,B_csv_20260930,B_csv_20260930,82a4101a8c2e8cf754923515a961a5f6,1,0,0.6533,0.9456,0.9519,0.919,0
s2mk_50p_30ep_base_s42n,B,complete,shapeiou,sio_b_results.csv,30,30,9,0.67601,0.9567,0.66759,0.95284,527.982,0.001,42,42,shuffle,42,mask_clean_50p,/root/datasets_mask/mask_clean/mask_clean_50p.yaml,mafa_pretrain.pt,640,32,100,5,s2mk,50,base,0,0,0,,1,B_csv_20260930,B_csv_20260930,4b86731f1d230bcb95c66fb985f13665,1,0,0.6581,0.9577,0.9592,0.9208,0
s2mk_50p_30ep_base_s43n,B,complete,shapeiou,sio_b_results.csv,30,30,12,0.67242,0.95963,0.65624,0.95436,554.53,0.001,43,42,shuffle,43,mask_clean_50p,/root/datasets_mask/mask_clean/mask_clean_50p.yaml,mafa_pretrain.pt,640,32,100,5,s2mk,50,base,0,0,0,,1,B_csv_20260930,B_csv_20260930,79fccb0637fb2890dc38ba66a3e6c987,1,0,0.6577,0.9581,0.9528,0.9319,0
s2mk_50p_30ep_base_s44n,B,complete,shapeiou,sio_b_results.csv,30,30,7,0.68222,0.96038,0.65887,0.9529,540.089,0.001,44,42,shuffle,44,mask_clean_50p,/root/datasets_mask/mask_clean/mask_clean_50p.yaml,mafa_pretrain.pt,640,32,100,5,s2mk,50,base,0,0,0,,1,B_csv_20260930,B_csv_20260930,b6d8fe6cf7cf4e5f41ae102d3dbf46b0,1,0,0.6636,0.9573,0.9673,0.919,0
s2mk_50p_30ep_lr005_s42n,B,complete,shapeiou,sio_b_results.csv,30,30,27,0.67052,0.94282,0.6568,0.94771,584.62,0.005,42,42,shuffle,42,mask_clean_50p,/root/datasets_mask/mask_clean/mask_clean_50p.yaml,mafa_pretrain.pt,640,32,100,5,s2mk,50,lr005,0,0,0,,1,B_csv_20260930,B_csv_20260930,4606895ae90210e55432d1baafb5526f,1,0,0.6552,0.9487,0.9504,0.9319,0
s2mk_50p_30ep_lr005_s43n,B,complete,shapeiou,sio_b_results.csv,30,30,28,0.66844,0.95514,0.66778,0.95031,553.423,0.005,43,42,shuffle,43,mask_clean_50p,/root/datasets_mask/mask_clean/mask_clean_50p.yaml,mafa_pretrain.pt,640,32,100,5,s2mk,50,lr005,0,0,0,,1,B_csv_20260930,B_csv_20260930,3141ebea7cae71495a7e9c80a68679b4,1,0,0.6483,0.9492,0.9634,0.9223,0
s2mk_50p_30ep_lr005_s44n,B,complete,shapeiou,sio_b_results.csv,30,30,26,0.68585,0.94881,0.67442,0.95665,572.81,0.005,44,42,shuffle,44,mask_clean_50p,/root/datasets_mask/mask_clean/mask_clean_50p.yaml,mafa_pretrain.pt,640,32,100,5,s2mk,50,lr005,0,0,0,,1,B_csv_20260930,B_csv_20260930,f747096cdc80ca1841d1071fb3fa9618,1,0,0.6504,0.9448,0.9688,0.919,0
s2sm_10p_100ep_base_s42n,B,complete,shapeiou,sio_b_results.csv,100,100,77,0.84263,0.99497,0.84015,0.99499,2339.34,0.001,42,42,shuffle,42,smoke_keremberke_10p,/root/datasets_mask/smoke_keremberke/smoke_keremberke_10p.yaml,fsin_pretrain.pt,640,32,100,5,s2sm,10,base,0,0,0,,1,B_csv_20260930,B_csv_20260930,3378cfa6cefc58f56ea1682344b75f91,1,0,0.841,0.995,0.9981,0.9966,0
s2sm_10p_100ep_base_s43n,B,complete,shapeiou,sio_b_results.csv,100,100,86,0.84249,0.99493,0.83645,0.99498,2312.13,0.001,43,42,shuffle,43,smoke_keremberke_10p,/root/datasets_mask/smoke_keremberke/smoke_keremberke_10p.yaml,fsin_pretrain.pt,640,32,100,5,s2sm,10,base,0,0,0,,1,B_csv_20260930,B_csv_20260930,ed80b93c46b6b610a5d06379a590d649,1,0,0.8412,0.995,0.9958,0.9975,0
s2sm_10p_100ep_base_s44n,B,complete,shapeiou,sio_b_results.csv,100,100,87,0.84422,0.99487,0.84084,0.99488,2309.3,0.001,44,42,shuffle,44,smoke_keremberke_10p,/root/datasets_mask/smoke_keremberke/smoke_keremberke_10p.yaml,fsin_pretrain.pt,640,32,100,5,s2sm,10,base,0,0,0,,1,B_csv_20260930,B_csv_20260930,dd72f2fa8f0e02ee86684e6321f0a65f,1,0,0.8439,0.995,0.9993,0.9968,0
s2sm_10p_100ep_lr005_s42n,B,complete,shapeiou,sio_b_results.csv,100,100,94,0.86974,0.995,0.86605,0.995,2322.6,0.005,42,42,shuffle,42,smoke_keremberke_10p,/root/datasets_mask/smoke_keremberke/smoke_keremberke_10p.yaml,fsin_pretrain.pt,640,32,100,5,s2sm,10,lr005,0,0,0,,1,B_csv_20260930,B_csv_20260930,be218e3e54a7ada7e32f58297acb68a2,1,0,0.8672,0.995,0.999,0.9986,0
s2sm_10p_100ep_lr005_s43n,B,complete,shapeiou,sio_b_results.csv,100,100,100,0.86677,0.995,0.86677,0.995,2327.18,0.005,43,42,shuffle,43,smoke_keremberke_10p,/root/datasets_mask/smoke_keremberke/smoke_keremberke_10p.yaml,fsin_pretrain.pt,640,32,100,5,s2sm,10,lr005,0,0,0,,1,B_csv_20260930,B_csv_20260930,69f28cb6e386f5de2c00658435143e7e,1,0,0.8683,0.995,0.9972,0.9966,0
s2sm_10p_100ep_lr005_s44n,B,complete,shapeiou,sio_b_results.csv,100,100,100,0.86889,0.995,0.86889,0.995,2292.91,0.005,44,42,shuffle,44,smoke_keremberke_10p,/root/datasets_mask/smoke_keremberke/smoke_keremberke_10p.yaml,fsin_pretrain.pt,640,32,100,5,s2sm,10,lr005,0,0,0,,1,B_csv_20260930,B_csv_20260930,6ec4be77bbefbe69e604dbd037054914,1,0,0.8688,0.995,0.9986,0.9986,0
s2sm_10p_30ep_base_s42n,B,complete,shapeiou,sio_b_results.csv,30,30,27,0.83797,0.99499,0.8369,0.99495,684.909,0.001,42,42,shuffle,42,smoke_keremberke_10p,/root/datasets_mask/smoke_keremberke/smoke_keremberke_10p.yaml,fsin_pretrain.pt,640,32,100,5,s2sm,10,base,0,0,0,,1,B_csv_20260930,B_csv_20260930,6a87dd4b19c6b3f916c3d7f679c158fa,1,0,0.835,0.995,0.9984,0.9968,0
s2sm_10p_30ep_base_s43n,B,complete,shapeiou,sio_b_results.csv,30,30,30,0.83969,0.99493,0.83969,0.99493,741.105,0.001,43,42,shuffle,43,smoke_keremberke_10p,/root/datasets_mask/smoke_keremberke/smoke_keremberke_10p.yaml,fsin_pretrain.pt,640,32,100,5,s2sm,10,base,0,0,0,,1,B_csv_20260930,B_csv_20260930,06e36a78beb0801472f402e13308f744,1,0,0.8392,0.9946,0.9974,0.9972,0
s2sm_10p_30ep_base_s44n,B,complete,shapeiou,sio_b_results.csv,30,30,30,0.84043,0.99499,0.84043,0.99499,706.166,0.001,44,42,shuffle,44,smoke_keremberke_10p,/root/datasets_mask/smoke_keremberke/smoke_keremberke_10p.yaml,fsin_pretrain.pt,640,32,100,5,s2sm,10,base,0,0,0,,1,B_csv_20260930,B_csv_20260930,50e5649d3c1301f5447a0b52e4759b93,1,0,0.8394,0.995,0.9966,0.9963,0
s2sm_10p_30ep_lr005_s42n,B,complete,shapeiou,sio_b_results.csv,30,30,30,0.85588,0.99493,0.85588,0.99493,718.119,0.005,42,42,shuffle,42,smoke_keremberke_10p,/root/datasets_mask/smoke_keremberke/smoke_keremberke_10p.yaml,fsin_pretrain.pt,640,32,100,5,s2sm,10,lr005,0,0,0,,1,B_csv_20260930,B_csv_20260930,4487d9d5f2927141d61a911945043d1b,1,0,0.857,0.995,0.9991,0.9974,0
s2sm_10p_30ep_lr005_s43n,B,complete,shapeiou,sio_b_results.csv,30,30,30,0.85237,0.995,0.85237,0.995,739.243,0.005,43,42,shuffle,43,smoke_keremberke_10p,/root/datasets_mask/smoke_keremberke/smoke_keremberke_10p.yaml,fsin_pretrain.pt,640,32,100,5,s2sm,10,lr005,0,0,0,,1,B_csv_20260930,B_csv_20260930,245c3b1d6390f3cb1294b263e2e005fb,1,0,0.8558,0.995,0.9989,0.9977,0
s2sm_10p_30ep_lr005_s44n,B,complete,shapeiou,sio_b_results.csv,30,30,30,0.85486,0.995,0.85486,0.995,720.923,0.005,44,42,shuffle,44,smoke_keremberke_10p,/root/datasets_mask/smoke_keremberke/smoke_keremberke_10p.yaml,fsin_pretrain.pt,640,32,100,5,s2sm,10,lr005,0,0,0,,1,B_csv_20260930,B_csv_20260930,1ea65abf8e5e64ab5c7dd700446b6cbd,1,0,0.8588,0.995,0.9989,0.9977,0
s2sm_20p_100ep_base_s42n,B,complete,shapeiou,sio_b_results.csv,100,100,98,0.88205,0.99495,0.88083,0.99492,3163.43,0.001,42,42,shuffle,42,smoke_keremberke_20p,/root/datasets_mask/smoke_keremberke/smoke_keremberke_20p.yaml,fsin_pretrain.pt,640,32,100,5,s2sm,20,base,0,0,0,,1,B_csv_20260930,B_csv_20260930,29c0623b7153732e46e2bfd860413f62,1,0,0.8782,0.995,0.9988,0.9977,0
s2sm_20p_100ep_base_s43n,B,complete,shapeiou,sio_b_results.csv,100,100,88,0.8813,0.995,0.87921,0.99499,3046.95,0.001,43,42,shuffle,43,smoke_keremberke_20p,/root/datasets_mask/smoke_keremberke/smoke_keremberke_20p.yaml,fsin_pretrain.pt,640,32,100,5,s2sm,20,base,0,0,0,,1,B_csv_20260930,B_csv_20260930,f4808dd7843234245c641b3bc66d814d,1,0,0.8797,0.995,0.9981,0.999,0
s2sm_20p_100ep_base_s44n,B,complete,shapeiou,sio_b_results.csv,100,100,86,0.88392,0.995,0.88071,0.995,3310.87,0.001,44,42,shuffle,44,smoke_keremberke_20p,/root/datasets_mask/smoke_keremberke/smoke_keremberke_20p.yaml,fsin_pretrain.pt,640,32,100,5,s2sm,20,base,0,0,0,,1,B_csv_20260930,B_csv_20260930,19bfd42992b1403e53ef8444b94091ed,1,0,0.8808,0.995,0.9991,0.9994,0
s2sm_20p_100ep_lr005_s42n,B,complete,shapeiou,sio_b_results.csv,100,100,100,0.90879,0.995,0.90879,0.995,2978.95,0.005,42,42,shuffle,42,smoke_keremberke_20p,/root/datasets_mask/smoke_keremberke/smoke_keremberke_20p.yaml,fsin_pretrain.pt,640,32,100,5,s2sm,20,lr005,0,0,0,,1,B_csv_20260930,B_csv_20260930,d2e1a5c0ba26b83430da915da116173e,1,0,0.9048,0.995,0.9995,0.9991,0
s2sm_20p_100ep_lr005_s43n,B,complete,shapeiou,sio_b_results.csv,100,100,98,0.90781,0.995,0.90738,0.995,3109.47,0.005,43,42,shuffle,43,smoke_keremberke_20p,/root/datasets_mask/smoke_keremberke/smoke_keremberke_20p.yaml,fsin_pretrain.pt,640,32,100,5,s2sm,20,lr005,0,0,0,,1,B_csv_20260930,B_csv_20260930,b490895358cf3021ffead015a4d990a7,1,0,0.9063,0.995,0.9995,0.9988,0
s2sm_20p_100ep_lr005_s44n,B,complete,shapeiou,sio_b_results.csv,100,100,99,0.90885,0.995,0.90832,0.995,3073.59,0.005,44,42,shuffle,44,smoke_keremberke_20p,/root/datasets_mask/smoke_keremberke/smoke_keremberke_20p.yaml,fsin_pretrain.pt,640,32,100,5,s2sm,20,lr005,0,0,0,,1,B_csv_20260930,B_csv_20260930,7484613e4acb03b5d1ae7e9e07b6faca,1,0,0.9062,0.995,0.9995,1.0,0
s2sm_20p_30ep_base_s42n,B,complete,shapeiou,sio_b_results.csv,30,30,30,0.86763,0.995,0.86763,0.995,940.092,0.001,42,42,shuffle,42,smoke_keremberke_20p,/root/datasets_mask/smoke_keremberke/smoke_keremberke_20p.yaml,fsin_pretrain.pt,640,32,100,5,s2sm,20,base,0,0,0,,1,B_csv_20260930,B_csv_20260930,275e5d795d36b39d64f2790d68b5a6b8,1,0,0.8679,0.995,0.9995,0.9981,0
s2sm_20p_30ep_base_s43n,B,complete,shapeiou,sio_b_results.csv,30,30,26,0.86478,0.995,0.86342,0.99499,940.67,0.001,43,42,shuffle,43,smoke_keremberke_20p,/root/datasets_mask/smoke_keremberke/smoke_keremberke_20p.yaml,fsin_pretrain.pt,640,32,100,5,s2sm,20,base,0,0,0,,1,B_csv_20260930,B_csv_20260930,a6aec51fbf8b393b2b4fde778160dd67,1,0,0.8617,0.995,0.9982,0.9986,0
s2sm_20p_30ep_base_s44n,B,complete,shapeiou,sio_b_results.csv,30,30,30,0.867,0.99488,0.867,0.99488,975.67,0.001,44,42,shuffle,44,smoke_keremberke_20p,/root/datasets_mask/smoke_keremberke/smoke_keremberke_20p.yaml,fsin_pretrain.pt,640,32,100,5,s2sm,20,base,0,0,0,,1,B_csv_20260930,B_csv_20260930,5ad5582970aab63743e19ce75cf12e82,1,0,0.8648,0.995,1.0,0.9985,0
s2sm_20p_30ep_lr005_s42n,B,complete,shapeiou,sio_b_results.csv,30,30,30,0.88015,0.995,0.88015,0.995,911.967,0.005,42,42,shuffle,42,smoke_keremberke_20p,/root/datasets_mask/smoke_keremberke/smoke_keremberke_20p.yaml,fsin_pretrain.pt,640,32,100,5,s2sm,20,lr005,0,0,0,,1,B_csv_20260930,B_csv_20260930,b16abb494636cd228447b15552d96325,1,0,0.8798,0.995,0.9991,0.9995,0
s2sm_20p_30ep_lr005_s43n,B,complete,shapeiou,sio_b_results.csv,30,30,30,0.88368,0.995,0.88368,0.995,931.245,0.005,43,42,shuffle,43,smoke_keremberke_20p,/root/datasets_mask/smoke_keremberke/smoke_keremberke_20p.yaml,fsin_pretrain.pt,640,32,100,5,s2sm,20,lr005,0,0,0,,1,B_csv_20260930,B_csv_20260930,fc9574e557b7a646756daf6bd908617a,1,0,0.8829,0.995,0.9989,0.9986,0
s2sm_20p_30ep_lr005_s44n,B,complete,shapeiou,sio_b_results.csv,30,30,30,0.88257,0.995,0.88257,0.995,898.11,0.005,44,42,shuffle,44,smoke_keremberke_20p,/root/datasets_mask/smoke_keremberke/smoke_keremberke_20p.yaml,fsin_pretrain.pt,640,32,100,5,s2sm,20,lr005,0,0,0,,1,B_csv_20260930,B_csv_20260930,b6ed359c22279e726ec570343d00782e,1,0,0.8849,0.995,0.9986,0.9991,0
s2sm_30p_100ep_base_s42n,B,complete,shapeiou,sio_b_results.csv,100,100,90,0.90575,0.995,0.90498,0.995,4048.69,0.001,42,42,shuffle,42,smoke_keremberke_30p,/root/datasets_mask/smoke_keremberke/smoke_keremberke_30p.yaml,fsin_pretrain.pt,640,32,100,5,s2sm,30,base,0,0,0,,1,B_csv_20260930,B_csv_20260930,821502b9e7002af3b99fd25ca95b37af,1,0,0.8993,0.995,0.9995,1.0,0
s2sm_30p_100ep_base_s43n,B,complete,shapeiou,sio_b_results.csv,100,100,88,0.90699,0.995,0.90512,0.995,3867.27,0.001,43,42,shuffle,43,smoke_keremberke_30p,/root/datasets_mask/smoke_keremberke/smoke_keremberke_30p.yaml,fsin_pretrain.pt,640,32,100,5,s2sm,30,base,0,0,0,,1,B_csv_20260930,B_csv_20260930,afbaf6dc21561abc5cb12186311557a6,1,0,0.9045,0.995,0.9995,0.999,0
s2sm_30p_100ep_base_s44n,B,complete,shapeiou,sio_b_results.csv,100,100,99,0.90538,0.995,0.90471,0.995,3846.08,0.001,44,42,shuffle,44,smoke_keremberke_30p,/root/datasets_mask/smoke_keremberke/smoke_keremberke_30p.yaml,fsin_pretrain.pt,640,32,100,5,s2sm,30,base,0,0,0,,1,B_csv_20260930,B_csv_20260930,894943c32ff6cbf9b743bdf1f54c9813,1,0,0.9055,0.995,0.9995,0.9995,0
s2sm_30p_100ep_lr005_s42n,B,complete,shapeiou,sio_b_results.csv,100,100,100,0.93338,0.995,0.93338,0.995,3828.02,0.005,42,42,shuffle,42,smoke_keremberke_30p,/root/datasets_mask/smoke_keremberke/smoke_keremberke_30p.yaml,fsin_pretrain.pt,640,32,100,5,s2sm,30,lr005,0,0,0,,1,B_csv_20260930,B_csv_20260930,e71bf1f69dd37c25034bd8ef57ea206a,1,0,0.9306,0.995,1.0,1.0,0
s2sm_30p_100ep_lr005_s43n,B,complete,shapeiou,sio_b_results.csv,100,100,99,0.93273,0.995,0.93272,0.995,3718.69,0.005,43,42,shuffle,43,smoke_keremberke_30p,/root/datasets_mask/smoke_keremberke/smoke_keremberke_30p.yaml,fsin_pretrain.pt,640,32,100,5,s2sm,30,lr005,0,0,0,,1,B_csv_20260930,B_csv_20260930,bb52eff7d5ffdc19290469b5ccd0661d,1,0,0.9273,0.995,1.0,0.9995,0
s2sm_30p_100ep_lr005_s44n,B,complete,shapeiou,sio_b_results.csv,100,100,99,0.93252,0.995,0.93226,0.995,3687.47,0.005,44,42,shuffle,44,smoke_keremberke_30p,/root/datasets_mask/smoke_keremberke/smoke_keremberke_30p.yaml,fsin_pretrain.pt,640,32,100,5,s2sm,30,lr005,0,0,0,,1,B_csv_20260930,B_csv_20260930,dc8429a834eafbaf0e303f3694af6a01,1,0,0.9325,0.995,0.9994,0.9995,0
s2sm_30p_30ep_base_s42n,B,complete,shapeiou,sio_b_results.csv,30,30,30,0.88502,0.99497,0.88502,0.99497,1166.95,0.001,42,42,shuffle,42,smoke_keremberke_30p,/root/datasets_mask/smoke_keremberke/smoke_keremberke_30p.yaml,fsin_pretrain.pt,640,32,100,5,s2sm,30,base,0,0,0,,1,B_csv_20260930,B_csv_20260930,d2f198496dfd2a2cd91db20066d96afa,1,0,0.8867,0.995,0.9981,0.9989,0
s2sm_30p_30ep_base_s43n,B,complete,shapeiou,sio_b_results.csv,30,30,29,0.88632,0.995,0.88539,0.995,1115.64,0.001,43,42,shuffle,43,smoke_keremberke_30p,/root/datasets_mask/smoke_keremberke/smoke_keremberke_30p.yaml,fsin_pretrain.pt,640,32,100,5,s2sm,30,base,0,0,0,,1,B_csv_20260930,B_csv_20260930,05a2c1986d0aecc1a9474240b09ed002,1,0,0.884,0.995,0.9999,0.9995,0
s2sm_30p_30ep_base_s44n,B,complete,shapeiou,sio_b_results.csv,30,30,30,0.88735,0.995,0.88735,0.995,1259.84,0.001,44,42,shuffle,44,smoke_keremberke_30p,/root/datasets_mask/smoke_keremberke/smoke_keremberke_30p.yaml,fsin_pretrain.pt,640,32,100,5,s2sm,30,base,0,0,0,,1,B_csv_20260930,B_csv_20260930,52ea71c233d4c4cc44dfb3e283a6f2b4,1,0,0.886,0.995,0.9999,0.9991,0
s2sm_30p_30ep_lr005_s42n,B,complete,shapeiou,sio_b_results.csv,30,30,30,0.902,0.99498,0.902,0.99498,1161.12,0.005,42,42,shuffle,42,smoke_keremberke_30p,/root/datasets_mask/smoke_keremberke/smoke_keremberke_30p.yaml,fsin_pretrain.pt,640,32,100,5,s2sm,30,lr005,0,0,0,,1,B_csv_20260930,B_csv_20260930,065da058a6f47b7a73c27f89f83fe661,1,0,0.9012,0.995,0.9981,0.9991,0
s2sm_30p_30ep_lr005_s43n,B,complete,shapeiou,sio_b_results.csv,30,30,30,0.90438,0.99499,0.90438,0.99499,1196.87,0.005,43,42,shuffle,43,smoke_keremberke_30p,/root/datasets_mask/smoke_keremberke/smoke_keremberke_30p.yaml,fsin_pretrain.pt,640,32,100,5,s2sm,30,lr005,0,0,0,,1,B_csv_20260930,B_csv_20260930,c5088e96602f731db488c4e34c858787,1,0,0.9011,0.995,1.0,0.9986,0
s2sm_30p_30ep_lr005_s44n,B,complete,shapeiou,sio_b_results.csv,30,30,30,0.90119,0.99499,0.90119,0.99499,1139.76,0.005,44,42,shuffle,44,smoke_keremberke_30p,/root/datasets_mask/smoke_keremberke/smoke_keremberke_30p.yaml,fsin_pretrain.pt,640,32,100,5,s2sm,30,lr005,0,0,0,,1,B_csv_20260930,B_csv_20260930,077803dbd9c9ada99ce0139f737d16b9,1,0,0.9005,0.995,0.9999,1.0,0
s2sm_40p_100ep_base_s42n,B,complete,shapeiou,sio_b_results.csv,100,100,99,0.92651,0.995,0.92634,0.995,4715.34,0.001,42,42,shuffle,42,smoke_keremberke_40p,/root/datasets_mask/smoke_keremberke/smoke_keremberke_40p.yaml,fsin_pretrain.pt,640,32,100,5,s2sm,40,base,0,0,0,,1,B_csv_20260930,B_csv_20260930,081c88b9b9e7d1c51a46eab71e6d9c86,1,0,0.9273,0.995,1.0,1.0,0
s2sm_40p_100ep_base_s43n,B,complete,shapeiou,sio_b_results.csv,100,100,90,0.92743,0.995,0.92598,0.995,4736.16,0.001,43,42,shuffle,43,smoke_keremberke_40p,/root/datasets_mask/smoke_keremberke/smoke_keremberke_40p.yaml,fsin_pretrain.pt,640,32,100,5,s2sm,40,base,0,0,0,,1,B_csv_20260930,B_csv_20260930,5b83ab4b3a5bb26c9b1fd6ac2e1b3fd7,1,0,0.9243,0.995,0.9995,0.9999,0
s2sm_40p_100ep_base_s44n,B,complete,shapeiou,sio_b_results.csv,100,100,97,0.92682,0.995,0.92567,0.995,4651.17,0.001,44,42,shuffle,44,smoke_keremberke_40p,/root/datasets_mask/smoke_keremberke/smoke_keremberke_40p.yaml,fsin_pretrain.pt,640,32,100,5,s2sm,40,base,0,0,0,,1,B_csv_20260930,B_csv_20260930,6b9db049810985116c5f18479113395c,1,0,0.924,0.995,1.0,1.0,0
s2sm_40p_100ep_lr005_s42n,B,complete,shapeiou,sio_b_results.csv,100,100,100,0.94918,0.995,0.94918,0.995,4296.05,0.005,42,42,shuffle,42,smoke_keremberke_40p,/root/datasets_mask/smoke_keremberke/smoke_keremberke_40p.yaml,fsin_pretrain.pt,640,32,100,5,s2sm,40,lr005,0,0,0,,1,B_csv_20260930,B_csv_20260930,b1a79c6df15e1dd8e22d73be24c16321,1,0,0.9457,0.995,1.0,1.0,0
s2sm_40p_100ep_lr005_s43n,B,complete,shapeiou,sio_b_results.csv,100,100,99,0.94835,0.995,0.94825,0.995,4634.71,0.005,43,42,shuffle,43,smoke_keremberke_40p,/root/datasets_mask/smoke_keremberke/smoke_keremberke_40p.yaml,fsin_pretrain.pt,640,32,100,5,s2sm,40,lr005,0,0,0,,1,B_csv_20260930,B_csv_20260930,bfdab86aad52d9c91f0e693b138358f6,1,0,0.947,0.995,1.0,0.9995,0
s2sm_40p_100ep_lr005_s44n,B,complete,shapeiou,sio_b_results.csv,100,100,100,0.95039,0.995,0.95039,0.995,5302.96,0.005,44,42,shuffle,44,smoke_keremberke_40p,/root/datasets_mask/smoke_keremberke/smoke_keremberke_40p.yaml,fsin_pretrain.pt,640,32,100,5,s2sm,40,lr005,0,0,0,,1,B_csv_20260930,B_csv_20260930,9c43643515f1a9098e9975c411469059,1,0,0.9468,0.995,1.0,1.0,0
s2sm_40p_30ep_base_s42n,B,complete,shapeiou,sio_b_results.csv,30,30,30,0.89706,0.995,0.89706,0.995,1335.35,0.001,42,42,shuffle,42,smoke_keremberke_40p,/root/datasets_mask/smoke_keremberke/smoke_keremberke_40p.yaml,fsin_pretrain.pt,640,32,100,5,s2sm,40,base,0,0,0,,1,B_csv_20260930,B_csv_20260930,994dfcef6b141aeb9f2a6a7141d9b5f0,1,0,0.8954,0.995,0.9995,1.0,0
s2sm_40p_30ep_base_s43n,B,complete,shapeiou,sio_b_results.csv,30,30,30,0.89909,0.995,0.89909,0.995,1385.68,0.001,43,42,shuffle,43,smoke_keremberke_40p,/root/datasets_mask/smoke_keremberke/smoke_keremberke_40p.yaml,fsin_pretrain.pt,640,32,100,5,s2sm,40,base,0,0,0,,1,B_csv_20260930,B_csv_20260930,b9eda65e15854e8be7e9235291825bfa,1,0,0.8956,0.995,0.9999,0.9995,0
s2sm_40p_30ep_base_s44n,B,complete,shapeiou,sio_b_results.csv,30,30,30,0.89905,0.995,0.89905,0.995,1369.94,0.001,44,42,shuffle,44,smoke_keremberke_40p,/root/datasets_mask/smoke_keremberke/smoke_keremberke_40p.yaml,fsin_pretrain.pt,640,32,100,5,s2sm,40,base,0,0,0,,1,B_csv_20260930,B_csv_20260930,1f03f8c4f7815b69995b9672b0d54c9a,1,0,0.897,0.995,0.9999,0.9995,0
s2sm_40p_30ep_lr005_s42n,B,complete,shapeiou,sio_b_results.csv,30,30,30,0.91352,0.99499,0.91352,0.99499,1346.14,0.005,42,42,shuffle,42,smoke_keremberke_40p,/root/datasets_mask/smoke_keremberke/smoke_keremberke_40p.yaml,fsin_pretrain.pt,640,32,100,5,s2sm,40,lr005,0,0,0,,1,B_csv_20260930,B_csv_20260930,ec1fb7b4861cedb07a0c4c8aa63b39bf,1,0,0.9133,0.995,1.0,0.9998,0
s2sm_40p_30ep_lr005_s43n,B,complete,shapeiou,sio_b_results.csv,30,30,30,0.90912,0.995,0.90912,0.995,1407.76,0.005,43,42,shuffle,43,smoke_keremberke_40p,/root/datasets_mask/smoke_keremberke/smoke_keremberke_40p.yaml,fsin_pretrain.pt,640,32,100,5,s2sm,40,lr005,0,0,0,,1,B_csv_20260930,B_csv_20260930,a1bd245571af15515cdcea3610130b2a,1,0,0.9104,0.995,1.0,1.0,0
s2sm_40p_30ep_lr005_s44n,B,complete,shapeiou,sio_b_results.csv,30,30,30,0.91588,0.995,0.91588,0.995,1415.61,0.005,44,42,shuffle,44,smoke_keremberke_40p,/root/datasets_mask/smoke_keremberke/smoke_keremberke_40p.yaml,fsin_pretrain.pt,640,32,100,5,s2sm,40,lr005,0,0,0,,1,B_csv_20260930,B_csv_20260930,0ad7ee06e66002034085b309b2d28cb6,1,0,0.914,0.995,1.0,0.9995,0
s2sm_50p_100ep_base_s42n,B,complete,shapeiou,sio_b_results.csv,100,100,100,0.94217,0.995,0.94217,0.995,5321.71,0.001,42,42,shuffle,42,smoke_keremberke_50p,/root/datasets_mask/smoke_keremberke/smoke_keremberke_50p.yaml,fsin_pretrain.pt,640,32,100,5,s2sm,50,base,0,0,0,,1,B_csv_20260930,B_csv_20260930,eb7378051fa09cf27668af29d86eea64,1,0,0.9374,0.995,1.0,1.0,0
s2sm_50p_100ep_base_s43n,B,complete,shapeiou,sio_b_results.csv,100,100,98,0.94143,0.995,0.94141,0.995,5436.43,0.001,43,42,shuffle,43,smoke_keremberke_50p,/root/datasets_mask/smoke_keremberke/smoke_keremberke_50p.yaml,fsin_pretrain.pt,640,32,100,5,s2sm,50,base,0,0,0,,1,B_csv_20260930,B_csv_20260930,9a9f8cbf347988716b53096bf2ec1414,1,0,0.9386,0.995,1.0,1.0,0
s2sm_50p_100ep_base_s44n,B,complete,shapeiou,sio_b_results.csv,100,100,90,0.94069,0.995,0.93941,0.995,5470.35,0.001,44,42,shuffle,44,smoke_keremberke_50p,/root/datasets_mask/smoke_keremberke/smoke_keremberke_50p.yaml,fsin_pretrain.pt,640,32,100,5,s2sm,50,base,0,0,0,,1,B_csv_20260930,B_csv_20260930,fb3eef4dde72557a5e13b1e3411e051a,1,0,0.9378,0.995,1.0,1.0,0
s2sm_50p_100ep_lr005_s42n,B,complete,shapeiou,sio_b_results.csv,100,100,99,0.95634,0.995,0.95633,0.995,5465.21,0.005,42,42,shuffle,42,smoke_keremberke_50p,/root/datasets_mask/smoke_keremberke/smoke_keremberke_50p.yaml,fsin_pretrain.pt,640,32,100,5,s2sm,50,lr005,0,0,0,,1,B_csv_20260930,B_csv_20260930,9c65a6ab975313519df3645ae791c6d3,1,0,0.9545,0.995,0.9995,1.0,0
s2sm_50p_100ep_lr005_s43n,B,complete,shapeiou,sio_b_results.csv,100,100,100,0.95927,0.995,0.95927,0.995,5901.58,0.005,43,42,shuffle,43,smoke_keremberke_50p,/root/datasets_mask/smoke_keremberke/smoke_keremberke_50p.yaml,fsin_pretrain.pt,640,32,100,5,s2sm,50,lr005,0,0,0,,1,B_csv_20260930,B_csv_20260930,500431253c8f844695aed846a0feacc0,1,0,0.9599,0.995,1.0,1.0,0
s2sm_50p_100ep_lr005_s44n,B,complete,shapeiou,sio_b_results.csv,100,100,100,0.96129,0.995,0.96129,0.995,5406.33,0.005,44,42,shuffle,44,smoke_keremberke_50p,/root/datasets_mask/smoke_keremberke/smoke_keremberke_50p.yaml,fsin_pretrain.pt,640,32,100,5,s2sm,50,lr005,0,0,0,,1,B_csv_20260930,B_csv_20260930,737baf1a684203e0afe36eea419e1d14,1,0,0.9596,0.995,1.0,1.0,0
s2sm_50p_30ep_base_s42n,B,complete,shapeiou,sio_b_results.csv,30,30,30,0.90834,0.995,0.90834,0.995,1584.47,0.001,42,42,shuffle,42,smoke_keremberke_50p,/root/datasets_mask/smoke_keremberke/smoke_keremberke_50p.yaml,fsin_pretrain.pt,640,32,100,5,s2sm,50,base,0,0,0,,1,B_csv_20260930,B_csv_20260930,49b0799c75032243dcc4fcedd225cd35,1,0,0.9057,0.995,1.0,1.0,0
s2sm_50p_30ep_base_s43n,B,complete,shapeiou,sio_b_results.csv,30,30,30,0.90871,0.995,0.90871,0.995,1546.02,0.001,43,42,shuffle,43,smoke_keremberke_50p,/root/datasets_mask/smoke_keremberke/smoke_keremberke_50p.yaml,fsin_pretrain.pt,640,32,100,5,s2sm,50,base,0,0,0,,1,B_csv_20260930,B_csv_20260930,89f5b674f389c9f5e23a5a302d8b65fc,1,0,0.9073,0.995,1.0,1.0,0
s2sm_50p_30ep_base_s44n,B,complete,shapeiou,sio_b_results.csv,30,30,30,0.90818,0.995,0.90818,0.995,1605.38,0.001,44,42,shuffle,44,smoke_keremberke_50p,/root/datasets_mask/smoke_keremberke/smoke_keremberke_50p.yaml,fsin_pretrain.pt,640,32,100,5,s2sm,50,base,0,0,0,,1,B_csv_20260930,B_csv_20260930,ee5f70705d011b8f2350b0cebdb9ac3c,1,0,0.9059,0.995,0.9995,1.0,0
s2sm_50p_30ep_lr005_s42n,B,complete,shapeiou,sio_b_results.csv,30,30,29,0.91928,0.995,0.9191,0.995,1661.5,0.005,42,42,shuffle,42,smoke_keremberke_50p,/root/datasets_mask/smoke_keremberke/smoke_keremberke_50p.yaml,fsin_pretrain.pt,640,32,100,5,s2sm,50,lr005,0,0,0,,1,B_csv_20260930,B_csv_20260930,aebc613f59864889f91d6350d7d15d78,1,0,0.9157,0.995,1.0,1.0,0
s2sm_50p_30ep_lr005_s43n,B,complete,shapeiou,sio_b_results.csv,30,30,30,0.92148,0.995,0.92148,0.995,1647.76,0.005,43,42,shuffle,43,smoke_keremberke_50p,/root/datasets_mask/smoke_keremberke/smoke_keremberke_50p.yaml,fsin_pretrain.pt,640,32,100,5,s2sm,50,lr005,0,0,0,,1,B_csv_20260930,B_csv_20260930,69df3ad41d437915861d869d01561b7e,1,0,0.9203,0.995,1.0,1.0,0
s2sm_50p_30ep_lr005_s44n,B,complete,shapeiou,sio_b_results.csv,30,30,30,0.92462,0.99499,0.92462,0.99499,1537.01,0.005,44,42,shuffle,44,smoke_keremberke_50p,/root/datasets_mask/smoke_keremberke/smoke_keremberke_50p.yaml,fsin_pretrain.pt,640,32,100,5,s2sm,50,lr005,0,0,0,,1,B_csv_20260930,B_csv_20260930,6f6c6972759794093c4d87d5d9d61619,1,0,0.9217,0.995,0.9995,1.0,0
sfchd_tonly_base100,B,complete,shapeiou,sio_b_results.csv,100,100,84,0.42918,0.73556,0.41501,0.71446,2520.02,0.001,,42,none,42,sfchd_20p_b,/root/sfchd_20p_b.yaml,yolo12n.pt,640,32,100,5,sfchd,,base,0,0,0,,1,B_csv_20260930,B_csv_20260930,77bf965ddcb12748164dbb21082787fe,1,0,0.4291,0.7355,0.8327,0.6895,0
sfchd_tonly_base30,B,complete,shapeiou,sio_b_results.csv,30,30,30,0.40245,0.70609,0.40245,0.70609,749.729,0.001,,42,none,42,sfchd_20p_b,/root/sfchd_20p_b.yaml,yolo12n.pt,640,32,100,5,sfchd,,base,0,0,0,,1,B_csv_20260930,B_csv_20260930,74ab93bc9149bf2d662cd2db019f59ba,1,0,0.4025,0.7057,0.8107,0.6499,0
sfix_shwd2sf_44a,B,complete,shapeiou,sio_b_results.csv,20,20,20,0.41427,0.71359,0.41427,0.71359,499.404,0.001,,42,none,42,sfchd_20p_b,/root/sfchd_20p_b.yaml,shwd2sf_pretrain.pt,640,32,100,5,sfix,,,0,0,0,,1,B_csv_20260930,B_csv_20260930,9bd509980786cdba345c7020ccb7d84a,1,0,0.4144,0.7135,0.8055,0.6671,0
sfix_shwd2sf_44b,B,complete,shapeiou,sio_b_results.csv,20,20,20,0.41427,0.71359,0.41427,0.71359,504.68,0.001,,42,none,42,sfchd_20p_b,/root/sfchd_20p_b.yaml,shwd2sf_pretrain.pt,640,32,100,5,sfix,,,0,0,0,,1,B_csv_20260930,B_csv_20260930,dc70afa142b1dee4b3f0c3c1bac9080e,1,0,0.4144,0.7135,0.8055,0.6671,0
sfix_shwd2sf_45a,B,complete,shapeiou,sio_b_results.csv,20,20,20,0.41494,0.71187,0.41494,0.71187,509.152,0.001,,42,none,42,sfchd_20p_b,/root/sfchd_20p_b.yaml,shwd2sf_pretrain.pt,640,32,100,5,sfix,,,0,0,0,,1,B_csv_20260930,B_csv_20260930,4a214fe4ad89ff506727f8699ed65423,1,0,0.4151,0.7119,0.8133,0.6606,0
sfix_shwd2sf_45b,B,complete,shapeiou,sio_b_results.csv,20,20,20,0.41494,0.71187,0.41494,0.71187,491.853,0.001,,42,none,42,sfchd_20p_b,/root/sfchd_20p_b.yaml,shwd2sf_pretrain.pt,640,32,100,5,sfix,,,0,0,0,,1,B_csv_20260930,B_csv_20260930,2ad63a00072912c0496bf1bedd4207eb,1,0,0.4151,0.7119,0.8133,0.6606,0
_PARTIAL_sgh_200ep_base_s43n_145800,B,early_stop_legit,,,200,126,26,0.57922,0.89527,0.55843,0.89755,1078.56,0.001,43,42,shuffle,43,gdut_hwd,/root/workspace/data/gdut_hwd/gdut_hwd.yaml,shwd2sf_pretrain.pt,640,32,100,5,sgh,,base,0,1,0,,1,B_csv_20260930,B_csv_20260930,8581748be6763f64021a96b082243009,1,0,,,,,0
_PARTIAL_sgh_200ep_base_s44n_083223,B,early_stop_legit,,,200,129,29,0.5798,0.90264,0.5544,0.89946,1543.2,0.001,44,42,shuffle,44,gdut_hwd,/root/workspace/data/gdut_hwd/gdut_hwd.yaml,shwd2sf_pretrain.pt,640,32,100,5,sgh,,base,0,1,0,,1,B_csv_20260930,B_csv_20260930,afe4f60b6ce72c3052e5db9f90da31b3,1,0,,,,,0
_PARTIAL_sgh_200ep_base_s44n_153748,B,interrupted,,,200,85,29,0.5798,0.90264,0.55152,0.89014,798.895,0.001,44,42,shuffle,44,gdut_hwd,/root/workspace/data/gdut_hwd/gdut_hwd.yaml,shwd2sf_pretrain.pt,640,32,100,5,sgh,,base,0,1,0,,1,B_csv_20260930,B_csv_20260930,8d7e645b2005bd267e4be2b6fd0c3e1c,1,0,,,,,0
_PARTIAL_sgh_200ep_lr005_s42n_143909,B,early_stop_legit,,,200,149,49,0.56065,0.87201,0.54184,0.89241,1199.41,0.005,42,42,shuffle,42,gdut_hwd,/root/workspace/data/gdut_hwd/gdut_hwd.yaml,shwd2sf_pretrain.pt,640,32,100,5,sgh,,lr005,0,1,0,,1,B_csv_20260930,B_csv_20260930,571d68b4166000c17eea7170527b5739,1,0,,,,,0
_PARTIAL_sgh_200ep_lr005_s43n_152301,B,early_stop_legit,,,200,186,86,0.566,0.8795,0.54317,0.88664,1443.79,0.005,43,42,shuffle,43,gdut_hwd,/root/workspace/data/gdut_hwd/gdut_hwd.yaml,shwd2sf_pretrain.pt,640,32,100,5,sgh,,lr005,0,1,0,,1,B_csv_20260930,B_csv_20260930,662b9139ef6ec0739d4b639401d5ff7b,1,0,,,,,0
_PARTIAL_sgh_200ep_lr005_s44n_085552,B,early_stop_legit,,,200,157,57,0.56406,0.88545,0.54149,0.89247,1322.18,0.005,44,42,shuffle,44,gdut_hwd,/root/workspace/data/gdut_hwd/gdut_hwd.yaml,shwd2sf_pretrain.pt,640,32,100,5,sgh,,lr005,0,1,0,,1,B_csv_20260930,B_csv_20260930,75d5f42e1ae2ecce3322c0552efe3343,1,0,,,,,0
sgh_200ep_base_s42n,B,complete,shapeiou,sio_b_results.csv,200,200,51,0.58289,0.90427,0.54496,0.89136,2196.88,0.001,42,42,shuffle,42,gdut_hwd,/root/workspace/data/gdut_hwd/gdut_hwd.yaml,shwd2sf_pretrain.pt,640,32,200,5,sgh,,base,0,0,0,,1,B_csv_20260930,B_csv_20260930,69d414215459ff05b62215b658575c7d,1,0,0.5325,0.8433,0.895,0.7827,0
sgh_30ep_base_s42n,B,complete,shapeiou,sio_b_results.csv,30,30,16,0.57536,0.89478,0.54856,0.8898,302.504,0.001,42,42,shuffle,42,gdut_hwd,/root/workspace/data/gdut_hwd/gdut_hwd.yaml,shwd2sf_pretrain.pt,640,32,100,5,sgh,,base,0,0,0,,1,B_csv_20260930,B_csv_20260930,a490ce2e6943fe54e72ce0c399c6b194,1,0,0.5309,0.8443,0.8745,0.7734,0
sgh_30ep_base_s43n,B,complete,shapeiou,sio_b_results.csv,30,30,20,0.58263,0.89906,0.55617,0.89784,370.18,0.001,43,42,shuffle,43,gdut_hwd,/root/workspace/data/gdut_hwd/gdut_hwd.yaml,shwd2sf_pretrain.pt,640,32,100,5,sgh,,base,0,0,0,,1,B_csv_20260930,B_csv_20260930,09e0c3d69eb682549f0010dc7f38c247,1,0,0.5347,0.8475,0.893,0.7648,0
sgh_30ep_base_s44n,B,complete,shapeiou,sio_b_results.csv,30,30,21,0.57663,0.88971,0.55584,0.89344,266.521,0.001,44,42,shuffle,44,gdut_hwd,/root/workspace/data/gdut_hwd/gdut_hwd.yaml,shwd2sf_pretrain.pt,640,32,100,5,sgh,,base,0,0,0,,1,B_csv_20260930,B_csv_20260930,8dc7eff80210af9d8075fe02b12dc9d5,1,0,0.5322,0.8456,0.8869,0.7707,0
sgh_30ep_lr005_s42n,B,complete,shapeiou,sio_b_results.csv,30,30,20,0.57826,0.88892,0.56539,0.88965,291.641,0.005,42,42,shuffle,42,gdut_hwd,/root/workspace/data/gdut_hwd/gdut_hwd.yaml,shwd2sf_pretrain.pt,640,32,100,5,sgh,,lr005,0,0,0,,1,B_csv_20260930,B_csv_20260930,e37799e658f5ad8627f09a1b8d0e8184,1,0,0.5318,0.8351,0.8832,0.7554,0
sgh_30ep_lr005_s43n,B,complete,shapeiou,sio_b_results.csv,30,30,26,0.5814,0.89722,0.55473,0.89352,807.332,0.005,43,42,shuffle,43,gdut_hwd,/root/workspace/data/gdut_hwd/gdut_hwd.yaml,shwd2sf_pretrain.pt,640,32,100,5,sgh,,lr005,0,0,0,,1,B_csv_20260930,B_csv_20260930,83898886913abcc351e090635890e569,1,0,0.5308,0.846,0.8939,0.7773,0
sgh_30ep_lr005_s44n,B,complete,shapeiou,sio_b_results.csv,30,30,20,0.57803,0.88992,0.54718,0.87956,253.974,0.005,44,42,shuffle,44,gdut_hwd,/root/workspace/data/gdut_hwd/gdut_hwd.yaml,shwd2sf_pretrain.pt,640,32,100,5,sgh,,lr005,0,0,0,,1,B_csv_20260930,B_csv_20260930,fd00515ae9e0e746878d7499a6b5b92d,1,0,0.5327,0.8363,0.883,0.7652,0
shwd2sf_adamw_lr001_100ep_s42n,B,complete,shapeiou,sio_b_results.csv,100,100,88,0.44296,0.74358,0.43856,0.73518,2441.2,0.001,42,42,shuffle,42,sfchd_20p_b,/root/sfchd_20p_b.yaml,shwd2sf_pretrain.pt,640,32,100,1000,shwd2sf,,,0,0,0,,1,B_csv_20260930,B_csv_20260930,0724a2059c691fc7eca4ea7195c83650,1,0,0.4429,0.7435,0.8452,0.6909,0
shwd2sf_adamw_lr0025_100ep_s42n,B,complete,shapeiou,sio_b_results.csv,100,100,85,0.44284,0.74129,0.44157,0.73468,2454.34,0.0025,42,42,shuffle,42,sfchd_20p_b,/root/sfchd_20p_b.yaml,shwd2sf_pretrain.pt,640,32,100,1000,shwd2sf,,lr002,0,0,0,,1,B_csv_20260930,B_csv_20260930,99b133da15b68761a8c8aeb3468b9bca,1,0,0.4428,0.7413,0.8329,0.702,0
shwd2sf_b10p_base100_s42n,B,complete,shapeiou,sio_b_results.csv,100,100,58,0.41281,0.70982,0.40042,0.69248,3401.36,0.001,42,42,shuffle,42,sfchd_10p_b,/root/sfchd_10p_b.yaml,shwd2sf_pretrain.pt,640,32,100,1000,shwd2sf,10,base,0,0,0,,1,B_csv_20260930,B_csv_20260930,c7da646f2b8b3f6409270a5e48197215,1,0,0.4128,0.7098,0.8302,0.6716,0
shwd2sf_b10p_lr005_100ep_s42n,B,complete,shapeiou,sio_b_results.csv,100,100,89,0.41789,0.70528,0.41321,0.70017,2026.53,0.005,42,42,shuffle,42,sfchd_10p_b,/root/sfchd_10p_b.yaml,shwd2sf_pretrain.pt,640,32,100,1000,shwd2sf,10,lr005,0,0,0,,1,B_csv_20260930,B_csv_20260930,96d793dca497d677476908bcb9a89ec2,1,0,0.4182,0.706,0.8253,0.6641,0
shwd2sf_b20p_base100_s42n,B,complete,shapeiou,sio_b_results.csv,100,100,84,0.43969,0.73989,0.42964,0.72435,2684.39,0.001,42,42,shuffle,42,sfchd_20p_b,/root/sfchd_20p_b.yaml,shwd2sf_pretrain.pt,640,32,100,1000,shwd2sf,20,base,0,0,0,,1,B_csv_20260930,B_csv_20260930,adab5ca588b008d64867f5a279ce4fa7,1,0,0.4396,0.7398,0.8406,0.6924,0
shwd2sf_b20p_lr005_100ep_s42n,B,complete,shapeiou,sio_b_results.csv,100,100,79,0.44262,0.73867,0.43562,0.73252,2543.46,0.005,42,42,shuffle,42,sfchd_20p_b,/root/sfchd_20p_b.yaml,shwd2sf_pretrain.pt,640,32,100,1000,shwd2sf,20,lr005,0,0,0,,1,B_csv_20260930,B_csv_20260930,ac14c3621e0627d0f8afb57ed85214ed,1,0,0.4426,0.7387,0.8538,0.6858,0
shwd2sf_b30p_base100_s42n,B,complete,shapeiou,sio_b_results.csv,100,100,71,0.45021,0.75076,0.44159,0.73688,3209.13,0.001,42,42,shuffle,42,sfchd_30p_b,/root/sfchd_30p_b.yaml,shwd2sf_pretrain.pt,640,32,100,1000,shwd2sf,30,base,0,0,0,,1,B_csv_20260930,B_csv_20260930,6bfe52beacf5327d0015e8314a4366a4,1,0,0.4501,0.7507,0.841,0.7035,0
shwd2sf_b30p_lr005_100ep_s42n,B,complete,shapeiou,sio_b_results.csv,100,100,90,0.4572,0.75,0.45352,0.74609,3003.01,0.005,42,42,shuffle,42,sfchd_30p_b,/root/sfchd_30p_b.yaml,shwd2sf_pretrain.pt,640,32,100,1000,shwd2sf,30,lr005,0,0,0,,1,B_csv_20260930,B_csv_20260930,a23b2c835fd6c593e08fcb7f4e5c242e,1,0,0.4572,0.75,0.8625,0.7048,0
shwd2sf_b50p_base100_s42n,B,complete,shapeiou,sio_b_results.csv,100,100,56,0.46324,0.76091,0.45373,0.74825,4563.4,0.001,42,42,shuffle,42,sfchd_50p_b,/root/sfchd_50p_b.yaml,shwd2sf_pretrain.pt,640,32,100,1000,shwd2sf,50,base,0,0,0,,1,B_csv_20260930,B_csv_20260930,463cba1eeb6ba61bb29d1ee773002f0c,1,0,0.4631,0.761,0.8501,0.7147,0
shwd2sf_b50p_lr005_100ep_s42n,B,complete,shapeiou,sio_b_results.csv,100,100,84,0.47569,0.77465,0.47049,0.76996,3991.61,0.005,42,42,shuffle,42,sfchd_50p_b,/root/sfchd_50p_b.yaml,shwd2sf_pretrain.pt,640,32,100,1000,shwd2sf,50,lr005,0,0,0,,1,B_csv_20260930,B_csv_20260930,4cfcae73f9123b678f241a382ad7fd7a,1,0,0.4754,0.7747,0.872,0.7184,0
shwd2sf_base100,B,complete,shapeiou,sio_b_results.csv,100,100,67,0.43873,0.73845,0.428,0.72112,2422.74,0.001,,42,none,42,sfchd_20p_b,/root/sfchd_20p_b.yaml,shwd2sf_pretrain.pt,640,32,100,5,shwd2sf,,base,0,0,0,,1,B_csv_20260930,B_csv_20260930,a2476f4403f9a4dda7fd3ce47570df2f,1,0,0.4388,0.7385,0.8432,0.6909,0
shwd2sf_base100_s42n,B,complete,shapeiou,sio_b_results.csv,100,100,84,0.43969,0.73989,0.42964,0.72435,2394.21,0.001,42,42,shuffle,42,sfchd_20p_b,/root/sfchd_20p_b.yaml,shwd2sf_pretrain.pt,640,32,100,5,shwd2sf,,base,0,0,0,,1,B_csv_20260930,B_csv_20260930,3e2e6fc7d5bb383cdd1b37dbe977306a,1,0,0.4396,0.7398,0.8406,0.6924,0
shwd2sf_base100_s43n,B,complete,shapeiou,sio_b_results.csv,100,100,81,0.44063,0.74216,0.42939,0.72589,2472.27,0.001,43,42,shuffle,43,sfchd_20p_b,/root/sfchd_20p_b.yaml,shwd2sf_pretrain.pt,640,32,100,5,shwd2sf,,base,0,0,0,,1,B_csv_20260930,B_csv_20260930,2128d8b3ac4d982afb87e7aede4a9adb,1,0,0.4405,0.7421,0.8327,0.7027,0
shwd2sf_base100_s44n,B,complete,shapeiou,sio_b_results.csv,100,100,69,0.43702,0.73345,0.42398,0.71563,2452.24,0.001,44,42,shuffle,44,sfchd_20p_b,/root/sfchd_20p_b.yaml,shwd2sf_pretrain.pt,640,32,100,5,shwd2sf,,base,0,0,0,,1,B_csv_20260930,B_csv_20260930,ac9cb97c611567f1a4eaa8dfef73f7d8,1,0,0.437,0.7334,0.844,0.686,0
shwd2sf_base100_s45n,B,complete,shapeiou,sio_b_results.csv,100,100,69,0.43777,0.73941,0.42931,0.72548,2550.68,0.001,45,42,shuffle,45,sfchd_20p_b,/root/sfchd_20p_b.yaml,shwd2sf_pretrain.pt,640,32,100,1000,shwd2sf,,base,0,0,0,,1,B_csv_20260930,B_csv_20260930,3450e92622e9d598b25e283057148e93,1,0,0.4378,0.7396,0.8411,0.6892,0
shwd2sf_base100_s46n,B,complete,shapeiou,sio_b_results.csv,100,100,84,0.4383,0.7386,0.42848,0.72471,2560.71,0.001,46,42,shuffle,46,sfchd_20p_b,/root/sfchd_20p_b.yaml,shwd2sf_pretrain.pt,640,32,100,1000,shwd2sf,,base,0,0,0,,1,B_csv_20260930,B_csv_20260930,091b9446ab2ab8eec6b79f363461c27c,1,0,0.4382,0.7384,0.827,0.6921,0
shwd2sf_base100_s47n,B,complete,shapeiou,sio_b_results.csv,100,100,79,0.44104,0.74037,0.43267,0.73077,2506.23,0.001,47,42,shuffle,47,sfchd_20p_b,/root/sfchd_20p_b.yaml,shwd2sf_pretrain.pt,640,32,100,1000,shwd2sf,,base,0,0,0,,1,B_csv_20260930,B_csv_20260930,8edef08b59a1a03ea340160a582dc478,1,0,0.4412,0.7405,0.8486,0.6949,0
shwd2sf_base100_s48n,B,complete,shapeiou,sio_b_results.csv,100,100,52,0.43614,0.737,0.42774,0.72458,2512.68,0.001,48,42,shuffle,48,sfchd_20p_b,/root/sfchd_20p_b.yaml,shwd2sf_pretrain.pt,640,32,100,1000,shwd2sf,,base,0,0,0,,1,B_csv_20260930,B_csv_20260930,8b548375e933faff8460683740314f61,1,0,0.436,0.7369,0.8309,0.6839,0
shwd2sf_base100_s49n,B,complete,shapeiou,sio_b_results.csv,100,100,72,0.43974,0.7392,0.42905,0.72539,2497.97,0.001,49,42,shuffle,49,sfchd_20p_b,/root/sfchd_20p_b.yaml,shwd2sf_pretrain.pt,640,32,100,1000,shwd2sf,,base,0,0,0,,1,B_csv_20260930,B_csv_20260930,ca4ee561d37a7ffbe30fb9c1845a2f68,1,0,0.4399,0.7392,0.8476,0.6867,0
shwd2sf_base100_s50n,B,complete,shapeiou,sio_b_results.csv,100,100,82,0.43887,0.73449,0.4261,0.71699,2503.7,0.001,50,42,shuffle,50,sfchd_20p_b,/root/sfchd_20p_b.yaml,shwd2sf_pretrain.pt,640,32,100,1000,shwd2sf,,base,0,0,0,,1,B_csv_20260930,B_csv_20260930,523d7e1e39cf1d75c3d5edfb57d8801d,1,0,0.4389,0.7345,0.8355,0.6911,0
shwd2sf_base100_s51n,B,complete,shapeiou,sio_b_results.csv,100,100,79,0.43708,0.73856,0.4265,0.72314,2555.08,0.001,51,42,shuffle,51,sfchd_20p_b,/root/sfchd_20p_b.yaml,shwd2sf_pretrain.pt,640,32,100,1000,shwd2sf,,base,0,0,0,,1,B_csv_20260930,B_csv_20260930,011ce56721ced2be434f0cf5e727dbfb,1,0,0.4372,0.7385,0.8424,0.6961,0
shwd2sf_base100_v3_s42n,B,complete,shapeiou,sio_b_results.csv,100,100,84,0.43969,0.73989,0.42964,0.72435,2591.95,0.001,42,42,shuffle,42,sfchd_20p_b,/root/sfchd_20p_b.yaml,shwd2sf_pretrain.pt,640,32,100,1000,shwd2sf,,base,0,0,0,,1,B_csv_20260930,B_csv_20260930,e43fbec62e16b341df2a457742b8d3f7,1,0,0.4396,0.7398,0.8406,0.6924,0
shwd2sf_base200_s42n,B,early_stop_legit,shapeiou,sio_b_results.csv,200,173,73,0.43848,0.73884,0.43336,0.72804,4187.96,0.001,42,42,shuffle,42,sfchd_20p_b,/root/sfchd_20p_b.yaml,shwd2sf_pretrain.pt,640,32,100,1000,shwd2sf,,base,0,0,0,,1,B_csv_20260930,B_csv_20260930,fd48cf24c0a0ef789ddaeb82d78e1995,1,0,0.4387,0.7389,0.8331,0.6995,0
shwd2sf_base30,B,complete,shapeiou,sio_b_results.csv,30,30,30,0.42264,0.7208,0.42264,0.7208,741.622,0.001,,42,none,42,sfchd_20p_b,/root/sfchd_20p_b.yaml,shwd2sf_pretrain.pt,640,32,100,5,shwd2sf,,base,0,0,0,,1,B_csv_20260930,B_csv_20260930,0955549e3cdcbdf379fce072085e85ac,1,0,0.4225,0.7207,0.8279,0.6625,0
shwd2sf_base30_s42n,B,complete,shapeiou,sio_b_results.csv,30,30,30,0.42506,0.72202,0.42506,0.72202,784.767,0.001,42,42,shuffle,42,sfchd_20p_b,/root/sfchd_20p_b.yaml,shwd2sf_pretrain.pt,640,32,100,1000,shwd2sf,,base,0,0,0,,1,B_csv_20260930,B_csv_20260930,ca7fc1fb38c9c032df266a4465c630db,1,0,0.4251,0.7222,0.8095,0.6755,0
shwd2sf_base30_s43n,B,complete,shapeiou,sio_b_results.csv,30,30,30,0.42279,0.72204,0.42279,0.72204,758.938,0.001,43,42,shuffle,43,sfchd_20p_b,/root/sfchd_20p_b.yaml,shwd2sf_pretrain.pt,640,32,100,1000,shwd2sf,,base,0,0,0,,1,B_csv_20260930,B_csv_20260930,c31a378cb6698c4b31db5f9c3413019f,1,0,0.423,0.7216,0.8141,0.6646,0
shwd2sf_base30_s44n,B,complete,shapeiou,sio_b_results.csv,30,30,30,0.42143,0.71932,0.42143,0.71932,755.35,0.001,44,42,shuffle,44,sfchd_20p_b,/root/sfchd_20p_b.yaml,shwd2sf_pretrain.pt,640,32,100,1000,shwd2sf,,base,0,0,0,,1,B_csv_20260930,B_csv_20260930,08b5645de372e3ceb2a8b8375d7a2cdd,1,0,0.4215,0.7193,0.8136,0.6738,0
shwd2sf_base50_s42n,B,complete,shapeiou,sio_b_results.csv,50,50,39,0.43319,0.73029,0.42666,0.71919,1205.33,0.001,42,42,shuffle,42,sfchd_20p_b,/root/sfchd_20p_b.yaml,shwd2sf_pretrain.pt,640,32,100,5,shwd2sf,,base,0,0,0,,1,B_csv_20260930,B_csv_20260930,165ef7c6e3d31e2edfea55b759b9fdd6,1,0,0.4333,0.7304,0.8437,0.6783,0
shwd2sf_base50_s43n,B,complete,shapeiou,sio_b_results.csv,50,50,39,0.43346,0.73993,0.4314,0.72989,1254.64,0.001,43,42,shuffle,43,sfchd_20p_b,/root/sfchd_20p_b.yaml,shwd2sf_pretrain.pt,640,32,100,1000,shwd2sf,,base,0,0,0,,1,B_csv_20260930,B_csv_20260930,375977aebe27921e50c0b703f6c3509a,1,0,0.4336,0.7399,0.8282,0.6928,0
shwd2sf_base50_s44n,B,complete,shapeiou,sio_b_results.csv,50,50,39,0.43423,0.73585,0.43078,0.72388,1230.1,0.001,44,42,shuffle,44,sfchd_20p_b,/root/sfchd_20p_b.yaml,shwd2sf_pretrain.pt,640,32,100,1000,shwd2sf,,base,0,0,0,,1,B_csv_20260930,B_csv_20260930,662a106600b19e1057ed938a99dcbffe,1,0,0.4341,0.7357,0.8419,0.678,0
shwd2sf_coslr_base100_s42n,B,complete,shapeiou,sio_b_results.csv,100,100,74,0.44129,0.73992,0.43055,0.72403,2424.92,0.001,42,42,shuffle,42,sfchd_20p_b,/root/sfchd_20p_b.yaml,shwd2sf_pretrain.pt,640,32,100,1000,shwd2sf,,base,0,0,0,,1,B_csv_20260930,B_csv_20260930,289d3d4e6118f0e4298b50d69bfd69a1,1,0,0.4414,0.7399,0.8424,0.6991,0
shwd2sf_coslr_base30_s42n,B,complete,shapeiou,sio_b_results.csv,30,30,29,0.42629,0.72021,0.42564,0.71964,736.763,0.001,42,42,shuffle,42,sfchd_20p_b,/root/sfchd_20p_b.yaml,shwd2sf_pretrain.pt,640,32,100,1000,shwd2sf,,base,0,0,0,,1,B_csv_20260930,B_csv_20260930,e33c97975d81c2117bb271224b9ba1b0,1,0,0.4262,0.7202,0.8222,0.6697,0
shwd2sf_frz9_base100_s42n,B,complete,shapeiou,sio_b_results.csv,100,100,87,0.40025,0.70076,0.39799,0.69851,2097.04,0.001,42,42,shuffle,42,sfchd_20p_b,/root/sfchd_20p_b.yaml,shwd2sf_pretrain.pt,640,32,100,1000,shwd2sf,,base,0,0,0,,1,B_csv_20260930,B_csv_20260930,c78e8e0c53ea9f5be56ef5a5cfe4dbaa,1,0,0.4003,0.7008,0.8228,0.6367,0
shwd2sf_frz9_base30_s42n,B,complete,shapeiou,sio_b_results.csv,30,30,30,0.37567,0.6646,0.37567,0.6646,635.687,0.001,42,42,shuffle,42,sfchd_20p_b,/root/sfchd_20p_b.yaml,shwd2sf_pretrain.pt,640,32,100,1000,shwd2sf,,base,0,0,0,,1,B_csv_20260930,B_csv_20260930,5572c9bbeadc52d47c54ec43eed3344d,1,0,0.3757,0.6646,0.78,0.6099,0
shwd2sf_lr0025_100ep_s42n,B,complete,shapeiou,sio_b_results.csv,100,100,87,0.44035,0.73737,0.43225,0.72898,2542.03,0.0025,42,42,shuffle,42,sfchd_20p_b,/root/sfchd_20p_b.yaml,shwd2sf_pretrain.pt,640,32,100,1000,shwd2sf,,lr002,0,0,0,,1,B_csv_20260930,B_csv_20260930,6af3ed46761b55e09089a120f5ebbb8d,1,0,0.4403,0.7373,0.8445,0.7012,0
shwd2sf_lr0025_30ep_s42n,B,complete,shapeiou,sio_b_results.csv,30,30,30,0.43368,0.73386,0.43368,0.73386,1015.93,0.0025,42,42,shuffle,42,sfchd_20p_b,/root/sfchd_20p_b.yaml,shwd2sf_pretrain.pt,640,32,100,1000,shwd2sf,,lr002,0,0,0,,1,B_csv_20260930,B_csv_20260930,88cefc6beb3e6cf26927d8edcc29d29a,1,0,0.4337,0.7344,0.8392,0.681,0
shwd2sf_lr0025_50ep_s42n,B,complete,shapeiou,sio_b_results.csv,50,50,49,0.43778,0.73687,0.43437,0.73158,1283.66,0.0025,42,42,shuffle,42,sfchd_20p_b,/root/sfchd_20p_b.yaml,shwd2sf_pretrain.pt,640,32,100,1000,shwd2sf,,lr002,0,0,0,,1,B_csv_20260930,B_csv_20260930,e61c7c14860e3f844dd32ff4dc2f5af2,1,0,0.4378,0.7371,0.8413,0.6894,0
shwd2sf_lr005_100ep,B,complete,shapeiou,sio_b_results.csv,100,100,87,0.44685,0.74328,0.43951,0.73288,2415.89,0.005,,42,none,42,sfchd_20p_b,/root/sfchd_20p_b.yaml,shwd2sf_pretrain.pt,640,32,100,5,shwd2sf,,lr005,0,0,0,,1,B_csv_20260930,B_csv_20260930,4258b1bcbd8c631badb1b9ba5f82debd,1,0,0.4469,0.7433,0.8324,0.708,0
shwd2sf_lr005_100ep_s42n,B,complete,shapeiou,sio_b_results.csv,100,100,79,0.44262,0.73867,0.43562,0.73252,2381.7,0.005,42,42,shuffle,42,sfchd_20p_b,/root/sfchd_20p_b.yaml,shwd2sf_pretrain.pt,640,32,100,5,shwd2sf,,lr005,0,0,0,,1,B_csv_20260930,B_csv_20260930,4ec3aa06d80b6c4d91b21ff34adc77a1,1,0,0.4426,0.7387,0.8538,0.6858,0
shwd2sf_lr005_100ep_s43n,B,complete,shapeiou,sio_b_results.csv,100,100,81,0.44469,0.73874,0.43851,0.73206,2435.61,0.005,43,42,shuffle,43,sfchd_20p_b,/root/sfchd_20p_b.yaml,shwd2sf_pretrain.pt,640,32,100,1000,shwd2sf,,lr005,0,0,0,,1,B_csv_20260930,B_csv_20260930,e8cfacfec3b9bdf1b5d816ceec07efda,1,0,0.4447,0.7387,0.8164,0.706,0
shwd2sf_lr005_100ep_s44,B,complete,shapeiou,sio_b_results.csv,100,100,82,0.44518,0.74164,0.44133,0.73582,2423.66,0.005,44,42,torch,44,sfchd_20p_b,/root/sfchd_20p_b.yaml,shwd2sf_pretrain.pt,640,32,100,5,shwd2sf,,lr005,0,0,0,,1,B_csv_20260930,B_csv_20260930,0edf04e8b41ebd072a00b81bb3b0dce3,1,0,0.4451,0.7419,0.8411,0.6927,0
shwd2sf_lr005_100ep_s44n,B,complete,shapeiou,sio_b_results.csv,100,100,82,0.44518,0.74164,0.44133,0.73582,2435.94,0.005,44,42,shuffle,44,sfchd_20p_b,/root/sfchd_20p_b.yaml,shwd2sf_pretrain.pt,640,32,100,1000,shwd2sf,,lr005,0,0,0,,1,B_csv_20260930,B_csv_20260930,a2543edcc06545f0a9bbeff1ba1337cb,1,0,0.4451,0.7419,0.8411,0.6927,0
shwd2sf_lr005_100ep_s45,B,complete,shapeiou,sio_b_results.csv,100,100,90,0.44304,0.73904,0.43924,0.73472,2423.99,0.005,45,42,torch,45,sfchd_20p_b,/root/sfchd_20p_b.yaml,shwd2sf_pretrain.pt,640,32,100,5,shwd2sf,,lr005,0,0,0,,1,B_csv_20260930,B_csv_20260930,c71a3fc9d8d6e16be3e5c291694a21b9,1,0,0.443,0.7391,0.8448,0.6976,0
shwd2sf_lr005_100ep_s45n,B,complete,shapeiou,sio_b_results.csv,100,100,90,0.44304,0.73904,0.43924,0.73472,2576.18,0.005,45,42,shuffle,45,sfchd_20p_b,/root/sfchd_20p_b.yaml,shwd2sf_pretrain.pt,640,32,100,1000,shwd2sf,,lr005,0,0,0,,1,B_csv_20260930,B_csv_20260930,6c13baa9371d58680057e5096e9f4c88,1,0,0.443,0.7391,0.8448,0.6976,0
shwd2sf_lr005_100ep_s46n,B,complete,shapeiou,sio_b_results.csv,100,100,89,0.4453,0.73787,0.4425,0.73711,2491.55,0.005,46,42,shuffle,46,sfchd_20p_b,/root/sfchd_20p_b.yaml,shwd2sf_pretrain.pt,640,32,100,1000,shwd2sf,,lr005,0,0,0,,1,B_csv_20260930,B_csv_20260930,2bd287d5d66294b39735d92af49860f8,1,0,0.4454,0.7378,0.851,0.6953,0
shwd2sf_lr005_100ep_s47n,B,complete,shapeiou,sio_b_results.csv,100,100,89,0.44504,0.74444,0.43947,0.73442,2511.49,0.005,47,42,shuffle,47,sfchd_20p_b,/root/sfchd_20p_b.yaml,shwd2sf_pretrain.pt,640,32,100,1000,shwd2sf,,lr005,0,0,0,,1,B_csv_20260930,B_csv_20260930,029818ab3fd3ec99efcd21863ade481a,1,0,0.4448,0.7444,0.8381,0.7041,0
shwd2sf_lr005_100ep_s48n,B,complete,shapeiou,sio_b_results.csv,100,100,82,0.44132,0.73867,0.43807,0.72918,2498.69,0.005,48,42,shuffle,48,sfchd_20p_b,/root/sfchd_20p_b.yaml,shwd2sf_pretrain.pt,640,32,100,1000,shwd2sf,,lr005,0,0,0,,1,B_csv_20260930,B_csv_20260930,ca046fd150725dc21f3e94a8254bf7ad,1,0,0.4412,0.7387,0.8448,0.6931,0
shwd2sf_lr005_100ep_s49n,B,complete,shapeiou,sio_b_results.csv,100,100,90,0.44339,0.73381,0.44026,0.73449,2507.9,0.005,49,42,shuffle,49,sfchd_20p_b,/root/sfchd_20p_b.yaml,shwd2sf_pretrain.pt,640,32,100,1000,shwd2sf,,lr005,0,0,0,,1,B_csv_20260930,B_csv_20260930,570d728453146abff78b83cdc9f95ae5,1,0,0.4434,0.7342,0.8348,0.6916,0
shwd2sf_lr005_100ep_s50n,B,complete,shapeiou,sio_b_results.csv,100,100,88,0.44686,0.74161,0.4405,0.73264,2515.37,0.005,50,42,shuffle,50,sfchd_20p_b,/root/sfchd_20p_b.yaml,shwd2sf_pretrain.pt,640,32,100,1000,shwd2sf,,lr005,0,0,0,,1,B_csv_20260930,B_csv_20260930,406097bfc191df376bf24b2fd14bdbb3,1,0,0.4467,0.742,0.8431,0.702,0
shwd2sf_lr005_100ep_s51n,B,complete,shapeiou,sio_b_results.csv,100,100,87,0.44279,0.73318,0.43575,0.72777,2575.29,0.005,51,42,shuffle,51,sfchd_20p_b,/root/sfchd_20p_b.yaml,shwd2sf_pretrain.pt,640,32,100,1000,shwd2sf,,lr005,0,0,0,,1,B_csv_20260930,B_csv_20260930,0a4ec5dd24fbce7df2388f428c7e2aec,1,0,0.4427,0.7333,0.8317,0.6988,0
shwd2sf_lr005_150ep,B,complete,shapeiou,sio_b_results.csv,150,150,119,0.44462,0.74239,0.43677,0.73205,3588.03,0.005,,42,none,42,sfchd_20p_b,/root/sfchd_20p_b.yaml,shwd2sf_pretrain.pt,640,32,100,5,shwd2sf,,lr005,0,0,0,,1,B_csv_20260930,B_csv_20260930,6498eb3fff2accad798e5eef8f8b64c7,1,0,0.4446,0.7419,0.8384,0.7006,0
shwd2sf_lr005_200ep,B,complete,shapeiou,sio_b_results.csv,200,200,110,0.4439,0.74031,0.43241,0.72553,4828.86,0.005,,42,none,42,sfchd_20p_b,/root/sfchd_20p_b.yaml,shwd2sf_pretrain.pt,640,32,100,5,shwd2sf,,lr005,0,0,0,,1,B_csv_20260930,B_csv_20260930,682eed128b98a58a25bcfe58bbb52cc2,1,0,0.4439,0.7404,0.8334,0.7065,0
shwd2sf_lr005_200ep_s42n,B,complete,shapeiou,sio_b_results.csv,200,200,145,0.44374,0.73594,0.43474,0.72503,4798.69,0.005,42,42,shuffle,42,sfchd_20p_b,/root/sfchd_20p_b.yaml,shwd2sf_pretrain.pt,640,32,100,1000,shwd2sf,,lr005,0,0,0,,1,B_csv_20260930,B_csv_20260930,9f0fae29cfd15547d87cf737cebe2da7,1,0,0.4437,0.736,0.8515,0.691,0
shwd2sf_lr005_30ep,B,complete,shapeiou,sio_b_results.csv,30,30,29,0.4285,0.73077,0.42844,0.73035,733.675,0.005,,42,none,42,sfchd_20p_b,/root/sfchd_20p_b.yaml,shwd2sf_pretrain.pt,640,32,100,5,shwd2sf,,lr005,0,0,0,,1,B_csv_20260930,B_csv_20260930,9b670f4c79025de9b0aedaec71814d43,1,0,0.4287,0.7305,0.8011,0.6935,0
shwd2sf_lr005_30ep_s42n,B,complete,shapeiou,sio_b_results.csv,30,30,30,0.4338,0.73043,0.4338,0.73043,759.906,0.005,42,42,shuffle,42,sfchd_20p_b,/root/sfchd_20p_b.yaml,shwd2sf_pretrain.pt,640,32,100,1000,shwd2sf,,lr005,0,0,0,,1,B_csv_20260930,B_csv_20260930,c6931d30ec0a3e54e927fda01680514d,1,0,0.4338,0.7304,0.8066,0.6893,0
shwd2sf_lr005_30ep_s43n,B,complete,shapeiou,sio_b_results.csv,30,30,30,0.43364,0.73475,0.43364,0.73475,756.302,0.005,43,42,shuffle,43,sfchd_20p_b,/root/sfchd_20p_b.yaml,shwd2sf_pretrain.pt,640,32,100,1000,shwd2sf,,lr005,0,0,0,,1,B_csv_20260930,B_csv_20260930,491410f76e928cde12bbeed154dc22ba,1,0,0.4336,0.7348,0.8358,0.6825,0
shwd2sf_lr005_30ep_s44n,B,complete,shapeiou,sio_b_results.csv,30,30,30,0.43232,0.73345,0.43232,0.73345,754.148,0.005,44,42,shuffle,44,sfchd_20p_b,/root/sfchd_20p_b.yaml,shwd2sf_pretrain.pt,640,32,100,1000,shwd2sf,,lr005,0,0,0,,1,B_csv_20260930,B_csv_20260930,3994035110b3a8ac870450a113851f18,1,0,0.4323,0.7335,0.7913,0.6985,0
shwd2sf_lr005_50ep,B,complete,shapeiou,sio_b_results.csv,50,50,50,0.43995,0.73447,0.43995,0.73447,1217.87,0.005,,42,none,42,sfchd_20p_b,/root/sfchd_20p_b.yaml,shwd2sf_pretrain.pt,640,32,100,5,shwd2sf,,lr005,0,0,0,,1,B_csv_20260930,B_csv_20260930,b3fb5e38f3d6ed98f65b0c83131ffce1,1,0,0.44,0.7345,0.83,0.696,0
shwd2sf_lr005_50ep_s42n,B,complete,shapeiou,sio_b_results.csv,50,50,49,0.44294,0.7438,0.44114,0.74329,1215.4,0.005,42,42,shuffle,42,sfchd_20p_b,/root/sfchd_20p_b.yaml,shwd2sf_pretrain.pt,640,32,100,5,shwd2sf,,lr005,0,0,0,,1,B_csv_20260930,B_csv_20260930,1ba60a0a72c25933cd859fcf51778a03,1,0,0.4429,0.7437,0.8336,0.7013,0
shwd2sf_lr005_50ep_s43n,B,complete,shapeiou,sio_b_results.csv,50,50,47,0.44049,0.74551,0.44045,0.74401,1216.51,0.005,43,42,shuffle,43,sfchd_20p_b,/root/sfchd_20p_b.yaml,shwd2sf_pretrain.pt,640,32,100,1000,shwd2sf,,lr005,0,0,0,,1,B_csv_20260930,B_csv_20260930,881a5b54821819871314e3a728859ef0,1,0,0.4403,0.7443,0.8273,0.6969,0
shwd2sf_lr005_50ep_s44n,B,complete,shapeiou,sio_b_results.csv,50,50,40,0.43707,0.74088,0.43629,0.73388,1258.63,0.005,44,42,shuffle,44,sfchd_20p_b,/root/sfchd_20p_b.yaml,shwd2sf_pretrain.pt,640,32,100,1000,shwd2sf,,lr005,0,0,0,,1,B_csv_20260930,B_csv_20260930,acb50ffb49b6ed799d43a1b17297a45b,1,0,0.4372,0.7409,0.8438,0.6863,0
shwd2sf_lr010_100ep_s42n,B,complete,shapeiou,sio_b_results.csv,100,100,90,0.44498,0.73856,0.43746,0.73283,2539.64,0.01,42,42,shuffle,42,sfchd_20p_b,/root/sfchd_20p_b.yaml,shwd2sf_pretrain.pt,640,32,100,1000,shwd2sf,,,0,0,0,,1,B_csv_20260930,B_csv_20260930,9396cb6ac34f3fd71efae134dee94a42,1,0,0.4451,0.7386,0.8544,0.6901,0
shwd2sf_lr010_30ep_s42n,B,complete,shapeiou,sio_b_results.csv,30,30,28,0.42508,0.72412,0.42304,0.72395,873.065,0.01,42,42,shuffle,42,sfchd_20p_b,/root/sfchd_20p_b.yaml,shwd2sf_pretrain.pt,640,32,100,1000,shwd2sf,,,0,0,0,,1,B_csv_20260930,B_csv_20260930,0415fddd7f7dfafe1d2d886f3f463b97,1,0,0.4251,0.7241,0.8273,0.6691,0
shwd2sf_lr010_50ep_s42n,B,complete,shapeiou,sio_b_results.csv,50,50,50,0.43713,0.73135,0.43713,0.73135,1279.49,0.01,42,42,shuffle,42,sfchd_20p_b,/root/sfchd_20p_b.yaml,shwd2sf_pretrain.pt,640,32,100,1000,shwd2sf,,,0,0,0,,1,B_csv_20260930,B_csv_20260930,f545574d7d70a4714020d9d0331579ce,1,0,0.4372,0.7315,0.8092,0.6804,0
shwd2sf_lr020_100ep_s42n,B,complete,shapeiou,sio_b_results.csv,100,100,100,0.43585,0.73545,0.43585,0.73545,2439.62,0.02,42,42,shuffle,42,sfchd_20p_b,/root/sfchd_20p_b.yaml,shwd2sf_pretrain.pt,640,32,100,1000,shwd2sf,,,0,0,0,,1,B_csv_20260930,B_csv_20260930,2a75e3a52a760262824a9f22c5bc8a25,1,0,0.4358,0.7354,0.8401,0.6833,0
shwd2sf_lr020_30ep_s42n,B,complete,shapeiou,sio_b_results.csv,30,30,30,0.41755,0.71768,0.41755,0.71768,745.176,0.02,42,42,shuffle,42,sfchd_20p_b,/root/sfchd_20p_b.yaml,shwd2sf_pretrain.pt,640,32,100,1000,shwd2sf,,,0,0,0,,1,B_csv_20260930,B_csv_20260930,c74274f09f3cfac875b46cace6c4c976,1,0,0.4174,0.7177,0.8361,0.6562,0
shwd2sf_lw01_lr005_100ep_s42n,B,complete,shapeiou,sio_b_results.csv,100,100,79,0.43584,0.73579,0.42701,0.73014,2452.15,0.005,42,42,shuffle,42,sfchd_20p_b,/root/sfchd_20p_b.yaml,shwd2sf_pretrain.pt,640,32,100,5,shwd2sf,,lr005,0,0,0,,1,B_csv_20260930,B_csv_20260930,d4c62e06bfceee08dfcbf5dcbec7a39d,1,0,0.4358,0.7358,0.8586,0.6886,0
shwd2sf_lw01_lr005_100ep_s43n,B,complete,shapeiou,sio_b_results.csv,100,100,55,0.43495,0.73974,0.42442,0.72037,2476.04,0.005,43,42,shuffle,43,sfchd_20p_b,/root/sfchd_20p_b.yaml,shwd2sf_pretrain.pt,640,32,100,5,shwd2sf,,lr005,0,0,0,,1,B_csv_20260930,B_csv_20260930,5c70c9e95020b169385fd25c5d096f69,1,0,0.4348,0.7398,0.8032,0.6998,0
shwd2sf_lw01_lr005_100ep_s44n,B,complete,shapeiou,sio_b_results.csv,100,100,89,0.4341,0.73079,0.42228,0.71666,2524.56,0.005,44,42,shuffle,44,sfchd_20p_b,/root/sfchd_20p_b.yaml,shwd2sf_pretrain.pt,640,32,100,5,shwd2sf,,lr005,0,0,0,,1,B_csv_20260930,B_csv_20260930,1ba526576e93b671eb2e5529ecd7d140,1,0,0.4342,0.7308,0.8313,0.6896,0
shwd2sf_lw01_lr005_30ep_s42n,B,complete,shapeiou,sio_b_results.csv,30,30,17,0.41033,0.71797,0.39341,0.69686,750.557,0.005,42,42,shuffle,42,sfchd_20p_b,/root/sfchd_20p_b.yaml,shwd2sf_pretrain.pt,640,32,100,5,shwd2sf,,lr005,0,0,0,,1,B_csv_20260930,B_csv_20260930,f385f1233db9e43fdebbcd064ea49c8d,1,0,0.4103,0.7179,0.8297,0.6596,0
shwd2sf_lw01_lr005_30ep_s43n,B,complete,shapeiou,sio_b_results.csv,30,30,29,0.41143,0.7198,0.40787,0.71525,787.669,0.005,43,42,shuffle,43,sfchd_20p_b,/root/sfchd_20p_b.yaml,shwd2sf_pretrain.pt,640,32,100,5,shwd2sf,,lr005,0,0,0,,1,B_csv_20260930,B_csv_20260930,33f18f9caf06aa45001f48d574d659c8,1,0,0.4114,0.7198,0.8163,0.6663,0
shwd2sf_lw01_lr005_30ep_s44n,B,complete,shapeiou,sio_b_results.csv,30,30,17,0.41071,0.72406,0.39812,0.70314,801.545,0.005,44,42,shuffle,44,sfchd_20p_b,/root/sfchd_20p_b.yaml,shwd2sf_pretrain.pt,640,32,100,5,shwd2sf,,lr005,0,0,0,,1,B_csv_20260930,B_csv_20260930,62f469c35b7f8d22aa166a1fdd5c3809,1,0,0.4107,0.7241,0.8407,0.6648,0
shwd2sf_lw03_lr005_100ep_s42n,B,complete,shapeiou,sio_b_results.csv,100,100,72,0.42935,0.73632,0.42014,0.71986,2523.41,0.005,42,42,shuffle,42,sfchd_20p_b,/root/sfchd_20p_b.yaml,shwd2sf_pretrain.pt,640,32,100,5,shwd2sf,,lr005,0,0,0,,1,B_csv_20260930,B_csv_20260930,74a9468f8b282a412902a1acf76f6543,1,0,0.4295,0.7369,0.8378,0.6872,0
shwd2sf_lw03_lr005_100ep_s43n,B,complete,shapeiou,sio_b_results.csv,100,100,86,0.43168,0.72624,0.42283,0.72068,2514.75,0.005,43,42,shuffle,43,sfchd_20p_b,/root/sfchd_20p_b.yaml,shwd2sf_pretrain.pt,640,32,100,5,shwd2sf,,lr005,0,0,0,,1,B_csv_20260930,B_csv_20260930,b843482f483dac7415c49dd501fd2778,1,0,0.4315,0.7261,0.8247,0.6915,0
shwd2sf_lw03_lr005_100ep_s44n,B,complete,shapeiou,sio_b_results.csv,100,100,72,0.43273,0.73525,0.4198,0.71327,2448.03,0.005,44,42,shuffle,44,sfchd_20p_b,/root/sfchd_20p_b.yaml,shwd2sf_pretrain.pt,640,32,100,5,shwd2sf,,lr005,0,0,0,,1,B_csv_20260930,B_csv_20260930,01af16d013226919263db02eeaa539af,1,0,0.4329,0.7353,0.8368,0.679,0
shwd2sf_lw03_lr005_30ep_s42n,B,complete,shapeiou,sio_b_results.csv,30,30,17,0.39901,0.71126,0.38054,0.68448,775.87,0.005,42,42,shuffle,42,sfchd_20p_b,/root/sfchd_20p_b.yaml,shwd2sf_pretrain.pt,640,32,100,5,shwd2sf,,lr005,0,0,0,,1,B_csv_20260930,B_csv_20260930,10189a99a37d9102247d123824cabeae,1,0,0.399,0.7113,0.8356,0.6585,0
shwd2sf_lw03_lr005_30ep_s43n,B,complete,shapeiou,sio_b_results.csv,30,30,19,0.40006,0.71235,0.38679,0.68756,783.88,0.005,43,42,shuffle,43,sfchd_20p_b,/root/sfchd_20p_b.yaml,shwd2sf_pretrain.pt,640,32,100,5,shwd2sf,,lr005,0,0,0,,1,B_csv_20260930,B_csv_20260930,42fec9e5a61ce98bce76c657907e77d6,1,0,0.4,0.7121,0.8079,0.6498,0
shwd2sf_lw03_lr005_30ep_s44n,B,complete,shapeiou,sio_b_results.csv,30,30,16,0.402,0.71199,0.3823,0.68125,761.009,0.005,44,42,shuffle,44,sfchd_20p_b,/root/sfchd_20p_b.yaml,shwd2sf_pretrain.pt,640,32,100,5,shwd2sf,,lr005,0,0,0,,1,B_csv_20260930,B_csv_20260930,5c5d2a24d3b7118febe673e086ac1aa6,1,0,0.402,0.7121,0.8249,0.6574,0
shwd2sf_modC2fEMA_v2_100ep_s42n,B,complete,shapeiou,sio_b_results.csv,100,100,84,0.44002,0.73774,0.43162,0.72679,2493.58,0.001,42,42,shuffle,42,sfchd_20p_b,/root/sfchd_20p_b.yaml,shwd2sf_pretrain.pt,640,32,100,1000,shwd2sf,,,0,0,0,,1,B_csv_20260930,B_csv_20260930,611428a32e4a47b193ecab3fa0bd1356,1,0,0.4399,0.7377,0.8523,0.6893,0
shwd2sf_modCA_v2_100ep_s42n,B,complete,shapeiou,sio_b_results.csv,100,100,78,0.44003,0.73815,0.42789,0.72438,2801.75,0.001,42,42,shuffle,42,sfchd_20p_b,/root/sfchd_20p_b.yaml,shwd2sf_pretrain.pt,640,32,100,1000,shwd2sf,,,0,0,0,,1,B_csv_20260930,B_csv_20260930,5102ef346fff9b09a547b1b65de89268,1,0,0.4401,0.7383,0.8357,0.6988,0
shwd2sf_modCBAM_v2_100ep_s42n,B,complete,shapeiou,sio_b_results.csv,100,100,79,0.44078,0.74245,0.42991,0.72632,2506.56,0.001,42,42,shuffle,42,sfchd_20p_b,/root/sfchd_20p_b.yaml,shwd2sf_pretrain.pt,640,32,100,1000,shwd2sf,,,0,0,0,,1,B_csv_20260930,B_csv_20260930,7cc8d4f82a7da65a6dbac073bb09f53b,1,0,0.4408,0.7425,0.8194,0.7062,0
shwd2sf_modECAplus_v2_100ep_s42n,B,complete,shapeiou,sio_b_results.csv,100,100,72,0.43979,0.73922,0.43263,0.72724,2588.05,0.001,42,42,shuffle,42,sfchd_20p_b,/root/sfchd_20p_b.yaml,shwd2sf_pretrain.pt,640,32,100,1000,shwd2sf,,,0,0,0,,1,B_csv_20260930,B_csv_20260930,869de067bc40dd0a59a911192edb0ed8,1,0,0.4399,0.7392,0.8762,0.675,0
shwd2sf_modEMA_v2_100ep_s42n,B,complete,shapeiou,sio_b_results.csv,100,100,88,0.43869,0.73696,0.42807,0.72143,2635.89,0.001,42,42,shuffle,42,sfchd_20p_b,/root/sfchd_20p_b.yaml,shwd2sf_pretrain.pt,640,32,100,1000,shwd2sf,,,0,0,0,,1,B_csv_20260930,B_csv_20260930,4edf40d48c36fce52988da0ffb3ab8c7,1,0,0.4385,0.7367,0.8341,0.7029,0
shwd2sf_modGAM_v2_100ep_s42n,B,complete,shapeiou,sio_b_results.csv,100,100,78,0.44194,0.73804,0.42998,0.72343,2593.25,0.001,42,42,shuffle,42,sfchd_20p_b,/root/sfchd_20p_b.yaml,shwd2sf_pretrain.pt,640,32,100,1000,shwd2sf,,,0,0,0,,1,B_csv_20260930,B_csv_20260930,7d08ba13340dd967f76cb11807375322,1,0,0.4419,0.738,0.8364,0.6952,0
shwd2sf_modSA_v2_100ep_s42n,B,complete,shapeiou,sio_b_results.csv,100,100,82,0.44192,0.74301,0.43239,0.72546,2573.71,0.001,42,42,shuffle,42,sfchd_20p_b,/root/sfchd_20p_b.yaml,shwd2sf_pretrain.pt,640,32,100,1000,shwd2sf,,,0,0,0,,1,B_csv_20260930,B_csv_20260930,7f59674dfb4436e4f798199027ef5a55,1,0,0.4419,0.7428,0.8507,0.6886,0
shwd2sf_modSE_v2_100ep_s42n,B,complete,shapeiou,sio_b_results.csv,100,100,82,0.443,0.74229,0.43066,0.72937,2568.19,0.001,42,42,shuffle,42,sfchd_20p_b,/root/sfchd_20p_b.yaml,shwd2sf_pretrain.pt,640,32,100,1000,shwd2sf,,,0,0,0,,1,B_csv_20260930,B_csv_20260930,5b21cf1f9dc5403431a1316760d014e4,1,0,0.4429,0.7421,0.8512,0.6894,0
shwd2sf_modSimAM_v2_100ep_s42n,B,complete,shapeiou,sio_b_results.csv,100,100,82,0.43865,0.74099,0.4289,0.72544,2680.27,0.001,42,42,shuffle,42,sfchd_20p_b,/root/sfchd_20p_b.yaml,shwd2sf_pretrain.pt,640,32,100,1000,shwd2sf,,,0,0,0,,1,B_csv_20260930,B_csv_20260930,ab10445a8e7710fd654ff7ae90bf594d,1,0,0.4386,0.7406,0.8431,0.6947,0
shwd2sf_pretrain,B,complete,shapeiou,sio_b_results.csv,30,30,30,0.61153,0.93452,0.61153,0.93452,1835.92,0.001,,42,none,42,shwd_data_b,/root/shwd_data_b.yaml,yolo12n.pt,640,32,100,5,shwd2sf,,,0,0,0,,1,B_csv_20260930,B_csv_20260930,2c9ce19700477db4ad53d89882b04341,1,0,0.6114,0.9345,0.923,0.8743,0
shwd2sf_pws_100ep,B,complete,pws,sio_b_results.csv,100,100,84,0.43793,0.73922,0.42771,0.72353,2421.12,0.001,,42,none,42,sfchd_20p_b,/root/sfchd_20p_b.yaml,shwd2sf_pretrain.pt,640,32,100,5,shwd2sf,,,0,0,0,,1,B_csv_20260930,B_csv_20260930,3c688f2fd845d2632143c64c06b9d048,1,0,0.4378,0.7391,0.8312,0.7008,0
shwd2sf_sns_100ep,B,complete,sns,sio_b_results.csv,100,100,84,0.43915,0.74028,0.43042,0.72592,2417.16,0.001,,42,none,42,sfchd_20p_b,/root/sfchd_20p_b.yaml,shwd2sf_pretrain.pt,640,32,100,5,shwd2sf,,,0,0,0,,1,B_csv_20260930,B_csv_20260930,e77eb6a899e63b6e6c8efd53589138a2,1,0,0.4392,0.7403,0.8292,0.7012,0
shwd2sf_sns_100ep_s44,B,complete,sns,sio_b_results.csv,100,100,54,0.43818,0.74287,0.4251,0.7228,2393.73,0.001,44,42,torch,44,sfchd_20p_b,/root/sfchd_20p_b.yaml,shwd2sf_pretrain.pt,640,32,100,5,shwd2sf,,,0,0,0,,1,B_csv_20260930,B_csv_20260930,d46740a2b4088f1bd4dfaab6027b95df,1,0,0.4383,0.7431,0.8305,0.6979,0
shwd2sf_sns_100ep_s45,B,complete,sns,sio_b_results.csv,100,100,65,0.43789,0.738,0.42754,0.72331,2413.45,0.001,45,42,torch,45,sfchd_20p_b,/root/sfchd_20p_b.yaml,shwd2sf_pretrain.pt,640,32,100,5,shwd2sf,,,0,0,0,,1,B_csv_20260930,B_csv_20260930,f0602dfec7f02e2a8b0f51638e0e22a7,1,0,0.4378,0.738,0.8465,0.6895,0
smoke_pretrain,B,complete,shapeiou,sio_b_results.csv,30,30,29,0.94882,0.995,0.94829,0.995,2254.14,0.001,,42,none,42,data,/root/datasets_mask/smoke_keremberke/data.yaml,yolo12n.pt,640,32,100,5,smoke,,,0,0,0,,1,B_csv_20260930,B_csv_20260930,85a10c710e76da0fdfe0111db99af486,1,0,0.9461,0.995,1.0,1.0,0
smoke_pretrain_nc2,B,complete,shapeiou,sio_b_results.csv,1,1,1,0.16829,0.36842,0.16829,0.36842,86.183,0.001,,42,none,42,firesmoke_20p,/root/datasets_mask/firesmoke_clean/firesmoke_20p.yaml,smoke_pretrain.pt,640,32,100,5,smoke,,,0,0,0,,1,B_csv_20260930,B_csv_20260930,2333419a1154f7b784c12abc328e6ef6,1,0,0.1733,0.3717,0.5028,0.3803,0
smoke_s45n_3ep,B,complete,shapeiou,sio_b_results.csv,3,3,3,0.36681,0.65427,0.36681,0.65427,111.708,0.001,,42,none,42,sfchd_20p_b,/root/sfchd_20p_b.yaml,shwd2sf_pretrain.pt,640,32,100,1000,smoke,,,0,0,0,,1,B_csv_20260930,B_csv_20260930,7115b5caec63dcaa1028121844b8b9e5,1,0,0.3669,0.6547,0.7978,0.5922,0
smoke_s45rep_3ep,B,complete,shapeiou,sio_b_results.csv,3,3,3,0.36681,0.65427,0.36681,0.65427,82.2204,0.001,,42,none,42,sfchd_20p_b,/root/sfchd_20p_b.yaml,shwd2sf_pretrain.pt,640,32,100,1000,smoke,,,0,0,0,,1,B_csv_20260930,B_csv_20260930,2d1171cd7329c1b193f130b9507d8251,1,0,0.3669,0.6547,0.7978,0.5922,0
smoke_s46n_3ep,B,complete,shapeiou,sio_b_results.csv,3,3,3,0.36031,0.64097,0.36031,0.64097,82.2082,0.001,,42,none,42,sfchd_20p_b,/root/sfchd_20p_b.yaml,shwd2sf_pretrain.pt,640,32,100,1000,smoke,,,0,0,0,,1,B_csv_20260930,B_csv_20260930,18fb5f6256ea278e254c198792b5f433,1,0,0.3605,0.641,0.7819,0.5795,0
smoke_sns_pretrain,B,complete,sns,sio_b_results.csv,30,30,30,0.95102,0.995,0.95102,0.995,2772.08,0.001,,42,none,42,data,/root/datasets_mask/smoke_keremberke/data.yaml,yolo12n.pt,640,32,100,5,smoke,,,0,0,0,,1,B_csv_20260930,B_csv_20260930,deb8fd84fa1e2835fc0e3b7d0768f7f8,1,0,0.9488,0.995,1.0,1.0,0
smoke2sf_base100,B,complete,shapeiou,sio_b_results.csv,100,100,87,0.42448,0.72213,0.41528,0.71411,2438.1,0.001,,42,none,42,sfchd_20p_b,/root/sfchd_20p_b.yaml,smoke_pretrain.pt,640,32,100,5,smoke2sf,,base,0,0,0,,1,B_csv_20260930,B_csv_20260930,bb828ee7e78e4029ddc2aa894e7a48c8,1,0,0.4244,0.7221,0.8122,0.688,0
smoke2sf_base100_s42n,B,complete,shapeiou,sio_b_results.csv,100,100,77,0.42385,0.71903,0.41604,0.71196,2399.98,0.001,42,42,shuffle,42,sfchd_20p_b,/root/sfchd_20p_b.yaml,smoke_pretrain.pt,640,32,100,5,smoke2sf,,base,0,0,0,,1,B_csv_20260930,B_csv_20260930,367e984c0ad1eb494ec91b956430eae1,1,0,0.4239,0.7191,0.8045,0.6833,0
smoke2sf_base100_s43n,B,complete,shapeiou,sio_b_results.csv,100,100,78,0.42016,0.72212,0.41166,0.71468,2392.69,0.001,43,42,shuffle,43,sfchd_20p_b,/root/sfchd_20p_b.yaml,smoke_pretrain.pt,640,32,100,5,smoke2sf,,base,0,0,0,,1,B_csv_20260930,B_csv_20260930,114c4402591668b5dd2c43b0c5f932b4,1,0,0.42,0.7221,0.796,0.6863,0
smoke2sf_base100_s44n,B,complete,shapeiou,sio_b_results.csv,100,100,79,0.41943,0.71962,0.40719,0.70655,2410.33,0.001,44,42,shuffle,44,sfchd_20p_b,/root/sfchd_20p_b.yaml,smoke_pretrain.pt,640,32,100,5,smoke2sf,,base,0,0,0,,1,B_csv_20260930,B_csv_20260930,a3f804d1c72934667121f40cfb7a3945,1,0,0.4193,0.7197,0.8122,0.675,0
smoke2sf_base100_s45n,B,complete,shapeiou,sio_b_results.csv,100,100,72,0.41907,0.71518,0.41395,0.70961,2579.45,0.001,45,42,shuffle,45,sfchd_20p_b,/root/sfchd_20p_b.yaml,smoke_pretrain.pt,640,32,100,5,smoke2sf,,base,0,0,0,,1,B_csv_20260930,B_csv_20260930,ad203ffefd07222be8642d023526d61f,1,0,0.4191,0.7152,0.7982,0.68,0
smoke2sf_base100_s46n,B,complete,shapeiou,sio_b_results.csv,100,100,88,0.42163,0.71851,0.41425,0.71581,2559.59,0.001,46,42,shuffle,46,sfchd_20p_b,/root/sfchd_20p_b.yaml,smoke_pretrain.pt,640,32,100,5,smoke2sf,,base,0,0,0,,1,B_csv_20260930,B_csv_20260930,35b349f3e71c9b1310d71db6f7f628a9,1,0,0.4215,0.7183,0.8111,0.6778,0
smoke2sf_base100_s47n,B,complete,shapeiou,sio_b_results.csv,100,100,81,0.41917,0.71395,0.41058,0.70841,2696.88,0.001,47,42,shuffle,47,sfchd_20p_b,/root/sfchd_20p_b.yaml,smoke_pretrain.pt,640,32,100,5,smoke2sf,,base,0,0,0,,1,B_csv_20260930,B_csv_20260930,b68df32955e4a4561b061e5eddd3a3b0,1,0,0.419,0.714,0.797,0.6841,0
smoke2sf_base100_s48n,B,complete,shapeiou,sio_b_results.csv,100,100,88,0.42347,0.7206,0.41643,0.71333,2533.54,0.001,48,42,shuffle,48,sfchd_20p_b,/root/sfchd_20p_b.yaml,smoke_pretrain.pt,640,32,100,5,smoke2sf,,base,0,0,0,,1,B_csv_20260930,B_csv_20260930,1eaac22658aa08c78f6b1a04c8e06afc,1,0,0.4235,0.7206,0.8212,0.6728,0
smoke2sf_base100_s49n,B,complete,shapeiou,sio_b_results.csv,100,100,90,0.42209,0.71783,0.41632,0.71449,2513.85,0.001,49,42,shuffle,49,sfchd_20p_b,/root/sfchd_20p_b.yaml,smoke_pretrain.pt,640,32,100,5,smoke2sf,,base,0,0,0,,1,B_csv_20260930,B_csv_20260930,6c0054b105e1d492aa6b7560ae6c6809,1,0,0.4219,0.7179,0.8055,0.6856,0
smoke2sf_base100_s50n,B,complete,shapeiou,sio_b_results.csv,100,100,79,0.42162,0.72013,0.41373,0.71236,2521.89,0.001,50,42,shuffle,50,sfchd_20p_b,/root/sfchd_20p_b.yaml,smoke_pretrain.pt,640,32,100,5,smoke2sf,,base,0,0,0,,1,B_csv_20260930,B_csv_20260930,a6a90a0fafd648a062bf6dd171ab8f62,1,0,0.4217,0.7201,0.8304,0.6721,0
smoke2sf_base100_s51n,B,complete,shapeiou,sio_b_results.csv,100,100,88,0.42215,0.72146,0.41385,0.71419,2525.05,0.001,51,42,shuffle,51,sfchd_20p_b,/root/sfchd_20p_b.yaml,smoke_pretrain.pt,640,32,100,5,smoke2sf,,base,0,0,0,,1,B_csv_20260930,B_csv_20260930,322e4e62581d652869e60b74b14bbece,1,0,0.4222,0.7214,0.807,0.6863,0
smoke2sf_base30_s42n,B,complete,shapeiou,sio_b_results.csv,30,30,30,0.38902,0.68315,0.38902,0.68315,777.029,0.001,42,42,shuffle,42,sfchd_20p_b,/root/sfchd_20p_b.yaml,smoke_pretrain.pt,640,32,100,5,smoke2sf,,base,0,0,0,,1,B_csv_20260930,B_csv_20260930,88a5e25c91140e1311f4d7cde048ebd4,1,0,0.3891,0.6833,0.7819,0.6291,0
smoke2sf_lr0025_100ep_s42n,B,complete,shapeiou,sio_b_results.csv,100,100,81,0.43319,0.73047,0.42603,0.72037,2527.49,0.0025,42,42,shuffle,42,sfchd_20p_b,/root/sfchd_20p_b.yaml,smoke_pretrain.pt,640,32,100,5,smoke2sf,,lr002,0,0,0,,1,B_csv_20260930,B_csv_20260930,571237c7b29395fef59559ae2e232135,1,0,0.4333,0.7305,0.8304,0.684,0
smoke2sf_lr0025_30ep_s42n,B,complete,shapeiou,sio_b_results.csv,30,30,30,0.41188,0.71614,0.41188,0.71614,770.568,0.0025,42,42,shuffle,42,sfchd_20p_b,/root/sfchd_20p_b.yaml,smoke_pretrain.pt,640,32,100,5,smoke2sf,,lr002,0,0,0,,1,B_csv_20260930,B_csv_20260930,376e282a348a3a9704fb014eb2365ff1,1,0,0.4118,0.7162,0.7777,0.677,0
smoke2sf_lr005_100ep,B,complete,shapeiou,sio_b_results.csv,100,100,87,0.43608,0.73023,0.43299,0.72165,2465.55,0.005,,42,none,42,sfchd_20p_b,/root/sfchd_20p_b.yaml,smoke_pretrain.pt,640,32,100,5,smoke2sf,,lr005,0,0,0,,1,B_csv_20260930,B_csv_20260930,06090c00e744695646afc98ed23a44d7,1,0,0.436,0.7303,0.8274,0.6938,0
smoke2sf_lr005_100ep_s42n,B,complete,shapeiou,sio_b_results.csv,100,100,83,0.43889,0.73286,0.43462,0.73089,2401.12,0.005,42,42,shuffle,42,sfchd_20p_b,/root/sfchd_20p_b.yaml,smoke_pretrain.pt,640,32,100,5,smoke2sf,,lr005,0,0,0,,1,B_csv_20260930,B_csv_20260930,1976b8ede8f08e1fc5002eaff3734d4a,1,0,0.4387,0.7328,0.8591,0.6855,0
smoke2sf_lr005_100ep_s43n,B,complete,shapeiou,sio_b_results.csv,100,100,85,0.44142,0.73784,0.43539,0.72865,2408.66,0.005,43,42,shuffle,43,sfchd_20p_b,/root/sfchd_20p_b.yaml,smoke_pretrain.pt,640,32,100,5,smoke2sf,,lr005,0,0,0,,1,B_csv_20260930,B_csv_20260930,27d330ead9e83ca20982bdf6bcb7ad10,1,0,0.4413,0.738,0.8296,0.7019,0
smoke2sf_lr005_100ep_s44n,B,complete,shapeiou,sio_b_results.csv,100,100,88,0.43666,0.73493,0.43315,0.7238,2393.15,0.005,44,42,shuffle,44,sfchd_20p_b,/root/sfchd_20p_b.yaml,smoke_pretrain.pt,640,32,100,5,smoke2sf,,lr005,0,0,0,,1,B_csv_20260930,B_csv_20260930,c8d3974302f557bb24da3cb48a0f0bb0,1,0,0.4367,0.735,0.8378,0.6912,0
smoke2sf_lr005_100ep_s45n,B,complete,shapeiou,sio_b_results.csv,100,100,89,0.4361,0.7341,0.43315,0.73026,2531.32,0.005,45,42,shuffle,45,sfchd_20p_b,/root/sfchd_20p_b.yaml,smoke_pretrain.pt,640,32,100,5,smoke2sf,,lr005,0,0,0,,1,B_csv_20260930,B_csv_20260930,e96a200e46c636fbe78c3b810370f73e,1,0,0.436,0.7341,0.8322,0.6907,0
smoke2sf_lr005_100ep_s46n,B,complete,shapeiou,sio_b_results.csv,100,100,100,0.43905,0.73584,0.43905,0.73584,2584.15,0.005,46,42,shuffle,46,sfchd_20p_b,/root/sfchd_20p_b.yaml,smoke_pretrain.pt,640,32,100,5,smoke2sf,,lr005,0,0,0,,1,B_csv_20260930,B_csv_20260930,e8f29c51d1b18d14c9e1c498d9252cd2,1,0,0.439,0.736,0.8312,0.7023,0
smoke2sf_lr005_100ep_s47n,B,complete,shapeiou,sio_b_results.csv,100,100,89,0.4379,0.72905,0.43325,0.72347,2576.15,0.005,47,42,shuffle,47,sfchd_20p_b,/root/sfchd_20p_b.yaml,smoke_pretrain.pt,640,32,100,5,smoke2sf,,lr005,0,0,0,,1,B_csv_20260930,B_csv_20260930,d87bba00eec1017970b851414cc81c04,1,0,0.4379,0.729,0.8391,0.6864,0
smoke2sf_lr005_100ep_s48n,B,complete,shapeiou,sio_b_results.csv,100,100,88,0.43854,0.73779,0.43367,0.7301,2533.8,0.005,48,42,shuffle,48,sfchd_20p_b,/root/sfchd_20p_b.yaml,smoke_pretrain.pt,640,32,100,5,smoke2sf,,lr005,0,0,0,,1,B_csv_20260930,B_csv_20260930,6d96604846ab75316628526352a5878b,1,0,0.4387,0.7378,0.858,0.6893,0
smoke2sf_lr005_100ep_s49n,B,complete,shapeiou,sio_b_results.csv,100,100,90,0.43793,0.73341,0.43304,0.72819,2493.95,0.005,49,42,shuffle,49,sfchd_20p_b,/root/sfchd_20p_b.yaml,smoke_pretrain.pt,640,32,100,5,smoke2sf,,lr005,0,0,0,,1,B_csv_20260930,B_csv_20260930,abf76dcdf6206b25b76065b7ae2bffdf,1,0,0.4379,0.7339,0.851,0.6833,0
smoke2sf_lr005_100ep_s50n,B,complete,shapeiou,sio_b_results.csv,100,100,90,0.44177,0.73177,0.43745,0.72805,2497.37,0.005,50,42,shuffle,50,sfchd_20p_b,/root/sfchd_20p_b.yaml,smoke_pretrain.pt,640,32,100,5,smoke2sf,,lr005,0,0,0,,1,B_csv_20260930,B_csv_20260930,e08107bfe1e9f32a17c572e74e2a8463,1,0,0.4417,0.7319,0.8277,0.7007,0
smoke2sf_lr005_100ep_s51n,B,complete,shapeiou,sio_b_results.csv,100,100,78,0.44063,0.73683,0.43715,0.72846,2488.17,0.005,51,42,shuffle,51,sfchd_20p_b,/root/sfchd_20p_b.yaml,smoke_pretrain.pt,640,32,100,5,smoke2sf,,lr005,0,0,0,,1,B_csv_20260930,B_csv_20260930,830371454531b0b764122da5e52ff42c,1,0,0.4408,0.7372,0.8384,0.6929,0
smoke2sf_lr005_30ep_s42n,B,complete,shapeiou,sio_b_results.csv,30,30,28,0.42329,0.72641,0.42191,0.7237,771.659,0.005,42,42,shuffle,42,sfchd_20p_b,/root/sfchd_20p_b.yaml,smoke_pretrain.pt,640,32,100,5,smoke2sf,,lr005,0,0,0,,1,B_csv_20260930,B_csv_20260930,7d2e2a2a66bed29e52162fba82fd3c6f,1,0,0.4234,0.7267,0.8176,0.6806,0
smoke2sf_lr010_100ep_s42n,B,complete,shapeiou,sio_b_results.csv,100,100,83,0.44375,0.74561,0.44103,0.73645,2583.87,0.01,42,42,shuffle,42,sfchd_20p_b,/root/sfchd_20p_b.yaml,smoke_pretrain.pt,640,32,100,5,smoke2sf,,,0,0,0,,1,B_csv_20260930,B_csv_20260930,0e1c0304a797ab5281c92e96fb047398,1,0,0.4438,0.7456,0.8395,0.6928,0
smoke2sf_lr010_30ep_s42n,B,complete,shapeiou,sio_b_results.csv,30,30,30,0.42269,0.72071,0.42269,0.72071,771.614,0.01,42,42,shuffle,42,sfchd_20p_b,/root/sfchd_20p_b.yaml,smoke_pretrain.pt,640,32,100,5,smoke2sf,,,0,0,0,,1,B_csv_20260930,B_csv_20260930,f18fe5f7b0e3bb42d5a24188cd356ccf,1,0,0.4228,0.7208,0.8195,0.6737,0
smokefs_adamw_lr005_100ep,B,complete,shapeiou,sio_b_results.csv,100,100,100,0.33929,0.6475,0.33929,0.6475,6826.97,0.005,,42,none,42,firesmoke_20p,/root/datasets_mask/firesmoke_clean/firesmoke_20p.yaml,smoke_pretrain.pt,640,32,100,5,smokefs,,lr005,0,0,0,,1,B_csv_20260930,B_csv_20260930,c2637ebd54cec11230ba9f3c8891b816,1,0,0.331,0.6213,0.6927,0.5554,0
smokefs_base100,B,complete,shapeiou,sio_b_results.csv,100,100,49,0.35911,0.67451,0.34811,0.66356,6229.19,0.001,,42,none,42,firesmoke_20p,/root/datasets_mask/firesmoke_clean/firesmoke_20p.yaml,smoke_pretrain.pt,640,32,100,5,smokefs,,base,0,0,0,,1,B_csv_20260930,B_csv_20260930,59510ca58decba0fcbe54ff9f36893bf,1,0,0.3495,0.6623,0.7337,0.604,0
smokefs_base100_s43n,B,complete,shapeiou,sio_b_results.csv,100,100,38,0.36467,0.67912,0.34961,0.66806,7024.68,0.001,43,42,shuffle,43,firesmoke_20p,/root/datasets_mask/firesmoke_clean/firesmoke_20p.yaml,smoke_pretrain.pt,640,32,100,5,smokefs,,base,0,0,0,,1,B_csv_20260930,B_csv_20260930,4c9d0d1066ba60773a83bbf1c81435e1,1,0,0.3552,0.6732,0.7237,0.6145,0
smokefs_base100_s44n,B,complete,shapeiou,sio_b_results.csv,100,100,49,0.36405,0.68265,0.35411,0.66845,6435.86,0.001,44,42,shuffle,44,firesmoke_20p,/root/datasets_mask/firesmoke_clean/firesmoke_20p.yaml,smoke_pretrain.pt,640,32,100,5,smokefs,,base,0,0,0,,1,B_csv_20260930,B_csv_20260930,3008b9749b7e6f6c618243642332ff40,1,0,0.3565,0.665,0.7257,0.6101,0
smokefs_base30,B,complete,shapeiou,sio_b_results.csv,30,30,30,0.36202,0.677,0.36202,0.677,1903.86,0.001,,42,none,42,firesmoke_20p,/root/datasets_mask/firesmoke_clean/firesmoke_20p.yaml,smoke_pretrain.pt,640,32,100,5,smokefs,,base,0,0,0,,1,B_csv_20260930,B_csv_20260930,c810d4e4c04eae8681306e4841ffcca6,1,0,0.3512,0.6634,0.7331,0.5993,0
smokefs_base30_s43,B,complete,shapeiou,sio_b_results.csv,30,30,28,0.35565,0.66562,0.35412,0.66671,1966.51,0.001,43,43,torch,43,firesmoke_20p,/root/datasets_mask/firesmoke_clean/firesmoke_20p.yaml,smoke_pretrain.pt,640,32,100,5,smokefs,,base,0,0,0,,1,B_csv_20260930,B_csv_20260930,1cf1b2c533b394faf4680a3f4d486115,1,0,0.3486,0.6546,0.7187,0.6001,0
smokefs_base30_s44,B,complete,shapeiou,sio_b_results.csv,30,30,29,0.3578,0.67786,0.35458,0.67424,1954.92,0.001,44,44,torch,44,firesmoke_20p,/root/datasets_mask/firesmoke_clean/firesmoke_20p.yaml,smoke_pretrain.pt,640,32,100,5,smokefs,,base,0,0,0,,1,B_csv_20260930,B_csv_20260930,b9ecba82c6c8123ae7e03e18ed89ec16,1,0,0.3507,0.6554,0.7296,0.5909,0
smokefs_base50,B,complete,shapeiou,sio_b_results.csv,50,50,28,0.36203,0.67429,0.3551,0.66968,3244.79,0.001,,42,none,42,firesmoke_20p,/root/datasets_mask/firesmoke_clean/firesmoke_20p.yaml,smoke_pretrain.pt,640,32,100,5,smokefs,,base,0,0,0,,1,B_csv_20260930,B_csv_20260930,17bf7af0cd2c9b8a188b326ea8a10168,1,0,0.3496,0.6566,0.7254,0.5861,0
smokefs_css_100ep,B,complete,css,sio_b_results.csv,100,100,46,0.35993,0.67277,0.3509,0.66128,6229.26,0.001,,42,none,42,firesmoke_20p,/root/datasets_mask/firesmoke_clean/firesmoke_20p.yaml,smoke_pretrain.pt,640,32,100,5,smokefs,,,0,0,0,,1,B_csv_20260930,B_csv_20260930,890355f38038bdaf7643b564bfc4a831,1,0,0.3473,0.6586,0.7204,0.6061,0
smokefs_css_30ep,B,complete,css,sio_b_results.csv,30,30,29,0.35931,0.68189,0.35776,0.68157,1983.98,0.001,,42,none,42,firesmoke_20p,/root/datasets_mask/firesmoke_clean/firesmoke_20p.yaml,smoke_pretrain.pt,640,32,100,5,smokefs,,,0,0,0,,1,B_csv_20260930,B_csv_20260930,d89a1913b464ada3cd3fb5c4a5d4711d,1,0,0.3493,0.6578,0.7317,0.5885,0
smokefs_lr005_100ep,B,complete,shapeiou,sio_b_results.csv,100,100,65,0.36839,0.68687,0.36108,0.67913,6684.63,0.005,,42,none,42,firesmoke_20p,/root/datasets_mask/firesmoke_clean/firesmoke_20p.yaml,smoke_pretrain.pt,640,32,100,5,smokefs,,lr005,0,0,0,,1,B_csv_20260930,B_csv_20260930,56e0242c15ecc6b451f763b83343313b,1,0,0.3502,0.6625,0.7235,0.609,0
smokefs_lr005_100ep_s43n,B,complete,shapeiou,sio_b_results.csv,100,100,58,0.36821,0.69046,0.35479,0.67466,6416.02,0.005,43,42,shuffle,43,firesmoke_20p,/root/datasets_mask/firesmoke_clean/firesmoke_20p.yaml,smoke_pretrain.pt,640,32,100,5,smokefs,,lr005,0,0,0,,1,B_csv_20260930,B_csv_20260930,a994e2ec1e10226b48de9e3a2b191fbb,1,0,0.3558,0.6672,0.7205,0.5999,0
smokefs_lr005_100ep_s44n,B,complete,shapeiou,sio_b_results.csv,100,100,53,0.36637,0.68395,0.35294,0.67346,6247.66,0.005,44,42,shuffle,44,firesmoke_20p,/root/datasets_mask/firesmoke_clean/firesmoke_20p.yaml,smoke_pretrain.pt,640,32,100,5,smokefs,,lr005,0,0,0,,1,B_csv_20260930,B_csv_20260930,949ece5691b150e02de4be3282a4b783,1,0,0.3604,0.6713,0.7267,0.6125,0
smokefs_lr005_150ep,B,complete,shapeiou,sio_b_results.csv,150,150,58,0.36637,0.68546,0.35098,0.67087,9958.32,0.005,,42,none,42,firesmoke_20p,/root/datasets_mask/firesmoke_clean/firesmoke_20p.yaml,smoke_pretrain.pt,640,32,100,5,smokefs,,lr005,0,0,0,,1,B_csv_20260930,B_csv_20260930,38456307a94b47c71b5ee2798cb19186,1,0,0.3559,0.6585,0.7185,0.6025,0
smokefs_lr005_200ep,B,early_stop_legit,shapeiou,sio_b_results.csv,200,158,58,0.37743,0.69368,0.3624,0.6819,10525.4,0.005,,42,none,42,firesmoke_20p,/root/datasets_mask/firesmoke_clean/firesmoke_20p.yaml,smoke_pretrain.pt,640,32,100,5,smokefs,,lr005,0,0,0,,1,B_csv_20260930,B_csv_20260930,c334e4bde2904516bbdeeb9b5b49c81c,1,0,0.3518,0.6574,0.7047,0.6038,0
smokefs_lr005_30ep,B,complete,shapeiou,sio_b_results.csv,30,30,30,0.3587,0.67814,0.3587,0.67814,1891.39,0.005,,42,none,42,firesmoke_20p,/root/datasets_mask/firesmoke_clean/firesmoke_20p.yaml,smoke_pretrain.pt,640,32,100,5,smokefs,,lr005,0,0,0,,1,B_csv_20260930,B_csv_20260930,98b00dca45f6280c751cab0d55eab6c0,1,0,0.3588,0.665,0.727,0.5956,0
smokefs_lr005_30ep_s43,B,complete,shapeiou,sio_b_results.csv,30,30,30,0.36381,0.68379,0.36381,0.68379,1977.07,0.005,43,43,torch,43,firesmoke_20p,/root/datasets_mask/firesmoke_clean/firesmoke_20p.yaml,smoke_pretrain.pt,640,32,100,5,smokefs,,lr005,0,0,0,,1,B_csv_20260930,B_csv_20260930,2eab5ab8d8e2adbf8d6567cd5a447002,1,0,0.352,0.6641,0.707,0.6085,0
smokefs_lr005_30ep_s44,B,complete,shapeiou,sio_b_results.csv,30,30,29,0.35358,0.67493,0.35308,0.6751,1955.26,0.005,44,44,torch,44,firesmoke_20p,/root/datasets_mask/firesmoke_clean/firesmoke_20p.yaml,smoke_pretrain.pt,640,32,100,5,smokefs,,lr005,0,0,0,,1,B_csv_20260930,B_csv_20260930,75b8d29eb66b67fa2b7314b033e26540,1,0,0.3513,0.6597,0.7167,0.6093,0
smokefs_lr005_50ep,B,complete,shapeiou,sio_b_results.csv,50,50,38,0.36258,0.67699,0.35914,0.68115,3264.64,0.005,,42,none,42,firesmoke_20p,/root/datasets_mask/firesmoke_clean/firesmoke_20p.yaml,smoke_pretrain.pt,640,32,100,5,smokefs,,lr005,0,0,0,,1,B_csv_20260930,B_csv_20260930,84842371774d31ceda536a343c3ba8f8,1,0,0.3527,0.6579,0.7194,0.5902,0
smokefs_pws_100ep,B,complete,pws,sio_b_results.csv,100,100,49,0.36348,0.68229,0.34989,0.66659,6285.92,0.001,,42,none,42,firesmoke_20p,/root/datasets_mask/firesmoke_clean/firesmoke_20p.yaml,smoke_pretrain.pt,640,32,100,5,smokefs,,,0,0,0,,1,B_csv_20260930,B_csv_20260930,ef38589b12cc7bdb1ecad51c46b589b4,1,0,0.3521,0.666,0.7342,0.6134,0
smokefs_pws_30ep,B,complete,pws,sio_b_results.csv,30,30,29,0.36029,0.67961,0.35929,0.67932,1899.88,0.001,,42,none,42,firesmoke_20p,/root/datasets_mask/firesmoke_clean/firesmoke_20p.yaml,smoke_pretrain.pt,640,32,100,5,smokefs,,,0,0,0,,1,B_csv_20260930,B_csv_20260930,c04fc447853b6f9d9d9fbae6201e8242,1,0,0.3542,0.6698,0.718,0.6172,0
smokefs_pws_50ep,B,complete,pws,sio_b_results.csv,50,50,35,0.36448,0.68095,0.3586,0.68182,3190.99,0.001,,42,none,42,firesmoke_20p,/root/datasets_mask/firesmoke_clean/firesmoke_20p.yaml,smoke_pretrain.pt,640,32,100,5,smokefs,,,0,0,0,,1,B_csv_20260930,B_csv_20260930,f7b2ae7687bdc177866ff8cbab3835ed,1,0,0.3483,0.6588,0.7231,0.6011,0
smokefs_sns_100ep,B,complete,sns,sio_b_results.csv,100,100,49,0.36169,0.6798,0.34896,0.66943,6214.58,0.001,,42,none,42,firesmoke_20p,/root/datasets_mask/firesmoke_clean/firesmoke_20p.yaml,smoke_pretrain.pt,640,32,100,5,smokefs,,,0,0,0,,1,B_csv_20260930,B_csv_20260930,3da29eb262c94d4f6c7f4e9393130905,1,0,0.3538,0.6577,0.7298,0.6068,0
smokefs_sns_100ep_s43,B,complete,sns,sio_b_results.csv,100,100,39,0.36346,0.67767,0.35535,0.66904,6326.86,0.001,43,43,torch,43,firesmoke_20p,/root/datasets_mask/firesmoke_clean/firesmoke_20p.yaml,smoke_pretrain.pt,640,32,100,5,smokefs,,,0,0,0,,1,B_csv_20260930,B_csv_20260930,668bcfe0030850018b4423c595281c43,1,0,0.3484,0.6593,0.7354,0.5979,0
smokefs_sns_100ep_s44,B,complete,sns,sio_b_results.csv,100,100,35,0.36257,0.68019,0.34878,0.66345,6590.78,0.001,44,44,torch,44,firesmoke_20p,/root/datasets_mask/firesmoke_clean/firesmoke_20p.yaml,smoke_pretrain.pt,640,32,100,5,smokefs,,,0,0,0,,1,B_csv_20260930,B_csv_20260930,47402f42b59b2563cec36cc31385fec8,1,0,0.3482,0.6592,0.7349,0.5835,0
smokefs_sns_30ep,B,complete,sns,sio_b_results.csv,30,30,22,0.35677,0.66304,0.3563,0.67251,1892.07,0.001,,42,none,42,firesmoke_20p,/root/datasets_mask/firesmoke_clean/firesmoke_20p.yaml,smoke_pretrain.pt,640,32,100,5,smokefs,,,0,0,0,,1,B_csv_20260930,B_csv_20260930,56de1f160fd706857885b2bb8d73f887,1,0,0.3422,0.6444,0.6759,0.5904,0
smokefs_sns_30ep_s43,B,complete,sns,sio_b_results.csv,30,30,29,0.3605,0.67375,0.35918,0.67204,1991.79,0.001,43,43,torch,43,firesmoke_20p,/root/datasets_mask/firesmoke_clean/firesmoke_20p.yaml,smoke_pretrain.pt,640,32,100,5,smokefs,,,0,0,0,,1,B_csv_20260930,B_csv_20260930,3954cac6f304fe18a95e4ba3dec53440,1,0,0.353,0.6623,0.7449,0.5862,0
smokefs_sns_30ep_s44,B,complete,sns,sio_b_results.csv,30,30,23,0.3573,0.6709,0.35512,0.6743,1950.78,0.001,44,44,torch,44,firesmoke_20p,/root/datasets_mask/firesmoke_clean/firesmoke_20p.yaml,smoke_pretrain.pt,640,32,100,5,smokefs,,,0,0,0,,1,B_csv_20260930,B_csv_20260930,18effe3ed2266304ad6c001246eb5ad9,1,0,0.3489,0.6538,0.7027,0.5949,0
smokefs_sns_50ep,B,complete,sns,sio_b_results.csv,50,50,38,0.36101,0.67854,0.35386,0.67204,3265.12,0.001,,42,none,42,firesmoke_20p,/root/datasets_mask/firesmoke_clean/firesmoke_20p.yaml,smoke_pretrain.pt,640,32,100,5,smokefs,,,0,0,0,,1,B_csv_20260930,B_csv_20260930,66e462e75a6d8dab8e98f6844d0f7651,1,0,0.3549,0.6644,0.7238,0.6014,0
smokefs_sns_50ep_s43,B,complete,sns,sio_b_results.csv,50,50,28,0.36315,0.66951,0.35723,0.66899,3311.98,0.001,43,43,torch,43,firesmoke_20p,/root/datasets_mask/firesmoke_clean/firesmoke_20p.yaml,smoke_pretrain.pt,640,32,100,5,smokefs,,,0,0,0,,1,B_csv_20260930,B_csv_20260930,0f2645ead9d62d23467ad08973017712,1,0,0.3512,0.6555,0.736,0.5852,0
smokefs_sns_50ep_s44,B,complete,sns,sio_b_results.csv,50,50,28,0.36295,0.67296,0.35335,0.66524,3302.75,0.001,44,44,torch,44,firesmoke_20p,/root/datasets_mask/firesmoke_clean/firesmoke_20p.yaml,smoke_pretrain.pt,640,32,100,5,smokefs,,,0,0,0,,1,B_csv_20260930,B_csv_20260930,2c609628d813d08e7881a8f8d136c7d7,1,0,0.3526,0.6569,0.7087,0.5884,0
smokefs_sns_src_shapeiou_ft_s44,B,complete,shapeiou,sio_b_results.csv,100,100,49,0.36039,0.67931,0.34741,0.66689,6496.81,0.001,44,44,torch,44,firesmoke_20p,/root/datasets_mask/firesmoke_clean/firesmoke_20p.yaml,smoke_sns_pretrain.pt,640,32,100,5,smokefs,,,0,0,0,,1,B_csv_20260930,B_csv_20260930,06fa019109dce1e6b64ead2c26b0e4a6,1,0,0.3538,0.6583,0.7363,0.6015,0
smokefs_sns_src_shapeiou_ft_s45,B,complete,shapeiou,sio_b_results.csv,100,100,43,0.36049,0.67794,0.34946,0.66918,6450.49,0.001,45,45,torch,45,firesmoke_20p,/root/datasets_mask/firesmoke_clean/firesmoke_20p.yaml,smoke_sns_pretrain.pt,640,32,100,5,smokefs,,,0,0,0,,1,B_csv_20260930,B_csv_20260930,57cc6a3d23a7cf6469f3403018fc6732,1,0,0.3519,0.66,0.7307,0.6015,0
smokefs_sns_src_sns_ft_s44,B,complete,sns,sio_b_results.csv,100,100,39,0.36348,0.6785,0.35031,0.67303,6446.8,0.001,44,44,torch,44,firesmoke_20p,/root/datasets_mask/firesmoke_clean/firesmoke_20p.yaml,smoke_sns_pretrain.pt,640,32,100,5,smokefs,,,0,0,0,,1,B_csv_20260930,B_csv_20260930,08d29b08dd67561fa1164c8101dbba85,1,0,0.3546,0.6622,0.7447,0.5927,0
smokefs_sns_src_sns_ft_s45,B,complete,sns,sio_b_results.csv,100,100,74,0.36125,0.68185,0.35714,0.67641,6325.3,0.001,45,45,torch,45,firesmoke_20p,/root/datasets_mask/firesmoke_clean/firesmoke_20p.yaml,smoke_sns_pretrain.pt,640,32,100,5,smokefs,,,0,0,0,,1,B_csv_20260930,B_csv_20260930,c155ca9611645780212426d35315b59f,1,0,0.3512,0.66,0.7371,0.6123,0
sns_100ep_cds,B,complete,sns,sio_b_results.csv,100,100,4,0.67324,0.95189,0.6433,0.95122,1042.17,0.001,,42,none,42,mask_20p,/root/datasets_mask/mask_clean/mask_20p.yaml,mafa_pretrain.pt,640,32,100,5,sns,,,0,0,0,,1,B_csv_20260930,B_csv_20260930,73e96b7fbb128a27ceba6596a00c17ba,1,0,0.6451,0.945,0.9513,0.8999,0
sns_30ep_cds,B,complete,sns,sio_b_results.csv,30,30,4,0.6727,0.9538,0.65374,0.95581,317.482,0.001,,42,none,42,mask_20p,/root/datasets_mask/mask_clean/mask_20p.yaml,mafa_pretrain.pt,640,32,100,5,sns,,,0,0,0,,1,B_csv_20260930,B_csv_20260930,2514d16253704f5fc61e0c5b2de7909a,1,0,0.6449,0.9422,0.9346,0.9205,0
_PARTIAL_srh_200ep_base_s42n_121326,B,early_stop_legit,,,200,163,63,0.59053,0.93194,0.58338,0.92365,14821.0,0.001,42,42,shuffle,42,roboflow_hardhat,/root/workspace/data/roboflow_hardhat/roboflow_hardhat.yaml,shwd2sf_pretrain.pt,640,32,100,5,srh,,base,0,1,0,,1,B_csv_20260930,B_csv_20260930,a40978c9d17086bdc54aa72bad6cfec5,1,0,,,,,0
_PARTIAL_srh_200ep_base_s42n_153728,B,interrupted,,,200,67,63,0.59053,0.93194,0.59012,0.93092,5338.37,0.001,42,42,shuffle,42,roboflow_hardhat,/root/workspace/data/roboflow_hardhat/roboflow_hardhat.yaml,shwd2sf_pretrain.pt,640,32,100,5,srh,,base,0,1,0,,1,B_csv_20260930,B_csv_20260930,d897fd4269a00055600b4b2b988113ec,1,0,,,,,0
_PARTIAL_srh_200ep_base_s43n_201114,B,early_stop_legit,,,200,158,58,0.59013,0.93147,0.58336,0.92487,13284.6,0.001,43,42,shuffle,43,roboflow_hardhat,/root/workspace/data/roboflow_hardhat/roboflow_hardhat.yaml,shwd2sf_pretrain.pt,640,32,100,5,srh,,base,0,1,0,,1,B_csv_20260930,B_csv_20260930,3cf9a0c17a58b8c16dbe84fa7d3bd101,1,0,,,,,0
_PARTIAL_srh_200ep_base_s44n_145824,B,early_stop_legit,,,200,165,65,0.58865,0.93109,0.5817,0.92318,14601.1,0.001,44,42,shuffle,44,roboflow_hardhat,/root/workspace/data/roboflow_hardhat/roboflow_hardhat.yaml,shwd2sf_pretrain.pt,640,32,100,5,srh,,base,0,1,0,,1,B_csv_20260930,B_csv_20260930,c53c63ec1dded2c446760ad4cc5d9aaa,1,0,,,,,0
_PARTIAL_srh_200ep_lr005_s42n_162831,B,early_stop_legit,,,200,162,62,0.59905,0.93781,0.59304,0.93301,15102.0,0.005,42,42,shuffle,42,roboflow_hardhat,/root/workspace/data/roboflow_hardhat/roboflow_hardhat.yaml,shwd2sf_pretrain.pt,640,32,100,5,srh,,lr005,0,1,0,,1,B_csv_20260930,B_csv_20260930,46aad0fe8c8d9df05eaf184cb006d410,1,0,,,,,0
_PARTIAL_srh_200ep_lr005_s43n_190904,B,early_stop_legit,,,200,176,76,0.59658,0.93609,0.58947,0.93012,14926.6,0.005,43,42,shuffle,43,roboflow_hardhat,/root/workspace/data/roboflow_hardhat/roboflow_hardhat.yaml,shwd2sf_pretrain.pt,640,32,100,5,srh,,lr005,0,1,0,,1,B_csv_20260930,B_csv_20260930,017c3741a1e967016ce48d7d321ced6d,1,0,,,,,0
_PARTIAL_srh_200ep_lr005_s44n_000046,B,early_stop_legit,,,200,167,67,0.59903,0.93905,0.59339,0.93227,13696.6,0.005,44,42,shuffle,44,roboflow_hardhat,/root/workspace/data/roboflow_hardhat/roboflow_hardhat.yaml,shwd2sf_pretrain.pt,640,32,100,5,srh,,lr005,0,1,0,,1,B_csv_20260930,B_csv_20260930,c7c35b452aac268ecba0b3dd4954a4aa,1,0,,,,,0
srh_30ep_base_s42n,B,complete,shapeiou,sio_b_results.csv,30,30,29,0.58273,0.92927,0.58176,0.9269,2378.09,0.001,42,42,shuffle,42,roboflow_hardhat,/root/workspace/data/roboflow_hardhat/roboflow_hardhat.yaml,shwd2sf_pretrain.pt,640,32,100,5,srh,,base,0,0,0,,1,B_csv_20260930,B_csv_20260930,6903f4fa188b516d63abd0743f9179fb,1,0,0.5899,0.9344,0.9119,0.9041,0
srh_30ep_base_s43n,B,complete,shapeiou,sio_b_results.csv,30,30,23,0.58418,0.93069,0.58329,0.92775,2358.21,0.001,43,42,shuffle,43,roboflow_hardhat,/root/workspace/data/roboflow_hardhat/roboflow_hardhat.yaml,shwd2sf_pretrain.pt,640,32,100,5,srh,,base,0,0,0,,1,B_csv_20260930,B_csv_20260930,fbb58bda103c3b96adb08edc568fee6a,1,0,0.5873,0.9327,0.9076,0.9041,0
srh_30ep_base_s44n,B,complete,shapeiou,sio_b_results.csv,30,30,24,0.58423,0.9316,0.58152,0.93021,2483.92,0.001,44,42,shuffle,44,roboflow_hardhat,/root/workspace/data/roboflow_hardhat/roboflow_hardhat.yaml,shwd2sf_pretrain.pt,640,32,100,5,srh,,base,0,0,0,,1,B_csv_20260930,B_csv_20260930,d0b5f6f90a301b7a62e9cd1ce0a935dc,1,0,0.5882,0.9355,0.9155,0.8958,0
srh_30ep_lr005_s42n,B,complete,shapeiou,sio_b_results.csv,30,30,30,0.59172,0.93323,0.59172,0.93323,2453.01,0.005,42,42,shuffle,42,roboflow_hardhat,/root/workspace/data/roboflow_hardhat/roboflow_hardhat.yaml,shwd2sf_pretrain.pt,640,32,100,5,srh,,lr005,0,0,0,,1,B_csv_20260930,B_csv_20260930,3f98dcf313fcc530c78b2a514f3b0775,1,0,0.5924,0.9355,0.9149,0.9006,0
srh_30ep_lr005_s43n,B,complete,shapeiou,sio_b_results.csv,30,30,29,0.59179,0.93152,0.59127,0.93132,2466.47,0.005,43,42,shuffle,43,roboflow_hardhat,/root/workspace/data/roboflow_hardhat/roboflow_hardhat.yaml,shwd2sf_pretrain.pt,640,32,100,5,srh,,lr005,0,0,0,,1,B_csv_20260930,B_csv_20260930,1f9b08f4232d770ff1967ad919e5cd18,1,0,0.5974,0.9385,0.9168,0.8974,0
srh_30ep_lr005_s44n,B,complete,shapeiou,sio_b_results.csv,30,30,28,0.58707,0.92976,0.58655,0.92931,2361.04,0.005,44,42,shuffle,44,roboflow_hardhat,/root/workspace/data/roboflow_hardhat/roboflow_hardhat.yaml,shwd2sf_pretrain.pt,640,32,100,5,srh,,lr005,0,0,0,,1,B_csv_20260930,B_csv_20260930,d4492126e305bb750f82240611993edf,1,0,0.5888,0.9365,0.9248,0.8992,0
t1b_aitodtovis_base100_s42n,B,complete,shapeiou,sio_b_results.csv,100,100,88,0.11321,0.20757,0.11136,0.20407,1200.66,0.001,42,42,shuffle,42,visdrone_20p,/root/datasets_mask/visdrone/visdrone_20p.yaml,aitod_pretrain.pt,640,32,100,5,t1b,,base,0,0,0,,1,B_csv_20260930,B_csv_20260930,54ca9aa26f86894b2a1dc00fdf9bf9bd,1,0,0.1008,0.1869,0.3048,0.2431,0
t1b_aitodtovis_base100_s43n,B,complete,shapeiou,sio_b_results.csv,100,100,76,0.11341,0.20754,0.11091,0.20263,1170.73,0.001,43,42,shuffle,43,visdrone_20p,/root/datasets_mask/visdrone/visdrone_20p.yaml,aitod_pretrain.pt,640,32,100,5,t1b,,base,0,0,0,,1,B_csv_20260930,B_csv_20260930,bdee44ab0156acd4e211f675a0c6f727,1,0,0.1002,0.186,0.2874,0.2486,0
t1b_aitodtovis_base100_s44n,B,complete,shapeiou,sio_b_results.csv,100,100,87,0.11412,0.20868,0.11237,0.20645,1180.51,0.001,44,42,shuffle,44,visdrone_20p,/root/datasets_mask/visdrone/visdrone_20p.yaml,aitod_pretrain.pt,640,32,100,5,t1b,,base,0,0,0,,1,B_csv_20260930,B_csv_20260930,41c31f7ccc6e6b3948c308c9001b10dc,1,0,0.1013,0.1877,0.2908,0.2486,0
t1b_aitodtovis_base100_s45n,B,complete,shapeiou,sio_b_results.csv,100,100,90,0.11487,0.21081,0.11346,0.2071,1188.07,0.001,45,42,shuffle,45,visdrone_20p,/root/datasets_mask/visdrone/visdrone_20p.yaml,aitod_pretrain.pt,640,32,100,5,t1b,,base,0,0,0,,1,B_csv_20260930,B_csv_20260930,79b1ddc3c0116294cb4ecd3a650af7fe,1,0,0.1028,0.1902,0.2994,0.2425,0
t1b_aitodtovis_base100_s46n,B,complete,shapeiou,sio_b_results.csv,100,100,82,0.1136,0.20825,0.11339,0.20713,1180.37,0.001,46,42,shuffle,46,visdrone_20p,/root/datasets_mask/visdrone/visdrone_20p.yaml,aitod_pretrain.pt,640,32,100,5,t1b,,base,0,0,0,,1,B_csv_20260930,B_csv_20260930,4e0e558297be01c2cc908bfde7688a7e,1,0,0.1023,0.1894,0.2982,0.2449,0
t1b_aitodtovis_base100_s47n,B,complete,shapeiou,sio_b_results.csv,100,100,87,0.1133,0.20872,0.11242,0.20433,1175.65,0.001,47,42,shuffle,47,visdrone_20p,/root/datasets_mask/visdrone/visdrone_20p.yaml,aitod_pretrain.pt,640,32,100,5,t1b,,base,0,0,0,,1,B_csv_20260930,B_csv_20260930,df83019d42c0d85af8ac623f85a68557,1,0,0.102,0.1882,0.2995,0.2433,0
t1b_aitodtovis_base100_s48n,B,complete,shapeiou,sio_b_results.csv,100,100,76,0.11446,0.21015,0.11239,0.20614,1185.26,0.001,48,42,shuffle,48,visdrone_20p,/root/datasets_mask/visdrone/visdrone_20p.yaml,aitod_pretrain.pt,640,32,100,5,t1b,,base,0,0,0,,1,B_csv_20260930,B_csv_20260930,282283ac71dc7d94d61e36219f818f8f,1,0,0.1021,0.1887,0.314,0.2414,0
t1b_aitodtovis_base100_s49n,B,complete,shapeiou,sio_b_results.csv,100,100,84,0.11377,0.20845,0.11162,0.20449,1171.07,0.001,49,42,shuffle,49,visdrone_20p,/root/datasets_mask/visdrone/visdrone_20p.yaml,aitod_pretrain.pt,640,32,100,5,t1b,,base,0,0,0,,1,B_csv_20260930,B_csv_20260930,eceecc2095c525efb87560b7b59659cb,1,0,0.1022,0.1884,0.308,0.2442,0
t1b_aitodtovis_base100_s50n,B,complete,shapeiou,sio_b_results.csv,100,100,90,0.1126,0.20767,0.11181,0.20445,1171.16,0.001,50,42,shuffle,50,visdrone_20p,/root/datasets_mask/visdrone/visdrone_20p.yaml,aitod_pretrain.pt,640,32,100,5,t1b,,base,0,0,0,,1,B_csv_20260930,B_csv_20260930,77c65506f630e0b1ba7d1957218ce04d,1,0,0.1024,0.1896,0.2938,0.2459,0
t1b_aitodtovis_base100_s51n,B,complete,shapeiou,sio_b_results.csv,100,100,88,0.11338,0.20798,0.11129,0.20535,1168.42,0.001,51,42,shuffle,51,visdrone_20p,/root/datasets_mask/visdrone/visdrone_20p.yaml,aitod_pretrain.pt,640,32,100,5,t1b,,base,0,0,0,,1,B_csv_20260930,B_csv_20260930,98bdbc428bc4ab54e767142f5bc91d6e,1,0,0.1034,0.1906,0.2984,0.243,0
t1b_aitodtovis_lr005_100ep_s42n,B,complete,shapeiou,sio_b_results.csv,100,100,83,0.12574,0.2322,0.12236,0.2271,1165.77,0.005,42,42,shuffle,42,visdrone_20p,/root/datasets_mask/visdrone/visdrone_20p.yaml,aitod_pretrain.pt,640,32,100,5,t1b,,lr005,0,0,0,,1,B_csv_20260930,B_csv_20260930,5b6d1ac9ed217ac90facab334f9273c4,1,0,0.1022,0.1908,0.3071,0.2541,0
t1b_aitodtovis_lr005_100ep_s43n,B,complete,shapeiou,sio_b_results.csv,100,100,86,0.12305,0.2289,0.12188,0.2269,1150.87,0.005,43,42,shuffle,43,visdrone_20p,/root/datasets_mask/visdrone/visdrone_20p.yaml,aitod_pretrain.pt,640,32,100,5,t1b,,lr005,0,0,0,,1,B_csv_20260930,B_csv_20260930,feb018b8b6e87119bfd8a15c03cebdff,1,0,0.1031,0.192,0.3146,0.2475,0
t1b_aitodtovis_lr005_100ep_s44n,B,complete,shapeiou,sio_b_results.csv,100,100,78,0.12435,0.22766,0.12284,0.22662,1151.2,0.005,44,42,shuffle,44,visdrone_20p,/root/datasets_mask/visdrone/visdrone_20p.yaml,aitod_pretrain.pt,640,32,100,5,t1b,,lr005,0,0,0,,1,B_csv_20260930,B_csv_20260930,7b4a6b55e54100cb89dc2c3e886f839e,1,0,0.1042,0.1931,0.3128,0.2441,0
t1b_aitodtovis_lr005_100ep_s45n,B,complete,shapeiou,sio_b_results.csv,100,100,81,0.12472,0.22993,0.12242,0.22429,1160.18,0.005,45,42,shuffle,45,visdrone_20p,/root/datasets_mask/visdrone/visdrone_20p.yaml,aitod_pretrain.pt,640,32,100,5,t1b,,lr005,0,0,0,,1,B_csv_20260930,B_csv_20260930,b0d7f51923ea0699b00a6477dd36e3b7,1,0,0.1032,0.1925,0.2985,0.2536,0
t1b_aitodtovis_lr005_100ep_s46n,B,complete,shapeiou,sio_b_results.csv,100,100,66,0.12469,0.22998,0.12112,0.22432,1159.04,0.005,46,42,shuffle,46,visdrone_20p,/root/datasets_mask/visdrone/visdrone_20p.yaml,aitod_pretrain.pt,640,32,100,5,t1b,,lr005,0,0,0,,1,B_csv_20260930,B_csv_20260930,bde8ac69a08eb427d6681072d42d1a4e,1,0,0.1032,0.1927,0.3107,0.2499,0
t1b_aitodtovis_lr005_100ep_s47n,B,complete,shapeiou,sio_b_results.csv,100,100,77,0.12711,0.23488,0.12514,0.23037,1159.12,0.005,47,42,shuffle,47,visdrone_20p,/root/datasets_mask/visdrone/visdrone_20p.yaml,aitod_pretrain.pt,640,32,100,5,t1b,,lr005,0,0,0,,1,B_csv_20260930,B_csv_20260930,095782dfa86231b5533c0e0b5207e29b,1,0,0.1058,0.1961,0.3117,0.2478,0
t1b_aitodtovis_lr005_100ep_s48n,B,complete,shapeiou,sio_b_results.csv,100,100,64,0.12425,0.22971,0.12201,0.22701,1142.33,0.005,48,42,shuffle,48,visdrone_20p,/root/datasets_mask/visdrone/visdrone_20p.yaml,aitod_pretrain.pt,640,32,100,5,t1b,,lr005,0,0,0,,1,B_csv_20260930,B_csv_20260930,401d6713083bbb22a1d66a069ee8e1e4,1,0,0.1042,0.193,0.3067,0.2477,0
t1b_aitodtovis_lr005_100ep_s49n,B,complete,shapeiou,sio_b_results.csv,100,100,83,0.12625,0.23194,0.12389,0.23004,1147.87,0.005,49,42,shuffle,49,visdrone_20p,/root/datasets_mask/visdrone/visdrone_20p.yaml,aitod_pretrain.pt,640,32,100,5,t1b,,lr005,0,0,0,,1,B_csv_20260930,B_csv_20260930,18a9aeba4fa38f690fd1003de4660e1c,1,0,0.1025,0.1931,0.3171,0.2433,0
t1b_aitodtovis_lr005_100ep_s50n,B,complete,shapeiou,sio_b_results.csv,100,100,90,0.12758,0.23307,0.12674,0.23126,1141.65,0.005,50,42,shuffle,50,visdrone_20p,/root/datasets_mask/visdrone/visdrone_20p.yaml,aitod_pretrain.pt,640,32,100,5,t1b,,lr005,0,0,0,,1,B_csv_20260930,B_csv_20260930,161319fa8cbf349d693505fd886cd4f2,1,0,0.1037,0.194,0.3142,0.2468,0
t1b_aitodtovis_lr005_100ep_s51n,B,complete,shapeiou,sio_b_results.csv,100,100,83,0.12414,0.2296,0.12224,0.22612,1141.9,0.005,51,42,shuffle,51,visdrone_20p,/root/datasets_mask/visdrone/visdrone_20p.yaml,aitod_pretrain.pt,640,32,100,5,t1b,,lr005,0,0,0,,1,B_csv_20260930,B_csv_20260930,e45b13c3e12372c76db20ae9eb2bf8e7,1,0,0.1042,0.1935,0.3137,0.2502,0
t1c_vistod15_base100_s42n,B,complete,shapeiou,sio_b_results.csv,100,100,90,0.11423,0.1993,0.10853,0.19011,840.367,0.001,42,42,shuffle,42,dota15_20p,/root/datasets_mask/dota15_yolo/dota15_20p.yaml,visdrone_pretrain.pt,640,32,100,5,t1c,,base,0,0,0,,1,B_csv_20260930,B_csv_20260930,0ce31db0953e1db0b0edaef7a59d8479,1,0,0.1146,0.1986,0.656,0.2181,0
t1c_vistod15_base100_s43n,B,complete,shapeiou,sio_b_results.csv,100,100,91,0.11631,0.20169,0.11043,0.19147,858.604,0.001,43,42,shuffle,43,dota15_20p,/root/datasets_mask/dota15_yolo/dota15_20p.yaml,visdrone_pretrain.pt,640,32,100,5,t1c,,base,0,0,0,,1,B_csv_20260930,B_csv_20260930,b4f67ac7113545c5eb007d36573fb092,1,0,0.1165,0.2015,0.6845,0.2195,0
t1c_vistod15_base100_s44n,B,complete,shapeiou,sio_b_results.csv,100,100,78,0.11486,0.19819,0.1092,0.19107,804.066,0.001,44,42,shuffle,44,dota15_20p,/root/datasets_mask/dota15_yolo/dota15_20p.yaml,visdrone_pretrain.pt,640,32,100,5,t1c,,base,0,0,0,,1,B_csv_20260930,B_csv_20260930,bebc3247ec39fbf3d11f3f1a629a11b9,1,0,0.1146,0.1969,0.6695,0.2124,0
t1c_vistod15_base100_s45n,B,complete,shapeiou,sio_b_results.csv,100,100,88,0.11628,0.20143,0.11004,0.19436,759.595,0.001,45,42,shuffle,45,dota15_20p,/root/datasets_mask/dota15_yolo/dota15_20p.yaml,visdrone_pretrain.pt,640,32,100,5,t1c,,base,0,0,0,,1,B_csv_20260930,B_csv_20260930,f4939231b46036f551a1c77deeef0c8f,1,0,0.1161,0.2009,0.5971,0.2229,0
t1c_vistod15_base100_s46n,B,complete,shapeiou,sio_b_results.csv,100,100,88,0.11852,0.20551,0.11176,0.19342,842.537,0.001,46,42,shuffle,46,dota15_20p,/root/datasets_mask/dota15_yolo/dota15_20p.yaml,visdrone_pretrain.pt,640,32,100,5,t1c,,base,0,0,0,,1,B_csv_20260930,B_csv_20260930,768042ca1a1cef7e2282d32a134239d5,1,0,0.1191,0.2071,0.6842,0.2224,0
t1c_vistod15_base100_s47n,B,complete,shapeiou,sio_b_results.csv,100,100,87,0.1168,0.20409,0.10968,0.19241,846.922,0.001,47,42,shuffle,47,dota15_20p,/root/datasets_mask/dota15_yolo/dota15_20p.yaml,visdrone_pretrain.pt,640,32,100,5,t1c,,base,0,0,0,,1,B_csv_20260930,B_csv_20260930,37ea95707a57c2ee4d3882e523978ba7,1,0,0.117,0.203,0.6721,0.2164,0
t1c_vistod15_base100_s48n,B,complete,shapeiou,sio_b_results.csv,100,100,87,0.11511,0.20021,0.11046,0.19325,810.874,0.001,48,42,shuffle,48,dota15_20p,/root/datasets_mask/dota15_yolo/dota15_20p.yaml,visdrone_pretrain.pt,640,32,100,5,t1c,,base,0,0,0,,1,B_csv_20260930,B_csv_20260930,d3d56a5be7957a8827b5924df7da7d52,1,0,0.116,0.2027,0.6413,0.2271,0
t1c_vistod15_base100_s49n,B,complete,shapeiou,sio_b_results.csv,100,100,91,0.1148,0.20092,0.10826,0.19207,774.068,0.001,49,42,shuffle,49,dota15_20p,/root/datasets_mask/dota15_yolo/dota15_20p.yaml,visdrone_pretrain.pt,640,32,100,5,t1c,,base,0,0,0,,1,B_csv_20260930,B_csv_20260930,9f2192f9632ccf8561e41942f8d08c1e,1,0,0.1156,0.2007,0.6722,0.2183,0
t1c_vistod15_base100_s50n,B,complete,shapeiou,sio_b_results.csv,100,100,85,0.11868,0.20634,0.11116,0.19603,809.474,0.001,50,42,shuffle,50,dota15_20p,/root/datasets_mask/dota15_yolo/dota15_20p.yaml,visdrone_pretrain.pt,640,32,100,5,t1c,,base,0,0,0,,1,B_csv_20260930,B_csv_20260930,fd82af2f0a3751830ab3abfd6bf15c51,1,0,0.119,0.2075,0.6178,0.2241,0
t1c_vistod15_base100_s51n,B,complete,shapeiou,sio_b_results.csv,100,100,91,0.11374,0.19617,0.10963,0.19042,818.703,0.001,51,42,shuffle,51,dota15_20p,/root/datasets_mask/dota15_yolo/dota15_20p.yaml,visdrone_pretrain.pt,640,32,100,5,t1c,,base,0,0,0,,1,B_csv_20260930,B_csv_20260930,ecc9085f514b0b93ccf1ed7ba77e1793,1,0,0.1148,0.1973,0.5815,0.2224,0
t1c_vistod15_lr005_100ep_s42n,B,complete,shapeiou,sio_b_results.csv,100,100,91,0.15104,0.25888,0.14393,0.25007,825.401,0.005,42,42,shuffle,42,dota15_20p,/root/datasets_mask/dota15_yolo/dota15_20p.yaml,visdrone_pretrain.pt,640,32,100,5,t1c,,lr005,0,0,0,,1,B_csv_20260930,B_csv_20260930,5f765a5064448b6f7b9a883b0c8abadd,1,0,0.1507,0.2598,0.6342,0.2784,0
t1c_vistod15_lr005_100ep_s43n,B,complete,shapeiou,sio_b_results.csv,100,100,88,0.15354,0.26426,0.15106,0.26262,992.185,0.005,43,42,shuffle,43,dota15_20p,/root/datasets_mask/dota15_yolo/dota15_20p.yaml,visdrone_pretrain.pt,640,32,100,5,t1c,,lr005,0,0,0,,1,B_csv_20260930,B_csv_20260930,dc5f9d6d214dfd1e3b12ab7a2ace5a5e,1,0,0.154,0.2658,0.5758,0.287,0
t1c_vistod15_lr005_100ep_s44n,B,complete,shapeiou,sio_b_results.csv,100,100,76,0.14855,0.25202,0.14497,0.25128,818.405,0.005,44,42,shuffle,44,dota15_20p,/root/datasets_mask/dota15_yolo/dota15_20p.yaml,visdrone_pretrain.pt,640,32,100,5,t1c,,lr005,0,0,0,,1,B_csv_20260930,B_csv_20260930,1464c1217b4bfdff1fe63c5d1b88e11a,1,0,0.1484,0.2533,0.582,0.2733,0
t1c_vistod15_lr005_100ep_s45n,B,complete,shapeiou,sio_b_results.csv,100,100,85,0.15258,0.25922,0.15134,0.26118,807.129,0.005,45,42,shuffle,45,dota15_20p,/root/datasets_mask/dota15_yolo/dota15_20p.yaml,visdrone_pretrain.pt,640,32,100,5,t1c,,lr005,0,0,0,,1,B_csv_20260930,B_csv_20260930,3e047379f42b012ad6aadb8a2feb9d9e,1,0,0.1529,0.2601,0.612,0.2739,0
t1c_vistod15_lr005_100ep_s46n,B,complete,shapeiou,sio_b_results.csv,100,100,90,0.1533,0.26434,0.14946,0.25883,857.646,0.005,46,42,shuffle,46,dota15_20p,/root/datasets_mask/dota15_yolo/dota15_20p.yaml,visdrone_pretrain.pt,640,32,100,5,t1c,,lr005,0,0,0,,1,B_csv_20260930,B_csv_20260930,e25022e2f203f718b9a20da83af04d1f,1,0,0.1534,0.2648,0.6195,0.2851,0
t1c_vistod15_lr005_100ep_s47n,B,complete,shapeiou,sio_b_results.csv,100,100,85,0.15551,0.26417,0.1515,0.26148,821.939,0.005,47,42,shuffle,47,dota15_20p,/root/datasets_mask/dota15_yolo/dota15_20p.yaml,visdrone_pretrain.pt,640,32,100,5,t1c,,lr005,0,0,0,,1,B_csv_20260930,B_csv_20260930,27534d049d605134fd44c7cb447ff476,1,0,0.1558,0.2652,0.5937,0.2853,0
t1c_vistod15_lr005_100ep_s48n,B,complete,shapeiou,sio_b_results.csv,100,100,90,0.15859,0.26988,0.15244,0.26075,830.995,0.005,48,42,shuffle,48,dota15_20p,/root/datasets_mask/dota15_yolo/dota15_20p.yaml,visdrone_pretrain.pt,640,32,100,5,t1c,,lr005,0,0,0,,1,B_csv_20260930,B_csv_20260930,9244de76523db51acc5ef2310e3136d0,1,0,0.1592,0.2715,0.6195,0.2851,0
t1c_vistod15_lr005_100ep_s49n,B,complete,shapeiou,sio_b_results.csv,100,100,91,0.15217,0.26212,0.14864,0.25561,812.097,0.005,49,42,shuffle,49,dota15_20p,/root/datasets_mask/dota15_yolo/dota15_20p.yaml,visdrone_pretrain.pt,640,32,100,5,t1c,,lr005,0,0,0,,1,B_csv_20260930,B_csv_20260930,e1b41c58f4ac2c5e1b47b22ea54865ab,1,0,0.1535,0.264,0.6295,0.2821,0
t1c_vistod15_lr005_100ep_s50n,B,complete,shapeiou,sio_b_results.csv,100,100,85,0.15414,0.26572,0.14861,0.25787,906.125,0.005,50,42,shuffle,50,dota15_20p,/root/datasets_mask/dota15_yolo/dota15_20p.yaml,visdrone_pretrain.pt,640,32,100,5,t1c,,lr005,0,0,0,,1,B_csv_20260930,B_csv_20260930,425adf8a253db5254e95a95df51857c4,1,0,0.1546,0.2662,0.6102,0.2857,0
t1c_vistod15_lr005_100ep_s51n,B,complete,shapeiou,sio_b_results.csv,100,100,87,0.15319,0.26411,0.1519,0.26301,864.259,0.005,51,42,shuffle,51,dota15_20p,/root/datasets_mask/dota15_yolo/dota15_20p.yaml,visdrone_pretrain.pt,640,32,100,5,t1c,,lr005,0,0,0,,1,B_csv_20260930,B_csv_20260930,568d3a1eb7177fd788930b3e36f6b081,1,0,0.1535,0.265,0.582,0.2828,0
t1d_dotatod15_base100_s42n,B,complete,shapeiou,sio_b_results.csv,100,100,89,0.16173,0.27196,0.15418,0.26042,850.714,0.001,42,42,shuffle,42,dota15_20p,/root/datasets_mask/dota15_yolo/dota15_20p.yaml,dota_pretrain.pt,640,32,100,5,t1d,,base,0,0,0,A,1,B_csv_20260930,B_csv_20260930,803b4613613245d2367d0d54ae7e2203,1,0,0.1626,0.273,0.6267,0.2979,1
t1d_dotatod15_base100_s43n,B,complete,shapeiou,sio_b_results.csv,100,100,68,0.16243,0.27196,0.15319,0.25842,809.488,0.001,43,42,shuffle,43,dota15_20p,/root/datasets_mask/dota15_yolo/dota15_20p.yaml,dota_pretrain.pt,640,32,100,5,t1d,,base,0,0,0,A,1,B_csv_20260930,B_csv_20260930,6e7d5fade3c60c3ab037fd6ce8ca8b38,1,0,0.1627,0.2701,0.5423,0.3012,1
t1d_dotatod15_base100_s44n,B,complete,shapeiou,sio_b_results.csv,100,100,84,0.1616,0.27449,0.15349,0.26034,782.113,0.001,44,42,shuffle,44,dota15_20p,/root/datasets_mask/dota15_yolo/dota15_20p.yaml,dota_pretrain.pt,640,32,100,5,t1d,,base,0,0,0,A,1,B_csv_20260930,B_csv_20260930,0e6baa012c64de5ac19e0ee0d0dafcf6,1,0,0.1625,0.2748,0.6082,0.3032,0
t1d_dotatod15_base100_s45n,B,complete,shapeiou,sio_b_results.csv,100,100,82,0.16253,0.27528,0.15517,0.26054,780.133,0.001,45,42,shuffle,45,dota15_20p,/root/datasets_mask/dota15_yolo/dota15_20p.yaml,dota_pretrain.pt,640,32,100,5,t1d,,base,0,0,0,A,1,B_csv_20260930,B_csv_20260930,1e5dc9813bd2f1dba51403bcfcad305f,1,0,0.1636,0.2765,0.5784,0.3042,0
t1d_dotatod15_base100_s46n,B,complete,shapeiou,sio_b_results.csv,100,100,91,0.16292,0.27431,0.15406,0.26155,782.362,0.001,46,42,shuffle,46,dota15_20p,/root/datasets_mask/dota15_yolo/dota15_20p.yaml,dota_pretrain.pt,640,32,100,5,t1d,,base,0,0,0,A,1,B_csv_20260930,B_csv_20260930,952071ef891c1fe17e334490cb80a718,1,0,0.164,0.2759,0.6095,0.2951,0
t1d_dotatod15_base100_s47n,B,complete,shapeiou,sio_b_results.csv,100,100,72,0.16289,0.27299,0.15402,0.26091,798.057,0.001,47,42,shuffle,47,dota15_20p,/root/datasets_mask/dota15_yolo/dota15_20p.yaml,dota_pretrain.pt,640,32,100,5,t1d,,base,0,0,0,A,1,B_csv_20260930,B_csv_20260930,69eda7469db13b1336675f61892183e6,1,0,0.1636,0.2743,0.5739,0.2959,1
t1d_dotatod15_base100_s48n,B,complete,shapeiou,sio_b_results.csv,100,100,90,0.16261,0.27145,0.15513,0.26069,798.463,0.001,48,42,shuffle,48,dota15_20p,/root/datasets_mask/dota15_yolo/dota15_20p.yaml,dota_pretrain.pt,640,32,100,5,t1d,,base,0,0,0,A,1,B_csv_20260930,B_csv_20260930,c9a9cddef715154ef44821267f771733,1,0,0.1643,0.2743,0.5859,0.2921,1
t1d_dotatod15_lr005_100ep_s42n,B,complete,shapeiou,sio_b_results.csv,100,100,90,0.1692,0.28398,0.16633,0.2811,796.609,0.005,42,42,shuffle,42,dota15_20p,/root/datasets_mask/dota15_yolo/dota15_20p.yaml,dota_pretrain.pt,640,32,100,5,t1d,,lr005,0,0,0,A,1,B_csv_20260930,B_csv_20260930,613537368108e336c859d44c4bc71c1c,1,0,0.1689,0.2844,0.6279,0.3034,1
t1d_dotatod15_lr005_100ep_s43n,B,complete,shapeiou,sio_b_results.csv,100,100,88,0.17159,0.28804,0.16935,0.28298,797.454,0.005,43,42,shuffle,43,dota15_20p,/root/datasets_mask/dota15_yolo/dota15_20p.yaml,dota_pretrain.pt,640,32,100,5,t1d,,lr005,0,0,0,A,1,B_csv_20260930,B_csv_20260930,140264780de8c3ce238398e102d44a9e,1,0,0.1721,0.2886,0.6418,0.3025,1
t1d_dotatod15_lr005_100ep_s44n,B,complete,shapeiou,sio_b_results.csv,100,100,76,0.16879,0.28415,0.165,0.27668,779.369,0.005,44,42,shuffle,44,dota15_20p,/root/datasets_mask/dota15_yolo/dota15_20p.yaml,dota_pretrain.pt,640,32,100,5,t1d,,lr005,0,0,0,A,1,B_csv_20260930,B_csv_20260930,73c275eb7ced788afbaccb3f245c383b,1,0,0.1693,0.2837,0.6649,0.2958,0
t1d_dotatod15_lr005_100ep_s45n,B,complete,shapeiou,sio_b_results.csv,100,100,87,0.17066,0.28784,0.16796,0.2816,778.93,0.005,45,42,shuffle,45,dota15_20p,/root/datasets_mask/dota15_yolo/dota15_20p.yaml,dota_pretrain.pt,640,32,100,5,t1d,,lr005,0,0,0,A,1,B_csv_20260930,B_csv_20260930,33cb06fd945ded215ff440c08a4fc376,1,0,0.1708,0.2877,0.5575,0.3107,0
t1d_dotatod15_lr005_100ep_s46n,B,complete,shapeiou,sio_b_results.csv,100,100,91,0.17004,0.28482,0.16261,0.2741,781.155,0.005,46,42,shuffle,46,dota15_20p,/root/datasets_mask/dota15_yolo/dota15_20p.yaml,dota_pretrain.pt,640,32,100,5,t1d,,lr005,0,0,0,A,1,B_csv_20260930,B_csv_20260930,c1284e8ca769fe47ba2de5d038105def,1,0,0.1708,0.2852,0.6791,0.2947,0
t1d_dotatod15_lr005_100ep_s47n,B,complete,shapeiou,sio_b_results.csv,100,100,91,0.17039,0.28474,0.1644,0.27646,795.379,0.005,47,42,shuffle,47,dota15_20p,/root/datasets_mask/dota15_yolo/dota15_20p.yaml,dota_pretrain.pt,640,32,100,5,t1d,,lr005,0,0,0,A,1,B_csv_20260930,B_csv_20260930,5c821c94b0d85bfd7a89c898d900b5d3,1,0,0.1722,0.2871,0.6817,0.2945,1
t1d_dotatod15_lr005_100ep_s48n,B,complete,shapeiou,sio_b_results.csv,100,100,87,0.17038,0.28698,0.16571,0.28234,804.098,0.005,48,42,shuffle,48,dota15_20p,/root/datasets_mask/dota15_yolo/dota15_20p.yaml,dota_pretrain.pt,640,32,100,5,t1d,,lr005,0,0,0,A,1,B_csv_20260930,B_csv_20260930,995db6d16f412bd6024c3a282540f874,1,0,0.1707,0.2865,0.6678,0.2955,1
t2_mask2mende_base100_s42n,B,complete,shapeiou,sio_b_results.csv,100,100,19,0.70043,0.95204,0.67111,0.93755,713.349,0.001,42,42,shuffle,42,mende_20p,/root/datasets_mask/mendeley_yolo/mende_20p.yaml,mask_pretrain.pt,640,32,100,5,t2,,base,0,0,0,,1,B_csv_20260930,B_csv_20260930,a800c677a93593755f2e2223aa01a258,1,0,0.6712,0.9375,0.9469,0.8685,1
t2_mask2mende_base100_s43n,B,complete,shapeiou,sio_b_results.csv,100,100,12,0.70482,0.95385,0.68246,0.94195,697.296,0.001,43,42,shuffle,43,mende_20p,/root/datasets_mask/mendeley_yolo/mende_20p.yaml,mask_pretrain.pt,640,32,100,5,t2,,base,0,0,0,,1,B_csv_20260930,B_csv_20260930,03c661f31529c6a4de0e4c2ca705d95a,1,0,0.7048,0.954,0.9067,0.9063,0
t2_mask2mende_base100_s44n,B,complete,shapeiou,sio_b_results.csv,100,100,14,0.71351,0.95468,0.67419,0.94278,700.873,0.001,44,42,shuffle,44,mende_20p,/root/datasets_mask/mendeley_yolo/mende_20p.yaml,mask_pretrain.pt,640,32,100,5,t2,,base,0,0,0,,1,B_csv_20260930,B_csv_20260930,515f4c12a6f49e17d62c7ae86219e4bd,1,0,0.7131,0.9546,0.9251,0.9237,0
t2_mask2mende_base100_s45n,B,complete,shapeiou,sio_b_results.csv,100,100,13,0.69745,0.94607,0.67811,0.93353,689.915,0.001,45,42,shuffle,45,mende_20p,/root/datasets_mask/mendeley_yolo/mende_20p.yaml,mask_pretrain.pt,640,32,100,5,t2,,base,0,0,0,,1,B_csv_20260930,B_csv_20260930,f2b472b29566f576204560c7023a629b,1,0,0.6982,0.9462,0.9016,0.893,0
t2_mask2mende_base100_s46n,B,complete,shapeiou,sio_b_results.csv,100,100,12,0.69788,0.95146,0.68299,0.94184,691.239,0.001,46,42,shuffle,46,mende_20p,/root/datasets_mask/mendeley_yolo/mende_20p.yaml,mask_pretrain.pt,640,32,100,5,t2,,base,0,0,0,,1,B_csv_20260930,B_csv_20260930,644399bea470401969ba81f303ddd5df,1,0,0.6979,0.9514,0.9085,0.9046,0
t2_mask2mende_base100_s47n,B,complete,shapeiou,B_sio_b_results.csv,100,100,22,0.70153,0.94937,0.67459,0.93385,668.434,0.001,47,42,shuffle,47,mende_20p,/root/datasets_mask/mendeley_yolo/mende_20p.yaml,mask_pretrain.pt,640,32,100,5,t2,,base,0,0,0,,1,P1ext_B_20261001,P1ext_B_20261001,711ccda837c3984b28f52be3d22d7fd9,1,0,0.7014,0.9494,0.9317,0.8814,0
t2_mask2mende_base100_s48n,B,complete,shapeiou,B_sio_b_results.csv,100,100,12,0.70454,0.94799,0.67807,0.93983,673.064,0.001,48,42,shuffle,48,mende_20p,/root/datasets_mask/mendeley_yolo/mende_20p.yaml,mask_pretrain.pt,640,32,100,5,t2,,base,0,0,0,,1,P1ext_B_20261001,P1ext_B_20261001,0f3d700d258fe20d89285841fbbff450,1,0,0.704,0.948,0.9342,0.8771,0
t2_mask2mende_base100_s49n,B,complete,shapeiou,B_sio_b_results.csv,100,100,30,0.69866,0.95491,0.68064,0.94764,705.335,0.001,49,42,shuffle,49,mende_20p,/root/datasets_mask/mendeley_yolo/mende_20p.yaml,mask_pretrain.pt,640,32,100,5,t2,,base,0,0,0,,1,P1ext_B_20261001,P1ext_B_20261001,b4704f767568a445a16d597d593f73dc,1,0,0.6988,0.9549,0.9348,0.8983,0
t2_mask2mende_base100_s50n,B,complete,shapeiou,B_sio_b_results.csv,100,100,7,0.7026,0.95545,0.66945,0.92417,689.595,0.001,50,42,shuffle,50,mende_20p,/root/datasets_mask/mendeley_yolo/mende_20p.yaml,mask_pretrain.pt,640,32,100,5,t2,,base,0,0,0,,1,P1ext_B_20261001,P1ext_B_20261001,b649a377cd4d6cd59e1fb1dd4052a876,1,0,0.7024,0.9554,0.8755,0.9195,0
t2_mask2mende_base100_s51n,B,complete,shapeiou,B_sio_b_results.csv,100,100,13,0.70564,0.95929,0.66797,0.92823,690.089,0.001,51,42,shuffle,51,mende_20p,/root/datasets_mask/mendeley_yolo/mende_20p.yaml,mask_pretrain.pt,640,32,100,5,t2,,base,0,0,0,,1,P1ext_B_20261001,P1ext_B_20261001,ba1b99cd9e692cfbcc4a2c8ab2bd8844,1,0,0.7063,0.9593,0.9261,0.9258,0
t2_mask2mende_lr005_100ep_s42n,B,complete,shapeiou,sio_b_results.csv,100,100,57,0.68838,0.95459,0.67053,0.93691,712.312,0.005,42,42,shuffle,42,mende_20p,/root/datasets_mask/mendeley_yolo/mende_20p.yaml,mask_pretrain.pt,640,32,100,5,t2,,lr005,0,0,0,,1,B_csv_20260930,B_csv_20260930,cc2b9b1084592b3953bf44363023a41b,1,0,0.6885,0.9546,0.9478,0.8877,0
t2_mask2mende_lr005_100ep_s43n,B,complete,shapeiou,sio_b_results.csv,100,100,83,0.69255,0.95595,0.67541,0.93299,697.488,0.005,43,42,shuffle,43,mende_20p,/root/datasets_mask/mendeley_yolo/mende_20p.yaml,mask_pretrain.pt,640,32,100,5,t2,,lr005,0,0,0,,1,B_csv_20260930,B_csv_20260930,4656c0ff16c6a052a715b6572fd4be76,1,0,0.6928,0.9557,0.935,0.8771,0
t2_mask2mende_lr005_100ep_s44n,B,complete,shapeiou,sio_b_results.csv,100,100,55,0.68402,0.94363,0.66769,0.92727,714.314,0.005,44,42,shuffle,44,mende_20p,/root/datasets_mask/mendeley_yolo/mende_20p.yaml,mask_pretrain.pt,640,32,100,5,t2,,lr005,0,0,0,,1,B_csv_20260930,B_csv_20260930,7d6ea124a1ee753abdd85766e2c83e9d,1,0,0.6841,0.9436,0.9212,0.9025,0
t2_mask2mende_lr005_100ep_s45n,B,complete,shapeiou,sio_b_results.csv,100,100,84,0.6859,0.945,0.6717,0.93744,722.789,0.005,45,42,shuffle,45,mende_20p,/root/datasets_mask/mendeley_yolo/mende_20p.yaml,mask_pretrain.pt,640,32,100,5,t2,,lr005,0,0,0,,1,B_csv_20260930,B_csv_20260930,3a9d48c9b6efbe41ac2a91bfede4954e,1,0,0.6858,0.945,0.9088,0.928,0
t2_mask2mende_lr005_100ep_s46n,B,complete,shapeiou,sio_b_results.csv,100,100,96,0.68885,0.95112,0.6772,0.94281,699.383,0.005,46,42,shuffle,46,mende_20p,/root/datasets_mask/mendeley_yolo/mende_20p.yaml,mask_pretrain.pt,640,32,100,5,t2,,lr005,0,0,0,,1,B_csv_20260930,B_csv_20260930,98be419cf280c6666a6b963084a7bf85,1,0,0.6889,0.951,0.9374,0.889,0
t2_mask2mende_lr005_100ep_s47n,B,complete,shapeiou,B_sio_b_results.csv,100,100,73,0.68754,0.93837,0.67149,0.92409,694.614,0.005,47,42,shuffle,47,mende_20p,/root/datasets_mask/mendeley_yolo/mende_20p.yaml,mask_pretrain.pt,640,32,100,5,t2,,lr005,0,0,0,,1,P1ext_B_20261001,P1ext_B_20261001,3459c75d59edfcc1e686023458ac6a81,1,0,0.6873,0.9385,0.9386,0.8898,0
t2_mask2mende_lr005_100ep_s48n,B,complete,shapeiou,B_sio_b_results.csv,100,100,83,0.68315,0.93238,0.67453,0.93414,680.044,0.005,48,42,shuffle,48,mende_20p,/root/datasets_mask/mendeley_yolo/mende_20p.yaml,mask_pretrain.pt,640,32,100,5,t2,,lr005,0,0,0,,1,P1ext_B_20261001,P1ext_B_20261001,85f3f4fb0fbf5599969bfa5f9e8798c5,1,0,0.6824,0.9323,0.9093,0.9174,0
t2_mask2mende_lr005_100ep_s49n,B,complete,shapeiou,B_sio_b_results.csv,100,100,88,0.68464,0.93496,0.67241,0.92527,686.403,0.005,49,42,shuffle,49,mende_20p,/root/datasets_mask/mendeley_yolo/mende_20p.yaml,mask_pretrain.pt,640,32,100,5,t2,,lr005,0,0,0,,1,P1ext_B_20261001,P1ext_B_20261001,47c27c88c54cfd4fca3e2058b1b6a3c1,1,0,0.6843,0.935,0.9131,0.9047,0
t2_mask2mende_lr005_100ep_s50n,B,complete,shapeiou,B_sio_b_results.csv,100,100,66,0.69743,0.94643,0.674,0.93422,706.804,0.005,50,42,shuffle,50,mende_20p,/root/datasets_mask/mendeley_yolo/mende_20p.yaml,mask_pretrain.pt,640,32,100,5,t2,,lr005,0,0,0,,1,P1ext_B_20261001,P1ext_B_20261001,4307d53820f78fa4c3d887e4cd388f7a,1,0,0.6969,0.9465,0.9236,0.8968,0
t2_mask2mende_lr005_100ep_s51n,B,complete,shapeiou,B_sio_b_results.csv,100,100,55,0.69185,0.9556,0.68815,0.94276,709.126,0.005,51,42,shuffle,51,mende_20p,/root/datasets_mask/mendeley_yolo/mende_20p.yaml,mask_pretrain.pt,640,32,100,5,t2,,lr005,0,0,0,,1,P1ext_B_20261001,P1ext_B_20261001,75e2e8cc63075b35c92e0256ee54b22d,1,0,0.6915,0.9557,0.9364,0.904,0
vd15_30ep_base_s42n,B,complete,shapeiou,sio_b_results.csv,30,30,29,0.15772,0.26045,0.15555,0.25749,1873.69,0.001,42,42,shuffle,42,data,/root/datasets_mask/dota15_yolo/data.yaml,visdrone_pretrain.pt,640,32,100,5,vd15,,base,0,0,0,,1,B_csv_20260930,B_csv_20260930,2ffa9e96b4044c8c37f21b793a0f1f1c,1,0,0.1571,0.2604,0.5688,0.2796,0
vd15_30ep_base_s43n,B,complete,shapeiou,sio_b_results.csv,30,30,29,0.15793,0.26145,0.15684,0.26228,591.92,0.001,43,42,shuffle,43,data,/root/datasets_mask/dota15_yolo/data.yaml,visdrone_pretrain.pt,640,32,100,5,vd15,,base,0,0,0,,1,B_csv_20260930,B_csv_20260930,2972947ba4f63a7f47435434bfa21ab3,1,0,0.1575,0.2627,0.677,0.2802,0
vd15_30ep_base_s44n,B,complete,shapeiou,sio_b_results.csv,30,30,30,0.15918,0.26445,0.15918,0.26445,604.737,0.001,44,42,shuffle,44,data,/root/datasets_mask/dota15_yolo/data.yaml,visdrone_pretrain.pt,640,32,100,5,vd15,,base,0,0,0,,1,B_csv_20260930,B_csv_20260930,3022b16e95e3c10e5858465dfb485eda,1,0,0.1593,0.2661,0.6488,0.2767,0
vd15_30ep_lr005_s42n,B,complete,shapeiou,sio_b_results.csv,30,30,30,0.19903,0.32097,0.19903,0.32097,653.774,0.005,42,42,shuffle,42,data,/root/datasets_mask/dota15_yolo/data.yaml,visdrone_pretrain.pt,640,32,100,5,vd15,,lr005,0,0,0,,1,B_csv_20260930,B_csv_20260930,853bddea4680177a3d89b73cf9f66e8f,1,0,0.1997,0.3231,0.7412,0.3266,0
vd15_30ep_lr005_s43n,B,complete,shapeiou,sio_b_results.csv,30,30,30,0.19835,0.32096,0.19835,0.32096,579.881,0.005,43,42,shuffle,43,data,/root/datasets_mask/dota15_yolo/data.yaml,visdrone_pretrain.pt,640,32,100,5,vd15,,lr005,0,0,0,,1,B_csv_20260930,B_csv_20260930,02d5ec8b4a78e85bd766afecb1340104,1,0,0.1986,0.3215,0.7328,0.3277,0
vd15_30ep_lr005_s44n,B,complete,shapeiou,sio_b_results.csv,30,30,30,0.19894,0.32243,0.19894,0.32243,575.453,0.005,44,42,shuffle,44,data,/root/datasets_mask/dota15_yolo/data.yaml,visdrone_pretrain.pt,640,32,100,5,vd15,,lr005,0,0,0,,1,B_csv_20260930,B_csv_20260930,6fee7104f0f2990b2edf26568606c144,1,0,0.1991,0.3244,0.7254,0.3189,0
visdrone_base100,B,complete,shapeiou,sio_b_results.csv,100,100,2,0.13356,0.23948,0.12711,0.23374,1149.8,0.001,,42,none,42,visdrone_20p,/root/datasets_mask/visdrone/visdrone_20p.yaml,visdrone_pretrain.pt,640,32,100,5,visdrone,,base,0,0,0,,1,B_csv_20260930,B_csv_20260930,d9e664365438e510959a013758aaf929,1,0,0.1177,0.2133,0.3403,0.2568,0
visdrone_base100_s42n,B,complete,shapeiou,sio_b_results.csv,100,100,2,0.13147,0.23694,0.125,0.23107,1168.77,0.001,42,42,shuffle,42,visdrone_20p,/root/datasets_mask/visdrone/visdrone_20p.yaml,visdrone_pretrain.pt,640,32,100,5,visdrone,,base,0,0,0,,1,B_csv_20260930,B_csv_20260930,f8d9eb611b94f30a76c419d960b744ee,1,0,0.1176,0.2141,0.3464,0.2603,0
visdrone_base30,B,complete,shapeiou,sio_b_results.csv,30,30,2,0.13334,0.23922,0.12963,0.23605,353.664,0.001,,42,none,42,visdrone_20p,/root/datasets_mask/visdrone/visdrone_20p.yaml,visdrone_pretrain.pt,640,32,100,5,visdrone,,base,0,0,0,,1,B_csv_20260930,B_csv_20260930,f79ce6ec349c0d7983d26c1b564f9924,1,0,0.1176,0.2133,0.3382,0.258,0
visdrone_lr005_100ep_s42n,B,complete,shapeiou,sio_b_results.csv,100,100,62,0.1287,0.23339,0.12485,0.23217,1121.51,0.005,42,42,shuffle,42,visdrone_20p,/root/datasets_mask/visdrone/visdrone_20p.yaml,visdrone_pretrain.pt,640,32,100,5,visdrone,,lr005,0,0,0,,1,B_csv_20260930,B_csv_20260930,db1aa51dbdc251a0c40de31b32d7a0a4,1,0,0.1055,0.1949,0.3122,0.2462,0
visdrone_lr005_30ep,B,complete,shapeiou,sio_b_results.csv,30,30,1,0.12759,0.22977,0.12753,0.23523,348.363,0.005,,42,none,42,visdrone_20p,/root/datasets_mask/visdrone/visdrone_20p.yaml,visdrone_pretrain.pt,640,32,100,5,visdrone,,lr005,0,0,0,,1,B_csv_20260930,B_csv_20260930,259290bd1671d13b0e0972e6d977368d,1,0,0.1101,0.2046,0.3813,0.2409,0
visdrone_pretrain,B,complete,shapeiou,sio_b_results.csv,30,30,28,0.13279,0.23852,0.1324,0.23931,1086.64,0.001,,42,none,42,data,/root/datasets_mask/visdrone/data.yaml,yolo12n.pt,640,32,100,5,visdrone,,,0,0,0,,1,B_csv_20260930,B_csv_20260930,41239b89a436208808661b9c810d1493,1,0,0.1178,0.2144,0.3336,0.2645,0
visdrone_pws_30ep,B,complete,pws,sio_b_results.csv,30,30,2,0.13342,0.23955,0.12935,0.23636,337.589,0.001,,42,none,42,visdrone_20p,/root/datasets_mask/visdrone/visdrone_20p.yaml,visdrone_pretrain.pt,640,32,100,5,visdrone,,,0,0,0,,1,B_csv_20260930,B_csv_20260930,f169956c0c889517b81543b398e1c308,1,0,0.1174,0.2131,0.342,0.2576,0
visdrone_sns_30ep,B,complete,sns,sio_b_results.csv,30,30,2,0.13329,0.23931,0.12944,0.23602,344.12,0.001,,42,none,42,visdrone_20p,/root/datasets_mask/visdrone/visdrone_20p.yaml,visdrone_pretrain.pt,640,32,100,5,visdrone,,,0,0,0,,1,B_csv_20260930,B_csv_20260930,45285ec5932489ead92172346b2d5a68,1,0,0.1177,0.2135,0.3436,0.2567,0
_PARTIAL_vvhr_200ep_base_s42n_130009,B,early_stop_legit,,,200,183,83,0.51173,0.79659,0.48604,0.78649,693.797,0.001,42,42,shuffle,42,vhr10,/root/datasets_mask/vhr10_yolo/vhr10.yaml,visdrone_pretrain.pt,640,32,100,5,vvhr,,base,0,1,0,,1,B_csv_20260930,B_csv_20260930,f9a5eccd5965960c619abed2b1b05b3c,1,0,,,,,0
_PARTIAL_vvhr_200ep_base_s43n_132037,B,early_stop_legit,,,200,165,65,0.51058,0.80361,0.49549,0.78815,608.234,0.001,43,42,shuffle,43,vhr10,/root/datasets_mask/vhr10_yolo/vhr10.yaml,visdrone_pretrain.pt,640,32,100,5,vvhr,,base,0,1,0,,1,B_csv_20260930,B_csv_20260930,2433d6023cced6088dc4b7deb81855d5,1,0,,,,,0
_PARTIAL_vvhr_200ep_lr005_s42n_130930,B,early_stop_legit,,,200,129,29,0.49565,0.78144,0.48132,0.76537,513.579,0.005,42,42,shuffle,42,vhr10,/root/datasets_mask/vhr10_yolo/vhr10.yaml,visdrone_pretrain.pt,640,32,100,5,vvhr,,lr005,0,1,0,,1,B_csv_20260930,B_csv_20260930,77dceb6e12bfebfcccea174438216eed,1,0,,,,,0
_PARTIAL_vvhr_200ep_lr005_s43n_133340,B,early_stop_legit,,,200,172,72,0.50376,0.77281,0.4882,0.76359,736.567,0.005,43,42,shuffle,43,vhr10,/root/datasets_mask/vhr10_yolo/vhr10.yaml,visdrone_pretrain.pt,640,32,100,5,vvhr,,lr005,0,1,0,,1,B_csv_20260930,B_csv_20260930,e9ca11b864c2e60896efe20b39eaf28c,1,0,,,,,0
_PARTIAL_vvhr_200ep_lr005_s44n_140703,B,early_stop_legit,,,200,133,33,0.50681,0.79919,0.48491,0.75209,467.415,0.005,44,42,shuffle,44,vhr10,/root/datasets_mask/vhr10_yolo/vhr10.yaml,visdrone_pretrain.pt,640,32,100,5,vvhr,,lr005,0,1,0,,1,B_csv_20260930,B_csv_20260930,0dc86674ad97683c0e8161e57c6f736c,1,0,,,,,0
vvhr_200ep_base_s44n,B,complete,shapeiou,sio_b_results.csv,200,200,40,0.50495,0.79736,0.48903,0.78566,1446.8,0.001,44,42,shuffle,44,vhr10,/root/datasets_mask/vhr10_yolo/vhr10.yaml,visdrone_pretrain.pt,640,32,200,5,vvhr,,base,0,0,0,,1,B_csv_20260930,B_csv_20260930,10e021cfd4002540aea40618db73658b,1,0,0.508,0.8034,0.9034,0.756,0
vvhr_30ep_base_s42n,B,complete,shapeiou,sio_b_results.csv,30,30,23,0.46636,0.76032,0.46028,0.74673,204.073,0.001,42,42,shuffle,42,vhr10,/root/datasets_mask/vhr10_yolo/vhr10.yaml,visdrone_pretrain.pt,640,32,100,5,vvhr,,base,0,0,0,,1,B_csv_20260930,B_csv_20260930,16ffa2240dcc681e6a2f94b22d28494b,1,0,0.4937,0.7844,0.9003,0.7246,0
vvhr_30ep_base_s43n,B,complete,shapeiou,sio_b_results.csv,30,30,24,0.47695,0.76885,0.46837,0.76725,146.874,0.001,43,42,shuffle,43,vhr10,/root/datasets_mask/vhr10_yolo/vhr10.yaml,visdrone_pretrain.pt,640,32,100,5,vvhr,,base,0,0,0,,1,B_csv_20260930,B_csv_20260930,1883fa1f887a5dff924448638fc18dcb,1,0,0.4836,0.7757,0.8913,0.688,0
vvhr_30ep_base_s44n,B,complete,shapeiou,sio_b_results.csv,30,30,26,0.46863,0.75933,0.46176,0.76684,118.992,0.001,44,42,shuffle,44,vhr10,/root/datasets_mask/vhr10_yolo/vhr10.yaml,visdrone_pretrain.pt,640,32,100,5,vvhr,,base,0,0,0,,1,B_csv_20260930,B_csv_20260930,a61cde603e4c2d9c1b1c2329bc6e1cd3,1,0,0.4743,0.7873,0.9166,0.7345,0
vvhr_30ep_lr005_s42n,B,complete,shapeiou,sio_b_results.csv,30,30,24,0.51776,0.79427,0.507,0.79086,121.915,0.005,42,42,shuffle,42,vhr10,/root/datasets_mask/vhr10_yolo/vhr10.yaml,visdrone_pretrain.pt,640,32,100,5,vvhr,,lr005,0,0,0,,1,B_csv_20260930,B_csv_20260930,46a3ab9248b103482bf9b1af45d49b89,1,0,0.5207,0.8035,0.9299,0.7648,0
vvhr_30ep_lr005_s43n,B,complete,shapeiou,sio_b_results.csv,30,30,24,0.51276,0.78247,0.50294,0.79233,118.55,0.005,43,42,shuffle,43,vhr10,/root/datasets_mask/vhr10_yolo/vhr10.yaml,visdrone_pretrain.pt,640,32,100,5,vvhr,,lr005,0,0,0,,1,B_csv_20260930,B_csv_20260930,a29d16eebcad95cfbf59796d367250e1,1,0,0.5214,0.8031,0.9107,0.7787,0
vvhr_30ep_lr005_s44n,B,complete,shapeiou,sio_b_results.csv,30,30,19,0.53341,0.79592,0.5157,0.79723,140.554,0.005,44,42,shuffle,44,vhr10,/root/datasets_mask/vhr10_yolo/vhr10.yaml,visdrone_pretrain.pt,640,32,100,5,vvhr,,lr005,0,0,0,,1,B_csv_20260930,B_csv_20260930,9c7458124192d93ec9fd62ea67628fa5,1,0,0.5071,0.8189,0.9424,0.7417,0
xcal_B_s42n,B,complete,shapeiou,sio_b_results.csv,20,20,19,0.41621,0.71132,0.41557,0.71123,484.802,0.001,42,42,shuffle,42,sfchd_20p_b,/root/sfchd_20p_b.yaml,y11_shwd_pretrain.pt,640,32,100,5,xcal,,,0,0,0,,1,B_csv_20260930,B_csv_20260930,6fc48a93d7729e9e2ae78a436a1accef,1,0,0.4163,0.7116,0.8126,0.6511,0
y11_sf_base100_s42n,B,complete,shapeiou,sio_b_results.csv,100,100,81,0.44323,0.745,0.43292,0.73121,2408.92,0.001,42,42,shuffle,42,sfchd_20p_b,/root/sfchd_20p_b.yaml,y11_shwd_pretrain.pt,640,32,100,5,y11,,base,0,0,0,,1,B_csv_20260930,B_csv_20260930,730ce9012c01934c50da4fce4f8f195d,1,0,0.4432,0.7449,0.8225,0.7044,0
y11_sf_base100_s43n,B,complete,shapeiou,sio_b_results.csv,100,100,86,0.44356,0.74532,0.43209,0.72862,2273.37,0.001,43,42,shuffle,43,sfchd_20p_b,/root/sfchd_20p_b.yaml,y11_shwd_pretrain.pt,640,32,100,5,y11,,base,0,0,0,,1,B_csv_20260930,B_csv_20260930,e4d18a727cb3adbd7cb863d7b9368cce,1,0,0.4435,0.7448,0.839,0.6965,0
y11_sf_base100_s44n,B,complete,shapeiou,sio_b_results.csv,100,100,83,0.44261,0.74299,0.4327,0.73318,2237.03,0.001,44,42,shuffle,44,sfchd_20p_b,/root/sfchd_20p_b.yaml,y11_shwd_pretrain.pt,640,32,100,5,y11,,base,0,0,0,,1,B_csv_20260930,B_csv_20260930,b89369f567acfef96a01dadfbdee92c5,1,0,0.4424,0.7431,0.8448,0.6911,0
y11_sf_base30_s42n,B,complete,shapeiou,sio_b_results.csv,30,30,30,0.42333,0.72143,0.42333,0.72143,678.088,0.001,42,42,shuffle,42,sfchd_20p_b,/root/sfchd_20p_b.yaml,y11_shwd_pretrain.pt,640,32,100,5,y11,,base,0,0,0,,1,B_csv_20260930,B_csv_20260930,b09ee49c07d1640217c11013b967353d,1,0,0.4235,0.7215,0.7978,0.6707,0
y11_sf_base30_s43n,B,complete,shapeiou,sio_b_results.csv,30,30,30,0.41697,0.71403,0.41697,0.71403,711.028,0.001,43,42,shuffle,43,sfchd_20p_b,/root/sfchd_20p_b.yaml,y11_shwd_pretrain.pt,640,32,100,5,y11,,base,0,0,0,,1,B_csv_20260930,B_csv_20260930,95849dcda261fc33f2ef61608afee826,1,0,0.417,0.7141,0.8246,0.6513,0
y11_sf_base30_s44n,B,complete,shapeiou,sio_b_results.csv,30,30,29,0.42117,0.71715,0.41883,0.71822,703.711,0.001,44,42,shuffle,44,sfchd_20p_b,/root/sfchd_20p_b.yaml,y11_shwd_pretrain.pt,640,32,100,5,y11,,base,0,0,0,,1,B_csv_20260930,B_csv_20260930,be52b07b2940a4406580de968222ffc3,1,0,0.4211,0.7171,0.8244,0.6611,0
y11_sf_base30_s45n,B,complete,shapeiou,B_sio_b_results.csv,30,30,29,0.41724,0.71826,0.41666,0.71436,775.142,0.001,45,42,shuffle,45,sfchd_20p_b,/root/sfchd_20p_b.yaml,y11_shwd_pretrain.pt,640,32,100,5,y11,,base,0,0,0,,1,P1ext_B_20261001,P1ext_B_20261001,edcdc9f7bb299ad6f8ef4cabb4ca9f2b,1,0,0.4173,0.7183,0.8156,0.6618,0
y11_sf_base30_s46n,B,complete,shapeiou,B_sio_b_results.csv,30,30,29,0.42322,0.72199,0.42155,0.71662,669.551,0.001,46,42,shuffle,46,sfchd_20p_b,/root/sfchd_20p_b.yaml,y11_shwd_pretrain.pt,640,32,100,5,y11,,base,0,0,0,,1,P1ext_B_20261001,P1ext_B_20261001,d7a74da6fb85dad3cd87576d7aed2d82,1,0,0.423,0.7219,0.8246,0.6664,0
y11_sf_base30_s47n,B,complete,shapeiou,B_sio_b_results.csv,30,30,28,0.42537,0.72464,0.4232,0.72036,692.616,0.001,47,42,shuffle,47,sfchd_20p_b,/root/sfchd_20p_b.yaml,y11_shwd_pretrain.pt,640,32,100,5,y11,,base,0,0,0,,1,P1ext_B_20261001,P1ext_B_20261001,8eb8cc27ff127e7eced28fbaf9e31b1c,1,0,0.4253,0.7246,0.8631,0.6531,0
y11_sf_base30_s48n,B,complete,shapeiou,B_sio_b_results.csv,30,30,29,0.41845,0.7136,0.41379,0.71304,636.038,0.001,48,42,shuffle,48,sfchd_20p_b,/root/sfchd_20p_b.yaml,y11_shwd_pretrain.pt,640,32,100,5,y11,,base,0,0,0,,1,P1ext_B_20261001,P1ext_B_20261001,be868e59d466c77b346fe79f57e1c9a1,1,0,0.4183,0.7135,0.8058,0.6635,0
y11_sf_base30_s49n,B,complete,shapeiou,B_sio_b_results.csv,30,30,28,0.42431,0.7223,0.423,0.7205,655.455,0.001,49,42,shuffle,49,sfchd_20p_b,/root/sfchd_20p_b.yaml,y11_shwd_pretrain.pt,640,32,100,5,y11,,base,0,0,0,,1,P1ext_B_20261001,P1ext_B_20261001,d07ff9bb6edddcf585ae35fd18ed3096,1,0,0.4243,0.7224,0.8093,0.6733,0
y11_sf_base30_s50n,B,complete,shapeiou,B_sio_b_results.csv,30,30,30,0.42269,0.72244,0.42269,0.72244,641.254,0.001,50,42,shuffle,50,sfchd_20p_b,/root/sfchd_20p_b.yaml,y11_shwd_pretrain.pt,640,32,100,5,y11,,base,0,0,0,,1,P1ext_B_20261001,P1ext_B_20261001,59cda69969092f90956ae558fdc96485,1,0,0.4225,0.7218,0.8275,0.6713,0
y11_sf_base30_s51n,B,complete,shapeiou,B_sio_b_results.csv,30,30,26,0.42078,0.71593,0.42046,0.71444,640.429,0.001,51,42,shuffle,51,sfchd_20p_b,/root/sfchd_20p_b.yaml,y11_shwd_pretrain.pt,640,32,100,5,y11,,base,0,0,0,,1,P1ext_B_20261001,P1ext_B_20261001,84440330ac678b86d50f5eb2b4c4862a,1,0,0.4207,0.7159,0.8272,0.65,0
y11_sf_lr005_100ep_s42n,B,complete,shapeiou,sio_b_results.csv,100,100,85,0.4441,0.74077,0.44075,0.73644,2257.57,0.005,42,42,shuffle,42,sfchd_20p_b,/root/sfchd_20p_b.yaml,y11_shwd_pretrain.pt,640,32,100,5,y11,,lr005,0,0,0,,1,B_csv_20260930,B_csv_20260930,87df65de9add448c4a322923c2845eab,1,0,0.4442,0.7406,0.8236,0.7079,0
y11_sf_lr005_100ep_s43n,B,complete,shapeiou,sio_b_results.csv,100,100,86,0.44269,0.73721,0.43979,0.73091,2297.16,0.005,43,42,shuffle,43,sfchd_20p_b,/root/sfchd_20p_b.yaml,y11_shwd_pretrain.pt,640,32,100,5,y11,,lr005,0,0,0,,1,B_csv_20260930,B_csv_20260930,aa493356325348611a2a3cca2d72312e,1,0,0.4427,0.7372,0.8343,0.6988,0
y11_sf_lr005_100ep_s44n,B,complete,shapeiou,sio_b_results.csv,100,100,88,0.44246,0.74396,0.43551,0.73181,2240.47,0.005,44,42,shuffle,44,sfchd_20p_b,/root/sfchd_20p_b.yaml,y11_shwd_pretrain.pt,640,32,100,5,y11,,lr005,0,0,0,,1,B_csv_20260930,B_csv_20260930,a0a286464e5010549d8d51c3c56e8a41,1,0,0.4425,0.744,0.8306,0.7031,0
y11_sf_lr005_30ep_s42n,B,complete,shapeiou,sio_b_results.csv,30,30,30,0.433,0.7371,0.433,0.7371,685.417,0.005,42,42,shuffle,42,sfchd_20p_b,/root/sfchd_20p_b.yaml,y11_shwd_pretrain.pt,640,32,100,5,y11,,lr005,0,0,0,,1,B_csv_20260930,B_csv_20260930,aa3a246c7809b33960aa87dd73111898,1,0,0.4333,0.7372,0.8448,0.6806,0
y11_sf_lr005_30ep_s43n,B,complete,shapeiou,sio_b_results.csv,30,30,30,0.43297,0.73195,0.43297,0.73195,680.608,0.005,43,42,shuffle,43,sfchd_20p_b,/root/sfchd_20p_b.yaml,y11_shwd_pretrain.pt,640,32,100,5,y11,,lr005,0,0,0,,1,B_csv_20260930,B_csv_20260930,b9f9c712429288256390e211d05f81a4,1,0,0.4331,0.7319,0.8416,0.6748,0
y11_sf_lr005_30ep_s44n,B,complete,shapeiou,sio_b_results.csv,30,30,30,0.43374,0.73181,0.43374,0.73181,681.875,0.005,44,42,shuffle,44,sfchd_20p_b,/root/sfchd_20p_b.yaml,y11_shwd_pretrain.pt,640,32,100,5,y11,,lr005,0,0,0,,1,B_csv_20260930,B_csv_20260930,0aa48693fdfa643a9d93d1128da4ab8d,1,0,0.4338,0.7319,0.8278,0.6723,0
y11_sf_lr005_30ep_s45n,B,complete,shapeiou,B_sio_b_results.csv,30,30,29,0.43117,0.72993,0.42971,0.7313,769.093,0.005,45,42,shuffle,45,sfchd_20p_b,/root/sfchd_20p_b.yaml,y11_shwd_pretrain.pt,640,32,100,5,y11,,lr005,0,0,0,,1,P1ext_B_20261001,P1ext_B_20261001,dd6ada2ebad34aa8b58175cdfd4641af,1,0,0.4311,0.7299,0.8203,0.6792,0
y11_sf_lr005_30ep_s46n,B,complete,shapeiou,B_sio_b_results.csv,30,30,30,0.42997,0.72767,0.42997,0.72767,714.99,0.005,46,42,shuffle,46,sfchd_20p_b,/root/sfchd_20p_b.yaml,y11_shwd_pretrain.pt,640,32,100,5,y11,,lr005,0,0,0,,1,P1ext_B_20261001,P1ext_B_20261001,f41c29c889fcaca1defcf2c7404f7a24,1,0,0.4303,0.7281,0.8358,0.6706,0
y11_sf_lr005_30ep_s47n,B,complete,shapeiou,B_sio_b_results.csv,30,30,30,0.43114,0.72972,0.43114,0.72972,654.14,0.005,47,42,shuffle,47,sfchd_20p_b,/root/sfchd_20p_b.yaml,y11_shwd_pretrain.pt,640,32,100,5,y11,,lr005,0,0,0,,1,P1ext_B_20261001,P1ext_B_20261001,56105bce354f9c3e95a5119a3ee0a034,1,0,0.4311,0.7299,0.8429,0.671,0
y11_sf_lr005_30ep_s48n,B,complete,shapeiou,B_sio_b_results.csv,30,30,30,0.42844,0.73265,0.42844,0.73265,701.288,0.005,48,42,shuffle,48,sfchd_20p_b,/root/sfchd_20p_b.yaml,y11_shwd_pretrain.pt,640,32,100,5,y11,,lr005,0,0,0,,1,P1ext_B_20261001,P1ext_B_20261001,084a15af925c0e873244c190903d246d,1,0,0.4286,0.7327,0.8131,0.6834,0
y11_sf_lr005_30ep_s49n,B,complete,shapeiou,B_sio_b_results.csv,30,30,30,0.43131,0.73123,0.43131,0.73123,688.617,0.005,49,42,shuffle,49,sfchd_20p_b,/root/sfchd_20p_b.yaml,y11_shwd_pretrain.pt,640,32,100,5,y11,,lr005,0,0,0,,1,P1ext_B_20261001,P1ext_B_20261001,15529e9ec088573ac513d80471b7f5a1,1,0,0.4311,0.7314,0.8183,0.6793,0
y11_sf_lr005_30ep_s50n,B,complete,shapeiou,B_sio_b_results.csv,30,30,30,0.43528,0.73492,0.43528,0.73492,687.105,0.005,50,42,shuffle,50,sfchd_20p_b,/root/sfchd_20p_b.yaml,y11_shwd_pretrain.pt,640,32,100,5,y11,,lr005,0,0,0,,1,P1ext_B_20261001,P1ext_B_20261001,d9c1f89ae2570b8475d1385eb74e47c5,1,0,0.4355,0.735,0.8289,0.6794,0
y11_sf_lr005_30ep_s51n,B,complete,shapeiou,B_sio_b_results.csv,30,30,30,0.43609,0.73706,0.43609,0.73706,673.659,0.005,51,42,shuffle,51,sfchd_20p_b,/root/sfchd_20p_b.yaml,y11_shwd_pretrain.pt,640,32,100,5,y11,,lr005,0,0,0,,1,P1ext_B_20261001,P1ext_B_20261001,b45dcbc0b17a719435f9eaa7ec97d3fe,1,0,0.4361,0.7371,0.837,0.6803,0
y11_shwd_pretrain,B,complete,shapeiou,sio_b_results.csv,30,30,30,0.59584,0.92603,0.59584,0.92603,2413.86,0.001,,42,none,42,shwd_data_b,/root/shwd_data_b.yaml,yolo11n.pt,640,32,100,5,y11,,,0,0,0,,1,B_csv_20260930,B_csv_20260930,6fc4123feb2817f70e1a51f3070174ea,1,0,0.5959,0.926,0.9163,0.8624,0
